source,family,regime,label,split,variant,noise,seed,error,mean_rr_s,min_rr_s,max_rr_s,sdnn_ms,rmssd_ms,lf_ms2,hf_ms2,lf_hf,lf_nu,skewness,n_distinct,duration_s,R_mV,T_mV,n_V,n_A,missed,extra,rr_abs_err_ms_med,noise_gain,apd_sd_ms
model,coupled_vdp,"coupled_vdp:rho=2.0,omega=2.7",CHAOTIC,TEST,clean,none,980000,,0.8018825954861111,0.21388888888888888,1.8111111111111111,293.45183159677697,389.84771758091205,11822.87307655596,37791.38770473488,0.31284569830905345,23.829586272933597,-0.1799588391600781,158,410.56388888888887,1.0116961984664945,0.3200287385398187,0,0,,,,,
model,coupled_vdp,"coupled_vdp:rho=2.0,omega=2.7",CHAOTIC,TEST,clean,none,980001,,0.7996365017361111,0.21944444444444444,2.158333333333333,300.81976676834233,404.4546374958348,11636.983100873695,42631.135875200365,0.2729691072492213,21.443498172479966,0.07561399869624977,140,409.4138888888889,1.0234526676563789,0.36194531765177473,0,0,,,,,
model,coupled_vdp,"coupled_vdp:rho=2.0,omega=2.7",CHAOTIC,TEST,ect,none,980001,,0.7996365017361111,0.13333333333333333,2.175,335.90877915572014,462.4608079749106,15872.744341631138,65405.86860196803,0.24268073616185468,19.528808092044518,0.46213182515769163,181,409.4138888888889,1.0248190637218622,0.39646133855764853,52,0,,,,,
model,coupled_vdp,"coupled_vdp:rho=2.0,omega=2.7",CHAOTIC,TEST,ect,none,980002,,0.7966688368055556,0.1527777777777778,2.6083333333333334,329.9762474514137,454.29025154587,17026.479385173596,59281.183215561396,0.28721557940672343,22.312935300169443,0.45958222525630843,181,407.89444444444445,1.0239252807899046,0.31590035980822695,50,0,,,,,
model,coupled_vdp,"coupled_vdp:rho=2.0,omega=2.7",CHAOTIC,TEST,clean,none,980002,,0.7964626736111111,0.21944444444444444,1.7805555555555554,294.289009678625,387.7342455648399,12693.922469890042,33099.905406905295,0.3835032853973606,27.71972350518946,-0.2019087612198993,142,407.7888888888889,1.023510498529705,0.31814661088072216,0,0,,,,,
model,coupled_vdp,"coupled_vdp:rho=2.0,omega=2.7",CHAOTIC,TEST,clean,none,980003,,0.799875217013889,0.2,1.8,290.97462309994586,390.6749862318314,10756.396159968968,36006.695279706284,0.2987332238188317,23.001892793689233,-0.23052450069777564,139,409.53611111111115,1.0182112450573753,0.3396384780339817,0,0,,,,,
model,coupled_vdp,"coupled_vdp:rho=2.0,omega=2.7",CHAOTIC,TEST,clean,none,980004,,0.8027018229166666,0.21388888888888888,1.8,292.42151198517604,388.76634682849397,13717.00149822923,37917.8324616403,0.3617559498451311,26.56540255148308,-0.13753892444284407,142,410.9833333333333,1.0042076219212346,0.5051611640405906,0,0,,,,,
model,coupled_vdp,"coupled_vdp:rho=2.0,omega=2.7",CHAOTIC,TEST,ect,none,980000,,0.8018825954861111,0.1388888888888889,1.8472222222222223,326.8791471466898,443.213651712673,17201.904596871067,63491.312197287545,0.27093320332424886,21.31765875780071,0.167946270727305,199,410.56388888888887,1.013158616026538,0.509729467784786,50,0,,,,,
model,coupled_vdp,"coupled_vdp:rho=2.0,omega=2.7",CHAOTIC,TEST,ect,none,980003,,0.7998752170138888,0.1527777777777778,1.9083333333333334,312.7435381822256,426.3459169304707,15058.763041984144,47104.65983277381,0.3196873323243229,24.22447533547722,0.23873405113344245,184,409.53611111111104,1.026300901484794,0.5238336796026242,50,0,,,,,
model,coupled_vdp,"coupled_vdp:rho=2.0,omega=2.7",CHAOTIC,TEST,ect,none,980004,,0.8027018229166667,0.1527777777777778,1.8444444444444446,321.43782357621046,449.39719409068675,16423.805273524755,55938.953995008924,0.2936022950123477,22.69648841412617,0.2507518382223233,196,410.98333333333335,1.0070846071154538,0.4808271899718406,48,0,,,,,
model,coupled_vdp,"coupled_vdp:rho=2.0,omega=2.7",CHAOTIC,TEST,real,mix12,980002,,0.8056423611111111,0.21944444444444444,2.3944444444444444,306.1781668936268,409.66966966105406,13895.279011416698,49810.25792826085,0.2789642051528694,21.811728899756496,0.3374210077562689,199,412.4888888888889,1.020954310537081,0.3476171273782633,48,0,5.0,0.0,238.8888888888889,0.15397426328553196,
model,coupled_vdp,"coupled_vdp:rho=2.0,omega=2.7",CHAOTIC,TEST,real,mix12,980003,,0.8038031684027778,0.21666666666666667,1.7333333333333334,293.1140180914949,392.1061356549094,13022.750113308017,41203.9838522352,0.31605560666196525,24.015368732298985,0.17253446117762974,203,411.5472222222222,1.0241558564508857,0.5180165560469618,49,0,3.0,0.0,231.9444444444444,0.15731919870613906,
model,coupled_vdp,"coupled_vdp:rho=2.0,omega=2.7",CHAOTIC,TEST,real,mix12,980000,,0.8121256510416667,0.21666666666666667,1.8111111111111111,302.38612758945646,407.6490858247836,14546.904844582217,55479.404529387706,0.26220369464990656,20.773484958197113,0.1449879673705509,205,415.80833333333334,1.0115411644601364,0.5211246753592675,46,0,8.0,0.0,259.7222222222222,0.15906247031887275,
model,coupled_vdp,"coupled_vdp:rho=2.0,omega=2.7",CHAOTIC,TEST,real,mix12,980001,,0.8085069444444445,0.20555555555555555,1.9805555555555556,309.1152920467534,419.06379021473646,12796.295447630066,53425.89214057391,0.23951486694804316,19.323275043709735,0.36250547253900545,202,413.9555555555556,1.0254301230477842,0.39413787913016607,47,0,7.0,1.0,116.66666666666664,0.15552516789587342,
model,coupled_vdp,"coupled_vdp:rho=2.0,omega=2.7",CHAOTIC,TEST,real,mix12,980004,,0.8080783420138888,0.21944444444444444,1.8277777777777777,303.00225688226465,416.3112566976664,15194.710675381468,48666.68227225284,0.31221998225354036,23.793265342397053,0.23954632379454371,207,413.7361111111111,1.0067580435118375,0.4799464801095398,45,0,3.0,0.0,295.83333333333337,0.15765766846946339,
model,coupled_vdp,"coupled_vdp:rho=6.0,omega=3.3",CHAOTIC,TEST,clean,none,980000,,0.8017198350694444,0.2611111111111111,2.761111111111111,405.762008821367,649.6461710936436,37642.472006554126,141780.00801860314,0.26549915275512614,20.97979695814938,0.08838378516116661,172,410.48055555555555,1.4193905580149044,0.419656083390285,0,0,,,,,
model,coupled_vdp,"coupled_vdp:rho=6.0,omega=3.3",CHAOTIC,TEST,clean,none,980001,,0.7975260416666667,0.25277777777777777,1.8472222222222223,407.67025213163873,656.1312040792529,42757.7213293236,142686.87397179793,0.2996612101669188,23.05687111554499,0.06651896379341912,166,408.33333333333337,1.4071788852367642,0.38067815118531345,0,0,,,,,
model,coupled_vdp,"coupled_vdp:rho=6.0,omega=3.3",CHAOTIC,TEST,clean,none,980002,,0.8006781684027778,0.25,1.8555555555555556,410.4750240780071,656.0775803425142,47750.19937066863,114196.3594736663,0.4181411700929033,29.48515838275188,0.08527570809603793,161,409.94722222222225,1.401106720913333,0.4145503908404642,0,0,,,,,
model,coupled_vdp,"coupled_vdp:rho=6.0,omega=3.3",CHAOTIC,TEST,clean,none,980003,,0.7992133246527777,0.25833333333333336,1.913888888888889,402.601744070241,650.979767840939,33322.57918974558,184715.69262668453,0.1803992866869813,15.282903736184624,-0.007263454239904787,166,409.1972222222222,1.4500443816038866,0.4425425945387296,0,0,,,,,
model,coupled_vdp,"coupled_vdp:rho=6.0,omega=3.3",CHAOTIC,TEST,clean,none,980004,,0.7969943576388888,0.2611111111111111,1.8722222222222222,396.51761243581336,648.4867151224232,26114.15904530546,111961.53703168323,0.23324223423188262,18.912929492489862,-0.081487197403091,154,408.0611111111111,1.4424828776833107,0.46201278989891104,0,0,,,,,
model,coupled_vdp,"coupled_vdp:rho=6.0,omega=3.3",CHAOTIC,TEST,ect,none,980000,,0.8017198350694446,0.17222222222222222,2.761111111111111,409.25536590919444,651.1598687724958,45343.598709902915,146630.17372890533,0.30923784345871164,23.619684154696817,0.3283904732196359,212,410.4805555555556,1.427239837004219,0.4028110349901624,52,0,,,,,
model,coupled_vdp,"coupled_vdp:rho=6.0,omega=3.3",CHAOTIC,TEST,ect,none,980001,,0.7975260416666667,0.16666666666666666,2.6416666666666666,428.3389708178128,687.6160809840483,60021.356398217424,171846.8733579706,0.34927232148814374,25.885976902195935,0.40862960250031843,204,408.33333333333337,1.4014520595269513,0.37646470725056014,52,0,,,,,
model,coupled_vdp,"coupled_vdp:rho=6.0,omega=3.3",CHAOTIC,TEST,ect,none,980002,,0.8006781684027778,0.16666666666666666,2.7305555555555556,435.42781666509825,692.6718080374192,63780.08683675824,147777.80435840634,0.43159449494913343,30.147817449135175,0.5473561391760203,200,409.94722222222225,1.387794086410058,0.41975291359058226,50,0,,,,,
model,coupled_vdp,"coupled_vdp:rho=6.0,omega=3.3",CHAOTIC,TEST,ect,none,980003,,0.7992133246527777,0.1638888888888889,2.8722222222222222,426.67536156488916,686.5556597881185,60638.60201621858,210160.75897391798,0.2885343691766175,22.392446494150793,0.6057993101688939,203,409.1972222222222,1.4530894559348282,0.4240138840985166,48,0,,,,,
model,coupled_vdp,"coupled_vdp:rho=6.0,omega=4.0",CHAOTIC,TEST,clean,none,980000,,0.8042046440972221,0.3111111111111111,2.2527777777777778,465.3005296416705,815.3919180935574,43775.76846929162,143070.74503176726,0.3059728839712948,23.42873176974937,0.7852698112870332,186,411.75277777777774,1.4239565178904083,0.8307002411518677,0,0,,,,,
model,coupled_vdp,"coupled_vdp:rho=6.0,omega=4.0",CHAOTIC,TEST,clean,none,980001,,0.8028537326388889,0.3194444444444444,2.3027777777777776,443.2347164443691,793.0426486052469,33925.241564253956,159749.59579184154,0.21236511676974476,17.516597420385665,0.5864520088639917,182,411.06111111111113,1.4730714148419566,0.9596936361337083,0,0,,,,,
model,coupled_vdp,"coupled_vdp:rho=6.0,omega=3.3",CHAOTIC,TEST,ect,none,980004,,0.7969943576388889,0.175,2.0166666666666666,412.3421402245408,669.5429950584848,42159.747112196244,140519.59112934163,0.3000275390311248,23.078552570873015,0.17540860704105912,199,408.06111111111113,1.4388647238784542,0.4436734831793614,50,0,,,,,
model,coupled_vdp,"coupled_vdp:rho=6.0,omega=3.3",CHAOTIC,TEST,real,mix12,980000,,0.8069064670138889,0.21388888888888888,2.5527777777777776,386.34804849733507,609.3531366935199,35434.27435539732,118163.05238469431,0.2998760918940778,23.069590537442824,0.27579472042088804,226,413.1361111111111,1.4238088264741342,0.4047874291955712,46,0,7.0,4.0,376.38888888888886,0.17407844934434835,
model,coupled_vdp,"coupled_vdp:rho=6.0,omega=3.3",CHAOTIC,TEST,real,mix12,980001,,0.812255859375,0.25,2.4194444444444443,399.1712525008303,641.9111561208792,38578.651302684855,127001.875719042,0.3037644214643719,23.299026761536222,0.2757980596593978,213,415.875,1.393459091496469,0.41471128032940807,44,0,9.0,0.0,369.44444444444434,0.17445713026541484,
model,coupled_vdp,"coupled_vdp:rho=6.0,omega=3.3",CHAOTIC,TEST,real,mix12,980002,,0.8105631510416667,0.20833333333333334,2.5305555555555554,405.6092987176086,646.2398535170818,43736.629203329154,109713.23173205942,0.39864498121924186,28.50222798295324,0.42001811646970194,229,415.0083333333333,1.3865626494093801,0.40901021720445924,42,0,9.0,2.0,597.2222222222223,0.1744243333386326,
model,coupled_vdp,"coupled_vdp:rho=6.0,omega=3.3",CHAOTIC,TEST,real,mix12,980003,,0.8118435329861111,0.22777777777777777,2.7,403.90994885640526,649.5100209981105,34993.205510415035,158100.30729606593,0.22133546802591056,18.122413851098845,0.5464536671863562,227,415.6638888888889,1.454555079103368,0.43687400876727445,43,0,8.0,2.0,404.1666666666668,0.1746860389755538,
model,coupled_vdp,"coupled_vdp:rho=6.0,omega=3.3",CHAOTIC,TEST,real,mix12,980004,,0.8110785590277778,0.21666666666666667,2.0166666666666666,389.7559667414471,633.6045727871679,29064.20063625279,109328.97714667722,0.2658416953563909,21.00118018956111,0.11374413454500201,207,415.27222222222224,1.433373303379039,0.4562325335427507,44,0,9.0,0.0,379.1666666666668,0.1744546347436392,
model,coupled_vdp,"coupled_vdp:rho=6.0,omega=4.0",CHAOTIC,TEST,clean,none,980002,,0.8016927083333334,0.32222222222222224,2.311111111111111,439.54807007204715,786.7928177597494,27162.663010066535,112919.04726285298,0.2405498777087384,19.3905849358534,0.6433597565729958,185,410.4666666666667,1.4830828343400828,0.5175659187496553,0,0,,,,,
model,coupled_vdp,"coupled_vdp:rho=6.0,omega=4.0",CHAOTIC,TEST,clean,none,980003,,0.7989312065972222,0.3194444444444444,2.3,433.11098021096205,776.905447272443,38635.887125543835,135188.69504644454,0.2857922928560731,22.22694088648295,0.6039590825624263,184,409.05277777777775,1.4719823469410158,0.535369449462828,0,0,,,,,
model,coupled_vdp,"coupled_vdp:rho=6.0,omega=4.0",CHAOTIC,TEST,clean,none,980004,,0.8033203124999999,0.31666666666666665,2.297222222222222,448.1678815722212,791.2196851396258,42532.15613657696,146463.36465378627,0.29039450402573724,22.504319657265473,0.6887577195281853,184,411.29999999999995,1.4649273251280577,0.6059182837059371,0,0,,,,,
model,coupled_vdp,"coupled_vdp:rho=6.0,omega=4.0",CHAOTIC,TEST,ect,none,980000,,0.8042046440972221,0.2111111111111111,2.4694444444444446,470.25426599080726,790.7742554452975,61177.65786011979,161933.18631285217,0.3777956776687244,27.420297783773506,0.8098317662231246,222,411.75277777777774,1.4395035103313907,0.8810914497603606,52,0,,,,,
model,coupled_vdp,"coupled_vdp:rho=6.0,omega=4.0",CHAOTIC,TEST,ect,none,980001,,0.8028537326388889,0.23055555555555557,2.3027777777777776,440.10897102238835,761.1266252745778,32962.39430555192,157378.55042091498,0.20944654921139336,17.317553169088846,0.5334478706240915,215,411.06111111111113,1.4750952282048242,0.948145239381415,50,0,,,,,
model,coupled_vdp,"coupled_vdp:rho=6.0,omega=4.0",CHAOTIC,TEST,ect,none,980002,,0.8016927083333334,0.21944444444444444,3.475,460.77566008990686,796.5917135504053,56621.86414844744,150770.78820459847,0.375549301179023,27.301769617208837,1.013999629260177,227,410.4666666666667,1.4859176015881368,0.8954008238737567,50,0,,,,,
model,coupled_vdp,"coupled_vdp:rho=6.0,omega=4.0",CHAOTIC,TEST,ect,none,980003,,0.7989312065972222,0.23055555555555557,2.547222222222222,440.81839207647397,764.8821943321082,68019.09921458767,174715.82931894655,0.3893127456151538,28.02196602916614,0.7776355915204628,223,409.05277777777775,1.4783320611547173,0.991525747251764,50,0,,,,,
model,coupled_vdp,"coupled_vdp:rho=6.0,omega=4.0",CHAOTIC,TEST,ect,none,980004,,0.8033203125,0.20277777777777778,2.466666666666667,465.3823429273701,789.0396555001076,63798.98093940771,179210.13182562919,0.356000970980167,26.253740122533724,0.7656781501239988,229,411.3,1.4676171660497284,0.9706222243356182,50,0,,,,,
model,coupled_vdp,"coupled_vdp:rho=6.0,omega=4.0",CHAOTIC,TEST,real,mix12,980000,,0.8162109375000001,0.25555555555555554,2.25,448.4758558567373,757.7037844734814,50521.415062632776,121463.92874138612,0.4159376004558523,29.37541882650364,0.7655895126725338,235,417.90000000000003,1.435832791569124,0.8415709734928992,41,0,12.0,4.0,268.0555555555555,0.18153647881458118,
model,coupled_vdp,"coupled_vdp:rho=6.0,omega=4.0",CHAOTIC,TEST,real,mix12,980001,,0.8146321614583333,0.18333333333333332,2.3,424.6532241652781,740.0155633450536,29416.626343248194,130969.43626998068,0.22460680278571785,18.341136295730642,0.44193539715051244,232,417.09166666666664,1.4809262775683436,0.9335678489709227,43,0,8.0,0.0,472.22222222222223,0.1839766872067181,
model,coupled_vdp,"coupled_vdp:rho=6.0,omega=4.0",CHAOTIC,TEST,real,mix12,980002,,0.8152235243055556,0.16944444444444445,3.236111111111111,435.89089557486216,757.5498410901048,55468.03861925248,130625.07672670032,0.4246354529253614,29.806604352952927,0.850286839018378,228,417.39444444444445,1.4862925745269182,0.8876696314058902,43,0,9.0,0.0,183.3333333333333,0.183837407245356,
model,coupled_vdp,"coupled_vdp:rho=6.0,omega=4.0",CHAOTIC,TEST,real,mix12,980003,,0.8041775173611112,0.21944444444444444,2.3194444444444446,418.55789519606833,724.2263264720884,48389.47244549345,133114.58432369615,0.3635174364352463,26.660270468239798,0.6479820850574929,231,411.73888888888894,1.4891075423052045,1.0026860688636898,46,0,6.0,3.0,283.33333333333326,0.18170625052646042,
model,coupled_vdp,"coupled_vdp:rho=6.0,omega=4.0",CHAOTIC,TEST,real,mix12,980004,,0.8157009548611112,0.25555555555555554,2.2527777777777778,440.05946826560796,746.460596981211,50478.95926776098,141042.11290677986,0.3578999082431817,26.356869609500453,0.6495753851573043,240,417.6388888888889,1.467896041734113,0.979392258273498,42,0,11.0,2.0,412.5,0.1832470757458407,
model,coupled_vdp,"coupled_vdp:rho=8.0,omega=3.3",CHAOTIC,TEST,clean,none,980000,,0.8026529947916666,0.275,1.6111111111111112,352.0401330857577,599.2004812161106,2625.8835882784974,78077.88252456344,0.033631593267816784,3.2537311636819086,-0.38935474166231215,131,410.9583333333333,1.5544541918511379,0.6815166303679514,0,0,,,,,
model,coupled_vdp,"coupled_vdp:rho=8.0,omega=3.3",CHAOTIC,TEST,clean,none,980001,,0.7990017361111111,0.2722222222222222,1.5833333333333333,348.3644373432157,607.6956136353381,1086.267095697776,59716.75858679332,0.01819032247235887,1.7865346066332004,-0.4884807576777244,118,409.0888888888889,1.5333469731580687,0.7405204563159191,0,0,,,,,
model,coupled_vdp,"coupled_vdp:rho=8.0,omega=3.3",CHAOTIC,TEST,clean,none,980002,,0.7987467447916667,0.275,1.6,351.0044016085165,605.2600587444326,3752.754331129733,74102.02765846142,0.05064307212248356,4.820197597665176,-0.42588416212469205,135,408.95833333333337,1.551713322461851,0.7148588449916514,0,0,,,,,
model,coupled_vdp,"coupled_vdp:rho=8.0,omega=3.3",CHAOTIC,TEST,clean,none,980003,,0.8009494357638889,0.26944444444444443,1.5888888888888888,351.3844935844337,603.5111367484939,1829.0284673725264,67498.6611388067,0.027097255508686992,2.6382365801636407,-0.40088741375508774,114,410.0861111111111,1.5334130002649995,0.7226992343508094,0,0,,,,,
model,coupled_vdp,"coupled_vdp:rho=8.0,omega=3.3",CHAOTIC,TEST,clean,none,980004,,0.8017361111111112,0.275,1.6388888888888888,352.8954018534669,608.8003119380787,2292.449824113757,80729.74966682936,0.02839659275019021,2.761249205839024,-0.3903199460690626,139,410.48888888888894,1.545917481660242,0.7160250586124947,0,0,,,,,
model,coupled_vdp,"coupled_vdp:rho=8.0,omega=3.3",CHAOTIC,TEST,ect,none,980000,,0.8026529947916667,0.16666666666666666,2.063888888888889,361.64694983639185,606.8135722435786,12285.593667048646,95713.08317547687,0.12835856143642022,11.37568906048956,-0.024898650720376916,178,410.95833333333337,1.5482389869493878,0.670853890771707,50,0,,,,,
model,coupled_vdp,"coupled_vdp:rho=8.0,omega=3.3",CHAOTIC,TEST,ect,none,980001,,0.799001736111111,0.17222222222222222,2.0722222222222224,375.44011272888076,642.6055661920818,21664.191668401094,93992.76803073197,0.23048785690956297,18.731420681260985,0.08299163234119766,175,409.08888888888885,1.5303886445771306,0.7408804687521356,52,0,,,,,
model,coupled_vdp,"coupled_vdp:rho=8.0,omega=3.3",CHAOTIC,TEST,ect,none,980002,,0.7987467447916667,0.18888888888888888,2.061111111111111,355.1338224106148,606.0625213084248,13750.121181430826,89361.60383763623,0.15387057294107917,13.33516743986991,-0.15289660786382295,174,408.95833333333337,1.5433592714173114,0.6898366088521062,48,0,,,,,
model,coupled_vdp,"coupled_vdp:rho=8.0,omega=3.3",CHAOTIC,TEST,ect,none,980003,,0.8009494357638889,0.16944444444444445,2.0444444444444443,372.0149322672913,627.5242928038709,16631.422264249737,99519.21145983835,0.16711770541873175,14.31883902050601,0.06838817546508345,161,410.0861111111111,1.5319977326790961,0.7148463411113439,52,0,,,,,
model,coupled_vdp,"coupled_vdp:rho=8.0,omega=3.3",CHAOTIC,TEST,ect,none,980004,,0.8017361111111111,0.18888888888888888,2.0722222222222224,370.8982385645662,624.4711226589739,19967.9883042044,116325.46153403482,0.17165621387508623,14.650732172311681,0.03933831436418442,175,410.4888888888889,1.5560802995415481,0.7071796189459711,48,0,,,,,
model,coupled_vdp,"coupled_vdp:rho=8.0,omega=3.3",CHAOTIC,TEST,real,mix12,980000,,0.8066080729166667,0.2722222222222222,1.9222222222222223,346.72169821845733,582.4628648547412,8074.122179722075,79970.9674114011,0.1009631675228551,9.170440074759284,-0.15104128399045055,189,412.98333333333335,1.5505299979158271,0.6756868987752517,47,0,4.0,1.0,8.333333333333304,0.17323911097492245,
model,coupled_vdp,"coupled_vdp:rho=8.0,omega=3.3",CHAOTIC,TEST,real,mix12,980001,,0.8127604166666667,0.25,1.9027777777777777,345.7806233851007,599.1891284718603,8074.255443177981,64632.59568770233,0.12492543982283963,11.105219546151758,-0.17041954661978578,178,416.1333333333333,1.533493415113187,0.7174052082672199,43,0,9.0,1.0,304.16666666666663,0.1771591365168791,
model,coupled_vdp,"coupled_vdp:rho=8.0,omega=3.3",CHAOTIC,TEST,real,mix12,980002,,0.8011393229166667,0.2777777777777778,1.9555555555555555,339.5531602716784,580.8786454370613,8353.810771878481,74837.06091955575,0.11162665488504692,10.041739678920365,-0.23340427573874234,190,410.18333333333334,1.5496709117519332,0.67992229031638,45,0,6.0,4.0,154.16666666666657,0.17772846890808727,
model,coupled_vdp,"coupled_vdp:rho=8.0,omega=3.3",CHAOTIC,TEST,real,mix12,980003,,0.8125217013888888,0.24444444444444444,1.9222222222222223,352.4202561940537,599.390182600652,11034.082807710396,83738.24870673145,0.1317687314712542,11.642725921572344,-0.04316207530833957,183,416.01111111111106,1.541245464300866,0.7110176830449702,44,0,8.0,1.0,380.5555555555555,0.1761269399415868,
model,coupled_vdp,"coupled_vdp:rho=8.0,omega=3.3",CHAOTIC,TEST,real,mix12,980004,,0.8066134982638888,0.21944444444444444,1.8916666666666666,353.29171696053925,596.9303280975453,10816.74469910241,88738.44969899807,0.12189467740075405,10.865073153138049,-0.09155931714387489,182,412.9861111111111,1.5551966186252788,0.718658343611072,44,0,6.0,2.0,276.3888888888889,0.17715255802957416,
model,coupled_vdp,"coupled_vdp:rho=5.45,omega=5.6",NON-CHAOTIC,TEST,clean,none,980000,,0.798583984375,0.2833333333333333,1.2,351.49875556774623,562.652243442867,1888.3576498249158,161786.32845069122,0.011671923504960706,1.1537261471607376,-0.43977286746689986,90,408.875,1.3102519278698646,0.2805629350736122,0,0,,,,,
model,coupled_vdp,"coupled_vdp:rho=5.45,omega=5.6",NON-CHAOTIC,TEST,clean,none,980001,,0.798583984375,0.2833333333333333,1.2,351.4954047795317,562.6466344809115,1888.9458299229227,161778.35702640098,0.011676134339865137,1.1541375686878292,-0.439664246940587,92,408.875,1.306832214865579,0.27453528801031013,0,0,,,,,
model,coupled_vdp,"coupled_vdp:rho=5.45,omega=5.6",NON-CHAOTIC,TEST,clean,none,980002,,0.7985785590277777,0.2833333333333333,1.2,351.5307148655263,562.6947114002238,1887.8114218725884,161815.48181881188,0.011666445019064428,1.1531908640940027,-0.4397456531378253,92,408.8722222222222,1.3047499104311409,0.2756458735323738,0,0,,,,,
model,coupled_vdp,"coupled_vdp:rho=5.45,omega=5.6",NON-CHAOTIC,TEST,clean,none,980003,,0.7985731336805556,0.2861111111111111,1.2027777777777777,351.61463781157306,562.7203784725486,1936.3538577291413,162009.95230195957,0.011952067328062045,1.1810902624686606,-0.4385241042344699,91,408.86944444444447,1.309394470412125,0.2773689217749512,0,0,,,,,
model,coupled_vdp,"coupled_vdp:rho=5.45,omega=5.6",NON-CHAOTIC,TEST,clean,none,980004,,0.7982259114583334,0.2833333333333333,1.2,350.53990450265303,561.1827159537019,1917.1162881606238,160917.42444882117,0.011913665003819093,1.177340065248959,-0.4479182890396501,99,408.6916666666667,1.3060313413007827,0.2782329902785856,0,0,,,,,
model,coupled_vdp,"coupled_vdp:rho=5.45,omega=5.6",NON-CHAOTIC,TEST,ect,none,980000,,0.7986111111111112,0.20833333333333334,2.1222222222222222,351.87268433004004,560.2534435605712,9163.326216560567,168211.8499582229,0.054474914929217945,5.166070255248756,-0.14257536908199409,137,408.8888888888889,1.3172055108496734,0.2988903010454869,50,0,,,,,
model,coupled_vdp,"coupled_vdp:rho=5.45,omega=5.6",NON-CHAOTIC,TEST,ect,none,980001,,0.798583984375,0.2,2.058333333333333,377.9180066499157,602.9393695925029,13625.327415942524,207016.01608261158,0.0658177452825931,6.175328340507414,0.12442041783758626,141,408.875,1.2999665792474584,0.26796895822783323,48,0,,,,,
model,coupled_vdp,"coupled_vdp:rho=5.45,omega=5.6",NON-CHAOTIC,TEST,ect,none,980002,,0.7985785590277777,0.18888888888888888,2.102777777777778,390.0614821379633,622.7263371739813,15647.881109611848,215949.32680211947,0.07246089321663154,6.756506803646669,0.19372049530346525,147,408.8722222222222,1.3197800403916031,0.29189212216420835,52,0,,,,,
model,coupled_vdp,"coupled_vdp:rho=5.45,omega=5.6",NON-CHAOTIC,TEST,ect,none,980003,,0.7983940972222222,0.19444444444444445,2.0194444444444444,376.8872860732858,600.7292972341894,17434.365139478687,198169.136723713,0.0879771967911716,8.086308890539929,0.1474098001022052,151,408.77777777777777,1.3103475213688496,0.2761819032234008,49,0,,,,,
model,coupled_vdp,"coupled_vdp:rho=5.45,omega=5.6",NON-CHAOTIC,TEST,ect,none,980004,,0.7982259114583333,0.18055555555555555,1.9472222222222222,377.71506221412363,599.8723419235274,15423.228723466309,187146.1760811384,0.0824127377135372,7.613799694155844,0.05775865234674181,147,408.69166666666666,1.2996761775865397,0.2825026120823756,52,0,,,,,
model,coupled_vdp,"coupled_vdp:rho=5.45,omega=5.6",NON-CHAOTIC,TEST,real,mix12,980000,,0.8076768663194445,0.26944444444444443,1.9916666666666667,336.90668219075854,538.7555932055043,6456.235082654928,144355.70912824542,0.044724487321240736,4.280983921025724,-0.21671329988641383,155,413.53055555555557,1.3144100767398172,0.31569538733159863,47,0,6.0,0.0,370.83333333333337,0.17451830478016553,
model,coupled_vdp,"coupled_vdp:rho=5.45,omega=5.6",NON-CHAOTIC,TEST,real,mix12,980001,,0.8116970486111111,0.26666666666666666,1.9388888888888889,356.8895617062515,568.5094334208344,9571.139802611411,177066.97635672663,0.05405378235707254,5.1281806736841835,0.04160268222029017,167,415.5888888888889,1.3057296739380844,0.2750256493915182,42,0,8.0,1.0,373.61111111111114,0.17437286581293898,
model,coupled_vdp,"coupled_vdp:rho=5.45,omega=5.6",NON-CHAOTIC,TEST,real,mix12,980002,,0.8161078559027778,0.28055555555555556,1.9805555555555556,357.37361766233073,570.9178589660311,8821.273929305351,161321.53636748207,0.05468131613382945,5.184629261687887,0.046393378739637434,166,417.84722222222223,1.3154415328464386,0.2886930421745316,42,0,11.0,0.0,331.9444444444445,0.17552031806755647,
model,coupled_vdp,"coupled_vdp:rho=5.45,omega=5.6",NON-CHAOTIC,TEST,real,mix12,980003,,0.8076985677083333,0.26944444444444443,1.9305555555555556,358.90549141406257,572.2415380413424,10159.407055319178,165356.59458963817,0.06143938244816637,5.788308165696562,0.04640183622425297,171,413.54166666666663,1.310553068818588,0.2855939151754042,46,0,7.0,1.0,251.38888888888889,0.17463274338720142,
model,coupled_vdp,"coupled_vdp:rho=5.45,omega=5.6",NON-CHAOTIC,TEST,real,mix12,980004,,0.8122504340277779,0.2833333333333333,1.8055555555555556,351.7032632122075,556.4943687585303,8366.524444938917,157073.61634125016,0.05326498898938082,5.057130878383146,-0.07244321658268568,160,415.87222222222226,1.304954760838265,0.26887111349915643,43,0,10.0,1.0,297.2222222222223,0.17484485513344683,
model,coupled_vdp,"coupled_vdp:rho=9.6,omega=2.1",NON-CHAOTIC,TEST,clean,none,980000,,0.7979437934027778,0.46111111111111114,1.4388888888888889,271.86111375693986,367.54660766528946,34756.50350822861,18079.450735665923,1.9224313844702883,65.7819168889997,0.590036743710942,36,408.5472222222222,0.8059902130646959,0.2245610832371965,0,0,,,,,
model,coupled_vdp,"coupled_vdp:rho=9.6,omega=2.1",NON-CHAOTIC,TEST,clean,none,980001,,0.7979437934027778,0.46111111111111114,1.4388888888888889,271.86111375693986,367.54660766528946,34756.50350822861,18079.450735665923,1.9224313844702883,65.7819168889997,0.590036743710942,36,408.5472222222222,0.8020312011010252,0.21242525290697303,0,0,,,,,
model,coupled_vdp,"coupled_vdp:rho=9.6,omega=2.1",NON-CHAOTIC,TEST,clean,none,980002,,0.7979437934027778,0.46111111111111114,1.4388888888888889,271.86111375693986,367.54660766528946,34756.50350822861,18079.450735665923,1.9224313844702883,65.7819168889997,0.590036743710942,36,408.5472222222222,0.7989608916961561,0.20277367618650427,0,0,,,,,
model,coupled_vdp,"coupled_vdp:rho=9.6,omega=2.1",NON-CHAOTIC,TEST,clean,none,980003,,0.7979437934027778,0.46111111111111114,1.4388888888888889,271.86111375693986,367.54660766528946,34756.50350822861,18079.450735665923,1.9224313844702883,65.7819168889997,0.590036743710942,36,408.5472222222222,0.8044069334014923,0.21970190531088962,0,0,,,,,
model,coupled_vdp,"coupled_vdp:rho=9.6,omega=2.1",NON-CHAOTIC,TEST,clean,none,980004,,0.7979437934027778,0.46111111111111114,1.4388888888888889,271.86111375693986,367.54660766528946,34756.50350822861,18079.450735665923,1.9224313844702883,65.7819168889997,0.590036743710942,36,408.5472222222222,0.7990142293335903,0.18908831527221714,0,0,,,,,
model,coupled_vdp,"coupled_vdp:rho=9.6,omega=2.1",NON-CHAOTIC,TEST,ect,none,980002,,0.7979437934027778,0.3138888888888889,1.7805555555555554,294.3166831328831,404.27828933479094,37831.307884390604,29597.59885520446,1.2781884121568978,56.1054742152235,0.7882393409642843,98,408.5472222222222,0.7830550933426947,0.22225625201957167,48,0,,,,,
model,coupled_vdp,"coupled_vdp:rho=9.6,omega=2.1",NON-CHAOTIC,TEST,ect,none,980003,,0.7979437934027778,0.3,2.4055555555555554,298.1902149878882,407.9251546506631,42801.33284139578,24451.697790252914,1.7504442108088507,63.6422365496401,0.9263139831942085,103,408.5472222222222,0.8364087547272478,0.22541316170923947,52,0,,,,,
model,coupled_vdp,"coupled_vdp:rho=9.6,omega=2.1",NON-CHAOTIC,TEST,ect,none,980000,,0.7977159288194444,0.3472222222222222,2.3583333333333334,305.57425534735717,424.82407639015355,38391.34949711811,31317.653240048723,1.2258692949580148,55.073732214862034,0.7953438985362229,94,408.43055555555554,0.8333326911884096,0.23031133548727872,49,0,,,,,
model,coupled_vdp,"coupled_vdp:rho=9.6,omega=2.1",NON-CHAOTIC,TEST,ect,none,980001,,0.7979437934027778,0.2861111111111111,2.486111111111111,319.1040059685404,440.4457676143218,59585.30435902478,39457.992732363244,1.5100946660713743,60.160865105333635,1.6098951201290899,101,408.5472222222222,0.8346880634419127,0.21671136126795493,52,0,,,,,
model,coupled_vdp,"coupled_vdp:rho=9.6,omega=2.1",NON-CHAOTIC,TEST,ect,none,980004,,0.7979437934027778,0.30277777777777776,2.4555555555555557,300.86404173136003,417.72457567221664,38802.06594787411,29700.671757915487,1.3064373177866935,56.64308792230169,0.879492055058995,103,408.5472222222222,0.8159755226347328,0.19404321512335662,52,0,,,,,
model,coupled_vdp,"coupled_vdp:rho=9.6,omega=2.1",NON-CHAOTIC,TEST,real,mix12,980000,,0.7970377604166666,0.2638888888888889,2.15,298.8297336347499,410.0164187879289,37468.56387070137,27981.073441875313,1.3390681364864105,57.24793201184245,0.6995036784005961,141,408.0833333333333,0.8186290309704725,0.23331590879966987,48,0,0.0,1.0,2.777777777777768,0.15678428270224853,
model,coupled_vdp,"coupled_vdp:rho=9.6,omega=2.1",NON-CHAOTIC,TEST,real,mix12,980001,,0.7979492187499999,0.2833333333333333,2.3472222222222223,298.8277929562012,404.59969132715486,49488.594264652,31340.57346287756,1.5790583514137193,61.22615839801194,1.2803998089643136,138,408.54999999999995,0.8128007980922596,0.19485798670488194,51,0,1.0,1.0,77.77777777777773,0.15392062947053833,
model,coupled_vdp,"coupled_vdp:rho=9.6,omega=2.1",NON-CHAOTIC,TEST,real,mix12,980002,,0.7979437934027778,0.3277777777777778,1.6694444444444445,284.8512958239525,385.27220087695514,36206.45080313148,25155.610613901343,1.4392992226999766,59.00461941306511,0.6926856501893062,131,408.5472222222222,0.784008246257944,0.18257657029181484,48,0,0.0,0.0,2.777777777777768,0.1542474135690996,
model,coupled_vdp,"coupled_vdp:rho=9.6,omega=2.1",NON-CHAOTIC,TEST,real,mix12,980003,,0.7979546440972222,0.3,2.2111111111111112,285.93553375716266,388.4702496151738,39431.56276396931,21860.43348545159,1.8037868640716361,64.3339508857029,0.7897817511879356,146,408.55277777777775,0.8251948449375226,0.24080010566809532,52,0,1.0,1.0,98.6111111111111,0.15586482852689076,
model,coupled_vdp,"coupled_vdp:rho=9.6,omega=2.1",NON-CHAOTIC,TEST,real,mix12,980004,,0.7979437934027778,0.20833333333333334,2.3444444444444446,293.9170541367676,404.1229757773123,38075.3329454642,26251.28397102892,1.450417929556679,59.19063487341866,0.7881207864854235,140,408.5472222222222,0.8227027674819268,0.23851426887281746,52,0,0.0,0.0,2.777777777777768,0.15643035758564386,
model,coupled_vdp,"coupled_vdp:rho=2.0,omega=5.6",NON-CHAOTIC,TEST,clean,none,980000,,0.8000108506944446,0.7861111111111111,0.8111111111111111,7.982572518834158,13.692347137316261,0.021159471626537432,2.1708704531358864,0.009746998765390147,0.9652911845549159,-0.15991849733575433,10,409.6055555555556,1.121741371107829,0.3347810929085116,0,0,,,,,
model,coupled_vdp,"coupled_vdp:rho=2.0,omega=5.6",NON-CHAOTIC,TEST,clean,none,980001,,0.8000108506944446,0.7861111111111111,0.8111111111111111,7.982572518834158,13.692347137316261,0.021159471626537432,2.1708704531358864,0.009746998765390147,0.9652911845549159,-0.15991849733575433,10,409.6055555555556,1.1214409411335455,0.33323874039619283,0,0,,,,,
model,coupled_vdp,"coupled_vdp:rho=2.0,omega=5.6",NON-CHAOTIC,TEST,clean,none,980002,,0.8000108506944446,0.7861111111111111,0.8111111111111111,7.997691068899868,13.719889401012141,0.01933948164830738,2.14946875076836,0.008997330917881076,0.89171008110559,-0.1683850506619859,10,409.6055555555556,1.122467168204025,0.33619359993338704,0,0,,,,,
model,coupled_vdp,"coupled_vdp:rho=2.0,omega=5.6",NON-CHAOTIC,TEST,clean,none,980003,,0.8000108506944446,0.7861111111111111,0.8111111111111111,7.986354839488721,13.697860020390749,0.021409689930444405,2.1950445258720257,0.009753647216763849,0.9659432519653016,-0.16167341800998156,10,409.6055555555556,1.1219643667558221,0.33512446586301714,0,0,,,,,
model,coupled_vdp,"coupled_vdp:rho=2.0,omega=5.6",NON-CHAOTIC,TEST,clean,none,980004,,0.8000108506944446,0.7861111111111111,0.8111111111111111,7.986354839488721,13.697860020390749,0.021409689930444405,2.1950445258720257,0.009753647216763849,0.9659432519653016,-0.16167341800998156,10,409.6055555555556,1.122400241113332,0.33540875122840896,0,0,,,,,
model,coupled_vdp,"coupled_vdp:rho=2.0,omega=5.6",NON-CHAOTIC,TEST,ect,none,980000,,0.8000108506944446,0.4861111111111111,1.3805555555555555,131.01962094337557,198.83113628940472,1311.8353171569065,10235.1151089026,0.12817005995524755,11.360881174273658,1.8674190989635977,67,409.6055555555556,1.1228032050292016,0.33000957071846215,48,0,,,,,
model,coupled_vdp,"coupled_vdp:rho=2.0,omega=5.6",NON-CHAOTIC,TEST,ect,none,980001,,0.8000108506944446,0.48055555555555557,1.413888888888889,129.99334148096867,199.11833644440154,1401.0828009579761,9620.929297913573,0.14562863498662437,12.711679032736873,1.8466912446682193,69,409.6055555555556,1.1205821704226957,0.33319077259407254,50,0,,,,,
model,coupled_vdp,"coupled_vdp:rho=2.0,omega=5.6",NON-CHAOTIC,TEST,ect,none,980002,,0.8000108506944446,0.4777777777777778,1.3972222222222221,129.21331647991576,196.906108730982,1546.3952360455257,9768.902464009843,0.15829774549829792,13.666412294551993,1.809342693355662,68,409.6055555555556,1.1211976023988093,0.3315378670414921,52,0,,,,,
model,coupled_vdp,"coupled_vdp:rho=2.0,omega=5.6",NON-CHAOTIC,TEST,ect,none,980003,,0.7996527777777778,0.4861111111111111,1.4277777777777778,134.12576183357498,205.1649335832422,1632.4017213836867,10579.385320669226,0.1543002425854005,13.367427025727636,1.7926518749324025,67,409.4222222222222,1.120192011941859,0.332310178403821,53,0,,,,,
model,coupled_vdp,"coupled_vdp:rho=2.0,omega=5.6",NON-CHAOTIC,TEST,ect,none,980004,,0.8000108506944444,0.475,1.4,138.46488836620358,211.98570566695642,1549.6029338255735,10099.196206781542,0.1534382442025461,13.302683951547737,1.8016828904530349,66,409.60555555555555,1.12111184069339,0.3319744976214527,52,0,,,,,
model,coupled_vdp,"coupled_vdp:rho=2.0,omega=5.6",NON-CHAOTIC,TEST,real,mix12,980000,,0.8000162760416667,0.4861111111111111,1.2666666666666666,103.24698981257505,153.3277968218708,845.1072631355291,6926.47558498084,0.12201115166969391,10.874326114150108,1.6749284817305357,74,409.60833333333335,1.1230929819736635,0.33057954707342885,48,0,0.0,0.0,2.777777777777768,0.1412175478599858,
model,coupled_vdp,"coupled_vdp:rho=2.0,omega=5.6",NON-CHAOTIC,TEST,real,mix12,980001,,0.8000162760416667,0.3888888888888889,1.3,107.03401086279499,164.1044351547435,856.786730765672,6464.003649366531,0.13254737732854416,11.703473071581099,1.4971943202469784,79,409.60833333333335,1.1202934267678386,0.3319676838742279,50,0,1.0,1.0,2.777777777777768,0.1413055645100195,
model,coupled_vdp,"coupled_vdp:rho=2.0,omega=5.6",NON-CHAOTIC,TEST,real,mix12,980004,,0.7984320746527778,0.3416666666666667,1.3083333333333333,113.7629218307625,167.67385207224294,976.4691951210232,6935.486073041273,0.1407931880818892,12.341692565557526,1.3442777143051756,83,408.7972222222222,1.1215767757590802,0.3301174756670862,52,0,0.0,1.0,2.777777777777768,0.14123213909501453,
model,coupled_vdp,"coupled_vdp:rho=4.0,omega=5.6",NON-CHAOTIC,TEST,clean,none,980000,,0.7999565972222222,0.775,0.8222222222222222,16.635777620115125,32.343095673458706,8.41430889682189,1.0971826952180077,7.669013495651228,88.46466209215563,-0.15403487396758997,18,409.5777777777778,1.1285217772459084,0.3359225693215975,0,0,,,,,
model,coupled_vdp,"coupled_vdp:rho=2.0,omega=5.6",NON-CHAOTIC,TEST,real,mix12,980002,,0.8000108506944446,0.44722222222222224,1.3138888888888889,103.7960895555811,156.1636318761693,944.1912931469054,6663.593447086743,0.14169401249406902,12.410857107372726,1.6146366946577928,74,409.6055555555556,1.1227411321777763,0.33146352227730036,52,0,0.0,0.0,2.777777777777768,0.1413240917394261,
model,coupled_vdp,"coupled_vdp:rho=2.0,omega=5.6",NON-CHAOTIC,TEST,real,mix12,980003,,0.7996473524305556,0.44166666666666665,1.3277777777777777,108.46314361111202,163.4103320746143,1014.786993911558,7175.640654630379,0.14142109990649054,12.389914635192595,1.490549167078652,86,409.4194444444445,1.120493852643783,0.3328191976229012,53,0,1.0,1.0,2.777777777777768,0.14119526891685968,
model,coupled_vdp,"coupled_vdp:rho=4.0,omega=5.6",NON-CHAOTIC,TEST,clean,none,980001,,0.7999565972222222,0.775,0.8222222222222222,16.635777620115125,32.343095673458706,8.42802453054404,1.1239658631868767,7.498470199661882,88.23317636579127,-0.15370657515652092,18,409.5777777777778,1.1275306889295416,0.3378048669179823,0,0,,,,,
model,coupled_vdp,"coupled_vdp:rho=4.0,omega=5.6",NON-CHAOTIC,TEST,clean,none,980002,,0.7999565972222222,0.775,0.8222222222222222,16.6620794404754,32.40140140454832,8.35894075890434,1.0567338900426384,7.910166256300405,88.77686486160798,-0.15311852304555001,18,409.5777777777778,1.1272473250691255,0.3389727815026585,0,0,,,,,
model,coupled_vdp,"coupled_vdp:rho=4.0,omega=5.6",NON-CHAOTIC,TEST,clean,none,980003,,0.7999565972222222,0.775,0.8222222222222222,16.635777620115125,32.343095673458706,8.41430889682189,1.0971826952180077,7.669013495651228,88.46466209215563,-0.15403487396758997,18,409.5777777777778,1.1262125682287696,0.3367563449218122,0,0,,,,,
model,coupled_vdp,"coupled_vdp:rho=4.0,omega=5.6",NON-CHAOTIC,TEST,clean,none,980004,,0.7999565972222222,0.775,0.8222222222222222,16.630330670632723,32.33609192085778,8.331660032838009,1.0587051084610863,7.869670190737771,88.72562363091855,-0.1527126151098665,18,409.5777777777778,1.12749069712225,0.34022644154785703,0,0,,,,,
model,coupled_vdp,"coupled_vdp:rho=4.0,omega=5.6",NON-CHAOTIC,TEST,ect,none,980002,,0.7999565972222222,0.49166666666666664,1.3805555555555555,128.18682194160888,197.05884593400452,1061.5367784614787,7999.876519432371,0.132694145451235,11.71491403783792,1.820269623764288,75,409.5777777777778,1.1301148921341386,0.3423078505189975,50,0,,,,,
model,coupled_vdp,"coupled_vdp:rho=4.0,omega=5.6",NON-CHAOTIC,TEST,ect,none,980003,,0.7999565972222222,0.475,1.3833333333333333,127.6305600277119,195.05530270795893,1332.3642026608184,8779.791179699962,0.15175351843691004,13.175867579971515,1.7350585700669567,74,409.5777777777778,1.1281556266125938,0.34403095245975324,52,0,,,,,
model,coupled_vdp,"coupled_vdp:rho=4.0,omega=5.6",NON-CHAOTIC,TEST,ect,none,980000,,0.7999565972222222,0.475,1.3833333333333333,130.39427815283688,200.1919408870033,1341.7220331338422,9046.902936130182,0.14830733153723483,12.915299542562039,1.8287699478252386,75,409.5777777777778,1.1311876055078791,0.33902132186845463,52,0,,,,,
model,coupled_vdp,"coupled_vdp:rho=4.0,omega=5.6",NON-CHAOTIC,TEST,ect,none,980001,,0.7999565972222222,0.4777777777777778,1.4027777777777777,144.59280536063815,220.59550148363905,1722.2910860472166,11965.797055347186,0.14393450583198483,12.582407917427155,1.7463337767254328,72,409.5777777777778,1.125545128800565,0.333569899698508,54,0,,,,,
model,coupled_vdp,"coupled_vdp:rho=10.0,omega=3.3",NON-CHAOTIC,TEST,clean,none,980000,,0.7947699652777778,0.2833333333333333,1.3194444444444444,272.03231237808296,275.77446782069114,9259.157560446623,6424.155356858821,1.4413034937831914,59.03827596419241,-0.37054173427636033,44,406.9222222222222,1.5041381457730751,0.5052926495053137,0,0,,,,,
model,coupled_vdp,"coupled_vdp:rho=10.0,omega=3.3",NON-CHAOTIC,TEST,clean,none,980001,,0.7947699652777778,0.2833333333333333,1.3194444444444444,272.03231237808296,275.77446782069114,9259.157560446623,6424.155356858821,1.4413034937831914,59.03827596419241,-0.37054173427636033,44,406.9222222222222,1.502589531093873,0.5056013750654003,0,0,,,,,
model,coupled_vdp,"coupled_vdp:rho=4.0,omega=5.6",NON-CHAOTIC,TEST,ect,none,980004,,0.7999565972222222,0.475,1.4305555555555556,139.34345459911236,213.26304917589303,1691.8134963374982,11142.974650988572,0.15182781522233882,13.181468029840147,1.7788149905319226,77,409.5777777777778,1.1255279038514183,0.333166538951262,52,0,,,,,
model,coupled_vdp,"coupled_vdp:rho=4.0,omega=5.6",NON-CHAOTIC,TEST,real,mix12,980000,,0.7999674479166667,0.38055555555555554,1.3083333333333333,105.62562260103343,160.10574175198576,838.0885436417839,6065.377432726362,0.13817582713316268,12.14011261170429,1.4834057908798448,84,409.58333333333337,1.1296962190283413,0.3408287442086965,52,0,0.0,0.0,2.777777777777768,0.14146563772802034,
model,coupled_vdp,"coupled_vdp:rho=4.0,omega=5.6",NON-CHAOTIC,TEST,real,mix12,980001,,0.7999565972222222,0.4888888888888889,1.3055555555555556,116.25525903041438,174.4841172792552,1040.0263543376307,7792.2725882871155,0.1334689389461217,11.775262149681721,1.5867226681852522,87,409.5777777777778,1.1270357100005979,0.33544598483232935,54,0,0.0,0.0,2.777777777777768,0.14118042949527107,
model,coupled_vdp,"coupled_vdp:rho=4.0,omega=5.6",NON-CHAOTIC,TEST,real,mix12,980002,,0.7999620225694445,0.5083333333333333,1.2833333333333334,101.04660149928837,152.92660129703492,648.5087688664885,5250.481872768922,0.12351414300274262,10.99355480053277,1.6568953921216145,81,409.5805555555556,1.1307068102631535,0.33740098521210304,50,0,0.0,0.0,2.777777777777768,0.14122263879010344,
model,coupled_vdp,"coupled_vdp:rho=4.0,omega=5.6",NON-CHAOTIC,TEST,real,mix12,980003,,0.7999620225694445,0.475,1.2916666666666667,99.10730356978146,149.95026274690778,763.153998510368,5470.860032222156,0.13949433800454766,12.241775439518765,1.5150532098382277,83,409.5805555555556,1.1276908515132045,0.341932545886134,52,0,0.0,0.0,2.777777777777768,0.1412438635735678,
model,coupled_vdp,"coupled_vdp:rho=4.0,omega=5.6",NON-CHAOTIC,TEST,real,mix12,980004,,0.7999565972222222,0.41944444444444445,1.3333333333333333,112.4600033190672,170.49066754528164,1003.8283912032307,7176.21647102751,0.139882679857273,12.271673421232085,1.4980589587144264,84,409.5777777777778,1.1275963666646622,0.33080672855760024,52,0,0.0,0.0,2.777777777777768,0.14124450947355469,
model,coupled_vdp,"coupled_vdp:rho=10.0,omega=3.3",NON-CHAOTIC,TEST,clean,none,980002,,0.7947699652777778,0.2833333333333333,1.3194444444444444,272.03231237808296,275.77446782069114,9259.157560446623,6424.155356858821,1.4413034937831914,59.03827596419241,-0.37054173427636033,44,406.9222222222222,1.5033122592552932,0.5015720626387543,0,0,,,,,
model,coupled_vdp,"coupled_vdp:rho=10.0,omega=3.3",NON-CHAOTIC,TEST,clean,none,980003,,0.7947699652777778,0.2833333333333333,1.3194444444444444,272.03231237808296,275.77446782069114,9259.157560446623,6424.155356858821,1.4413034937831914,59.03827596419241,-0.37054173427636033,44,406.9222222222222,1.5031280426960922,0.5050438434290654,0,0,,,,,
model,coupled_vdp,"coupled_vdp:rho=10.0,omega=3.3",NON-CHAOTIC,TEST,clean,none,980004,,0.7947699652777778,0.2833333333333333,1.3194444444444444,272.03231237808296,275.77446782069114,9259.157560446623,6424.155356858821,1.4413034937831914,59.03827596419241,-0.37054173427636033,44,406.9222222222222,1.5042160002357716,0.5033274755315585,0,0,,,,,
model,coupled_vdp,"coupled_vdp:rho=10.0,omega=3.3",NON-CHAOTIC,TEST,ect,none,980000,,0.7947699652777778,0.18611111111111112,2.2083333333333335,310.08227888326013,356.5124839559591,16180.581770652701,24253.514742624335,0.6671437910075829,40.01717156049129,0.28648331307125696,110,406.9222222222222,1.5149112583743831,0.5051691128935765,52,0,,,,,
model,coupled_vdp,"coupled_vdp:rho=10.0,omega=3.3",NON-CHAOTIC,TEST,ect,none,980001,,0.7947699652777778,0.23333333333333334,1.8055555555555556,296.5394522998284,327.5716991604881,11090.210139743602,16473.67819172254,0.6732078902279427,40.23456344903029,0.07766141585670448,99,406.9222222222222,1.5007079037071165,0.5013472886061252,48,0,,,,,
model,coupled_vdp,"coupled_vdp:rho=10.0,omega=3.3",NON-CHAOTIC,TEST,ect,none,980002,,0.7947699652777778,0.20277777777777778,1.7277777777777779,301.32708838262766,332.0011248861368,13511.270995541125,16951.27569046742,0.7970651437837927,44.35371452954344,0.126219481183552,107,406.9222222222222,1.5081948166380785,0.502830357175863,52,0,,,,,
model,coupled_vdp,"coupled_vdp:rho=10.0,omega=3.3",NON-CHAOTIC,TEST,ect,none,980003,,0.7947699652777778,0.21666666666666667,1.6861111111111111,305.5799415230402,346.8015499102815,12377.736114122286,21733.965583351015,0.5695111675157923,36.2858945704228,0.16518623802282412,109,406.9222222222222,1.5025400454369984,0.49982948845695263,54,0,,,,,
model,coupled_vdp,"coupled_vdp:rho=10.0,omega=3.3",NON-CHAOTIC,TEST,ect,none,980004,,0.7947699652777778,0.2361111111111111,1.7444444444444445,298.6533119133158,328.532094257638,12393.943225140853,20511.605558016505,0.6042405208156392,37.66520749073381,0.15421390581645433,107,406.9222222222222,1.4965508514395336,0.4975485252687415,52,0,,,,,
model,coupled_vdp,"coupled_vdp:rho=10.0,omega=3.3",NON-CHAOTIC,TEST,real,mix12,980000,,0.8174858940972222,0.18333333333333332,2.0083333333333333,294.5340848976339,315.9505507981216,14856.862157667252,18751.372225590156,0.7923079963924969,44.20601804975653,-0.05852212445326977,146,418.55277777777775,1.5097516620450704,0.5076934407456608,50,0,12.0,0.0,143.05555555555557,0.15249733050597417,
model,coupled_vdp,"coupled_vdp:rho=10.0,omega=3.3",NON-CHAOTIC,TEST,real,mix12,980001,,0.8253851996527777,0.2361111111111111,1.6888888888888889,282.1620508727357,299.4496322660296,12119.414346926826,14970.200690783382,0.8095692634493749,44.73823024083563,-0.29193668735400596,133,422.5972222222222,1.5030561779274847,0.5007437571510684,49,0,16.0,0.0,165.27777777777777,0.1515237896506188,
model,coupled_vdp,"coupled_vdp:rho=10.0,omega=3.3",NON-CHAOTIC,TEST,real,mix12,980002,,0.811572265625,0.20555555555555555,2.0416666666666665,294.0366927055915,312.36318306712565,13196.814574112075,13580.995982942364,0.9717118384165037,49.282649699810726,-0.01478722053309515,136,415.525,1.5089710866261878,0.49780084921979567,50,0,9.0,1.0,5.555555555555536,0.15131309645831947,
model,coupled_vdp,"coupled_vdp:rho=10.0,omega=3.3",NON-CHAOTIC,TEST,real,mix12,980003,,0.825390625,0.21666666666666667,1.7055555555555555,285.98175011566246,311.1352080019684,13381.189055083225,17492.666067627404,0.7649599554093681,43.34149072702002,-0.16056894483234713,138,422.6,1.5025707259457048,0.49484349345612766,52,0,17.0,1.0,238.88888888888889,0.15365830360605073,
model,coupled_vdp,"coupled_vdp:rho=10.0,omega=3.3",NON-CHAOTIC,TEST,real,mix12,980004,,0.8076334635416667,0.2361111111111111,1.6333333333333333,288.6970636684472,303.28046148327564,12053.837167823305,17163.324613295066,0.7023019979757391,41.25601678261957,-0.12569626733511974,139,413.5083333333333,1.49276844484312,0.49285262692323684,52,0,8.0,1.0,13.888888888888868,0.15058989299913714,
model,coupled_vdp,"coupled_vdp:rho=6.0,omega=5.6",NON-CHAOTIC,TEST,clean,none,980000,,0.7999999999999998,0.25833333333333336,1.0694444444444444,324.6993729302244,497.97729350053237,0.15077103858958457,123623.43280471377,1.2195991906142543e-06,0.00012195977031938826,-0.9304640671260548,4,409.5999999999999,1.220453275026551,0.27123251343295063,0,0,,,,,
model,coupled_vdp,"coupled_vdp:rho=6.0,omega=5.6",NON-CHAOTIC,TEST,clean,none,980001,,0.7999999999999998,0.25833333333333336,1.0694444444444444,324.6993729302244,497.97729350053237,0.15077103858958457,123623.43280471377,1.2195991906142543e-06,0.00012195977031938826,-0.9304640671260548,4,409.5999999999999,1.2177101892289475,0.25994061140481384,0,0,,,,,
model,coupled_vdp,"coupled_vdp:rho=6.0,omega=5.6",NON-CHAOTIC,TEST,clean,none,980002,,0.7999999999999998,0.25833333333333336,1.0694444444444444,324.6993729302244,497.97729350053237,0.15077103858958457,123623.43280471377,1.2195991906142543e-06,0.00012195977031938826,-0.9304640671260548,4,409.5999999999999,1.219839017701518,0.27037633485414503,0,0,,,,,
model,coupled_vdp,"coupled_vdp:rho=6.0,omega=5.6",NON-CHAOTIC,TEST,clean,none,980003,,0.7999999999999998,0.25833333333333336,1.0694444444444444,324.6993729302244,497.97729350053237,0.15077103858958457,123623.43280471377,1.2195991906142543e-06,0.00012195977031938826,-0.9304640671260548,4,409.5999999999999,1.2192434296331809,0.2691416104961641,0,0,,,,,
model,coupled_vdp,"coupled_vdp:rho=6.0,omega=5.6",NON-CHAOTIC,TEST,clean,none,980004,,0.7999999999999998,0.25833333333333336,1.0694444444444444,324.6993729302244,497.97729350053237,0.15077103858958457,123623.43280471377,1.2195991906142543e-06,0.00012195977031938826,-0.9304640671260548,4,409.5999999999999,1.218463141695937,0.2595954642826734,0,0,,,,,
model,coupled_vdp,"coupled_vdp:rho=6.0,omega=5.6",NON-CHAOTIC,TEST,ect,none,980000,,0.7999999999999998,0.16111111111111112,1.8777777777777778,352.37745081895764,543.2669921760362,11892.40861224442,156659.36005960783,0.07591253154436121,7.055641543220676,-0.23000391285946473,64,409.5999999999999,1.220739575289568,0.2689140391253245,50,0,,,,,
model,coupled_vdp,"coupled_vdp:rho=6.0,omega=5.6",NON-CHAOTIC,TEST,ect,none,980001,,0.7999999999999999,0.15833333333333333,1.9,355.25266881298853,552.4730749223619,11849.013774531253,163836.7111657899,0.07232209246767034,6.744437420032991,-0.16354515601720815,66,409.59999999999997,1.4616065943883776,0.604411402742873,50,0,,,,,
model,coupled_vdp,"coupled_vdp:rho=6.0,omega=5.6",NON-CHAOTIC,TEST,ect,none,980002,,0.8,0.17777777777777778,1.8111111111111111,318.0548018783839,492.82021017938905,5584.787047157739,123629.38867628171,0.045173620180079234,4.32211637453077,-0.6191505174492605,61,409.6,1.3190967673298981,0.4506209006655394,48,0,,,,,
model,coupled_vdp,"coupled_vdp:rho=6.0,omega=5.6",NON-CHAOTIC,TEST,ect,none,980003,,0.7988389756944444,0.15833333333333333,1.8694444444444445,348.5464973807744,539.9324102911673,8659.780903086597,142327.81143433423,0.06084391248496054,5.735425520087821,-0.2597628842908153,63,409.00555555555553,1.2216058862264354,0.2882543213545968,50,0,,,,,
null,null56,N1_linear_rr,NULL,BOTH,clean,none,980000,,0.7624186197916667,0.6027777777777777,0.9,41.815809135921185,34.99560781036339,963.8485509624753,806.1768178431071,1.1955795920071386,54.45393992363413,-0.03787180687570536,80,390.35833333333335,1.1026310434783464,0.32268583930669936,0,0,,,,,
null,null56,N1_linear_rr,NULL,BOTH,clean,none,980001,,0.8861002604166668,0.7916666666666666,0.9777777777777777,36.0112423412528,32.30969749018737,858.5415891186302,489.2612114191253,1.7547714167415596,63.69934746953215,-0.04478108491887782,64,453.6833333333334,1.166821940307349,0.3788139944358479,0,0,,,,,
null,null56,N1_linear_rr,NULL,BOTH,clean,none,980002,,0.6625651041666666,0.5055555555555555,0.8111111111111111,55.14795555790501,38.365455090257605,2192.2294409066,1027.5144095167373,2.1335267132045903,68.08707595227993,0.005815907694453165,94,339.2333333333333,1.0262393536569154,0.2438633707486726,0,0,,,,,
null,null56,N1_linear_rr,NULL,BOTH,clean,none,980003,,0.7223470052083334,0.6166666666666667,0.8416666666666667,46.07946798380888,31.823501637260435,1369.3849784892777,640.9025772693203,2.1366507595019923,68.11886063596157,-0.011355892723312878,77,369.8416666666667,1.0718217337559017,0.2917073638245581,0,0,,,,,
null,null56,N1_linear_rr,NULL,BOTH,clean,none,980004,,0.7610622829861111,0.6111111111111112,0.9305555555555556,60.30808778251428,46.781935008244936,2459.258384725842,1264.64083813087,1.9446298985256623,66.03987480733362,-0.0037239296360514085,99,389.6638888888889,1.1003821608623292,0.31760155649591615,0,0,,,,,
null,null56,N1_linear_rr,NULL,BOTH,real,mix12,980000,,0.7624131944444444,0.6027777777777777,0.9027777777777778,41.88363095763264,35.34209679888039,960.5020017044131,811.2635692411149,1.183958010838452,54.21157389303075,-0.044038139918615736,77,390.35555555555555,1.0982418587654736,0.3207075514760114,0,0,0.0,0.0,2.777777777777768,0.14070078827085014,
null,null56,N1_linear_rr,NULL,BOTH,real,mix12,980001,,0.8861002604166666,0.7888888888888889,0.9805555555555555,36.10211810919709,32.82458578421801,853.9058779537127,492.7168919017726,1.7330558216866374,63.41091930632888,-0.04007065843388727,63,453.6833333333333,1.17086775840653,0.3830432442984431,0,0,0.0,0.0,2.777777777777768,0.14170771778338873,
null,null56,N1_linear_rr,NULL,BOTH,real,mix12,980002,,0.6625651041666666,0.5027777777777778,0.8138888888888889,55.175876812329626,38.53824148964072,2191.392345477924,1026.3051926903847,2.1352248445059,68.1043609439247,0.0061859170410853695,94,339.2333333333333,1.0302854571447417,0.24173424682535521,0,0,0.0,0.0,0.0,0.14037347263617783,
null,null56,N1_linear_rr,NULL,BOTH,real,mix12,980003,,0.722341579861111,0.6138888888888889,0.8416666666666667,46.14055656212822,32.261758665853385,1368.549257329984,638.4411964334062,2.1435791815679504,68.18912639887056,-0.02003996779674461,77,369.83888888888885,1.0746501297433317,0.296827077562103,0,0,0.0,0.0,2.777777777777768,0.14040980656698268,
null,null56,N1_linear_rr,NULL,BOTH,real,mix12,980004,,0.761056857638889,0.6083333333333333,0.9277777777777778,60.28391668391532,46.8863965231685,2458.7899981108894,1254.2614947599793,1.960348785626568,66.22019659118152,-0.012938552246558972,101,389.66111111111115,1.101792705673358,0.31236975816886564,0,0,0.0,0.0,2.777777777777768,0.14123484319107013,
null,null56,N2_power_law,NULL,BOTH,clean,none,980000,,0.7547688802083334,0.6194444444444445,0.8972222222222223,47.378158486712614,41.131043045814856,531.2012595188339,482.42736943029263,1.1011010012681064,52.40590531362099,-0.09043355708123142,81,386.4416666666667,1.080242407832774,0.3127458848496614,0,0,,,,,
null,null56,N2_power_law,NULL,BOTH,clean,none,980001,,0.9187337239583333,0.7472222222222222,1.0722222222222222,55.477968547609514,49.242283591397786,694.3379682134763,684.7080452948223,1.0140642759856977,50.34915161728924,-0.1157572533475172,91,470.39166666666665,1.2158261914187718,0.40817602275783654,0,0,,,,,
null,null56,N2_power_law,NULL,BOTH,clean,none,980002,,0.7984157986111111,0.65,0.9194444444444444,48.72989227089724,35.44470141637264,411.06287618963466,321.258026377466,1.2795411863317971,56.13152304524997,0.02447764387674932,81,408.7888888888889,1.095741707594832,0.32337038466571166,0,0,,,,,
null,null56,N2_power_law,NULL,BOTH,clean,none,980003,,0.907156032986111,0.7611111111111111,1.0611111111111111,44.99701168018892,40.369195054549635,528.6575740497915,449.91119608462833,1.1750264911174848,54.023548490840675,0.028332152594605517,77,464.46388888888885,1.1590141688760363,0.38334643107381106,0,0,,,,,
null,null56,N2_power_law,NULL,BOTH,clean,none,980004,,0.6689561631944445,0.5194444444444445,0.8277777777777777,53.70704042594634,40.77634722016145,566.2445632825413,523.2123484765366,1.0822461758238386,51.97493881316166,0.0447943525801946,91,342.5055555555556,1.0037904189979732,0.23401470827188625,0,0,,,,,
null,null56,N2_power_law,NULL,BOTH,real,mix12,980000,,0.7547688802083333,0.6166666666666667,0.8944444444444445,47.35233592589731,40.957397323864775,531.2608606730373,489.5219108179292,1.0852647224418772,52.044457989536,-0.09136677013068545,82,386.44166666666666,1.0813198105684183,0.3152928719900906,0,0,0.0,0.0,2.777777777777768,0.14174589405666477,
null,null56,N2_power_law,NULL,BOTH,real,mix12,980001,,0.9205078124999999,0.7472222222222222,1.8305555555555555,68.57379514514348,75.84147788209778,1331.0102585496686,1631.2976411329987,0.8159211568682407,44.9315298619786,4.473268620516737,92,471.29999999999995,1.2122183902045616,0.40828098896790305,0,0,1.0,0.0,13.88888888888895,0.14405250194659858,
null,null56,N2_power_law,NULL,BOTH,real,mix12,980002,,0.7984049479166667,0.65,0.9277777777777778,48.808490917032216,35.565271014452065,411.4810838734679,329.07575698770296,1.2504144566591222,55.56374084600571,0.031530543944281,84,408.78333333333336,1.096878687206447,0.3234657531150913,0,0,0.0,0.0,0.0,0.14150093344345338,
null,null56,N2_power_law,NULL,BOTH,real,mix12,980003,,0.9054796006944446,0.3138888888888889,1.0638888888888889,54.68877215185806,53.078047426869254,623.8440701090439,712.6368404899808,0.8754024976874805,46.6781130326381,-2.949836221582953,80,463.6055555555556,1.156277257024413,0.3822195513165211,0,0,0.0,1.0,2.777777777777768,0.14096461967845242,
null,null56,N2_power_law,NULL,BOTH,real,mix12,980004,,0.6689615885416667,0.5194444444444445,0.8277777777777777,53.75865636367647,40.95721298677414,564.5646987737848,523.6212782131917,1.0781928127525846,51.881269444123845,0.03612616289333394,88,342.5083333333333,1.003395113094118,0.23433126968538898,0,0,0.0,0.0,2.777777777777768,0.1380891878604606,
null,null56,N3_linear_rr_trend,NULL,BOTH,clean,none,980000,,0.7639919704861111,0.6055555555555555,0.9194444444444444,44.09350858258297,35.00854981391611,964.3694845764051,829.4849745490718,1.1626123608817143,53.75962802726736,0.23284872240151824,76,391.1638888888889,1.129250263770415,0.31908768000238136,0,0,,,,,
null,null56,N3_linear_rr_trend,NULL,BOTH,clean,none,980001,,0.883837890625,0.7722222222222223,0.9833333333333333,41.57399047226604,32.356398626799454,864.5283691810741,486.2847577456305,1.7778232926504725,64.000589863085,-0.025296436722510092,71,452.525,1.1233823359218427,0.3575625202435652,0,0,,,,,
null,null56,N3_linear_rr_trend,NULL,BOTH,clean,none,980002,,0.6612304687499999,0.4861111111111111,0.7944444444444444,56.479468834593575,38.35344900168627,2124.3753346260924,1022.1597075502281,2.078320363182289,67.5147521369015,-0.1558792110923057,93,338.54999999999995,1.0011200854010402,0.23546828887764723,0,0,,,,,
null,null56,N3_linear_rr_trend,NULL,BOTH,clean,none,980003,,0.7208224826388888,0.5972222222222222,0.8361111111111111,48.55116083781535,31.8370217013238,1373.487543738382,640.266017266607,2.145182637682395,68.20534400708526,-0.018285313101543153,84,369.0611111111111,1.0348618094060296,0.2654190161033758,0,0,,,,,
model,coupled_vdp,"coupled_vdp:rho=6.0,omega=5.6",NON-CHAOTIC,TEST,ect,none,980004,,0.8,0.16111111111111112,1.8416666666666666,343.8188280669113,530.2378549685797,6783.106172162716,139046.2916582852,0.04878307857956123,4.651398327824997,-0.30855624263581066,67,409.6,1.255794199634848,0.41075329984985653,50,0,,,,,
model,coupled_vdp,"coupled_vdp:rho=6.0,omega=5.6",NON-CHAOTIC,TEST,real,mix12,980000,,0.8088487413194445,0.2111111111111111,1.761111111111111,324.3293457116194,497.0516737563575,6145.732421711742,121201.8284780945,0.0507065982327362,4.825952203785862,-0.36705625398976394,115,414.1305555555556,1.2171532271185348,0.2627768450810277,44,0,8.0,2.0,90.27777777777779,0.17040253215683807,
null,null56,N3_linear_rr_trend,NULL,BOTH,clean,none,980004,,0.7597981770833333,0.6,0.9194444444444444,61.605221556272745,46.79242392393298,2419.0897420411197,1266.4314239252246,1.9101624425452923,65.63765701252821,-0.08092005197613511,103,389.01666666666665,1.0617455430526719,0.2903636010691464,0,0,,,,,
null,null56,N3_linear_rr_trend,NULL,BOTH,real,mix12,980000,,0.7639919704861111,0.6027777777777777,0.9194444444444444,44.23505642705216,35.30469265517147,970.3171317771436,833.462841627928,1.1641996299222055,53.79354167822558,0.24194085499403262,79,391.1638888888889,1.1263125581955094,0.3211193550581758,0,0,0.0,0.0,0.0,0.1430291434778368,
null,null56,N3_linear_rr_trend,NULL,BOTH,real,mix12,980001,,0.8838541666666666,0.7694444444444445,0.9833333333333333,41.621886497103695,32.59446012229181,864.8842096269739,487.21064142629024,1.775175121575873,63.96623794205269,-0.013015018996471658,69,452.5333333333333,1.1235207249920307,0.3548295195793357,0,0,0.0,0.0,0.0,0.13892725158530214,
null,null56,N3_linear_rr_trend,NULL,BOTH,real,mix12,980002,,0.66123046875,0.4861111111111111,0.8583333333333333,57.610538561193856,42.96431880853633,2129.7127266674293,1075.300249064022,1.9805749403677753,66.44942603333405,-0.11670913307206784,94,338.55,1.0010790353144252,0.23797848290067747,0,0,1.0,1.0,2.777777777777768,0.13794725458465576,
null,null56,N3_linear_rr_trend,NULL,BOTH,real,mix12,980003,,0.7208224826388889,0.5972222222222222,0.8333333333333334,48.773954898653976,32.72599386269539,1376.5907973366918,644.6096996503172,2.135541550310915,68.10758256732902,-0.028915777246177457,84,369.06111111111113,1.034805491314002,0.26576967099339555,0,0,0.0,0.0,0.0,0.13867131467278626,
null,null56,N3_linear_rr_trend,NULL,BOTH,real,mix12,980004,,0.7582356770833334,0.30833333333333335,0.9194444444444444,66.3321232952439,53.57076417166703,2404.071122119064,1499.4814033924436,1.6032683811083395,61.58674966988034,-0.8652297287554542,105,388.2166666666667,1.0540246879878559,0.29035493108253124,0,0,0.0,1.0,2.777777777777768,0.13941139225557023,
null,null56,N4_linear_rr_step,NULL,BOTH,clean,none,980002,,0.6636121961805556,0.5166666666666667,0.8305555555555556,57.99830794314504,38.36663581405387,2266.3082210996545,1048.6870449286325,2.161091082472451,68.36535316730422,0.13815389953431234,97,339.76944444444445,1.0784759918261815,0.26993863900117365,0,0,,,,,
null,null56,N4_linear_rr_step,NULL,BOTH,clean,none,980003,,0.7208658854166667,0.5722222222222222,0.8416666666666667,56.955339154703765,32.17341153122611,1388.091778302087,658.8742845909029,2.1067627175098473,67.81215397094996,-0.21695733260422373,91,369.08333333333337,0.9720097138834031,0.23950255719946184,0,0,,,,,
null,null56,N4_linear_rr_step,NULL,BOTH,clean,none,980000,,0.7602810329861112,0.5611111111111111,0.9111111111111111,56.88893466150509,35.634620384400414,1010.454619645373,792.1164169405688,1.2756390323888285,56.05629953752989,-0.44888218186258566,96,389.2638888888889,1.0002614131066463,0.25853020091209294,0,0,,,,,
null,null56,N4_linear_rr_step,NULL,BOTH,clean,none,980001,,0.8833062065972221,0.75,1.0027777777777778,55.68789293201533,32.31787506072269,876.8662303505461,478.9277574975079,1.83089456942806,64.67547711598334,0.04544711880049705,84,452.25277777777774,1.0933860845845358,0.34718990703836405,0,0,,,,,
null,null56,N4_linear_rr_step,NULL,BOTH,clean,none,980004,,0.7599609375,0.575,0.9222222222222223,66.22810679689876,46.79807082786766,2416.00762464762,1257.4184581946442,1.9214030213270736,65.76987178079453,-0.20830076576742138,110,389.1,1.0196903356941909,0.27207086064182673,0,0,,,,,
null,null56,N4_linear_rr_step,NULL,BOTH,real,mix12,980000,,0.7602810329861112,0.5444444444444444,0.9083333333333333,57.953166308382066,40.38004090645605,991.6496000000884,834.4000138803759,1.1884582736143825,54.30573147970355,-0.503305346149133,95,389.2638888888889,1.0000946585859096,0.2591210887788731,0,0,1.0,1.0,2.777777777777768,0.1355637280353086,
null,null56,N4_linear_rr_step,NULL,BOTH,real,mix12,980001,,0.8833170572916667,0.7472222222222222,1.0083333333333333,55.83926557840481,33.33650416171942,868.0481471660498,491.8316909099228,1.7649292699299235,63.83270954249963,0.04393330206988881,88,452.2583333333333,1.0965340101376118,0.34326036399817983,0,0,0.0,0.0,0.0,0.1354888353825636,
null,null56,N4_linear_rr_step,NULL,BOTH,real,mix12,980002,,0.6622884114583334,0.2916666666666667,0.8305555555555556,61.36841074108049,44.349723755048785,2267.972753425702,1051.184515032226,2.1575401092701343,68.3297768074544,-0.3892049157136178,96,339.0916666666667,1.0835798856585717,0.2708309267011295,0,0,0.0,1.0,0.0,0.14321177294270693,
null,null56,N4_linear_rr_step,NULL,BOTH,real,mix12,980003,,0.7223904079861112,0.5694444444444444,1.5277777777777777,67.34756865580663,60.02363172445869,2059.824734403182,1998.2887065275943,1.0307943630340173,50.75818516129842,3.1693784908553404,93,369.86388888888894,0.9690661409552135,0.23334350403737386,0,0,1.0,0.0,5.555555555555536,0.13707998720988787,
null,null56,N4_linear_rr_step,NULL,BOTH,real,mix12,980004,,0.7599555121527778,0.2,1.4805555555555556,77.7611175459414,73.05187740268039,3120.4719604241486,1920.6482486064779,1.6246972670233606,61.90036799428344,0.687979678034155,111,389.09722222222223,1.0204931787544527,0.2682345528118826,0,0,1.0,1.0,2.777777777777768,0.13848963910330225,
null,null56,N5_linear_rr_warped,NULL,BOTH,clean,none,980000,,0.7622884114583333,0.6972222222222222,1.0277777777777777,41.57996874505173,36.290678698425516,985.2103224117299,811.6780218239245,1.213794504621254,54.82868902635186,2.2972316532489523,68,390.29166666666663,1.0838305543087619,0.3014048973793495,0,0,,,,,
null,null56,N5_linear_rr_warped,NULL,BOTH,clean,none,980001,,0.8862087673611111,0.8305555555555556,1.038888888888889,36.2701532212605,33.75064928949504,859.9728038145843,529.0806507832056,1.6254096658827994,61.910706241582005,1.11198769939593,62,453.7388888888889,1.14772836134243,0.36562111251070706,0,0,,,,,
null,null56,N5_linear_rr_warped,NULL,BOTH,clean,none,980002,,0.6627549913194445,0.5805555555555556,0.9194444444444444,55.140831567937425,38.75119287381401,2381.396469396832,997.7448003676392,2.3867791328196932,70.47342147855267,1.314852653388838,84,339.3305555555556,1.0048596526282085,0.22119195829985272,0,0,,,,,
null,null56,N5_linear_rr_warped,NULL,BOTH,clean,none,980003,,0.7221896701388888,0.6555555555555556,0.9222222222222223,46.37735469651134,33.77770589422548,1373.6040937073776,691.7200534714351,1.9857803555265892,66.507918167891,1.0837726605958176,74,369.76111111111106,1.0485826453972045,0.27020635168936924,0,0,,,,,
null,null56,N5_linear_rr_warped,NULL,BOTH,clean,none,980004,,0.7615668402777778,0.675,1.0694444444444444,60.60722239717584,49.55285553845683,2562.432884182454,1383.4688844444945,1.8521796283198302,64.93909464639566,1.2769539302258583,89,389.9222222222222,1.064480046539897,0.28959155153881916,0,0,,,,,
null,null56,N5_linear_rr_warped,NULL,BOTH,real,mix12,980000,,0.7622829861111111,0.6972222222222222,1.0277777777777777,41.610071551593876,36.59233275110738,985.067484890944,809.4548260326607,1.2169517719957328,54.89301965735659,2.2884862055821302,68,390.2888888888889,1.078972534039828,0.3007104388992624,0,0,0.0,0.0,0.0,0.1407984334866514,
null,null56,N5_linear_rr_warped,NULL,BOTH,real,mix12,980001,,0.8844672309027779,0.375,1.038888888888889,46.384477336586784,44.238248856971474,969.9927659719096,903.8180835357039,1.073216816128897,51.76577807876379,-3.3095126221277136,62,452.8472222222223,1.1467840591834786,0.3636881753502355,0,0,0.0,1.0,2.777777777777768,0.14120879129631858,
null,null56,N5_linear_rr_warped,NULL,BOTH,real,mix12,980002,,0.6640245225694446,0.5805555555555556,1.3166666666666667,62.23392049440216,55.96122815232516,2708.0091536764926,1400.0167795375357,1.9342690696685956,65.91996247593808,3.121600208875535,86,339.9805555555556,0.9989012815933584,0.2218308281167715,0,0,1.0,0.0,5.555555555555536,0.13971058124474237,
null,null56,N5_linear_rr_warped,NULL,BOTH,real,mix12,980003,,0.7207411024305556,0.20833333333333334,0.9194444444444444,52.35356049481895,43.25957840379664,1385.518254407703,823.9719831067035,1.6815113654517058,62.70759792839631,-1.0975510123121957,77,369.01944444444445,1.0490812159956193,0.27085595206636914,0,0,0.0,1.0,2.777777777777768,0.1400505665799246,
null,null56,N5_linear_rr_warped,NULL,BOTH,real,mix12,980004,,0.7615668402777778,0.6222222222222222,1.0694444444444444,61.695428790364005,55.3586966638527,2505.5372057447544,1414.496873766565,1.7713274961668415,63.91620978093896,1.2987197719459183,91,389.9222222222222,1.0656927725937133,0.2922657501929913,0,0,1.0,1.0,0.0,0.1408986267389056,
null,null56,N6_noisy_rsa,NULL,BOTH,clean,none,980000,,0.7029242621527778,0.575,0.8333333333333334,46.709186333395444,55.670000624957424,175.79025766545516,1435.667715591468,0.12244494722306469,10.90877085116684,-0.04286923689323654,77,359.89722222222224,1.0561347604683045,0.28012854557978634,0,0,,,,,
null,null56,N6_noisy_rsa,NULL,BOTH,clean,none,980001,,0.9098904079861111,0.7388888888888889,1.05,57.66647937262999,80.59359832299167,274.91213622920475,2221.144092449662,0.12377050960525882,11.013859907102834,-0.2322483661697269,93,465.8638888888889,1.1892406524337735,0.40506949534555453,0,0,,,,,
null,null56,N6_noisy_rsa,NULL,BOTH,clean,none,980002,,0.7328016493055556,0.6194444444444445,0.8472222222222222,40.284055300201835,52.56979998906033,131.17768560254007,1022.5244843590386,0.12828806313109242,11.37015158833485,-0.005014862567509591,71,375.19444444444446,1.0854188048101068,0.30236664879406716,0,0,,,,,
null,null56,N6_noisy_rsa,NULL,BOTH,clean,none,980003,,0.6738932291666666,0.5138888888888888,0.8361111111111111,57.26716458338413,72.76150541191026,224.98190442132017,2141.9681787478435,0.10503512921132217,9.505139378355068,-0.12820615959096746,94,345.0333333333333,1.0364610907486718,0.24842829611381223,0,0,,,,,
null,null56,N6_noisy_rsa,NULL,BOTH,clean,none,980004,,0.7075900607638889,0.5305555555555556,0.8583333333333333,58.42300206452399,71.57695503031108,218.1628033321398,2165.1342657821083,0.10076178959429713,9.153823338238734,-0.01759472944468825,97,362.2861111111111,1.066938944605997,0.28253946956970916,0,0,,,,,
null,null56,N6_noisy_rsa,NULL,BOTH,real,mix12,980000,,0.7029296875,0.575,0.8361111111111111,46.7842700040029,55.69169555448912,176.12433940460076,1440.8958271919532,0.12223252790441862,10.891907413579197,-0.036416177563965466,78,359.9,1.0552300843333136,0.2790503602785888,0,0,0.0,0.0,2.777777777777768,0.14083991250185995,
null,null56,N6_noisy_rsa,NULL,BOTH,real,mix12,980001,,0.909890407986111,0.7416666666666667,1.0472222222222223,57.56138221652041,80.37859862975085,271.60852640187863,2216.993357023777,0.12251210656151985,10.914101134891014,-0.2153759501842001,93,465.8638888888888,1.1908778175038532,0.39659318709780156,0,0,0.0,0.0,2.777777777777768,0.1429324503359935,
null,null56,N6_noisy_rsa,NULL,BOTH,real,mix12,980002,,0.7328016493055556,0.49722222222222223,0.9388888888888889,42.30935846942789,56.482268651160176,141.17435239067288,1120.432146085447,0.1259999125193848,11.190046386190607,-0.1161820819797406,72,375.19444444444446,1.0874617899179837,0.3016105495928707,0,0,1.0,1.0,2.777777777777768,0.14096729501830868,
null,null56,N6_noisy_rsa,NULL,BOTH,real,mix12,980003,,0.6738932291666667,0.5138888888888888,0.8361111111111111,57.20490351512299,72.58739033622997,225.62543441701277,2139.6156873641194,0.10545138351222785,9.539214938352954,-0.1342502887697334,94,345.03333333333336,1.031616579707773,0.252037124863148,0,0,0.0,0.0,0.0,0.14157408392674314,
null,null56,N6_noisy_rsa,NULL,BOTH,real,mix12,980004,,0.7075900607638889,0.5305555555555556,0.8583333333333333,58.335318953365665,71.54066064474256,219.10908212171776,2160.123670383852,0.10143358231095272,9.209232761736908,-0.0025768376986938725,95,362.2861111111111,1.064884390603888,0.2890337582768392,0,0,0.0,0.0,2.777777777777768,0.14290405693634115,
null,null56,S1_setar,NULL,BOTH,clean,none,980000,,0.9035481770833332,0.7388888888888889,1.0638888888888889,55.51784668099009,63.64949429293769,750.7636386485663,1050.810462210728,0.7144615186539789,41.67264828521211,-0.11622883477286591,95,462.6166666666666,1.169976167899304,0.37838270855598405,0,0,,,,,
null,null56,S1_setar,NULL,BOTH,clean,none,980001,,0.849631076388889,0.7083333333333334,1.0416666666666667,52.69301864506679,57.8719105397716,683.0700345792839,857.1057055307151,0.7969495829646014,44.350135948154794,0.08591817158056027,91,435.0111111111112,1.137040334587855,0.35024894495288855,0,0,,,,,
null,null56,S1_setar,NULL,BOTH,clean,none,980002,,0.8562120225694443,0.7055555555555556,1.0083333333333333,49.215967075492166,51.723397509902455,745.7015868086539,749.9033408419828,0.9943969391727058,49.85952994819531,-0.09633181873497398,88,438.3805555555555,1.1517581209887315,0.36185284567615755,0,0,,,,,
null,null56,S1_setar,NULL,BOTH,clean,none,980003,,0.84384765625,0.7194444444444444,0.9666666666666667,45.68295802871174,51.22824010619774,563.4208591770522,826.333159754295,0.6818325665940622,40.54104909948706,-0.08531479007707744,85,432.05,1.1389205251826189,0.3468900287657608,0,0,,,,,
null,null56,S1_setar,NULL,BOTH,clean,none,980004,,0.7951443142361111,0.6805555555555556,0.9055555555555556,46.17677698426306,48.50293153382123,491.5279421270563,668.0136743519372,0.7358052102809187,42.38984915604889,-0.012724004003116606,76,407.1138888888889,1.1196634099184837,0.33053131777300104,0,0,,,,,
null,null56,S1_setar,NULL,BOTH,real,mix12,980000,,0.9035427517361111,0.7388888888888889,1.0666666666666667,55.63027291331095,63.87565212622873,752.3587206402336,1057.208581287569,0.7116464375685826,41.57671946430048,-0.11244948019080513,97,462.6138888888889,1.1691118120777517,0.37796232638195126,0,0,0.0,0.0,0.0,0.14257582647945624,
null,null56,S1_setar,NULL,BOTH,real,mix12,980001,,0.8496310763888888,0.6611111111111111,1.05,54.068342407689286,60.85036984148194,696.274451391652,981.0783474467711,0.709703208926878,41.51031624794892,0.10571982909244812,88,435.01111111111106,1.138193752119598,0.34807150657430885,0,0,1.0,1.0,2.777777777777768,0.14230896296245926,
null,null56,S1_setar,NULL,BOTH,real,mix12,980002,,0.8529134114583333,0.30277777777777776,1.0083333333333333,64.37706175400464,64.32628666078293,880.4339729419632,1205.6779361439571,0.7302397651546971,42.20454181327916,-3.1429212231577224,88,436.69166666666666,1.1535239021216808,0.3593771953271432,0,0,0.0,2.0,22.222222222222253,0.1419016406348427,
null,null56,S1_setar,NULL,BOTH,real,mix12,980003,,0.8438476562499999,0.7222222222222222,0.9722222222222222,46.22120649385637,52.75474142774662,565.3560237004015,836.9360767877681,0.6755068151325081,40.31656624918505,-0.032839938874950035,83,432.04999999999995,1.1365043204593381,0.3489091616692772,0,0,0.0,0.0,0.0,0.14120483429586675,
null,null56,S1_setar,NULL,BOTH,real,mix12,980004,,0.7951443142361111,0.6805555555555556,0.9083333333333333,46.33151668950515,49.04902463767527,490.77074964580925,669.6587901783092,0.7328668821253467,42.29216275554252,-0.022169843793191004,77,407.1138888888889,1.1167743216320254,0.3314791399757314,0,0,0.0,0.0,0.0,0.14204677829769735,
null,null56,S2_ectopic_5pct,NULL,BOTH,clean,none,980000,,0.7624240451388888,0.4083333333333333,1.1194444444444445,83.10612800538966,128.1074101701536,1052.3259927800957,2118.9535853276316,0.49662531547022326,33.18300915644936,-0.20154980662817898,118,390.3611111111111,1.1057818878242727,0.32397737724418096,23,0,,,,,
null,null56,S2_ectopic_5pct,NULL,BOTH,clean,none,980001,,0.8860948350694444,0.5333333333333333,1.2944444444444445,95.84571963198658,156.25135596522117,1148.6137648502927,3882.086398703101,0.29587537393140273,22.832085544907105,0.02009214051132911,106,453.68055555555554,1.177452371837695,0.38520627771174437,25,0,,,,,
model,coupled_vdp,"coupled_vdp:rho=6.0,omega=5.6",NON-CHAOTIC,TEST,real,mix12,980001,,0.8082628038194444,0.2388888888888889,1.7861111111111112,326.90364861055,505.3651265332255,6880.128702071687,127552.81624309538,0.053939449592075306,5.11788885148501,-0.2741699820570368,109,413.8305555555555,1.4653289155961255,0.5904468351896628,45,0,6.0,1.0,261.1111111111111,0.16944320101353588,
model,coupled_vdp,"coupled_vdp:rho=6.0,omega=5.6",NON-CHAOTIC,TEST,real,mix12,980002,,0.8,0.23055555555555557,1.6944444444444444,302.7597986646647,463.88508044314904,3876.2291129066534,101485.57450664797,0.03819487776218614,3.6789699680000965,-0.6204385917018653,100,409.6,1.331195679915609,0.4697270947621533,47,0,2.0,2.0,191.66666666666654,0.16908360288057947,
null,null56,S2_ectopic_5pct,NULL,BOTH,clean,none,980002,,0.6625596788194444,0.38055555555555554,0.9972222222222222,82.32921940056825,113.63623405168528,2229.7362748059136,1624.810882452275,1.3723051087894265,57.846906104320865,0.07903746383186443,130,339.23055555555555,1.045660766841006,0.25350115250855537,26,0,,,,,
null,null56,S2_ectopic_5pct,NULL,BOTH,clean,none,980003,,0.7223524305555556,0.3972222222222222,1.0472222222222223,79.77933479160362,117.57154596530216,1388.7342782230726,1405.1804109429518,0.9882960703182284,49.705679404177005,-0.1542295900255669,116,369.8444444444445,1.0836359223104766,0.30333797073337115,26,0,,,,,
null,null56,S2_ectopic_5pct,NULL,BOTH,clean,none,980004,,0.7610785590277778,0.425,1.1555555555555554,90.62369371898228,126.77921265461828,2546.0325292705384,2303.4977126812155,1.1052898013547485,52.50060113545876,0.09908747719403051,139,389.6722222222222,1.0907311978159542,0.30932048251336736,24,0,,,,,
null,null56,S2_ectopic_5pct,NULL,BOTH,real,mix12,980000,,0.762424045138889,0.35833333333333334,1.0944444444444446,79.7510093758387,121.46744301059232,1067.0428738228438,1918.506687860625,0.5561840782597063,35.74024988622757,-0.3464296065055784,118,390.36111111111114,1.1058010186611544,0.32213867120362794,23,0,0.0,0.0,2.777777777777768,0.141260123793669,
null,null56,S2_ectopic_5pct,NULL,BOTH,real,mix12,980001,,0.8843370225694445,0.25833333333333336,1.288888888888889,86.88438184809917,135.11272347288698,1036.386070367859,2923.2083339307865,0.3545371906402063,26.174046241774903,-0.7427842196839639,105,452.78055555555557,1.174098453312825,0.3828425019952776,25,0,0.0,1.0,19.444444444444375,0.1420326849738734,
null,null56,S2_ectopic_5pct,NULL,BOTH,real,mix12,980002,,0.6625379774305555,0.38055555555555554,0.975,76.4049138439379,100.0210621437483,2180.812439338275,1507.8036892519176,1.4463503802807807,59.12278110034162,0.014415571450173326,117,339.21944444444443,1.0430105846798425,0.2550469554045263,26,0,0.0,0.0,0.0,0.1410899313129906,
null,null56,S2_ectopic_5pct,NULL,BOTH,real,mix12,980003,,0.7208821614583334,0.2916666666666667,0.9916666666666667,77.97631001998305,109.807048964184,1341.5179125568634,1530.3011110848006,0.876636567038684,46.71317731072505,-0.5553560535576173,114,369.0916666666667,1.0901400246659363,0.30602439302109774,26,0,0.0,1.0,2.777777777777768,0.14059394604859488,
null,null56,S2_ectopic_5pct,NULL,BOTH,real,mix12,980004,,0.7595594618055554,0.2111111111111111,1.1611111111111112,91.25898872998437,121.70458591704386,2668.8950189866273,2400.1684566746003,1.1119615423512164,52.65065296185676,-0.3961748701252173,134,388.8944444444444,1.0991044921438027,0.31340119438516023,24,0,0.0,1.0,2.777777777777768,0.14185298426215764,
null,null56,S2_ectopic_10pct,NULL,BOTH,clean,none,980002,,0.6625759548611111,0.3611111111111111,1.0222222222222221,104.30543537706365,159.1973446534451,2249.9611630819572,2370.2155488360772,0.9492643671951387,48.698595386579946,0.12456669364848355,151,339.2388888888889,1.0493187518891596,0.2573167342966671,51,0,,,,,
null,null56,S2_ectopic_10pct,NULL,BOTH,clean,none,980003,,0.72236328125,0.37222222222222223,1.1083333333333334,113.08575582917082,181.8821587947945,1508.502964430275,3091.9816157196683,0.48787578708781104,32.79008848196397,0.2757067380644698,145,369.85,1.0796068793579021,0.2968835374277403,51,0,,,,,
null,null56,S2_ectopic_10pct,NULL,BOTH,clean,none,980000,,0.7624294704861111,0.43333333333333335,1.1944444444444444,110.32512211600155,180.30042857940126,1065.6241697895769,3374.6474022176217,0.31577348468741084,23.99907646432238,0.24441113296401723,149,390.3638888888889,1.1044840788054437,0.32417100421727396,51,0,,,,,
null,null56,S2_ectopic_10pct,NULL,BOTH,clean,none,980001,,0.8860948350694444,0.5194444444444445,1.3083333333333333,122.97236776169314,205.86099143697538,1232.0302312933713,5676.773769837439,0.21703000352762902,17.832757031343146,0.09632519264851194,133,453.68055555555554,1.1853686304562583,0.38892511257808954,51,0,,,,,
model,coupled_vdp,"coupled_vdp:rho=6.0,omega=5.6",NON-CHAOTIC,TEST,real,mix12,980003,,0.8124837239583333,0.20833333333333334,1.7527777777777778,324.8130090246855,502.1663555615019,5396.350838467666,115760.74465104067,0.04661641435302527,4.454011394598813,-0.3227561317811684,112,415.9916666666667,1.222397281115237,0.2949771052120565,46,0,7.0,0.0,266.6666666666667,0.17010375875436598,
model,coupled_vdp,"coupled_vdp:rho=6.0,omega=5.6",NON-CHAOTIC,TEST,real,mix12,980004,,0.8145073784722223,0.2222222222222222,2.1277777777777778,320.23677268717444,486.4496227627021,7470.140317275462,109689.65930403302,0.06810250268505304,6.3760268807397535,-0.2771489025181449,104,417.0277777777778,1.2528239404212018,0.4012104380066118,47,0,9.0,0.0,186.111111111111,0.16963563503878437,
null,null56,S2_ectopic_10pct,NULL,BOTH,clean,none,980004,,0.7606065538194444,0.41944444444444445,1.1944444444444444,123.70503560814022,192.0778620142954,2602.3475301157973,4331.586403563633,0.6007839363367712,37.530607516689805,0.21181951437838129,157,389.43055555555554,1.1467419025068506,0.34692342864407777,51,0,,,,,
null,null56,S2_ectopic_10pct,NULL,BOTH,real,mix12,980000,,0.7624294704861111,0.4388888888888889,1.1861111111111111,102.65125275059013,166.38774951049217,1025.0662169660018,3051.4165636335224,0.33593126195310025,25.145849305298583,0.22148339610637358,140,390.3638888888889,1.10250845909035,0.32329049127488974,51,0,0.0,0.0,2.777777777777768,0.14159427308776482,
null,null56,S2_ectopic_10pct,NULL,BOTH,real,mix12,980001,,0.8860948350694444,0.4527777777777778,1.3,108.79440789372491,180.32270431983417,1194.0953933247374,4440.681893856093,0.26889910645858883,21.19152776528214,0.02442474329820061,139,453.68055555555554,1.1750699415529222,0.39004450291251913,51,0,1.0,1.0,2.777777777777768,0.1422594276618657,
null,null56,S2_ectopic_10pct,NULL,BOTH,real,mix12,980002,,0.6625759548611111,0.3611111111111111,1.0277777777777777,97.43466191291333,145.0261756587373,2252.0070897520095,2229.3285416159797,1.0101728155867016,50.253033358819266,0.13836699956490772,146,339.2388888888889,1.0497075662861692,0.25653418372052167,51,0,0.0,0.0,2.777777777777768,0.1417599972509862,
null,null56,E1_bigeminy,NULL,BOTH,clean,none,980000,,0.7620822482638889,0.4166666666666667,1.1833333333333333,234.57687517789194,461.1346881850071,1053.0132189837852,1466.9369538693938,0.7178312716209195,41.78706509071667,0.047737719225404464,163,390.18611111111113,1.1050424988790348,0.34899973056953604,256,0,,,,,
null,null56,E1_bigeminy,NULL,BOTH,clean,none,980001,,0.8860785590277778,0.5055555555555555,1.3583333333333334,268.91694580891976,531.5937339709236,971.9199029623037,1666.5445144223777,0.5831946849011531,36.83657420423723,0.019257894815687522,172,453.6722222222222,1.1952923837935474,0.39953574712791023,255,0,,,,,
null,null56,S2_ectopic_10pct,NULL,BOTH,real,mix12,980003,,0.7223578559027778,0.375,1.0777777777777777,108.69629230909408,173.41165972990262,1499.5540754719832,2853.4020311483064,0.5255319997331436,34.449097090396876,0.2316625414597371,147,369.84722222222223,1.0872244437263456,0.2994136335177256,51,0,0.0,0.0,2.777777777777768,0.1407875465626557,
null,null56,S2_ectopic_10pct,NULL,BOTH,real,mix12,980004,,0.7625542534722223,0.4027777777777778,1.4277777777777778,119.67246175187383,181.73980639204112,3026.6720163782165,4685.123945664615,0.6460174909948649,39.24730414647097,0.5222042960747403,165,390.4277777777778,1.1488183219484518,0.3439070985472742,51,0,1.0,0.0,11.111111111111182,0.14230547284822653,
null,null56,E1_bigeminy,NULL,BOTH,clean,none,980002,,0.6620876736111112,0.325,1.0638888888888889,211.32053214809835,408.13300403677067,2346.4784588962766,1509.3578151918314,1.554620405631286,60.855241044984744,0.12390751636135493,185,338.98888888888894,1.0414543816117061,0.27669754697373383,256,0,,,,,
null,null56,E1_bigeminy,NULL,BOTH,clean,none,980003,,0.7218044704861111,0.38055555555555554,1.1305555555555555,230.77087703331085,450.7605935589985,1499.8436218079266,1164.2235344830342,1.2882780474575464,56.29901702238164,0.08961350502537892,178,369.56388888888887,1.0805108213450858,0.3943653540900695,256,0,,,,,
null,null56,E1_bigeminy,NULL,BOTH,clean,none,980004,,0.7604709201388888,0.3861111111111111,1.1805555555555556,242.08299673330654,469.37755158478154,2659.3337085375047,2100.250210475319,1.2661985201923425,55.873239211402996,0.08861215157751962,197,389.3611111111111,1.0825951886916234,0.2155958660155084,256,0,,,,,
null,null56,E1_bigeminy,NULL,BOTH,real,mix12,980000,,0.7620876736111111,0.4166666666666667,1.1472222222222221,212.08471888563167,412.27549489351287,1060.9767553306247,1968.2279262960767,0.5390517740123885,35.02492788836157,0.029152233872552138,195,390.18888888888887,1.083748760155999,0.2857439719556228,256,0,0.0,0.0,5.555555555555536,0.16759898257372438,
null,null56,E1_bigeminy,NULL,BOTH,real,mix12,980003,,0.7217990451388889,0.38055555555555554,1.0972222222222223,208.969208513115,402.7296384995511,1478.40261099619,1731.0686093173324,0.8540404482172522,46.06374413451727,0.05185123019359644,201,369.56111111111113,1.0663957421215429,0.36073929311384606,256,0,0.0,0.0,5.555555555555536,0.16865845733853937,
null,null56,E1_bigeminy,NULL,BOTH,real,mix12,980004,,0.7604871961805556,0.38055555555555554,1.1833333333333333,219.27318499131118,419.70466002043537,2629.6631872661205,2388.2805668449105,1.1010696246379854,52.40519456025642,0.033245916317027245,213,389.36944444444447,1.0963163756927934,0.2635854975266963,256,0,0.0,0.0,5.555555555555647,0.1677559298735803,
null,null56,E1_bigeminy,NULL,BOTH,real,mix12,980001,,0.8895670572916666,0.5083333333333333,2.6416666666666666,247.30898338637056,472.0116595644175,6365.53047350929,6085.44307035247,1.0460258028739715,51.12476105651554,0.6423847504453174,201,455.4583333333333,1.1971842947085924,0.4066546494046831,255,0,2.0,0.0,56.944444444444464,0.16456483439847464,
null,null56,E1_bigeminy,NULL,BOTH,real,mix12,980002,,0.6638292100694444,0.32222222222222224,1.325,198.92436388317194,375.62734925835724,2937.7755605267316,3024.2505109545655,0.9714061549747283,49.27478553942024,0.20218416238910647,202,339.88055555555553,1.036883476259609,0.26715425033225315,255,0,1.0,0.0,338.8888888888889,0.1683896528767287,
null,null56,E2_trigeminy,NULL,BOTH,clean,none,980000,,0.7624565972222221,0.4083333333333333,1.238888888888889,193.41001969836432,329.23850186328195,996.3897857197807,1870.932833346238,0.5325630979160795,34.749831745279415,0.07461602273687512,195,390.37777777777774,1.600685132789487,0.8041179270084262,170,0,,,,,
null,null56,E2_trigeminy,NULL,BOTH,clean,none,980001,,0.8854329427083333,0.5,1.2833333333333334,222.57848434747325,382.1325269775406,792.2944719957579,33913.23572306573,0.02336239686668669,2.2829055414012935,0.023819390544054714,205,453.34166666666664,1.6543666940139814,0.8137859512064132,171,0,,,,,
null,null56,E2_trigeminy,NULL,BOTH,clean,none,980002,,0.6625325520833334,0.3388888888888889,1.0666666666666667,173.55788180241706,288.5841573576898,2286.140899768279,1268.1794107330547,1.802695171061644,64.32005840930584,0.12622282825372383,209,339.2166666666667,1.5394358705696616,0.7340769678572472,170,0,,,,,
null,null56,E2_trigeminy,NULL,BOTH,clean,none,980003,,0.7223524305555555,0.3861111111111111,1.1055555555555556,188.23307143171994,317.47889772219617,1436.992160074951,2150.5437749982802,0.6681994464753921,40.05512937240078,0.10984670541641703,208,369.84444444444443,1.5591785971130474,0.7576107898414235,170,0,,,,,
null,null56,E3_couplets_5pct,NULL,BOTH,clean,none,980000,,0.7624131944444443,0.425,1.5027777777777778,100.64071247110822,142.78351186470704,1855.038112558741,5734.241955548225,0.323501890387426,24.442873314878906,2.2032830811706665,111,390.3555555555555,1.102853280670297,0.31303362572577964,26,0,,,,,
null,null56,E3_couplets_5pct,NULL,BOTH,clean,none,980001,,0.8860731336805555,0.5111111111111111,1.55,110.40798018709476,160.7313644725596,2342.6751031420117,7264.870209109156,0.3224662018331197,24.38370079977373,1.9811174933640023,97,453.6694444444444,1.173509578612802,0.38391597407704114,26,0,,,,,
null,null56,E2_trigeminy,NULL,BOTH,clean,none,980004,,0.7611165364583333,0.41388888888888886,1.2138888888888888,198.12962513320062,330.9959863763758,2400.2868493029023,3168.5715757281005,0.7575296287101687,43.10195494491386,0.10750409524461592,219,389.69166666666666,1.5672778781242769,0.7494531301101113,170,0,,,,,
null,null56,E2_trigeminy,NULL,BOTH,real,mix12,980000,,0.7624565972222223,0.4083333333333333,1.2444444444444445,177.17454610841307,300.30873477838537,1020.6155997825368,2019.5878650379952,0.5053583542716205,33.570634715488865,0.061238228115196906,203,390.3777777777778,1.599879125765663,0.7906108976467381,170,0,0.0,0.0,2.777777777777768,0.14841561662478653,
null,null56,E2_trigeminy,NULL,BOTH,real,mix12,980001,,0.8856119791666666,0.5083333333333333,1.2805555555555554,197.97777010975165,339.1798554131546,769.3364929786585,25908.712165135723,0.02969412327695402,2.883780979778135,0.004686001910002751,210,453.4333333333333,1.6549986269354626,0.815525479573552,171,0,0.0,0.0,2.777777777777768,0.1477962215141693,
null,null56,E2_trigeminy,NULL,BOTH,real,mix12,980002,,0.6625325520833333,0.3111111111111111,1.0666666666666667,160.25746179626896,264.0104834242914,2336.989237568187,1331.7404983242664,1.7548383040906457,63.700228847729285,0.12900790266227796,200,339.21666666666664,1.5324201561735795,0.7141870338928522,170,0,0.0,0.0,2.777777777777768,0.1489716062334225,
null,null56,E2_trigeminy,NULL,BOTH,real,mix12,980003,,0.7223470052083333,0.38333333333333336,1.1027777777777779,170.5089099661981,286.08812608619706,1456.8085933003733,1857.517576183203,0.784277151387068,43.95489516734459,0.09987129044838232,201,369.84166666666664,1.5502183756782335,0.7619560189571889,170,0,0.0,0.0,2.777777777777768,0.14837273027942716,
null,null56,E2_trigeminy,NULL,BOTH,real,mix12,980004,,0.7611165364583333,0.4083333333333333,1.1555555555555554,176.88578297144625,293.1943136954388,2209.0419195985623,2623.937705783981,0.8418804740406534,45.70766050816344,0.007949252794705795,213,389.69166666666666,1.568008699519381,0.7662471318281642,170,0,0.0,0.0,2.777777777777768,0.14866198372178055,
null,null56,E3_couplets_5pct,NULL,BOTH,clean,none,980002,,0.6625868055555555,0.37777777777777777,1.2638888888888888,95.65525822697633,125.49580345680786,2870.7405768397,3681.1906279617233,0.779840238382121,43.815181922788625,1.7220514313495028,123,339.2444444444444,1.0266908098183956,0.24708207393569276,28,0,,,,,
null,null56,E3_couplets_5pct,NULL,BOTH,clean,none,980003,,0.7215711805555556,0.41944444444444445,1.3333333333333333,91.88096175079457,127.51670294929005,1482.7001096369477,4083.7252800275714,0.36307538043473314,26.636485820684076,2.2528654749143318,106,369.44444444444446,1.0684360389950365,0.279543092336887,26,0,,,,,
null,null56,E3_couplets_5pct,NULL,BOTH,clean,none,980004,,0.7610677083333334,0.425,1.386111111111111,104.41831059548734,136.35157878843967,3038.788532121087,4922.707944868312,0.6173001864327294,38.168559653375496,1.3113419699028965,131,389.6666666666667,1.11910588861151,0.3217314099472314,24,0,,,,,
null,null56,E3_couplets_5pct,NULL,BOTH,real,mix12,980000,,0.7638943142361111,0.4305555555555556,1.3166666666666667,88.5949455705317,127.40273671173618,1547.0519172836698,3843.752581077703,0.40248478138254956,28.69797852535596,1.6898393820838757,102,391.1138888888889,1.0990540349848945,0.32179197361729567,26,0,1.0,0.0,16.666666666666607,0.14090587989204614,
null,null56,E3_couplets_5pct,NULL,BOTH,real,mix12,980001,,0.8860677083333333,0.5083333333333333,1.4583333333333333,92.60825477269901,130.70686526381408,1897.9709015432995,5325.258397316903,0.3564091655157203,26.275933145896282,1.4358242491661501,97,453.66666666666663,1.1702730171703812,0.38540960009756053,26,0,0.0,0.0,2.777777777777768,0.14191375088232078,
null,null56,E3_couplets_5pct,NULL,BOTH,real,mix12,980002,,0.6625813802083333,0.3333333333333333,1.1416666666666666,88.53873129719155,112.38123531179104,2650.219466056139,2945.97125569893,0.8996080531774829,47.35756155974937,1.1924909690387246,117,339.2416666666667,1.0282689086756558,0.2450671815830479,28,0,0.0,0.0,0.0,0.14043481484976075,
null,null56,E3_couplets_5pct,NULL,BOTH,real,mix12,980003,,0.7217610677083334,0.35,1.3777777777777778,89.85555660818758,122.85031540524442,1338.6511395016644,4053.918397242251,0.33021166395759355,24.823994023263992,1.8676866726740677,104,369.5416666666667,1.0658805821236979,0.2846286626952696,26,0,1.0,1.0,2.777777777777768,0.14078682196722994,
null,null56,E3_couplets_5pct,NULL,BOTH,real,mix12,980004,,0.7610677083333334,0.4305555555555556,1.2083333333333333,89.24929948873698,107.05425455522996,2783.534753439166,3474.5818721650944,0.8011135888718257,44.478793221121826,0.6351383290268516,127,389.6666666666667,1.118981137919655,0.3221452658806916,24,0,0.0,0.0,2.777777777777768,0.14212406639398717,
null,null56,E3_couplets_10pct,NULL,BOTH,clean,none,980000,,0.7624023437499999,0.4305555555555556,1.3305555555555555,126.8313317723439,185.51206925530582,1862.2073214159145,7790.170769349932,0.2390457637645998,19.29273080586674,1.6084325985068693,141,390.34999999999997,1.106024802695897,0.3240451726330525,50,0,,,,,
null,null56,E3_couplets_10pct,NULL,BOTH,clean,none,980001,,0.8861273871527777,0.5333333333333333,1.5805555555555555,158.43934599308784,238.4192276330574,4367.163453829769,15854.952453522883,0.2754447524602579,21.59597677037294,1.8966066305248002,128,453.6972222222222,1.1704176709222245,0.3810789561042718,54,0,,,,,
null,null56,E3_couplets_10pct,NULL,BOTH,clean,none,980002,,0.6625759548611111,0.37222222222222223,1.325,123.11782804717595,172.9684888564279,2813.915145560627,6337.335093256348,0.4440218331763703,30.748969508284315,1.5288646556373335,133,339.2388888888889,1.033781147133772,0.24539075497870821,50,0,,,,,
null,null56,E3_couplets_10pct,NULL,BOTH,clean,none,980003,,0.7223307291666666,0.3861111111111111,1.3611111111111112,131.97736904816233,187.579358351971,2146.9816706931115,8770.909801185873,0.24478437463840164,19.66480136043716,1.5512116330320096,134,369.8333333333333,1.0682684389428436,0.2866075501686273,54,0,,,,,
null,null56,E3_couplets_10pct,NULL,BOTH,clean,none,980004,,0.7610460069444445,0.3972222222222222,1.461111111111111,142.68299548922064,202.6915659069389,4110.32139153343,11280.538052750559,0.36437281380662523,26.70624994278641,1.71496226407774,155,389.65555555555557,1.1043769115344033,0.3145285480964821,50,0,,,,,
null,null56,E3_couplets_10pct,NULL,BOTH,real,mix12,980000,,0.7638726128472223,0.42777777777777776,1.5944444444444446,113.35184756978191,162.04708031704573,1633.6227667295052,6466.488207072264,0.2526290490938877,20.1679059955245,1.8245673907158575,131,391.1027777777778,1.10882249401797,0.3186122357400513,50,0,1.0,0.0,16.666666666666607,0.14102446618415856,
null,null56,E4_runs,NULL,BOTH,clean,none,980000,,0.7624240451388888,0.4111111111111111,2.263888888888889,82.91895390020379,112.7465795962328,1933.3582132661156,2582.0235465174255,0.7487763680055455,42.81715956966609,11.253553103007626,86,390.3611111111111,1.1026532830914073,0.3148479286198256,5,0,,,,,
null,null56,E4_runs,NULL,BOTH,clean,none,980001,,0.8861002604166668,0.45555555555555555,3.236111111111111,117.52857724388232,165.52382326489257,24296.393803561423,15984.044105813195,1.5200404630218163,60.31809748003467,15.242755048248894,71,453.6833333333334,1.1669523221260434,0.37984789896905247,6,0,,,,,
null,null56,E3_couplets_10pct,NULL,BOTH,real,mix12,980001,,0.8861219618055556,0.5361111111111111,1.4972222222222222,130.99276513726096,193.15420874504076,3243.2836724863546,10817.389489045203,0.29982129013389375,23.066347074758973,1.7951671627834966,125,453.69444444444446,1.1703214026307358,0.3812052976818432,54,0,0.0,0.0,2.777777777777768,0.1416802304001373,
null,null56,E3_couplets_10pct,NULL,BOTH,real,mix12,980002,,0.6625759548611111,0.3333333333333333,1.2055555555555555,109.87087889777462,149.45991088242312,2660.093792604328,4943.144670543259,0.5381379607309732,34.986325964885005,1.280877188698567,146,339.2388888888889,1.0337196824515382,0.24645308772292568,50,0,0.0,0.0,0.0,0.1410135991616222,
null,null56,E3_couplets_10pct,NULL,BOTH,real,mix12,980003,,0.7223361545138889,0.3861111111111111,1.261111111111111,109.70215470633971,150.29265259319186,1768.9462843771616,6004.450617342049,0.2946058510778809,22.756412759342457,1.0787540499591433,133,369.8361111111111,1.0703565979785405,0.2782829247614383,54,0,0.0,0.0,2.777777777777768,0.14064157392372492,
null,null56,E3_couplets_10pct,NULL,BOTH,real,mix12,980004,,0.7610460069444445,0.4083333333333333,1.35,121.95146572204638,165.4583564235177,3492.8559335791483,8156.075367324451,0.4282520423453318,29.984346575279485,1.3342680406160978,149,389.65555555555557,1.0965095502681614,0.31111118796168513,50,0,0.0,0.0,2.777777777777768,0.14231098162988579,
null,null56,E4_runs,NULL,BOTH,clean,none,980002,,0.6625651041666666,0.48055555555555557,1.4222222222222223,66.14934352130146,65.25721618497089,2192.2294101255916,1027.5144079324298,2.1335266865374742,68.08707568069276,2.8438875430911583,98,339.2333333333333,1.0285700758753809,0.23794314027576302,5,0,,,,,
null,null56,E4_runs,NULL,BOTH,clean,none,980003,,0.7223524305555556,0.4083333333333333,1.8916666666666666,82.48635267891677,105.40388331812194,2281.5401958599327,4741.699490996933,0.481165075980014,32.48558069475482,6.181921827024777,86,369.8444444444445,1.0692801635309612,0.29535258218058336,9,0,,,,,
null,null56,E4_runs,NULL,BOTH,clean,none,980004,,0.761056857638889,0.41388888888888886,2.5416666666666665,113.96502028838357,146.9261773384906,13494.20975010344,12340.825945733613,1.093460827455278,52.23220865252313,8.30779122581002,110,389.66111111111115,1.094204397515101,0.3161347093486781,9,0,,,,,
null,null56,E4_runs,NULL,BOTH,real,mix12,980000,,0.7624294704861112,0.4722222222222222,2.102777777777778,76.76747199260058,98.65514407564521,1663.7315618439377,2061.4668034136976,0.8070620196691366,44.661556210279116,10.047231077644925,84,390.36388888888894,1.099349285992366,0.3202588832326301,5,0,0.0,0.0,2.777777777777768,0.14075270394916237,
null,null56,E4_runs,NULL,BOTH,real,mix12,980001,,0.8861002604166666,0.44166666666666665,3.013888888888889,108.19965103008532,145.4628677499345,18018.408124714213,11165.7527839929,1.6137208545889716,61.74036725290399,14.422379446487723,71,453.6833333333333,1.172361048544737,0.37915786304341603,6,0,0.0,0.0,2.777777777777768,0.14169530913755196,
null,null56,E4_runs,NULL,BOTH,real,mix12,980002,,0.6612196180555556,0.32222222222222224,1.2472222222222222,65.24624952229527,58.127308858889464,2235.3303265825916,1111.7297519021374,2.010677795352698,66.78488805598504,0.9386829851942708,103,338.5444444444445,1.029947011807826,0.24115660930698163,5,0,0.0,1.0,0.0,0.14037304049879992,
null,null56,E5_atrial_5pct,NULL,BOTH,clean,none,980000,,0.7525987413194444,0.4027777777777778,0.9,67.87171843932889,89.1926141173414,1155.6341739707284,1762.884610088999,0.6555359138976127,39.59659880493263,-1.9815759496901373,99,385.3305555555555,1.1114070415409363,0.3180896405549507,0,26,,,,,
null,null56,E5_atrial_5pct,NULL,BOTH,clean,none,980001,,0.8749565972222222,0.5083333333333333,0.9972222222222222,68.53446797309475,96.1528332936174,1025.070338298583,2016.185072663591,0.5084207557118544,33.70549986047628,-2.616284454085705,87,447.97777777777776,1.187755843412483,0.39425700630364346,0,25,,,,,
null,null56,E4_runs,NULL,BOTH,real,mix12,980003,,0.7223578559027778,0.3388888888888889,1.6777777777777778,75.05180288568137,89.21842793320835,1836.9740723260236,3344.87704948559,0.5491903125732327,35.4501514833912,4.245274294213399,86,369.84722222222223,1.071953060529975,0.2937053540847478,9,0,0.0,0.0,2.777777777777768,0.1404955288357815,
null,null56,E4_runs,NULL,BOTH,real,mix12,980004,,0.7610568576388889,0.3111111111111111,2.2222222222222223,111.79095969275326,136.2584680106602,10697.218053464874,9445.336908494513,1.1325395967447707,53.10755300738815,5.624097208149191,111,389.6611111111111,1.0984125450074318,0.31542800206510974,9,0,1.0,1.0,2.777777777777768,0.14116331644145216,
null,null56,E5_atrial_5pct,NULL,BOTH,clean,none,980002,,0.6544162326388889,0.3888888888888889,0.8444444444444444,70.56594595600167,77.90464290711422,2148.8480260406245,1556.5493297570908,1.380520350341846,57.992377596923355,-0.884797312413135,113,335.06111111111113,1.0536462136174123,0.2649325143197951,0,25,,,,,
null,null56,E5_atrial_5pct,NULL,BOTH,clean,none,980003,,0.7127604166666667,0.4027777777777778,0.85,67.56407258469837,82.00534607455963,1656.7362444106845,1133.2564059440892,1.4619253292731194,59.381383825509886,-1.5371440919673571,101,364.93333333333334,1.0916016641582855,0.30434892301622735,0,27,,,,,
null,null56,E5_atrial_5pct,NULL,BOTH,clean,none,980004,,0.7502604166666667,0.45,0.9111111111111111,79.1366916622072,93.47215780642647,2689.7083025736406,1763.0979277445215,1.525558087414069,60.40479112385395,-1.0573242835919532,120,384.1333333333333,1.1095248094282444,0.32082360108266345,0,27,,,,,
null,null56,E5_atrial_5pct,NULL,BOTH,real,mix12,980000,,0.7525933159722222,0.4027777777777778,0.9055555555555556,67.94274813876436,89.2602220137265,1157.5758771256517,1775.6276654008093,0.651924893761077,39.46456017602498,-1.9829232481553773,102,385.3277777777778,1.1165147338497685,0.3165731628613599,0,26,0.0,0.0,0.0,0.14261001231112533,
null,null56,E5_atrial_10pct,NULL,BOTH,clean,none,980000,,0.7440863715277777,0.39166666666666666,0.9611111111111111,84.23261712634603,120.9025595662323,1029.8031648126569,2391.906935292427,0.4305364684628737,30.096154691218015,-1.6927836475039173,115,380.9722222222222,1.1280468622966842,0.33397282273455825,0,51,,,,,
null,null56,E5_atrial_10pct,NULL,BOTH,clean,none,980001,,0.8644042968750001,0.5222222222222223,1.0055555555555555,89.36271004650384,134.34781128238134,1024.2579316058386,2885.6340838205406,0.3549507324399686,26.196578513285154,-1.9964051097892708,108,442.57500000000005,1.1998724353228591,0.3968009821691577,0,50,,,,,
null,null56,E5_atrial_5pct,NULL,BOTH,real,mix12,980001,,0.8749674479166667,0.5083333333333333,0.9972222222222222,67.84802679720431,94.40654497105584,1025.7440866175982,2000.2188469247612,0.5128159292142606,33.8981048064857,-2.5413348128663404,87,447.98333333333335,1.1879200791001328,0.39803799796809586,0,25,0.0,0.0,2.777777777777768,0.14281374563148697,
null,null56,E5_atrial_5pct,NULL,BOTH,real,mix12,980002,,0.6544162326388889,0.3888888888888889,0.8444444444444444,70.55353386015311,77.91510877735463,2148.68648814251,1547.9604000502666,1.388075875889807,58.125283618662415,-0.8878858884090365,113,335.06111111111113,1.04979414099495,0.2649840100610013,0,25,0.0,0.0,0.0,0.1416554089998633,
null,null56,E5_atrial_5pct,NULL,BOTH,real,mix12,980003,,0.7127658420138889,0.4027777777777778,0.85,67.43340684856146,81.78399551648347,1656.3436326657381,1124.4379305587386,1.4730414082017786,59.563960527166046,-1.535689299615765,102,364.93611111111113,1.091358313053381,0.2997613234572971,0,27,0.0,0.0,0.0,0.14227789795659554,
null,null56,E5_atrial_5pct,NULL,BOTH,real,mix12,980004,,0.7502604166666667,0.45,0.9138888888888889,79.11837198943037,93.43596486025223,2687.2486611082822,1763.174708491975,1.5240966468981727,60.38186567741429,-1.0579170043726103,120,384.1333333333333,1.1083497800705704,0.3242842676423179,0,27,0.0,0.0,0.0,0.1428536607739549,
null,null56,E5_atrial_10pct,NULL,BOTH,clean,none,980002,,0.6467230902777779,0.36666666666666664,0.8527777777777777,83.76234686484892,106.35149835424846,2306.3382685122165,1973.9389298230278,1.168393932389281,53.88291836354046,-0.9726642562674269,130,331.12222222222226,1.069594403909691,0.28121055058179256,0,51,,,,,
null,null56,E5_atrial_10pct,NULL,BOTH,clean,none,980003,,0.70322265625,0.4083333333333333,0.8555555555555555,84.1050075285189,117.18162322286159,1531.1830049310993,1947.9870436901333,0.7860334645914949,44.01000766081827,-1.4365982000358215,115,360.05,1.1101848814922617,0.3244339161329759,0,49,,,,,
null,null56,E5_atrial_10pct,NULL,BOTH,clean,none,980004,,0.7442220052083334,0.39444444444444443,0.9472222222222222,90.34816420783172,117.4518510080249,2465.5319709733267,3029.7065838820768,0.8137857256837552,44.866695892480735,-0.9240460501226648,130,381.0416666666667,1.1221488523569014,0.34920788777818845,0,50,,,,,
null,null56,E5_atrial_10pct,NULL,BOTH,real,mix12,980000,,0.7455620659722222,0.39444444444444443,1.5305555555555554,90.92521012033839,129.87102700705503,1950.3566818313802,3204.7455222372337,0.608583947866736,37.8335211335302,-0.12153580233891534,117,381.72777777777776,1.1316897915278825,0.3388785546933599,0,51,1.0,0.0,8.333333333333304,0.14350526622088863,
null,null56,E5_atrial_10pct,NULL,BOTH,real,mix12,980003,,0.7032280815972223,0.4083333333333333,0.8527777777777777,84.01920625542152,117.05011329861073,1528.9466300519248,1943.3523925805796,0.7867572736109044,44.032689007663926,-1.438296634879154,114,360.0527777777778,1.1071431036647805,0.31351817354962835,0,49,0.0,0.0,0.0,0.14338225138115301,
null,null56,E5_atrial_10pct,NULL,BOTH,real,mix12,980004,,0.7442274305555556,0.39444444444444443,0.9444444444444444,90.06218297958901,116.84733730107189,2455.2692080947945,3012.0420903620384,0.8151510285832954,44.90816553262301,-0.9128403406896358,136,381.0444444444445,1.1240542942764655,0.3466281984231473,0,50,0.0,0.0,0.0,0.14328735793952108,
null,null56,E5_atrial_10pct,NULL,BOTH,real,mix12,980001,,0.8644151475694444,0.5222222222222223,1.0083333333333333,89.35267670091558,134.28468716724745,1029.0412710394494,2884.684828865669,0.3567257194762918,26.29313459274518,-1.9815044602611078,109,442.5805555555555,1.2015551540762865,0.4031379513533317,0,50,0.0,0.0,0.0,0.1441597298364605,
null,null56,E5_atrial_10pct,NULL,BOTH,real,mix12,980002,,0.646728515625,0.2388888888888889,1.2638888888888888,89.78410323559756,117.28781930704665,2587.528034163955,2695.629334960214,0.959897564774849,48.97692522441198,-0.32288637616136984,132,331.125,1.0600639178684044,0.28075933030368455,0,51,1.0,1.0,2.777777777777768,0.14292479239834965,
null,null56,E6_ectopic10_trend,NULL,BOTH,clean,none,980000,,0.7640136718750001,0.44722222222222224,1.2027777777777777,111.36020450523897,180.58812658868572,1069.4079672288956,3435.390125663642,0.3112915645999039,23.739309624468145,0.2612691162074524,153,391.17500000000007,1.1392746435538883,0.3443222761998458,51,0,,,,,
null,null56,E6_ectopic10_trend,NULL,BOTH,clean,none,980001,,0.8838758680555556,0.5166666666666667,1.35,124.43577018435448,205.35498815562576,1192.8870471146047,5497.92269009268,0.21697050219789393,17.82873962894229,0.11565841733166292,151,452.5444444444445,1.1271519056691717,0.359696123154885,51,0,,,,,
null,null56,E6_ectopic10_trend,NULL,BOTH,clean,none,980002,,0.6612630208333333,0.35555555555555557,1.0222222222222221,104.919524707965,158.93824016092205,2165.982593853545,2323.089144112938,0.9323717083102365,48.25012208057783,0.10404254691087593,151,338.56666666666666,1.023951574355947,0.25563528714731265,51,0,,,,,
null,null56,E6_ectopic10_trend,NULL,BOTH,clean,none,980003,,0.7208224826388889,0.38055555555555554,1.0888888888888888,113.89319728561098,181.42992494535216,1505.4602848020363,3069.8785004885576,0.4903973510881453,32.90379916000951,0.2602412988099533,149,369.06111111111113,1.0548641091505302,0.27397450028386316,51,0,,,,,
null,null56,E6_ectopic10_trend,NULL,BOTH,clean,none,980004,,0.7593315972222221,0.4111111111111111,1.1833333333333333,124.07541869043008,191.61533325958086,2550.646186331191,4372.544745061919,0.5833322092842465,36.84206042571096,0.21001218024968793,167,388.7777777777777,1.1115763110814951,0.31755310532079206,51,0,,,,,
null,null56,E6_ectopic10_trend,NULL,BOTH,real,mix12,980000,,0.7640136718749999,0.4666666666666667,1.2138888888888888,104.93431119084649,168.60160059193336,1041.4443029437066,3091.079738292257,0.3369192615907987,25.201167435488877,0.23464447011666628,149,391.17499999999995,1.1396233172802037,0.3451752698513312,51,0,0.0,0.0,2.777777777777768,0.14342862562228237,
null,null56,E6_ectopic10_trend,NULL,BOTH,real,mix12,980001,,0.8820529513888888,0.28055555555555556,1.2416666666666667,118.4941884439913,190.3294421839526,1201.556766374032,4950.658373859941,0.24270645955261083,19.530473804730043,-0.22606948829688936,149,451.6111111111111,1.127188299597409,0.35828570524478387,51,0,0.0,1.0,25.00000000000002,0.13982550220482726,
null,null56,E6_ectopic10_trend,NULL,BOTH,real,mix12,980002,,0.6612575954861111,0.35555555555555557,1.0166666666666666,96.79795728224418,142.62378714459604,2120.428000401021,2157.889877025844,0.9826395790518953,49.562189186286524,0.10707188921708076,147,338.56388888888887,1.0238997545243813,0.24878837692936606,51,0,0.0,0.0,2.777777777777768,0.13965529579005614,
null,null56,E6_ectopic10_trend,NULL,BOTH,real,mix12,980003,,0.7208224826388889,0.425,1.0777777777777777,107.60714902752952,169.15819072372082,1524.9144755088714,2841.2531775666394,0.536704890485989,34.92569678204473,0.2701269377026395,147,369.06111111111113,1.0503239616458906,0.27726005224285355,51,0,0.0,0.0,0.0,0.1393259411684838,
null,null56,E6_ectopic10_trend,NULL,BOTH,real,mix12,980004,,0.759326171875,0.425,1.1444444444444444,113.21966412912124,169.91507115432103,2475.7900122378255,3695.27038346192,0.6699888655829233,40.11936123592405,0.14789540423239908,157,388.775,1.1045654853503621,0.3121855389401872,51,0,0.0,0.0,0.0,0.14071170210298808,
model,mackey_glass,mackey_glass:tau=16.5,CHAOTIC,DEV,clean,none,980000,,0.8000705295138888,0.7333333333333333,0.875,50.03089541020289,77.5621759348856,0.871901265035105,2066.9970945102746,0.0004218202663906894,0.04216424090773708,-0.05391240829987607,19,409.63611111111106,1.1610323028590053,0.39082989042278327,0,0,,,,,
model,mackey_glass,mackey_glass:tau=16.5,CHAOTIC,DEV,clean,none,980001,,0.8000271267361111,0.7361111111111112,0.875,50.00437140718342,77.42090337489228,0.8418807863175283,2054.6741448261423,0.00040973931970549255,0.0409571502156828,-0.0480514897848117,18,409.6138888888889,1.1601748267330003,0.38978970851402805,0,0,,,,,
model,mackey_glass,mackey_glass:tau=16.5,CHAOTIC,DEV,clean,none,980002,,0.8000162760416667,0.7333333333333333,0.875,50.090665547981956,77.578138154438,0.8024083662812401,2072.397966459735,0.00038718835825340514,0.03870385014514473,-0.049338087150017446,18,409.60833333333335,1.162520807412177,0.39082260117194917,0,0,,,,,
model,mackey_glass,mackey_glass:tau=16.5,CHAOTIC,DEV,clean,none,980003,,0.8000813802083333,0.7333333333333333,0.875,50.047777502110876,77.50131416733356,0.8981217529309158,2067.753127109271,0.00043434670278385423,0.04341581276326303,-0.04790179073731081,17,409.64166666666665,1.1598837553297736,0.3882088615284088,0,0,,,,,
model,mackey_glass,mackey_glass:tau=16.5,CHAOTIC,DEV,clean,none,980004,,0.8000759548611112,0.7361111111111112,0.875,50.040393613782996,77.48221807020363,0.7912024041145509,2063.224005126096,0.0003834786732554499,0.03833316737337896,-0.04976153008296267,16,409.6388888888889,1.1601572599160699,0.3893567099872595,0,0,,,,,
model,mackey_glass,mackey_glass:tau=16.5,CHAOTIC,DEV,ect,none,980000,,0.8000705295138889,0.45,1.5027777777777778,148.6908977741788,229.58206732235823,1674.710655843026,14273.51815666105,0.11732991386300129,10.500919415765987,1.580928203834661,87,409.6361111111111,1.1624576556129549,0.3916291049664738,52,0,,,,,
model,mackey_glass,mackey_glass:tau=16.5,CHAOTIC,DEV,ect,none,980001,,0.8000271267361111,0.475,1.4583333333333333,137.08763212081337,209.00901518336264,966.2065356834352,10630.129972480172,0.09089320057090557,8.33199808407805,1.4906176974778158,80,409.6138888888889,1.162180332199706,0.387039597698837,52,0,,,,,
model,mackey_glass,mackey_glass:tau=16.5,CHAOTIC,DEV,ect,none,980002,,0.8000162760416667,0.4444444444444444,1.3972222222222221,140.75679047470658,213.83399272368862,1253.6893262755602,14049.206117027283,0.08923559920984578,8.192497497747883,1.519410513333893,80,409.60833333333335,1.163979867144484,0.39335422708986134,50,0,,,,,
model,mackey_glass,mackey_glass:tau=16.5,CHAOTIC,DEV,ect,none,980003,,0.8000813802083333,0.45,1.4805555555555556,138.58395316954483,211.30246331816534,1716.1562229082283,11899.062120320074,0.14422617560568424,12.604691159887127,1.6274949226917979,78,409.64166666666665,1.1613785563623908,0.3885107545770834,52,0,,,,,
model,mackey_glass,mackey_glass:tau=16.5,CHAOTIC,DEV,ect,none,980004,,0.8000759548611112,0.45,1.5,146.57116527595963,221.82847945280744,1705.8739143036591,12866.76715388854,0.132579838735025,11.706003780104634,1.5193688487328507,81,409.6388888888889,1.1583868586672275,0.38565276216622923,54,0,,,,,
model,mackey_glass,mackey_glass:tau=16.5,CHAOTIC,DEV,real,mix12,980000,,0.8000705295138889,0.46111111111111114,1.386111111111111,124.03043013610836,188.8330820697483,1047.521250025421,10302.936439632067,0.10167210640996924,9.228889959035927,1.3395867947113496,91,409.6361111111111,1.1599262973085023,0.38678681842759133,52,0,0.0,0.0,2.777777777777768,0.14232468961529934,
model,mackey_glass,mackey_glass:tau=16.5,CHAOTIC,DEV,real,mix12,980001,,0.7985622829861112,0.3888888888888889,1.3555555555555556,120.42764745956362,180.5708174257959,732.6240385042029,7997.633145005175,0.09160510681360201,8.391780712807176,0.9800971775541932,97,408.86388888888894,1.1604141460714636,0.39065132210667153,52,0,0.0,1.0,25.00000000000002,0.14186073330426133,
model,mackey_glass,mackey_glass:tau=16.5,CHAOTIC,DEV,real,mix12,980004,,0.800075954861111,0.4527777777777778,1.386111111111111,120.51499551085945,180.64656411438278,1049.8212188089774,9179.931116383657,0.11436046801433343,10.262430451980325,1.2665070847376791,97,409.63888888888886,1.158669238646366,0.38703861431909803,54,0,0.0,0.0,2.777777777777768,0.14189691309738953,
model,mackey_glass,mackey_glass:tau=17.0,CHAOTIC,DEV,clean,none,980000,,0.8000868055555556,0.7333333333333333,0.8777777777777778,50.087126018524295,78.23682985800136,53.825786139274626,1874.1001597908366,0.02872086951066798,2.7919011232201054,-0.08245964166884535,27,409.64444444444445,1.1604608613375,0.3950290504628745,0,0,,,,,
model,mackey_glass,mackey_glass:tau=17.0,CHAOTIC,DEV,clean,none,980001,,0.8001085069444445,0.7333333333333333,0.8777777777777778,50.02222494593972,78.37624642068423,53.08787141639225,1862.0936212332676,0.028509775669191145,2.7719498971841565,-0.08705563323225872,27,409.65555555555557,1.1618785929744797,0.39784113632207474,0,0,,,,,
model,mackey_glass,mackey_glass:tau=17.0,CHAOTIC,DEV,clean,none,980002,,0.7998752170138889,0.7333333333333333,0.8777777777777778,50.01599832189929,78.61266793283234,53.45997697547081,1849.942940450679,0.028898176158042476,2.808652676006261,-0.09011322560675392,26,409.5361111111111,1.1570186969089007,0.3876519292084566,0,0,,,,,
model,mackey_glass,mackey_glass:tau=16.5,CHAOTIC,DEV,real,mix12,980002,,0.7984049479166666,0.3277777777777778,1.2972222222222223,118.60207138730958,175.5377226224952,864.6655192146775,9811.689158016885,0.08812606119999032,8.098883423746372,0.9094373486953233,89,408.7833333333333,1.1645350608783627,0.3923898680919524,50,0,0.0,1.0,2.777777777777768,0.14217413400651507,
model,mackey_glass,mackey_glass:tau=16.5,CHAOTIC,DEV,real,mix12,980003,,0.7986111111111112,0.25,1.3777777777777778,118.2355246682072,178.44891426753367,1028.4276239256571,8630.7933670538,0.11915794761712853,10.647107306956574,1.05089578608656,102,408.8888888888889,1.1611038089893493,0.3909109260988543,52,0,0.0,1.0,44.44444444444451,0.141716044908488,
model,mackey_glass,mackey_glass:tau=17.0,CHAOTIC,DEV,ect,none,980000,,0.8000868055555556,0.4444444444444444,1.4694444444444446,141.9730144232714,215.99648387555834,1796.1029769409333,12045.286987585147,0.14911251004580822,12.97631944150221,1.4642981745594357,83,409.64444444444445,1.1620035290095885,0.39333532229661694,50,0,,,,,
model,mackey_glass,mackey_glass:tau=17.0,CHAOTIC,DEV,ect,none,980001,,0.8001085069444445,0.45555555555555555,1.4638888888888888,137.11859489225205,210.2585539073113,1723.402938345656,11302.257491386554,0.15248307160397476,13.230829620061627,1.6262277740157758,88,409.65555555555557,1.1598485878515175,0.3915427165722722,52,0,,,,,
model,mackey_glass,mackey_glass:tau=17.0,CHAOTIC,DEV,clean,none,980003,,0.8000379774305555,0.7333333333333333,0.8777777777777778,49.99953254970947,77.99104114016949,41.595641246275946,1904.7442469970233,0.021837914098890018,2.137121141971702,-0.07589912210161397,27,409.6194444444444,1.1609952297319865,0.3899153537748865,0,0,,,,,
model,mackey_glass,mackey_glass:tau=17.0,CHAOTIC,DEV,clean,none,980004,,0.800048828125,0.7333333333333333,0.8777777777777778,50.00707256471709,78.00710917400042,52.28408383929654,1868.9790107103847,0.027974676836752574,2.7213391017408393,-0.08082930180093874,26,409.625,1.1621169068099944,0.3956701931140647,0,0,,,,,
model,mackey_glass,mackey_glass:tau=17.0,CHAOTIC,DEV,ect,none,980002,,0.7998752170138889,0.44722222222222224,1.4638888888888888,144.02264414906534,221.52181560342763,1779.0876715564516,12266.413893357523,0.14503730976498833,12.666601212737453,1.5947288782919697,89,409.5361111111111,1.1549255652590154,0.3836344739128974,50,0,,,,,
model,mackey_glass,mackey_glass:tau=17.0,CHAOTIC,DEV,ect,none,980003,,0.8000379774305555,0.4444444444444444,1.5,143.0220467902635,218.76786245352096,1564.0273787296996,12326.882898492286,0.12687938967287485,11.259358440277007,1.592888636530717,87,409.6194444444444,1.1614118948235221,0.39120390528174764,52,0,,,,,
model,mackey_glass,mackey_glass:tau=17.0,CHAOTIC,DEV,ect,none,980004,,0.800048828125,0.4527777777777778,1.4666666666666666,154.38547261435696,239.8894130472122,1375.0040749994814,14625.544965038865,0.09401386945145039,8.593480583439943,1.654128940557272,81,409.625,1.1607401450149404,0.39291308838995337,52,0,,,,,
model,mackey_glass,mackey_glass:tau=17.0,CHAOTIC,DEV,real,mix12,980000,,0.8000813802083333,0.37777777777777777,1.3611111111111112,120.43020020632919,183.290870239729,1110.7056821216297,8833.484350644332,0.1257381162440858,11.169393167888693,1.1652882371459188,93,409.64166666666665,1.1632542747589727,0.39575946686704905,50,0,0.0,0.0,2.777777777777768,0.14198771551985193,
model,mackey_glass,mackey_glass:tau=18.0,CHAOTIC,DEV,clean,none,980000,,0.7999348958333334,0.7305555555555555,0.8861111111111111,50.033468110481515,79.81794852577839,92.08772400599027,1238.3315829453086,0.07436435061033032,6.921706827677691,-0.02713212844550441,36,409.5666666666667,1.1689668363836527,0.38999659231822675,0,0,,,,,
model,mackey_glass,mackey_glass:tau=18.0,CHAOTIC,DEV,clean,none,980001,,0.7995496961805556,0.7305555555555555,0.8833333333333333,50.022576038295824,78.85096583660358,71.08569509125407,1385.4436088395194,0.05130897759945433,4.880485061262637,-0.026925279460226183,33,409.36944444444447,1.170692685668227,0.3926535029965428,0,0,,,,,
model,mackey_glass,mackey_glass:tau=17.0,CHAOTIC,DEV,real,mix12,980001,,0.8001085069444445,0.26944444444444443,1.3527777777777779,116.49072058901443,170.9663632253355,1445.5803161876447,8384.9883520134,0.17240099276232534,14.704951106884238,1.0447318431219719,99,409.65555555555557,1.159639854139357,0.39256570411944947,51,0,1.0,1.0,2.777777777777768,0.1419574460880228,
model,mackey_glass,mackey_glass:tau=17.0,CHAOTIC,DEV,real,mix12,980002,,0.7998697916666666,0.3638888888888889,1.3916666666666666,117.70798155856666,180.36515459693484,1078.4014117818783,8698.657223477623,0.12397331956836734,11.029916583427092,1.2812520999799382,92,409.5333333333333,1.1565222416571321,0.38559180040751945,50,0,0.0,0.0,2.777777777777768,0.14159283148230778,
model,mackey_glass,mackey_glass:tau=17.0,CHAOTIC,DEV,real,mix12,980003,,0.8000434027777777,0.44722222222222224,1.3916666666666666,120.51613930981479,181.44777629715216,1026.8194118446781,9267.713001718013,0.11079533987018483,9.974415258451943,1.322814874107333,96,409.6222222222222,1.1614821001796405,0.38957557846208546,52,0,0.0,0.0,2.777777777777768,0.14164690985805253,
model,mackey_glass,mackey_glass:tau=17.0,CHAOTIC,DEV,real,mix12,980004,,0.800048828125,0.46111111111111114,1.3944444444444444,127.90751575787499,196.19994667840982,912.3873105983848,10649.141349764555,0.0856770776752397,7.8915802347692585,1.4331742988354876,99,409.625,1.1632551609501474,0.3907432198520876,52,0,0.0,0.0,2.777777777777768,0.14181741588127705,
model,mackey_glass,mackey_glass:tau=18.0,CHAOTIC,DEV,clean,none,980002,,0.7997233072916667,0.7277777777777777,0.8861111111111111,49.890544821081264,78.0513275762567,71.1995822852924,1403.871021902645,0.05071661226313845,4.826859275965947,-0.02303782846072121,33,409.45833333333337,1.1652829706826275,0.3721843926441498,0,0,,,,,
model,mackey_glass,mackey_glass:tau=18.0,CHAOTIC,DEV,clean,none,980003,,0.7998046875,0.7305555555555555,0.8861111111111111,50.131719415986986,79.98009963037573,97.26508997855412,1187.9542922051244,0.08187612151138163,7.567975656676905,-0.025530226327272316,36,409.5,1.165126386131265,0.38061566698163496,0,0,,,,,
model,mackey_glass,mackey_glass:tau=18.0,CHAOTIC,DEV,ect,none,980001,,0.7995496961805556,0.44722222222222224,1.4972222222222222,136.57241658196028,210.03900589300306,1322.347102321096,12175.526536262478,0.10860697468669941,9.796706783068235,1.6312508006224429,94,409.36944444444447,1.169814230069251,0.37944699112706576,50,0,,,,,
model,mackey_glass,mackey_glass:tau=18.0,CHAOTIC,DEV,ect,none,980002,,0.7997233072916667,0.44722222222222224,1.4472222222222222,134.94497816612193,204.46381062733067,1306.898491923288,11231.758053925127,0.11635742914410184,10.422954701283416,1.376442351139916,90,409.45833333333337,1.17411676763653,0.389355991544313,50,0,,,,,
model,mackey_glass,mackey_glass:tau=18.0,CHAOTIC,DEV,clean,none,980004,,0.8001085069444445,0.7305555555555555,0.8861111111111111,49.89164934261061,80.45370742506717,95.20568973299856,1178.0185942609266,0.08081849488354584,7.477527009958664,-0.02879451153780495,34,409.65555555555557,1.1737650995213347,0.3880688063649846,0,0,,,,,
model,mackey_glass,mackey_glass:tau=18.0,CHAOTIC,DEV,ect,none,980000,,0.7999348958333334,0.4444444444444444,1.4805555555555556,133.67647410768572,204.77220228425614,1569.3033310239834,11298.681278114602,0.1388926098892358,12.195408828119795,1.6046945678367803,89,409.5666666666667,1.1736691337449647,0.39056083486512905,48,0,,,,,
model,mackey_glass,mackey_glass:tau=18.0,CHAOTIC,DEV,ect,none,980003,,0.7998046875,0.4444444444444444,1.4722222222222223,139.97603811415163,214.88839470463384,1406.9139149809052,11074.927956888107,0.1270359428483567,11.271685136083494,1.5631525545301583,96,409.5,1.1695614251949615,0.39195824101634064,52,0,,,,,
model,mackey_glass,mackey_glass:tau=18.0,CHAOTIC,DEV,ect,none,980004,,0.8001085069444445,0.4444444444444444,1.4666666666666666,142.96514583306316,219.81851905517547,1453.5321412517903,12294.41275222832,0.11822704919259708,10.572723068893886,1.6979639377479367,96,409.65555555555557,1.177363638787292,0.400285116821123,52,0,,,,,
model,mackey_glass,mackey_glass:tau=18.0,CHAOTIC,DEV,real,mix12,980000,,0.79677734375,0.2972222222222222,1.2833333333333334,114.299681504169,171.20294367639133,976.0861726505517,7774.409205367877,0.1255511701103421,11.154639028808777,0.5937011495305529,107,407.95,1.1741702776013927,0.39544597768302386,48,0,0.0,2.0,88.8888888888889,0.14211908658285194,
model,mackey_glass,mackey_glass:tau=18.0,CHAOTIC,DEV,real,mix12,980001,,0.7995442708333333,0.4305555555555556,1.3888888888888888,114.5280893828358,174.09533472136076,787.1617153536723,8413.12899535503,0.09356349056198615,8.555835245917322,1.2647979720929552,104,409.3666666666667,1.1743910373073125,0.3950878937947605,50,0,0.0,0.0,2.777777777777768,0.1423259244929771,
model,mackey_glass,mackey_glass:tau=18.0,CHAOTIC,DEV,real,mix12,980002,,0.7997233072916667,0.4583333333333333,1.3388888888888888,112.29352372376435,167.60674752627617,799.7311307569314,7453.475652021214,0.10729640346246551,9.689944185400995,0.9365326088808409,98,409.45833333333337,1.173684763601465,0.3876175697143979,50,0,0.0,0.0,2.777777777777768,0.14241814391088797,
model,mackey_glass,mackey_glass:tau=18.0,CHAOTIC,DEV,real,mix12,980003,,0.7997992621527779,0.45,1.3666666666666667,115.52106379891575,175.55587207977607,853.5050202557636,7329.2739245833845,0.11645151061867007,10.430503206909512,1.1955849266670509,96,409.49722222222226,1.1631765335203434,0.38722880588541075,52,0,0.0,0.0,2.777777777777768,0.14228516742313788,
model,mackey_glass,mackey_glass:tau=18.0,CHAOTIC,DEV,real,mix12,980004,,0.8001085069444445,0.44722222222222224,1.386111111111111,118.45824728936073,179.5941756107767,967.6347377735663,8784.011979420042,0.11015863139082988,9.922782949750241,1.462132215260155,106,409.65555555555557,1.1753314343868724,0.3934252487466682,52,0,0.0,0.0,2.777777777777768,0.14230297325501323,
model,mackey_glass,mackey_glass:tau=20.0,CHAOTIC,DEV,clean,none,980000,,0.7998263888888889,0.7222222222222222,0.8888888888888888,50.04135662488412,80.54149580013087,138.55741548620878,723.3757437819094,0.19154280009696106,16.07519260586983,0.007751955251929231,43,409.5111111111111,1.1455760943367044,0.3211398469721781,0,0,,,,,
model,mackey_glass,mackey_glass:tau=20.0,CHAOTIC,DEV,clean,none,980001,,0.8000542534722221,0.7222222222222222,0.8916666666666667,50.27223559489396,81.3588844417216,132.47953774679877,786.7329069804083,0.168392012805558,14.412287225518849,0.002201174735182443,44,409.62777777777774,1.1496527914914507,0.32471970008493556,0,0,,,,,
model,mackey_glass,mackey_glass:tau=20.0,CHAOTIC,DEV,clean,none,980002,,0.8004991319444444,0.725,0.8916666666666667,50.26137091462523,80.0217182594914,129.3183724602933,754.0247150881758,0.17150415612725742,14.639654091728836,-0.01700491771385257,45,409.85555555555555,1.1465529797089262,0.32912903350443945,0,0,,,,,
model,mackey_glass,mackey_glass:tau=20.0,CHAOTIC,DEV,ect,none,980000,,0.7998263888888889,0.4583333333333333,1.4166666666666667,136.38269385237615,205.92512600983557,1383.012680089088,10034.040306951712,0.13783208336635033,12.11356977723507,1.5482294845063804,100,409.5111111111111,1.154756286153137,0.33810738097441295,52,0,,,,,
model,mackey_glass,mackey_glass:tau=20.0,CHAOTIC,DEV,ect,none,980001,,0.8000542534722221,0.45,1.4944444444444445,130.47102813245635,202.12866764675226,1368.7285637180485,9175.842352914533,0.14916653001163405,12.980410246557032,1.5744883132299237,105,409.62777777777774,1.1566050365627105,0.34159684808385826,54,0,,,,,
model,mackey_glass,mackey_glass:tau=20.0,CHAOTIC,DEV,clean,none,980003,,0.7999565972222222,0.725,0.8888888888888888,50.089292806662925,81.76903899818777,121.51612819909313,723.3255978265042,0.16799644387566634,14.38330097292228,0.04936910120382443,41,409.5777777777778,1.1488564239966608,0.32538908399856337,0,0,,,,,
model,mackey_glass,mackey_glass:tau=20.0,CHAOTIC,DEV,clean,none,980004,,0.7997124565972222,0.7222222222222222,0.8888888888888888,50.1522039041913,80.85668872768055,123.18767875152611,788.6159496891277,0.15620744013621166,13.510329955826007,-0.02836585395244354,43,409.4527777777778,1.1528824984433035,0.34098171743047245,0,0,,,,,
model,mackey_glass,mackey_glass:tau=20.0,CHAOTIC,DEV,ect,none,980002,,0.8000542534722221,0.45,1.5361111111111112,146.42759643438905,221.4236712129472,2209.6597190727543,12805.712031057938,0.17255266350778656,14.715984098452452,1.560643386074159,104,409.62777777777774,1.1859024405821987,0.36798866673197184,53,0,,,,,
model,mackey_glass,mackey_glass:tau=20.0,CHAOTIC,DEV,ect,none,980003,,0.7989529079861111,0.44722222222222224,1.4833333333333334,143.35777665680314,218.4088580439538,1628.2414437990317,10809.880976987326,0.15062528877656678,13.090733381735694,1.620195531941523,100,409.06388888888887,1.154368518062126,0.3437324747369745,52,0,,,,,
model,mackey_glass,mackey_glass:tau=20.0,CHAOTIC,DEV,ect,none,980004,,0.7997124565972222,0.45,1.4805555555555556,138.94310279544777,213.265067083555,1218.9128587118369,9594.631614245724,0.1270411317201636,11.272093639232594,1.552185436594356,104,409.4527777777778,1.1579757195591576,0.3508766648320326,50,0,,,,,
model,mackey_glass,mackey_glass:tau=20.0,CHAOTIC,DEV,real,mix12,980000,,0.7998263888888889,0.4888888888888889,1.3027777777777778,115.2438635054753,172.4531835163987,1025.0195239597138,7456.580960364456,0.13746508344886446,12.08521346713007,1.3499570354370445,113,409.5111111111111,1.1510510174196416,0.32996109283555985,52,0,0.0,0.0,2.777777777777768,0.14312895628230285,
model,mackey_glass,mackey_glass:tau=20.0,CHAOTIC,DEV,real,mix12,980003,,0.797781032986111,0.39444444444444443,1.3944444444444444,121.33816891161128,182.33120060753822,1172.0407585001808,7737.716159030483,0.15147114916231752,13.154576150041718,1.1164608493075525,112,408.46388888888885,1.1492246077654433,0.32743580200547295,51,0,0.0,1.0,2.777777777777768,0.14297403421375787,
model,mackey_glass,mackey_glass:tau=20.0,CHAOTIC,DEV,real,mix12,980004,,0.79970703125,0.45,1.3722222222222222,114.21770800138138,172.65991873305208,798.7060953795612,6662.983453809164,0.11987214149885794,10.704091749118684,1.1795221284063881,105,409.45,1.1584542290208184,0.35011639209906853,50,0,0.0,0.0,2.777777777777768,0.14265105092733527,
model,mackey_glass,mackey_glass:tau=23.0,CHAOTIC,DEV,clean,none,980000,,0.8003200954861112,0.7194444444444444,0.9305555555555556,49.98130300380583,78.27918243533563,288.09560441600183,728.8254896958193,0.39528749815849695,28.330182753031053,0.11628865683308985,45,409.7638888888889,1.0643550551520264,0.3245404549949553,0,0,,,,,
model,mackey_glass,mackey_glass:tau=23.0,CHAOTIC,DEV,clean,none,980001,,0.7996527777777778,0.7222222222222222,0.9388888888888889,50.15950254138731,79.56679627495093,350.4811985802433,599.5716426181339,0.5845526600454387,36.89070579886415,0.19349910979771662,49,409.4222222222222,1.0586049565194902,0.3163802527848037,0,0,,,,,
model,mackey_glass,mackey_glass:tau=20.0,CHAOTIC,DEV,real,mix12,980001,,0.8000542534722223,0.45,1.3833333333333333,110.05860252694269,169.57258672351546,941.4943291827068,6682.294192334424,0.1408938759779148,12.349428719401963,1.3037913994891106,103,409.6277777777778,1.1546239009026293,0.33471804737796723,54,0,0.0,0.0,2.777777777777768,0.14293800536414267,
model,mackey_glass,mackey_glass:tau=20.0,CHAOTIC,DEV,real,mix12,980002,,0.8000759548611112,0.33611111111111114,1.4277777777777778,126.19076098265569,190.57344109914393,1481.9100562211358,9417.687934812318,0.15735391387766007,13.596006544830628,1.322775540385547,112,409.6388888888889,1.191501591949292,0.3540251243682776,53,0,0.0,0.0,2.777777777777768,0.14287065218105735,
model,mackey_glass,mackey_glass:tau=23.0,CHAOTIC,DEV,clean,none,980002,,0.8001139322916666,0.7111111111111111,0.9222222222222223,50.03081524145179,75.94185649162047,292.7178677147642,818.2329870329922,0.3577439095632079,26.348408344420093,0.06141105217145526,49,409.6583333333333,1.0599957437545569,0.32911476980139354,0,0,,,,,
model,mackey_glass,mackey_glass:tau=23.0,CHAOTIC,DEV,clean,none,980003,,0.7997016059027778,0.7166666666666667,0.8861111111111111,50.166590243583,78.83641055008553,269.2950989217484,708.9791035270633,0.37983502980841916,27.527568267429526,0.0596586266049931,48,409.44722222222225,1.0587151193020339,0.3218306596132198,0,0,,,,,
model,mackey_glass,mackey_glass:tau=23.0,CHAOTIC,DEV,ect,none,980001,,0.7991536458333333,0.46111111111111114,1.4527777777777777,138.64669406755831,213.62197180693926,1257.8956825039586,9664.521037032348,0.13015602922110422,11.516642468456931,1.6260441647102155,110,409.16666666666663,1.128087974899847,0.328534525860969,51,0,,,,,
model,mackey_glass,mackey_glass:tau=23.0,CHAOTIC,DEV,ect,none,980002,,0.8001139322916666,0.45555555555555555,1.45,145.28666154902632,220.003052904245,1952.291793540171,9825.80717633119,0.19869022040682136,16.575610364067895,1.419770209906041,108,409.6583333333333,1.1705265834160983,0.3359999348877028,50,0,,,,,
model,mackey_glass,mackey_glass:tau=23.0,CHAOTIC,DEV,clean,none,980004,,0.7999457465277777,0.7166666666666667,0.9277777777777778,49.846925191476075,75.92813563537246,360.90314341749547,756.9293389415647,0.47679898882259786,32.28597747095789,0.12433771639748771,47,409.5722222222222,1.0646399198285668,0.3294464792993905,0,0,,,,,
model,mackey_glass,mackey_glass:tau=23.0,CHAOTIC,DEV,ect,none,980000,,0.8003200954861112,0.46111111111111114,1.4222222222222223,141.19739463926174,215.92555047420313,1318.6341239395215,9877.70701818605,0.13349597447178346,11.77736643784672,1.4948128988104032,107,409.7638888888889,1.1726846490634992,0.3364918829543922,50,0,,,,,
model,mackey_glass,mackey_glass:tau=23.0,CHAOTIC,DEV,ect,none,980003,,0.7997016059027778,0.45555555555555555,1.45,147.05228060198328,224.43546146816252,1907.173284102351,10954.935976212357,0.1740925997416693,14.827842350762978,1.491220435875101,106,409.44722222222225,1.1282856855460475,0.32119244333399977,52,0,,,,,
model,mackey_glass,mackey_glass:tau=23.0,CHAOTIC,DEV,ect,none,980004,,0.7999457465277777,0.4583333333333333,1.45,142.04108313579792,215.17605737436034,1836.9527440339875,10778.575801627589,0.17042629544402366,14.561044647358093,1.5808826528767574,105,409.5722222222222,1.1516469449570532,0.3348634147656765,48,0,,,,,
model,mackey_glass,mackey_glass:tau=26.0,CHAOTIC,DEV,clean,none,980001,,0.8001193576388888,0.7111111111111111,0.8777777777777778,50.21351795497305,70.68397997257821,658.0893849699395,575.837410389454,1.1428388866309611,53.33293574990924,0.1379157175508865,53,409.66111111111104,1.065462159668724,0.3244156881454337,0,0,,,,,
model,mackey_glass,mackey_glass:tau=26.0,CHAOTIC,DEV,clean,none,980002,,0.7999131944444444,0.7111111111111111,0.8805555555555555,50.12419344416347,71.46442469511794,502.86855268339707,617.7942088640873,0.8139742093212572,44.8724245989046,0.2781804391890801,54,409.55555555555554,1.053883624380926,0.307433676736862,0,0,,,,,
model,mackey_glass,mackey_glass:tau=23.0,CHAOTIC,DEV,real,mix12,980004,,0.7999457465277777,0.4527777777777778,1.3333333333333333,119.7538182020611,178.643893392742,1276.963905461604,7747.9655044187775,0.1648128021134494,14.149295218460098,1.2508235966151746,109,409.5722222222222,1.1448456697578213,0.3322481661313892,48,0,0.0,0.0,2.777777777777768,0.14308704746991616,
model,mackey_glass,mackey_glass:tau=26.0,CHAOTIC,DEV,clean,none,980000,,0.7998860677083333,0.7138888888888889,0.8805555555555555,49.95893234322198,73.63831154866274,466.4803935324577,592.0483918771479,0.7879092316312786,44.06874899976855,0.24188869969514898,51,409.54166666666663,1.0608185826438687,0.3206567623135327,0,0,,,,,
model,mackey_glass,mackey_glass:tau=23.0,CHAOTIC,DEV,real,mix12,980000,,0.8003092447916667,0.4583333333333333,1.3111111111111111,114.71242023966118,173.00798694751387,857.5950325944274,6418.436621651907,0.13361431811937233,11.786576438187014,1.0909637249701802,104,409.7583333333333,1.1606109343363076,0.33156704950405846,50,0,0.0,0.0,2.777777777777768,0.14326963458086495,
model,mackey_glass,mackey_glass:tau=23.0,CHAOTIC,DEV,real,mix12,980001,,0.8003851996527778,0.475,1.9305555555555556,125.35248761388048,191.30668837101973,2061.74699511719,8843.049408976467,0.23314887204229992,18.90679035826117,2.392911531965686,115,409.7972222222222,1.1191125061850085,0.32798745176236127,52,0,1.0,0.0,11.111111111111072,0.14319856938242048,
model,mackey_glass,mackey_glass:tau=23.0,CHAOTIC,DEV,real,mix12,980002,,0.7969455295138889,0.20833333333333334,1.336111111111111,131.00232826426654,193.70908225416775,1496.8905451376038,7520.3305365637725,0.19904584484149157,16.600353163961344,0.6640929742771611,116,408.0361111111111,1.1650336887394046,0.35070870540948473,50,0,0.0,2.0,22.222222222222143,0.1429121169657371,
model,mackey_glass,mackey_glass:tau=23.0,CHAOTIC,DEV,real,mix12,980003,,0.7996961805555556,0.4527777777777778,1.3222222222222222,122.23913894620449,183.05749772704903,1260.4536154043128,7542.760898695206,0.16710772518619196,14.318106339286958,1.06821974435727,110,409.44444444444446,1.1330945009740057,0.3288109889675227,52,0,0.0,0.0,2.777777777777768,0.1432990736289433,
model,mackey_glass,mackey_glass:tau=26.0,CHAOTIC,DEV,clean,none,980003,,0.7999077690972223,0.7166666666666667,0.8833333333333333,50.09329611333699,71.69962884221054,553.5702816844375,639.7937383637523,0.865232415528436,46.387378233682924,0.3201851794584242,52,409.5527777777778,1.0616701723148552,0.31971576516836464,0,0,,,,,
model,mackey_glass,mackey_glass:tau=26.0,CHAOTIC,DEV,clean,none,980004,,0.7996961805555556,0.7166666666666667,0.8805555555555555,49.94982427795676,74.29077664539601,520.5615881440384,602.1389088912266,0.8645207616670978,46.36691526535301,0.30125443862788065,56,409.44444444444446,1.0611379826140614,0.3262752731957209,0,0,,,,,
model,mackey_glass,mackey_glass:tau=26.0,CHAOTIC,DEV,ect,none,980000,,0.7998860677083333,0.4638888888888889,1.3916666666666666,144.78734673375376,219.17268438259774,2031.492598053951,10994.99299328249,0.18476524717160922,15.595093425697574,1.5806890335198955,114,409.54166666666663,1.0608947344784672,0.31857691073343153,52,0,,,,,
model,mackey_glass,mackey_glass:tau=26.0,CHAOTIC,DEV,ect,none,980001,,0.7991753472222222,0.4388888888888889,1.511111111111111,139.76235856849766,211.83514162132164,2428.0245275757966,10478.118251662781,0.23172333707824794,18.812937134723395,1.6212598060468904,120,409.17777777777775,1.0640444833991847,0.32018556853234825,50,0,,,,,
model,mackey_glass,mackey_glass:tau=26.0,CHAOTIC,DEV,ect,none,980002,,0.7999131944444444,0.46944444444444444,1.5277777777777777,142.38985584249298,216.55418967107528,2583.0204222267043,13011.785222369866,0.19851391473830773,16.563338339017342,1.9264759344244007,111,409.55555555555554,1.0495908663908928,0.3064895238472907,50,0,,,,,
model,mackey_glass,mackey_glass:tau=26.0,CHAOTIC,DEV,ect,none,980003,,0.7999077690972223,0.4666666666666667,1.511111111111111,139.09738837710202,212.8384390345893,1953.022594518336,9379.271554671364,0.20822753485004167,17.23413254903893,1.6221406090739,111,409.5527777777778,1.0599793380019116,0.31511580251468774,52,0,,,,,
model,mackey_glass,mackey_glass:tau=26.0,CHAOTIC,DEV,ect,none,980004,,0.7996961805555556,0.44722222222222224,1.5027777777777778,144.7478015994198,219.6332457842323,2091.6276358862124,11259.091939067184,0.18577232046827957,15.666778289690154,1.7456902404267192,120,409.44444444444446,1.0655609687648295,0.3309828806097427,50,0,,,,,
model,mackey_glass,mackey_glass:tau=26.0,CHAOTIC,DEV,real,mix12,980000,,0.7998914930555556,0.43333333333333335,1.3027777777777778,119.86406030594505,180.1015416817178,1418.4032356373627,7479.695402360849,0.1896338232155371,15.94052047906336,1.2747918128480749,119,409.5444444444445,1.0661265947332876,0.32569756825022245,52,0,0.0,0.0,2.777777777777768,0.14248795274450796,
model,mackey_glass,mackey_glass:tau=30.0,CHAOTIC,DEV,clean,none,980000,,0.7997612847222222,0.7166666666666667,0.9277777777777778,49.82517252966934,70.92964962933561,425.59998624288954,882.3362716114169,0.48235576382416345,32.539810995154625,0.6473916117911619,62,409.47777777777776,1.0791645526976996,0.317614442474919,0,0,,,,,
model,mackey_glass,mackey_glass:tau=30.0,CHAOTIC,DEV,clean,none,980001,,0.8006618923611112,0.7138888888888889,0.9222222222222223,50.47533977078453,71.6217700794434,425.3804824198753,913.9430507397813,0.4654343419708216,31.760845821647116,0.470732456964865,62,409.9388888888889,1.0752652919933514,0.3143309824777907,0,0,,,,,
model,mackey_glass,mackey_glass:tau=26.0,CHAOTIC,DEV,real,mix12,980001,,0.799365234375,0.44166666666666665,1.4055555555555554,121.73139846344652,183.22210941521374,1853.4103507422233,7615.070596575421,0.24338715278302497,19.574526907267863,1.3380691123863369,113,409.275,1.075338834941078,0.331237284243191,50,0,0.0,0.0,2.777777777777768,0.14296665837206354,
model,mackey_glass,mackey_glass:tau=26.0,CHAOTIC,DEV,real,mix12,980002,,0.7999240451388889,0.475,1.4111111111111112,119.61565683334307,177.88200732065079,1899.8383657219097,9330.400050760949,0.2036181037668333,16.91716858774322,1.670325470277723,112,409.56111111111113,1.0519227990766795,0.30982290820753916,50,0,0.0,0.0,2.777777777777768,0.14173307696132562,
model,mackey_glass,mackey_glass:tau=26.0,CHAOTIC,DEV,real,mix12,980003,,0.7999077690972223,0.46111111111111114,1.4,119.02053624703686,181.11738737345866,1431.1573000372005,6609.400784650962,0.21653359308468367,17.79922842374075,1.3505463576666346,119,409.5527777777778,1.062877949996564,0.3141968186097669,52,0,0.0,0.0,2.777777777777768,0.1423111457505124,
model,mackey_glass,mackey_glass:tau=26.0,CHAOTIC,DEV,real,mix12,980004,,0.7997016059027777,0.475,1.3944444444444444,122.24143757439937,183.16193797615642,1574.1407435247056,8105.956230270698,0.1941955642008367,16.261621632365856,1.5383223307324472,122,409.4472222222222,1.064027805599981,0.3243189748133494,50,0,0.0,0.0,2.777777777777768,0.14242499614861695,
model,mackey_glass,mackey_glass:tau=30.0,CHAOTIC,DEV,clean,none,980002,,0.7996636284722223,0.7166666666666667,0.9861111111111112,50.06375525448664,70.53374840412641,478.4592061699841,893.1728216501349,0.5356849140192508,34.88247550841901,0.4970350589442179,59,409.4277777777778,1.0764348005140758,0.322831641033716,0,0,,,,,
model,mackey_glass,mackey_glass:tau=30.0,CHAOTIC,DEV,clean,none,980003,,0.8005588107638889,0.7111111111111111,0.9194444444444444,50.35243971614003,71.63852897402941,469.4376185154646,856.1393098771777,0.5483191965368468,35.41383441885124,0.492108014763859,60,409.8861111111111,1.0796609260655101,0.3173337824750455,0,0,,,,,
model,mackey_glass,mackey_glass:tau=30.0,CHAOTIC,DEV,ect,none,980001,,0.8006618923611112,0.45555555555555555,1.5194444444444444,140.5548556297606,211.06926434339667,2201.6614248331434,11374.43576311054,0.19356225404811292,16.217189626399694,1.6271569754833906,126,409.9388888888889,1.081239355733433,0.32754710928581154,52,0,,,,,
model,mackey_glass,mackey_glass:tau=30.0,CHAOTIC,DEV,ect,none,980002,,0.7996636284722223,0.4527777777777778,1.4833333333333334,148.5702972746479,225.0574394025162,2114.4667082716924,11743.735174199719,0.18005061225469804,15.257872025563303,1.6362134885621962,119,409.4277777777778,1.0750291789776236,0.32394413258932475,54,0,,,,,
model,mackey_glass,mackey_glass:tau=30.0,CHAOTIC,DEV,clean,none,980004,,0.800119357638889,0.7166666666666667,0.9388888888888889,50.36994621993085,71.57938103345755,462.69135927380864,897.7417719602959,0.515394708952311,34.01059182189148,0.46018449794122257,62,409.66111111111115,1.0733229610710988,0.31298744511499743,0,0,,,,,
model,mackey_glass,mackey_glass:tau=30.0,CHAOTIC,DEV,ect,none,980000,,0.7997612847222222,0.4527777777777778,1.4777777777777779,143.9996947064187,219.4648455648217,1982.2177549521498,12643.536596309848,0.15677715960664687,13.552926620712128,1.6535531928439173,124,409.47777777777776,1.0806126630187007,0.32412867219366076,52,0,,,,,
model,mackey_glass,mackey_glass:tau=30.0,CHAOTIC,DEV,ect,none,980003,,0.8005588107638888,0.45555555555555555,1.4111111111111112,139.80143134408553,209.52921967983372,1663.9788540883974,9818.404167281178,0.16947548967615692,14.49158115516272,1.5814737998436212,120,409.88611111111106,1.0783079018800465,0.32356255717483756,52,0,,,,,
model,mackey_glass,mackey_glass:tau=30.0,CHAOTIC,DEV,ect,none,980004,,0.800119357638889,0.45,1.4444444444444444,139.49915149596507,211.0629687270991,1607.448428070414,9981.525073473627,0.16104236739757172,13.87049877934614,1.4791452564060952,123,409.66111111111115,1.0778252834220075,0.3168341316117319,52,0,,,,,
model,mackey_glass,mackey_glass:tau=30.0,CHAOTIC,DEV,real,mix12,980000,,0.7997667100694444,0.4722222222222222,1.375,121.74039898485215,182.67654662838436,1379.165521447397,8987.320752515114,0.15345680424963531,13.30407898104727,1.4844136680882372,127,409.48055555555555,1.0786083021224422,0.319271647551742,52,0,0.0,0.0,2.777777777777768,0.1426271986687501,
model,mackey_glass,mackey_glass:tau=30.0,CHAOTIC,DEV,real,mix12,980001,,0.8006673177083334,0.38333333333333336,1.4027777777777777,116.991043787988,171.99125805891097,1621.4122357350352,7948.3850283038,0.20399266391364632,16.943015520589352,1.3019066727589315,119,409.9416666666667,1.0822987076780959,0.3273793927860348,52,0,0.0,0.0,2.777777777777768,0.1426488580052818,
model,mackey_glass,mackey_glass:tau=30.0,CHAOTIC,DEV,real,mix12,980002,,0.7981716579861111,0.3138888888888889,1.3666666666666667,128.51430720848035,190.0543057881278,1547.8506868498732,8527.741050747087,0.1815077026423394,15.362379968950957,1.2062728265573532,129,408.6638888888889,1.0777288379304655,0.31522593386872416,54,0,0.0,1.0,59.72222222222223,0.14261676356058925,
model,mackey_glass,mackey_glass:tau=30.0,CHAOTIC,DEV,real,mix12,980003,,0.8005479600694445,0.4027777777777778,1.3388888888888888,120.95057620235033,179.65041491958328,1297.367123524219,7188.261341220909,0.1804841340540165,15.288992782494942,1.3742213953336706,124,409.8805555555556,1.075717759013578,0.31775556392455967,52,0,0.0,0.0,2.777777777777768,0.14249462869781113,
model,mackey_glass,mackey_glass:tau=30.0,CHAOTIC,DEV,real,mix12,980004,,0.8001193576388889,0.4361111111111111,1.3166666666666667,117.60724803927783,177.11560776284892,1180.242443198115,7056.959144951139,0.16724518577417483,14.32819666446082,1.1622365809858692,126,409.6611111111111,1.0725265934725097,0.3130157842502429,52,0,0.0,0.0,2.777777777777768,0.14283525739711206,
model,mackey_glass,mackey_glass:tau=14.0,NON-CHAOTIC,DEV,clean,none,980000,,0.7999999999999998,0.75,0.85,50.04889976718834,99.99999999999997,3.782690447062241e-05,0.0003474394591454221,0.10887336908612276,9.818377113326356,1.0083080204115199e-14,2,409.5999999999999,1.1688981494869308,0.37071129799858477,0,0,,,,,
model,mackey_glass,mackey_glass:tau=14.0,NON-CHAOTIC,DEV,clean,none,980001,,0.7999999999999998,0.75,0.85,50.04889976718834,99.99999999999997,8.670402290899992e-05,0.0003476248781622673,0.24941834821306283,19.962756955649386,1.0083080204115199e-14,2,409.5999999999999,1.0689576691232614,0.28828511824921593,0,0,,,,,
model,mackey_glass,mackey_glass:tau=14.0,NON-CHAOTIC,DEV,clean,none,980002,,0.7999999999999998,0.75,0.85,50.04889976718834,99.99999999999997,8.670402290899992e-05,0.0003476248781622673,0.24941834821306283,19.962756955649386,1.0083080204115199e-14,2,409.5999999999999,1.0738996149252933,0.3063900714264405,0,0,,,,,
model,mackey_glass,mackey_glass:tau=14.0,NON-CHAOTIC,DEV,ect,none,980000,,0.7999999999999998,0.4527777777777778,1.4166666666666667,136.47245590874076,216.72359742904786,1318.8186330499357,10982.926258339614,0.12007898460107781,10.720581874308142,1.5026538166861305,60,409.5999999999999,1.2172861570735818,0.4413173730095377,50,0,,,,,
model,mackey_glass,mackey_glass:tau=14.0,NON-CHAOTIC,DEV,ect,none,980001,,0.7999999999999998,0.4583333333333333,1.4305555555555556,142.69814301627846,224.0853350726073,1380.3371943871878,9720.454172788697,0.1420033642307871,12.434583704263913,1.4870729490573058,63,409.5999999999999,1.2006297587147878,0.40082416137481486,50,0,,,,,
model,mackey_glass,mackey_glass:tau=14.0,NON-CHAOTIC,DEV,clean,none,980003,,0.7999999999999998,0.75,0.85,50.04889976718834,99.99999999999997,8.670402290899992e-05,0.0003476248781622673,0.24941834821306283,19.962756955649386,1.0083080204115199e-14,2,409.5999999999999,1.0762172105134096,0.30935375412507804,0,0,,,,,
model,mackey_glass,mackey_glass:tau=14.0,NON-CHAOTIC,DEV,clean,none,980004,,0.7999999999999998,0.75,0.85,50.04889976718834,99.99999999999997,8.670402290899992e-05,0.0003476248781622673,0.24941834821306283,19.962756955649386,1.0083080204115199e-14,2,409.5999999999999,1.066308609982392,0.2828347582980896,0,0,,,,,
model,mackey_glass,mackey_glass:tau=14.0,NON-CHAOTIC,DEV,ect,none,980002,,0.7999999999999999,0.45555555555555555,1.386111111111111,142.12898185715855,224.6435277310979,1430.5727573885295,10934.950474381645,0.13082571894038927,11.569043465245564,1.4723883726607456,64,409.59999999999997,1.208828612980454,0.4225328881447111,52,0,,,,,
model,mackey_glass,mackey_glass:tau=14.0,NON-CHAOTIC,DEV,ect,none,980003,,0.7999999999999998,0.46111111111111114,1.4055555555555554,137.15343232825114,218.18481183103586,1191.413898528177,9104.807788784878,0.13085546956803823,11.571369913258863,1.641376263708657,63,409.5999999999999,1.215418210612414,0.4368442290069394,50,0,,,,,
model,mackey_glass,mackey_glass:tau=14.0,NON-CHAOTIC,DEV,ect,none,980004,,0.7999999999999998,0.4527777777777778,1.3833333333333333,142.1573453285371,224.54483125269005,1074.4163203937333,9847.332187935854,0.10910735008107275,9.837402130019,1.5560448128309141,61,409.5999999999999,1.2125543407593555,0.43091862206557396,52,0,,,,,
model,mackey_glass,mackey_glass:tau=14.0,NON-CHAOTIC,DEV,real,mix12,980000,,0.8016547309027777,0.4583333333333333,1.5361111111111112,117.7741847650894,185.51080761631135,1174.6348050212105,8045.423067632118,0.14600037749996436,12.739993840008042,1.5141348793180809,78,410.4472222222222,1.2169378916194196,0.4382432773799753,50,0,1.0,0.0,99.99999999999997,0.14423161729393388,
model,mackey_glass,mackey_glass:tau=15.0,NON-CHAOTIC,DEV,clean,none,980000,,0.8001030815972222,0.7333333333333333,0.8555555555555555,50.079708475488104,86.66119219890612,0.008020142702071695,7.08716070543801,0.0011316439735757373,0.11303648030584142,-0.3376136417270398,6,409.65277777777777,1.146680394070306,0.4004975697587356,0,0,,,,,
model,mackey_glass,mackey_glass:tau=15.0,NON-CHAOTIC,DEV,clean,none,980001,,0.7998752170138889,0.7333333333333333,0.8555555555555555,50.099555220177066,86.69115640744855,0.0038212204496742746,6.612592848735212,0.0005778702147683503,0.05775364736422901,-0.3358135661050567,6,409.5361111111111,1.1429385946760546,0.4004251415350345,0,0,,,,,
model,mackey_glass,mackey_glass:tau=14.0,NON-CHAOTIC,DEV,real,mix12,980001,,0.7999945746527777,0.375,1.3555555555555556,119.2235145642472,187.76859592003336,911.9552279256203,6649.101324016325,0.13715465947731453,12.061214218684796,1.1576355134284562,79,409.5972222222222,1.2136452521754668,0.43190059770352746,50,0,0.0,0.0,0.0,0.1440568592660416,
model,mackey_glass,mackey_glass:tau=14.0,NON-CHAOTIC,DEV,real,mix12,980002,,0.79833984375,0.30277777777777776,1.2805555555555554,119.97435745149278,186.14019530447916,1043.6869737862603,8084.004637100491,0.12910519236918722,11.434292680763198,0.936148198831196,79,408.75,1.2154811690555887,0.436472825317076,52,0,0.0,1.0,97.22222222222221,0.14405620352784673,
model,mackey_glass,mackey_glass:tau=15.0,NON-CHAOTIC,DEV,clean,none,980002,,0.8001030815972222,0.7333333333333333,0.8555555555555555,50.079708475488104,86.66119219890612,0.008020142702071695,7.08716070543801,0.0011316439735757373,0.11303648030584142,-0.3376136417270398,6,409.65277777777777,1.1448642550124033,0.4073224190952118,0,0,,,,,
model,mackey_glass,mackey_glass:tau=15.0,NON-CHAOTIC,DEV,clean,none,980003,,0.8001030815972222,0.7333333333333333,0.8555555555555555,50.079708475488104,86.66119219890612,0.008020142702071695,7.08716070543801,0.0011316439735757373,0.11303648030584142,-0.3376136417270398,6,409.65277777777777,1.1432241811995532,0.39818479361897385,0,0,,,,,
model,mackey_glass,mackey_glass:tau=14.0,NON-CHAOTIC,DEV,real,mix12,980003,,0.7999945746527777,0.4083333333333333,1.3055555555555556,115.03895364494844,183.26141624483247,714.5469024136798,5909.378961951138,0.12091742753586296,10.787362616145451,1.1721046167916123,76,409.5972222222222,1.214954940784762,0.43678841696709636,50,0,0.0,0.0,0.0,0.1440510671347339,
model,mackey_glass,mackey_glass:tau=14.0,NON-CHAOTIC,DEV,real,mix12,980004,,0.8,0.4361111111111111,1.2833333333333334,118.58773607074417,187.48132552586912,700.8458961347064,6567.3039539440915,0.10671744463933378,9.642700145032206,1.277931560610442,76,409.6,1.2142764762243239,0.433471674775257,52,0,0.0,0.0,2.777777777777768,0.1442835818479197,
model,mackey_glass,mackey_glass:tau=15.0,NON-CHAOTIC,DEV,clean,none,980004,,0.8001030815972222,0.7333333333333333,0.8555555555555555,50.079708475488104,86.66119219890612,0.008020142702071695,7.08716070543801,0.0011316439735757373,0.11303648030584142,-0.3376136417270398,6,409.65277777777777,1.1432064178515662,0.3990267160067089,0,0,,,,,
model,mackey_glass,mackey_glass:tau=15.0,NON-CHAOTIC,DEV,ect,none,980000,,0.8001030815972221,0.4444444444444444,1.4416666666666667,142.2966528918611,222.67834115193574,1229.4344688694011,9448.823717391499,0.13011508158486487,11.513436437145186,1.5624207178472043,62,409.6527777777777,1.1468508790373968,0.39862784692439085,50,0,,,,,
model,mackey_glass,mackey_glass:tau=15.0,NON-CHAOTIC,DEV,ect,none,980001,,0.7998752170138888,0.44722222222222224,1.4444444444444444,140.00324680759732,218.57627568457838,1413.9073444502567,9153.886924680906,0.1544597782432782,13.379398845606993,1.621539118721184,66,409.53611111111104,1.1409952542005954,0.3964879382370631,48,0,,,,,
model,mackey_glass,mackey_glass:tau=15.0,NON-CHAOTIC,DEV,ect,none,980002,,0.8001030815972222,0.44166666666666665,1.488888888888889,148.05114475664251,230.07163984243243,1817.8503830348966,11757.390220479061,0.1546134260193694,13.390925701636148,1.6695048468997509,73,409.65277777777777,1.1461858835242897,0.39942716454901633,50,0,,,,,
model,mackey_glass,mackey_glass:tau=15.0,NON-CHAOTIC,DEV,ect,none,980003,,0.7996961805555556,0.46944444444444444,1.4111111111111112,139.75193233636162,218.8597120961218,1191.5505195707715,8444.895496877038,0.14109713021450798,12.365041193994061,1.5949404329012509,58,409.44444444444446,1.1424916312759872,0.4035770031773114,49,0,,,,,
model,mackey_glass,mackey_glass:tau=15.0,NON-CHAOTIC,DEV,ect,none,980004,,0.8001030815972221,0.44166666666666665,1.4527777777777777,133.00327292126735,206.11612796161822,1195.6293529503284,8626.289123668474,0.13860297699387417,12.173073476394034,1.5371809714893359,65,409.6527777777777,1.1431803936005092,0.397081747587621,50,0,,,,,
model,mackey_glass,mackey_glass:tau=15.0,NON-CHAOTIC,DEV,real,mix12,980000,,0.801687282986111,0.3638888888888889,1.3916666666666666,125.41215734162459,195.91182102604986,947.8700558336782,7277.7135352530095,0.13024283674291742,11.523438371725968,1.3086455537719424,83,410.46388888888885,1.1457723782690437,0.39930110833209914,50,0,2.0,1.0,48.61111111111105,0.14229500380607885,
model,mackey_glass,mackey_glass:tau=15.0,NON-CHAOTIC,DEV,real,mix12,980001,,0.7998752170138889,0.45555555555555555,1.3388888888888888,111.88129774151811,173.42041059335952,764.4228761111017,5518.439166478623,0.13852157341056429,12.166793905855288,1.2405630853866039,76,409.5361111111111,1.140530820077792,0.4035094443855045,48,0,0.0,0.0,2.777777777777768,0.1419765895901086,
model,mackey_glass,mackey_glass:tau=16.0,NON-CHAOTIC,DEV,clean,none,980001,,0.8000759548611112,0.7333333333333333,0.8694444444444445,50.06844889347023,77.14188850609303,0.10099758216342013,2078.0925530847535,4.8601099125011406e-05,0.004859873717296871,-0.058608315935342686,11,409.6388888888889,1.1602490731367283,0.3888835212686933,0,0,,,,,
model,mackey_glass,mackey_glass:tau=16.0,NON-CHAOTIC,DEV,clean,none,980002,,0.7998263888888889,0.7333333333333333,0.8694444444444445,50.09865602207109,77.09440647886414,0.1043684832094314,2073.3572447633364,5.033791618546882e-05,0.005033538240720805,-0.0527456952911273,11,409.5111111111111,1.1595639746169915,0.3901576582574441,0,0,,,,,
model,mackey_glass,mackey_glass:tau=15.0,NON-CHAOTIC,DEV,real,mix12,980004,,0.80009765625,0.4388888888888889,1.3611111111111112,112.01721800950277,171.6267877408768,825.5961509013555,6337.641084152946,0.1302686819810182,11.52546151705245,1.2430044123118422,85,409.65,1.145730642673257,0.40683310525488614,50,0,0.0,0.0,2.777777777777768,0.14203598078714638,
model,mackey_glass,mackey_glass:tau=16.0,NON-CHAOTIC,DEV,clean,none,980000,,0.8000162760416667,0.7333333333333333,0.8694444444444445,50.03335699991378,77.08608187440868,0.09845894735727276,2073.4603767635726,4.748532861329888e-05,0.004748307386393288,-0.058948449624902526,11,409.60833333333335,1.160589294118597,0.38874895997782244,0,0,,,,,
model,mackey_glass,mackey_glass:tau=15.0,NON-CHAOTIC,DEV,real,mix12,980002,,0.8001030815972222,0.4444444444444444,1.375,120.24736171522699,183.79550782874466,1084.7138620331748,7754.318166787337,0.13988513737792355,12.27186255798555,1.304744794268358,84,409.65277777777777,1.144307297742639,0.4034305736940011,50,0,0.0,0.0,2.777777777777768,0.14209513728685447,
model,mackey_glass,mackey_glass:tau=15.0,NON-CHAOTIC,DEV,real,mix12,980003,,0.7997070312499999,0.4777777777777778,1.4083333333333334,112.52540219116473,174.7981057199473,772.4519381823133,5656.341412963457,0.1365638814538269,12.015504247692817,1.2686598084664968,81,409.44999999999993,1.1457289525301957,0.39953427001449704,49,0,0.0,0.0,2.777777777777768,0.14210618468382674,
model,mackey_glass,mackey_glass:tau=16.0,NON-CHAOTIC,DEV,clean,none,980003,,0.8000162760416667,0.7333333333333333,0.8694444444444445,50.03335699991378,77.08608187440868,0.09845894735727276,2073.4603767635726,4.748532861329888e-05,0.004748307386393288,-0.058948449624902526,11,409.60833333333335,1.1616079587069241,0.3902526754856821,0,0,,,,,
model,mackey_glass,mackey_glass:tau=16.0,NON-CHAOTIC,DEV,clean,none,980004,,0.8000162760416667,0.7333333333333333,0.8694444444444445,50.03335699991378,77.08608187440868,0.09845894735727276,2073.4603767635726,4.748532861329888e-05,0.004748307386393288,-0.058948449624902526,11,409.60833333333335,1.159618195663307,0.3887863060859654,0,0,,,,,
model,mackey_glass,mackey_glass:tau=16.0,NON-CHAOTIC,DEV,ect,none,980000,,0.8000162760416667,0.45555555555555555,1.5083333333333333,143.2558194585573,217.1689807842677,1406.077664269049,12939.308456881376,0.10866714159838035,9.801602078845185,1.552328063687682,75,409.60833333333335,1.1606983198433598,0.3886409045824379,52,0,,,,,
model,mackey_glass,mackey_glass:tau=16.0,NON-CHAOTIC,DEV,ect,none,980001,,0.8000759548611112,0.45,1.5194444444444444,148.59281401159123,229.8157651940447,1495.7698186227142,13317.764088708767,0.11231388457247687,10.097319302603621,1.6659039389976829,74,409.6388888888889,1.160508459723014,0.3892974856611392,52,0,,,,,
model,mackey_glass,mackey_glass:tau=16.0,NON-CHAOTIC,DEV,ect,none,980002,,0.7998263888888889,0.4527777777777778,1.4694444444444446,142.30236737397496,216.4870311470797,1387.8093173075706,11223.27511637878,0.1236545752391171,11.004678658724194,1.5830918720079252,71,409.5111111111111,1.1601515100713033,0.3886277208972867,50,0,,,,,
model,mackey_glass,mackey_glass:tau=16.0,NON-CHAOTIC,DEV,ect,none,980003,,0.8000162760416667,0.4444444444444444,1.4861111111111112,150.63230857808776,230.18558038193166,1640.344008606585,14114.514476690343,0.11621682143693708,10.411670851486354,1.6139717521469763,73,409.60833333333335,1.1625343756009987,0.3890292335918278,52,0,,,,,
model,mackey_glass,mackey_glass:tau=16.0,NON-CHAOTIC,DEV,ect,none,980004,,0.8000162760416667,0.44166666666666665,1.511111111111111,147.2556538338591,224.53333177097775,1516.5930821669244,12149.538935645782,0.12482721280207275,11.097456692136202,1.5992564356553771,75,409.60833333333335,1.1603809449978983,0.3906457709384643,52,0,,,,,
model,mackey_glass,mackey_glass:tau=16.0,NON-CHAOTIC,DEV,real,mix12,980000,,0.8000162760416667,0.4888888888888889,1.3916666666666666,118.94163286887985,177.61980981831033,838.3392163881007,9142.924951248106,0.09169267174982756,8.399128630483274,1.297122548112765,84,409.60833333333335,1.1625380864336243,0.39057686921773715,52,0,0.0,0.0,2.777777777777768,0.14146211572592104,
model,mackey_glass,mackey_glass:tau=16.0,NON-CHAOTIC,DEV,real,mix12,980001,,0.7984592013888889,0.2722222222222222,1.4083333333333334,122.03852579169146,182.1363137349132,982.159773827733,9125.920033323855,0.10762309665670054,9.71658111694808,1.147108246902444,100,408.81111111111113,1.1595764380047922,0.3874791640000278,52,0,0.0,1.0,25.00000000000002,0.14169105493468337,
model,mackey_glass,mackey_glass:tau=16.0,NON-CHAOTIC,DEV,real,mix12,980002,,0.7998263888888888,0.41944444444444445,1.375,120.62685582614036,181.41739882241663,914.4978315888436,8412.704331477646,0.10870438274730346,9.804631824214535,1.2385174035333653,97,409.51111111111106,1.1598908040004088,0.38857459684979134,50,0,0.0,0.0,2.777777777777768,0.14171110836583278,
model,phase_reset,phase_reset:tau=0.58,CHAOTIC,TEST,clean,none,980000,,0.8001302083333333,0.6666666666666666,1.0222222222222221,85.70525203708412,144.9919687130232,51.929701443829835,490.7395094885099,0.1058192797599593,9.56931043768106,-0.33286019725377586,64,409.66666666666663,1.180550796613585,0.3370404208482156,0,0,,,,,
model,phase_reset,phase_reset:tau=0.58,CHAOTIC,TEST,clean,none,980001,,0.8002332899305555,0.6666666666666666,1.0222222222222221,85.52698979517788,144.17322790437598,98.50880941455259,650.7756360172377,0.15137138510198203,13.1470511653001,-0.32575675852129543,61,409.71944444444443,1.1793880935949883,0.3376563243494973,0,0,,,,,
model,phase_reset,phase_reset:tau=0.58,CHAOTIC,TEST,clean,none,980002,,0.8001736111111111,0.6666666666666666,1.0194444444444444,86.48372063523507,143.9383266831083,212.1084710244217,1101.9660159351747,0.19248186237795867,16.141282182198196,-0.2797869034525264,62,409.68888888888887,1.179695829729944,0.3384303405623114,0,0,,,,,
model,phase_reset,phase_reset:tau=0.58,CHAOTIC,TEST,clean,none,980003,,0.7997504340277777,0.6666666666666666,0.9305555555555556,84.9639219831389,144.41198181722172,33.71189009094074,443.3692990395023,0.0760356889030721,7.066279463331192,-0.3494752663098735,60,409.4722222222222,1.1792027945477317,0.33472069375348723,0,0,,,,,
model,mackey_glass,mackey_glass:tau=16.0,NON-CHAOTIC,DEV,real,mix12,980003,,0.8000162760416666,0.38055555555555554,1.4,127.32383550637601,193.4901098349673,971.0601143619458,10181.17962807498,0.09537795715579082,8.707310251472006,1.2658074541797117,91,409.6083333333333,1.1617199398584532,0.3922527847859842,52,0,0.0,0.0,2.777777777777768,0.1418882681815284,
model,mackey_glass,mackey_glass:tau=16.0,NON-CHAOTIC,DEV,real,mix12,980004,,0.8014756944444444,0.45555555555555555,1.6333333333333333,131.20800477125704,200.48430918062897,1710.4367516241457,11681.229256418846,0.14642609215843094,12.772397031085326,1.6787182712641229,96,410.35555555555555,1.164681169810728,0.3920545881720413,52,0,1.0,0.0,36.11111111111109,0.14222020446783024,
model,phase_reset,phase_reset:tau=0.58,CHAOTIC,TEST,clean,none,980004,,0.8003038194444444,0.6666666666666666,1.0194444444444444,86.53083839843389,144.01147957767463,194.13928534555458,1022.5653138274213,0.18985514442974696,15.956156118544786,-0.28649384784760346,58,409.75555555555553,1.1780493414864406,0.3352494438678113,0,0,,,,,
model,phase_reset,phase_reset:tau=0.58,CHAOTIC,TEST,ect,none,980000,,0.8001302083333333,0.425,1.5166666666666666,156.1522156635799,247.1922309818134,1552.9218505214262,12486.907093692023,0.12436401094918945,11.060831700242806,1.206692161626057,121,409.66666666666663,1.1832773114582085,0.3377147476235203,48,0,,,,,
model,phase_reset,phase_reset:tau=0.58,CHAOTIC,TEST,ect,none,980003,,0.7997504340277777,0.4083333333333333,1.4944444444444445,144.54914640668648,227.13246988292488,1433.7800645515792,9798.832779872317,0.1463215157112072,12.764439444410634,1.1227939846213408,118,409.4722222222222,1.1834672245450641,0.33757208583969556,50,0,,,,,
model,phase_reset,phase_reset:tau=0.58,CHAOTIC,TEST,ect,none,980004,,0.8003038194444444,0.41944444444444445,1.4722222222222223,146.42460949242547,228.44380349681603,1052.2281596821144,9537.968923688535,0.11031994003134113,9.935869478145833,1.095042855493707,114,409.75555555555553,1.1809144364918474,0.33766364225975776,50,0,,,,,
model,phase_reset,phase_reset:tau=0.58,CHAOTIC,TEST,ect,none,980001,,0.8002332899305555,0.4083333333333333,1.5916666666666666,164.2708219617287,260.94323620396113,1565.8712852937133,12203.445463421443,0.12831386758659669,11.372178546476013,1.3474740599941166,124,409.71944444444443,1.181657134822679,0.341861430445422,50,0,,,,,
model,phase_reset,phase_reset:tau=0.58,CHAOTIC,TEST,ect,none,980002,,0.7992350260416666,0.425,1.5222222222222221,147.06671099228961,225.20771231587565,1409.615361283343,12062.389570902047,0.11686037438914597,10.463293090961475,1.1133675228699431,116,409.2083333333333,1.1802778826244258,0.3458916586742056,52,0,,,,,
model,phase_reset,phase_reset:tau=0.58,CHAOTIC,TEST,real,mix12,980000,,0.8001247829861111,0.42777777777777776,1.3277777777777777,132.0466134228802,208.09764155712472,988.1584994467044,8231.476687926126,0.12004632180956408,10.717978307862785,0.7564217621761051,131,409.6638888888889,1.1834468204308983,0.34280240655125704,48,0,0.0,0.0,2.777777777777768,0.14829472249527267,
model,phase_reset,phase_reset:tau=0.58,CHAOTIC,TEST,real,mix12,980001,,0.8002332899305555,0.4111111111111111,1.4194444444444445,143.71803461283255,228.31804863588522,1083.7163230400934,9063.847745060437,0.11956470954961604,10.679571134187958,1.0755109253316284,127,409.71944444444443,1.1830477950959897,0.337776385433288,50,0,0.0,0.0,2.777777777777768,0.1483436317244701,
model,phase_reset,phase_reset:tau=0.58,CHAOTIC,TEST,real,mix12,980004,,0.80029296875,0.4444444444444444,1.3555555555555556,126.70941669098183,195.7670206898876,758.5112391032694,6942.594910832866,0.10925471654982026,9.849380392056533,0.7229152696353379,122,409.75,1.1790141842749802,0.3450176268655301,50,0,0.0,0.0,2.777777777777768,0.14838182944150258,
model,phase_reset,phase_reset:tau=0.6,CHAOTIC,TEST,clean,none,980000,,0.7984754774305555,0.6694444444444444,1.0277777777777777,105.06767890325885,162.8928311389783,1537.4101506300892,3354.3453189654624,0.45833389363270827,31.428597774066613,0.3158214163822318,78,408.8194444444444,1.1948908163746794,0.32341457490482795,0,0,,,,,
model,phase_reset,phase_reset:tau=0.6,CHAOTIC,TEST,clean,none,980001,,0.7999511718749999,0.6722222222222223,1.0305555555555554,104.62265866447945,161.57825483210053,2551.2369387845392,3016.296841169477,0.8458175945956881,45.82346582198215,0.30523916739429213,72,409.57499999999993,1.1990119888341886,0.3177042000565913,0,0,,,,,
model,phase_reset,phase_reset:tau=0.6,CHAOTIC,TEST,clean,none,980002,,0.7998860677083333,0.6722222222222223,1.0333333333333334,105.10456139402235,164.74929027563087,1646.1666124452909,3385.072067902567,0.48630179193356915,32.71891311527831,0.3025495346332089,69,409.54166666666663,1.1965838367314743,0.3182228450115868,0,0,,,,,
model,phase_reset,phase_reset:tau=0.58,CHAOTIC,TEST,real,mix12,980002,,0.7994086371527778,0.325,1.6194444444444445,135.81062516324104,204.80811051290038,1861.8274703799107,10065.999690070601,0.1849620035470965,15.609108392794568,0.942113229336018,123,409.2972222222222,1.1810630180481947,0.34000198333621834,52,0,1.0,1.0,2.777777777777768,0.14811632032577493,
model,phase_reset,phase_reset:tau=0.58,CHAOTIC,TEST,real,mix12,980003,,0.7997504340277777,0.40555555555555556,1.3833333333333333,123.86945362050623,196.7098870475132,860.0029833723279,6355.025868213313,0.13532643315803117,11.919605604672332,0.6556459064190737,118,409.4722222222222,1.1797439885490162,0.3417948523084223,50,0,0.0,0.0,2.777777777777768,0.14782527332484494,
model,phase_reset,phase_reset:tau=0.6,CHAOTIC,TEST,clean,none,980003,,0.7994303385416666,0.6722222222222223,1.0333333333333334,103.03914062476301,164.2423061835454,1496.3521999158945,3242.7668600067736,0.46144304062388525,31.5744800034695,0.29924798355523363,70,409.3083333333333,1.2030461244366744,0.332621734827943,0,0,,,,,
model,phase_reset,phase_reset:tau=0.6,CHAOTIC,TEST,clean,none,980004,,0.7995876736111112,0.6722222222222223,1.0305555555555554,104.65482981616218,163.32146068174615,1850.7973549658893,3385.34267853399,0.5467090131529522,35.34659774423186,0.30423737612568996,72,409.3888888888889,1.1934650969991027,0.30992825728219087,0,0,,,,,
model,phase_reset,phase_reset:tau=0.6,CHAOTIC,TEST,ect,none,980000,,0.7984754774305556,0.4111111111111111,1.6527777777777777,170.1031338726105,259.08689807341443,3952.728939772095,14748.098663275247,0.26801617144147016,21.13665247161569,1.1877747816798159,135,408.81944444444446,1.1957759660209852,0.3437343344503438,52,0,,,,,
model,phase_reset,phase_reset:tau=0.6,CHAOTIC,TEST,ect,none,980001,,0.7999511718749999,0.41388888888888886,1.6777777777777778,170.8210949834353,260.22757322651734,3711.462983679346,14984.026501294564,0.24769463557466945,19.8521840610932,1.3107506356864074,130,409.57499999999993,1.2003753163501751,0.3634826869829751,52,0,,,,,
model,phase_reset,phase_reset:tau=0.6,CHAOTIC,TEST,ect,none,980002,,0.7998860677083333,0.4166666666666667,1.6111111111111112,160.05891551003057,241.30424721920537,2692.1393199505737,12419.952356304379,0.2167592308503536,17.814471865470672,0.8011475106831734,127,409.54166666666663,1.1973068944124312,0.344944960749819,52,0,,,,,
model,phase_reset,phase_reset:tau=0.6,CHAOTIC,TEST,ect,none,980003,,0.7994303385416667,0.4111111111111111,1.55,171.94676093987815,263.790107511543,2474.7685905754124,14322.470206854918,0.1727892294299175,14.733186926853755,0.8156612107879964,129,409.30833333333334,1.19873301410587,0.3290310365565951,50,0,,,,,
model,phase_reset,phase_reset:tau=0.6,CHAOTIC,TEST,ect,none,980004,,0.7990668402777777,0.4111111111111111,1.6527777777777777,162.44407282920852,253.36954547342438,2537.786502730208,10948.041676711018,0.23180278059487652,18.818173188644014,1.0631826365341988,130,409.1222222222222,1.1945588233447586,0.31928551951402284,51,0,,,,,
model,phase_reset,phase_reset:tau=0.6,CHAOTIC,TEST,real,mix12,980000,,0.7984917534722222,0.41388888888888886,1.5472222222222223,153.2743149115299,232.01602049383246,3117.28025920071,11345.534851458822,0.27475833444730785,21.553758624095114,0.8918114596789057,131,408.8277777777778,1.1965531017894269,0.3408639681829451,52,0,0.0,0.0,2.777777777777768,0.14890231512531873,
model,phase_reset,phase_reset:tau=0.6,CHAOTIC,TEST,real,mix12,980003,,0.7977918836805555,0.39444444444444443,1.4416666666666667,157.18160603867452,239.1863543383372,2126.2113022294498,11940.724490593575,0.1780638439404907,15.11495704213171,0.5755032634920577,128,408.46944444444443,1.2004846946997352,0.33835260475625556,50,0,0.0,1.0,68.05555555555554,0.14995822256658764,
model,phase_reset,phase_reset:tau=0.6,CHAOTIC,TEST,real,mix12,980004,,0.7947862413194444,0.31666666666666665,1.475,150.53996938001347,230.99564512137084,2146.6713677779203,8811.206661924525,0.24362966959499835,19.590210458257964,0.6165887194755434,141,406.93055555555554,1.1951568811293645,0.32451058125575716,50,0,0.0,3.0,152.7777777777778,0.15042126429187488,
model,phase_reset,phase_reset:tau=0.6,CHAOTIC,TEST,real,mix12,980001,,0.8013129340277777,0.4166666666666667,1.5694444444444444,155.1128466180762,232.6084150674983,4492.352180366973,12313.142368555626,0.3648420562275965,26.731448856141984,1.1676397062667478,135,410.2722222222222,1.2004150724898406,0.3729666403503608,52,0,1.0,0.0,138.88888888888894,0.1497283294817712,
model,phase_reset,phase_reset:tau=0.6,CHAOTIC,TEST,real,mix12,980002,,0.7998806423611111,0.3277777777777778,1.4,150.67019945524126,226.67605416951307,2443.1009363723997,10749.790638996119,0.22726962956001823,18.5183128536714,0.535233664341431,132,409.5388888888889,1.199786411487675,0.3320076464758306,52,0,0.0,0.0,2.777777777777768,0.14919020228871183,
model,phase_reset,phase_reset:tau=1.14,CHAOTIC,TEST,clean,none,980000,,0.8002983940972221,0.6611111111111111,0.9638888888888889,68.79892321641648,88.59247435877427,1375.7628910285948,1756.0280339289354,0.7834515534188052,43.92895068649103,0.44670598601893774,59,409.75277777777774,1.0917963552121095,0.3250525101820835,0,0,,,,,
model,phase_reset,phase_reset:tau=1.14,CHAOTIC,TEST,clean,none,980001,,0.7995768229166667,0.6611111111111111,0.9666666666666667,69.18947727513013,89.0205286114747,1401.9662619074575,1754.3752737468046,0.7991256391303839,44.417444882651175,0.45807366333959737,63,409.3833333333333,1.0899111296740869,0.3219833600876888,0,0,,,,,
model,phase_reset,phase_reset:tau=1.14,CHAOTIC,TEST,clean,none,980002,,0.7996799045138889,0.6611111111111111,0.9611111111111111,69.01904945946328,89.05037719964416,1379.2103511102914,1774.4120209366279,0.7772773937714149,43.73416307974402,0.45069320121228823,55,409.43611111111113,1.089243285106111,0.3157933656326869,0,0,,,,,
model,phase_reset,phase_reset:tau=1.14,CHAOTIC,TEST,clean,none,980003,,0.8002278645833334,0.6611111111111111,0.9666666666666667,69.4922160852461,89.54439346278745,1412.244261188517,1769.5050415723674,0.7981012927398096,44.385780487578856,0.4478434119200315,61,409.7166666666667,1.0895520438264445,0.324915205111118,0,0,,,,,
model,phase_reset,phase_reset:tau=1.14,CHAOTIC,TEST,ect,none,980001,,0.7995768229166667,0.4083333333333333,1.5888888888888888,153.90171081277563,231.9097184020309,3711.2443812623856,13987.546944043183,0.26532489192773556,20.96891427809583,1.8312531452917968,114,409.3833333333333,1.0873148350506237,0.3157798601055176,50,0,,,,,
model,phase_reset,phase_reset:tau=1.14,CHAOTIC,TEST,ect,none,980002,,0.7996799045138889,0.4,1.5833333333333333,160.86669163443582,239.73196676186467,3209.8384617130423,13687.06407541664,0.2345162150207391,18.996608725532163,1.7002405879701195,117,409.43611111111113,1.0904276743581638,0.3133663586850756,54,0,,,,,
model,phase_reset,phase_reset:tau=1.14,CHAOTIC,TEST,clean,none,980004,,0.7995822482638889,0.6611111111111111,0.9638888888888889,68.98351269386154,88.53297002897119,1457.435624769616,1729.7152820124709,0.8425870083508392,45.72847873843283,0.4466846373806405,63,409.3861111111111,1.08911553412823,0.3179264457568308,0,0,,,,,
model,phase_reset,phase_reset:tau=1.14,CHAOTIC,TEST,ect,none,980000,,0.8002983940972221,0.40555555555555556,1.5472222222222223,146.78907158779202,222.20978710587207,2165.53030489761,12055.866307600016,0.17962461175705477,15.227268909683339,1.465180178974289,123,409.75277777777774,1.0918310063244225,0.32049706788595866,54,0,,,,,
model,phase_reset,phase_reset:tau=1.14,CHAOTIC,TEST,ect,none,980003,,0.8002278645833334,0.4027777777777778,1.5527777777777778,152.4092470826677,230.97796219255906,2442.3447873662963,13155.447247997026,0.18565273694804665,15.658272541581594,1.8078831641612885,121,409.7166666666667,1.0909266474462567,0.3088334997109326,48,0,,,,,
model,phase_reset,phase_reset:tau=1.14,CHAOTIC,TEST,ect,none,980004,,0.7995822482638888,0.425,1.5611111111111111,155.5211605383862,230.18977866770632,3838.3487883432517,13338.736187134375,0.28775955491536437,22.3457518771256,1.7884125635794546,125,409.38611111111106,1.0905467853672284,0.32000473746227187,52,0,,,,,
model,phase_reset,phase_reset:tau=1.14,CHAOTIC,TEST,real,mix12,980000,,0.8003038194444444,0.37222222222222223,1.7416666666666667,137.16608578343926,201.54175954086958,2750.046559038247,10081.349111145913,0.27278556954225525,21.43217019975799,1.5073636592639539,125,409.75555555555553,1.0879940163336737,0.31146969814132963,54,0,1.0,1.0,2.777777777777768,0.14422337252868284,
model,phase_reset,phase_reset:tau=1.14,CHAOTIC,TEST,real,mix12,980001,,0.7995713975694445,0.3972222222222222,1.4833333333333334,132.3687436607329,196.0954817058442,2780.7883105614937,9915.284241179605,0.28045472453653714,21.902744326867804,1.4621288711320035,117,409.3805555555556,1.0883026943430618,0.3198397193101166,50,0,0.0,0.0,2.777777777777768,0.14278959900664479,
model,phase_reset,phase_reset:tau=1.14,CHAOTIC,TEST,real,mix12,980002,,0.7996799045138888,0.3277777777777778,1.5194444444444444,138.8544315362913,204.30323195398196,2495.1266917702014,10006.865963763557,0.24934147222571476,19.9578320074103,1.5425700975825902,121,409.4361111111111,1.091990311248577,0.3212032992846735,54,0,0.0,0.0,2.777777777777768,0.1428763485184503,
model,phase_reset,phase_reset:tau=1.14,CHAOTIC,TEST,real,mix12,980003,,0.800222439236111,0.4361111111111111,1.4555555555555555,127.4041421733356,187.92952300573518,1879.4673845953357,8892.280336307433,0.21135943914424482,17.448119221620797,1.5889325838133435,125,409.71388888888885,1.088567485184413,0.31628014594448384,48,0,0.0,0.0,2.777777777777768,0.14329664148160912,
model,phase_reset,phase_reset:tau=1.14,CHAOTIC,TEST,real,mix12,980004,,0.7977864583333333,0.35555555555555557,1.4027777777777777,139.49286349602684,201.9467926627052,3150.564246989045,10489.78921129361,0.30034581091458507,23.097379819552764,1.4013952419509819,132,408.46666666666664,1.0889068174422398,0.32391668655908823,52,0,0.0,1.0,2.777777777777768,0.14357643273177406,
model,phase_reset,phase_reset:tau=1.16,CHAOTIC,TEST,clean,none,980000,,0.8006184895833334,0.6444444444444445,0.9805555555555555,68.96021841159107,90.60486933587069,1171.7980035331793,1763.565903292595,0.6644480942534786,39.920024934841244,-0.012292279013344811,61,409.9166666666667,1.1138345762032642,0.33161383719101156,0,0,,,,,
model,phase_reset,phase_reset:tau=1.16,CHAOTIC,TEST,clean,none,980001,,0.7991644965277778,0.65,0.9888888888888889,62.516659576616675,89.9343451718916,531.9537583874011,1625.4966366176332,0.3272561421562221,24.656592782804623,-0.25002603586330213,68,409.1722222222222,1.124904618480745,0.3326112343393848,0,0,,,,,
model,phase_reset,phase_reset:tau=1.16,CHAOTIC,TEST,clean,none,980002,,0.7989312065972223,0.6472222222222223,0.9861111111111112,63.20433159119004,91.81669182234717,533.0123868889503,1709.4584489613312,0.3118018968011824,23.768977431844597,-0.19899612647196468,65,409.0527777777778,1.1228206796839317,0.3353113530405093,0,0,,,,,
model,phase_reset,phase_reset:tau=1.16,CHAOTIC,TEST,ect,none,980000,,0.8006184895833334,0.39444444444444443,1.6722222222222223,157.87297304766005,236.14516337335706,4206.036461203272,14879.272207081398,0.28267756666226723,22.038084551352963,1.7674604170195267,119,409.9166666666667,1.1118970576782714,0.3299728879232784,50,0,,,,,
model,phase_reset,phase_reset:tau=1.16,CHAOTIC,TEST,ect,none,980001,,0.7991644965277778,0.4888888888888889,1.4333333333333333,135.48401362692022,201.26848377464168,1764.925019371538,9685.959650014793,0.18221478130655258,15.413001443373396,1.3998391395375704,119,409.1722222222222,1.1228333095475604,0.3266815560254776,48,0,,,,,
model,phase_reset,phase_reset:tau=1.16,CHAOTIC,TEST,clean,none,980003,,0.8007758246527779,0.6472222222222223,0.9861111111111112,67.48061012192333,93.10521647097143,980.4998300821438,1821.655523608989,0.5382465660355027,34.99091614569416,-0.07402950309959151,71,409.99722222222226,1.1222675423614916,0.3335396166937227,0,0,,,,,
model,phase_reset,phase_reset:tau=1.16,CHAOTIC,TEST,clean,none,980004,,0.8011773003472222,0.6416666666666667,0.975,69.58563916359097,90.01548781021197,1049.0225761871227,1722.4040111482493,0.6090455952246573,37.8513571667695,-0.03311855963574047,67,410.2027777777778,1.1109274752685558,0.3435294159468675,0,0,,,,,
model,phase_reset,phase_reset:tau=1.16,CHAOTIC,TEST,ect,none,980004,,0.8007703993055555,0.46944444444444444,1.5527777777777778,145.47468127141397,214.53940351799912,2749.832736655263,12492.650859756828,0.2201160320195476,18.04058189901902,1.701402340655414,123,409.9944444444444,1.1126413975682006,0.33705887444096455,51,0,,,,,
model,phase_reset,phase_reset:tau=1.16,CHAOTIC,TEST,real,mix12,980000,,0.8006293402777778,0.43333333333333335,1.5777777777777777,133.41222879799093,194.22564025686302,3217.0395521426735,10938.366493803389,0.2941060307281836,22.726579101303805,1.6133354108879094,120,409.9222222222222,1.114024351007098,0.33518853183071917,50,0,0.0,0.0,2.777777777777768,0.14440592536435903,
model,phase_reset,phase_reset:tau=1.16,CHAOTIC,TEST,ect,none,980002,,0.7989312065972223,0.3972222222222222,1.5972222222222223,156.954135130986,237.0040862910465,3318.025528514817,14582.417879062119,0.22753603387535198,18.535996304484595,1.736867265565892,123,409.0527777777778,1.1254623878958596,0.33967944846698156,54,0,,,,,
model,phase_reset,phase_reset:tau=1.16,CHAOTIC,TEST,ect,none,980003,,0.8007758246527779,0.4777777777777778,1.6277777777777778,143.40826371501868,215.39993833519233,2675.2009726857514,11399.790343850862,0.23467106779983687,19.00676819276383,1.593138597427955,125,409.99722222222226,1.1229852682605364,0.3421034626505748,50,0,,,,,
model,phase_reset,phase_reset:tau=1.16,CHAOTIC,TEST,real,mix12,980001,,0.7991644965277779,0.4527777777777778,1.3472222222222223,119.16490343000508,175.66687839752205,1411.7070880480387,7230.645403248642,0.19523943013631614,16.334754795869582,1.0748471606384644,114,409.1722222222223,1.1251705151814413,0.3350079142650083,48,0,0.0,0.0,2.777777777777768,0.14318601762110789,
model,phase_reset,phase_reset:tau=1.16,CHAOTIC,TEST,real,mix12,980002,,0.79892578125,0.43333333333333335,1.4916666666666667,132.54969156086798,197.24825188303691,2499.1292165857117,10167.980282147979,0.245784231207987,19.729277755399092,1.5592888170158543,121,409.05,1.1253165074890124,0.3357773742056104,54,0,0.0,0.0,2.777777777777768,0.14343459645527112,
model,phase_reset,phase_reset:tau=1.2,CHAOTIC,TEST,clean,none,980000,,0.8003038194444445,0.6472222222222223,0.9972222222222222,77.20038092887735,109.76042214469766,682.5810509634382,2241.6592620344745,0.30449812891899747,23.34216678189695,-0.05385644379666877,57,409.7555555555556,1.1388949111934,0.34752335591302086,0,0,,,,,
model,phase_reset,phase_reset:tau=1.2,CHAOTIC,TEST,clean,none,980001,,0.8002604166666665,0.6555555555555556,1.0083333333333333,70.79236522516484,105.6789370578283,529.966700989772,2035.1647758757063,0.26040481206821886,20.660410812056192,-0.39793439946248743,57,409.73333333333323,1.1541727874896708,0.35228417614075347,0,0,,,,,
model,phase_reset,phase_reset:tau=1.2,CHAOTIC,TEST,clean,none,980002,,0.8002278645833334,0.6555555555555556,1.011111111111111,68.94991942665153,106.46941926000967,397.2087263845565,1943.1799462907863,0.20441170522717836,16.971912871655615,-0.556139016553496,54,409.7166666666667,1.1580330890570183,0.350698552922017,0,0,,,,,
model,phase_reset,phase_reset:tau=1.2,CHAOTIC,TEST,clean,none,980003,,0.8002278645833334,0.6583333333333333,1.0055555555555555,67.1161726093819,105.55677148794403,231.90135019899162,1703.5318343650297,0.1361297426445981,11.981883541550937,-0.7316431451952834,53,409.7166666666667,1.1629459380048082,0.373491573443842,0,0,,,,,
model,phase_reset,phase_reset:tau=1.16,CHAOTIC,TEST,real,mix12,980003,,0.8023274739583335,0.45555555555555555,1.8694444444444445,130.97798360792225,194.37368637700808,3289.096788569113,10157.524120166872,0.32380890753081254,24.460396488401457,1.939275488612634,132,410.79166666666674,1.1225925787490252,0.33938644315957467,50,0,1.0,0.0,2.777777777777879,0.1450322828381116,
model,phase_reset,phase_reset:tau=1.16,CHAOTIC,TEST,real,mix12,980004,,0.8009765625,0.4166666666666667,1.45,127.65994729905434,185.54336329605488,2155.7797833597374,9138.751390683316,0.2358943460873102,19.08693464244114,1.4010485566946962,126,410.1,1.1126363630150506,0.3408186826467077,51,0,0.0,0.0,2.777777777777768,0.14536280140112737,
model,phase_reset,phase_reset:tau=1.2,CHAOTIC,TEST,clean,none,980004,,0.7997124565972222,0.6583333333333333,1.0055555555555555,66.86698830822164,103.34661259941458,313.68538192691335,1691.2572783679902,0.18547466783386726,15.64560364438422,-0.7254341909790941,51,409.4527777777778,1.1619037762619544,0.36240726904795045,0,0,,,,,
model,phase_reset,phase_reset:tau=1.2,CHAOTIC,TEST,ect,none,980000,,0.8003038194444445,0.3972222222222222,1.5638888888888889,158.5913254896752,240.7282969392237,2362.9162292845617,12346.812693363132,0.19137864062315585,16.063628648156257,1.4534533021127654,114,409.7555555555556,1.1377721141921517,0.34281619866752244,54,0,,,,,
model,phase_reset,phase_reset:tau=1.2,CHAOTIC,TEST,ect,none,980001,,0.8002604166666667,0.425,1.45,147.3396383841195,223.85739180204652,1407.9239549949853,12357.38631491246,0.11393379790157988,10.228058266676845,1.2983810516470424,110,409.73333333333335,1.155665434925842,0.3630252327728162,50,0,,,,,
model,phase_reset,phase_reset:tau=1.2,CHAOTIC,TEST,ect,none,980002,,0.8002278645833334,0.49444444444444446,1.4277777777777778,147.2817778164442,225.56553555106987,1856.3406332202603,11635.941514897078,0.1595350604713554,13.758537012800959,1.4161235871758113,106,409.7166666666667,1.159364850419671,0.3604901938990906,52,0,,,,,
model,phase_reset,phase_reset:tau=1.2,CHAOTIC,TEST,ect,none,980003,,0.8002278645833334,0.4083333333333333,1.4861111111111112,144.41352694685935,224.34720707922625,1624.8421230398253,11158.05941983404,0.14562049384246714,12.711058734123101,1.4358343074893485,106,409.7166666666667,1.1600964730684833,0.35766035532754675,48,0,,,,,
model,phase_reset,phase_reset:tau=1.2,CHAOTIC,TEST,ect,none,980004,,0.7997124565972222,0.4305555555555556,1.4444444444444444,140.3841834887707,214.80690284170072,1742.12822388013,11293.7640504577,0.1542557659339029,13.364088834253758,1.2548625009594974,105,409.4527777777778,1.1588767576326484,0.3535171657094871,48,0,,,,,
model,phase_reset,phase_reset:tau=1.2,CHAOTIC,TEST,real,mix12,980000,,0.8002983940972224,0.40555555555555556,1.45,132.8431440452942,195.72432347424058,1780.8929636396012,8837.29661538358,0.2015201074658398,16.772096131697005,1.0580186963333558,116,409.75277777777785,1.1358058413009813,0.3384877490475082,54,0,0.0,0.0,2.777777777777768,0.14443035087005224,
model,phase_reset,phase_reset:tau=1.2,CHAOTIC,TEST,real,mix12,980001,,0.8002658420138888,0.40555555555555556,1.336111111111111,127.33268994233352,191.5406526768929,1074.8305627712052,8827.4193116105,0.121760451705008,10.854407598337014,0.932492779949437,114,409.7361111111111,1.1540653372714709,0.35223532505081445,50,0,0.0,0.0,2.777777777777768,0.1453476229210972,
model,phase_reset,phase_reset:tau=1.2,CHAOTIC,TEST,real,mix12,980002,,0.7986273871527778,0.26944444444444443,1.3138888888888889,128.9755202006875,195.16075001026118,1372.5916017629777,8613.022009206461,0.15936237017574253,13.74569110360081,0.9008122567598206,115,408.89722222222224,1.1599457964395246,0.3662633250809777,52,0,0.0,1.0,2.777777777777768,0.14465379670470038,
model,phase_reset,phase_reset:tau=1.2,CHAOTIC,TEST,real,mix12,980003,,0.8002278645833333,0.41388888888888886,1.4055555555555554,124.19515446054456,191.04110076534235,1130.4766276749233,7847.662043813718,0.14405266452141294,12.591436477417227,1.176957067424892,100,409.71666666666664,1.1612403780215077,0.3642743871096715,48,0,1.0,1.0,2.777777777777768,0.14537602511111078,
model,phase_reset,phase_reset:tau=1.2,CHAOTIC,TEST,real,mix12,980004,,0.8013183593750001,0.4388888888888889,1.613888888888889,124.76716433948141,188.0302934865371,1809.4429756905558,9078.41500162204,0.1993126526345472,16.61890685441484,1.2330203365554675,108,410.27500000000003,1.1608473350821176,0.3558198421576384,48,0,1.0,0.0,2.777777777777768,0.14427086762917218,
model,phase_reset,phase_reset:tau=1.58,CHAOTIC,TEST,clean,none,980000,,0.8000271267361112,0.6527777777777778,0.9972222222222222,53.510826743146445,76.63708222218565,126.1221561874307,1145.90902512835,0.11006297482760825,9.915020798230023,-1.2814553215238205,55,409.61388888888894,1.1398497020792844,0.3518523207661899,0,0,,,,,
model,phase_reset,phase_reset:tau=1.58,CHAOTIC,TEST,clean,none,980001,,0.7999728732638891,0.6527777777777778,0.9083333333333333,52.42525854147582,75.5293464640395,128.2845304883628,1134.5558555380708,0.11307026433486873,10.158412092918097,-1.4222231970133274,51,409.5861111111112,1.1410684863997949,0.34579523421064695,0,0,,,,,
model,phase_reset,phase_reset:tau=1.58,CHAOTIC,TEST,clean,none,980002,,0.8000379774305557,0.6527777777777778,1.0,53.11543040858953,76.17988664903058,176.45993593505477,1177.2880466679344,0.1498867982517001,13.034917739693121,-1.269134090102852,54,409.6194444444445,1.1396687867916686,0.3441130238972787,0,0,,,,,
model,phase_reset,phase_reset:tau=1.58,CHAOTIC,TEST,clean,none,980003,,0.8000000000000003,0.6527777777777778,0.9083333333333333,52.71035736755694,75.96750187966957,129.59260455418232,1154.8393609789373,0.11221699652177504,10.089487651484387,-1.43248057010505,53,409.60000000000014,1.1416370646900855,0.3530713825858719,0,0,,,,,
model,phase_reset,phase_reset:tau=1.58,CHAOTIC,TEST,clean,none,980004,,0.7999674479166667,0.6555555555555556,0.9111111111111111,53.29635732946547,76.68051530764927,118.98621729512809,1170.7923289658772,0.10162879816630226,9.22532148174292,-1.4606920661231515,41,409.58333333333337,1.141834130185657,0.34650428470775096,0,0,,,,,
model,phase_reset,phase_reset:tau=1.58,CHAOTIC,TEST,ect,none,980000,,0.8000271267361112,0.3972222222222222,1.4777777777777779,147.9512952529064,224.36887854704267,1675.097505940721,12873.808279994702,0.1301167043588605,11.513563498088324,1.5475615042739899,112,409.61388888888894,1.1397728600757986,0.35141097485560735,52,0,,,,,
model,phase_reset,phase_reset:tau=1.58,CHAOTIC,TEST,ect,none,980001,,0.7999728732638889,0.4111111111111111,1.4305555555555556,140.32261468998462,211.76784130916076,1308.162552245928,10323.865267283029,0.12671247816373354,11.246212376226095,1.3653598796893576,112,409.5861111111111,1.140425076031758,0.3497676656255051,52,0,,,,,
model,phase_reset,phase_reset:tau=1.58,CHAOTIC,TEST,ect,none,980002,,0.8000379774305557,0.41388888888888886,1.4416666666666667,140.32659362464383,213.41540060962353,1512.5729658296698,11203.696606082447,0.1350065981801488,11.89478531636875,1.5836693556701937,110,409.6194444444445,1.139029409018668,0.3494906509304232,48,0,,,,,
model,phase_reset,phase_reset:tau=1.58,CHAOTIC,TEST,ect,none,980003,,0.8000000000000002,0.4861111111111111,1.4166666666666667,143.43442347732997,218.54853710716586,1602.6091119576133,11584.914320826243,0.13833586227535555,12.152464563388502,1.6083616387412274,109,409.6000000000001,1.1398998655935544,0.3465005435161344,50,0,,,,,
model,phase_reset,phase_reset:tau=1.58,CHAOTIC,TEST,ect,none,980004,,0.7999674479166667,0.40555555555555556,1.475,146.11770282812498,220.3081982264698,1872.7392645159575,13460.60294572692,0.13912744266113727,12.213509871741744,1.5437376962738145,91,409.58333333333337,1.1412847605382908,0.3541927354522689,50,0,,,,,
model,phase_reset,phase_reset:tau=1.58,CHAOTIC,TEST,real,mix12,980000,,0.8000271267361112,0.4027777777777778,1.375,118.00906578402989,174.50964478869994,1008.0859197572324,8384.207409391453,0.12023628120507122,10.733117934345916,1.16877110468192,110,409.61388888888894,1.140415982238943,0.35061140369521226,52,0,0.0,0.0,2.777777777777768,0.14273421424257265,
model,phase_reset,phase_reset:tau=1.58,CHAOTIC,TEST,real,mix12,980001,,0.7999674479166667,0.4222222222222222,1.386111111111111,115.76077500875299,172.00433895448225,809.2263296561771,7046.556116532398,0.11483997519832374,10.301027748659118,0.9457546800234456,108,409.58333333333337,1.141113737604068,0.3454952335922812,52,0,0.0,0.0,2.777777777777768,0.14293585778517665,
model,phase_reset,phase_reset:tau=1.58,CHAOTIC,TEST,real,mix12,980002,,0.8000379774305557,0.41944444444444445,1.3277777777777777,116.44506389225674,173.09253928364984,951.6738382318108,7804.546212820654,0.12193839491506642,10.868546389688131,1.1697396348450098,106,409.6194444444445,1.138928013026911,0.345784652823729,48,0,0.0,0.0,2.777777777777768,0.14338886026725342,
model,phase_reset,phase_reset:tau=1.6,CHAOTIC,TEST,clean,none,980000,,0.8006835937499999,0.6527777777777778,1.0027777777777778,65.87476690668596,94.83247863793571,503.59754790718665,1773.1958309221168,0.2840056011440656,22.118719800833652,-0.4710334019427865,51,409.94999999999993,1.1504079937517833,0.35575830579977297,0,0,,,,,
model,phase_reset,phase_reset:tau=1.6,CHAOTIC,TEST,clean,none,980001,,0.8007595486111111,0.6527777777777778,1.0027777777777778,67.30367625721841,96.76350953515659,521.8853538155411,1862.7680175731023,0.28016658483082435,21.8851662081032,-0.3880404570720617,50,409.9888888888889,1.1459357776759913,0.35195755986680366,0,0,,,,,
model,phase_reset,phase_reset:tau=1.58,CHAOTIC,TEST,real,mix12,980003,,0.7984157986111111,0.37222222222222223,1.3083333333333333,120.50646586412886,178.125043047958,1094.5034644408292,7897.482993217396,0.13858889792872273,12.171987464557077,0.9276826770318976,109,408.7888888888889,1.139873593268349,0.3479891542248965,50,0,0.0,1.0,2.777777777777768,0.14310975736737974,
model,phase_reset,phase_reset:tau=1.58,CHAOTIC,TEST,real,mix12,980004,,0.799972873263889,0.4027777777777778,1.3611111111111112,122.80304326050616,181.83860946389774,1258.8145165648111,9626.846153375502,0.13076084280451783,11.563969838237785,1.1945465375760884,107,409.58611111111117,1.14102852146743,0.3495010068083045,50,0,0.0,0.0,2.777777777777768,0.14307182504397625,
model,phase_reset,phase_reset:tau=1.6,CHAOTIC,TEST,clean,none,980002,,0.79814453125,0.6527777777777778,1.0055555555555555,64.43517858567756,93.8244683018114,323.0265526882912,1758.0873926337852,0.18373748315455818,15.52181001018179,-0.6737394480602156,47,408.65,1.1509962413353545,0.3623782235590469,0,0,,,,,
model,phase_reset,phase_reset:tau=1.6,CHAOTIC,TEST,clean,none,980003,,0.8003092447916669,0.65,0.9916666666666667,67.19533064201019,95.77164679754313,493.76146124741854,1803.815130160429,0.2737317438974492,21.490533246809616,-0.27481407603607494,50,409.75833333333344,1.1410517027877698,0.3522056626465298,0,0,,,,,
model,phase_reset,phase_reset:tau=1.6,CHAOTIC,TEST,clean,none,980004,,0.800119357638889,0.6555555555555556,1.0083333333333333,62.16998770047247,91.98945585710611,304.7623506737568,1715.6801350257872,0.17763354861550354,15.083940910509908,-1.0238352048134491,45,409.66111111111115,1.1585004800331156,0.360664899287266,0,0,,,,,
model,phase_reset,phase_reset:tau=1.6,CHAOTIC,TEST,ect,none,980000,,0.8006835937499999,0.40555555555555556,1.5361111111111112,148.4246086945165,226.92515526628782,1843.3944406463916,10568.544173394856,0.1744227407675443,14.851785027046589,1.474341026669557,107,409.94999999999993,1.149741518726859,0.35784619688226443,52,0,,,,,
model,phase_reset,phase_reset:tau=1.6,CHAOTIC,TEST,ect,none,980003,,0.8003092447916667,0.4361111111111111,1.5166666666666666,145.52460120569347,220.53998103628734,1940.443427092624,12286.298583994701,0.15793555836421147,13.63940827478546,1.5562154368819658,105,409.7583333333333,1.1412431364142486,0.35692844815179914,50,0,,,,,
model,phase_reset,phase_reset:tau=1.6,CHAOTIC,TEST,ect,none,980004,,0.800119357638889,0.3972222222222222,1.4805555555555556,150.68052157952198,231.5702410100789,1745.8613569357994,13400.779884419528,0.13028057859271552,11.526392743554407,1.5706327546518197,94,409.66111111111115,1.1570920254422994,0.3618593252933332,54,0,,,,,
model,phase_reset,phase_reset:tau=1.6,CHAOTIC,TEST,ect,none,980001,,0.8007595486111111,0.41944444444444445,1.4944444444444445,159.34219653044667,238.88990022895095,2387.5624035597702,15059.680268111186,0.1585400460735826,13.684468362651076,1.4999195416641702,103,409.9888888888889,1.1461381060318925,0.3532093831153894,50,0,,,,,
model,phase_reset,phase_reset:tau=1.6,CHAOTIC,TEST,ect,none,980002,,0.79814453125,0.4111111111111111,1.4333333333333333,140.54522011214357,214.81758745114666,1548.2772613747975,9560.077131814909,0.16195238176711957,13.937953422912154,1.293599833452151,103,408.65,1.1500104083492602,0.34972528858836127,52,0,,,,,
model,phase_reset,phase_reset:tau=1.6,CHAOTIC,TEST,real,mix12,980000,,0.8022677951388888,0.4,1.4972222222222222,130.71840235536297,197.2025828661658,2134.9362075626655,8103.701853914935,0.26345196874824167,20.85175972373966,1.2853582197174003,113,410.76111111111106,1.1483812320426507,0.35462563046549217,50,0,2.0,1.0,5.555555555555536,0.14447459920564118,
model,phase_reset,phase_reset:tau=1.6,CHAOTIC,TEST,real,mix12,980001,,0.7991644965277778,0.2861111111111111,1.3972222222222221,134.61356726107257,198.27829759785,1613.7325724931677,10326.061167259008,0.15627764995329033,13.515581656326527,0.9027166916064377,113,409.1722222222222,1.146345141755626,0.3594471489543711,50,0,0.0,1.0,2.777777777777768,0.1432935013209186,
model,phase_reset,phase_reset:tau=0.38,NON-CHAOTIC,TEST,clean,none,980001,,0.7999999999999999,0.6805555555555556,0.9194444444444444,119.56126055494994,238.8888888888888,0.0008198261361448553,0.004407855934233518,0.18599204429021676,15.682402355534165,1.1452094256741004e-15,2,409.59999999999997,0.9911165180443051,0.2143481555534186,0,0,,,,,
model,phase_reset,phase_reset:tau=0.38,NON-CHAOTIC,TEST,clean,none,980002,,0.7999999999999999,0.6805555555555556,0.9194444444444444,119.56126055494994,238.8888888888888,0.0008198261361448553,0.004407855934233518,0.18599204429021676,15.682402355534165,1.1452094256741004e-15,2,409.59999999999997,0.9983352569025474,0.23324548008482549,0,0,,,,,
model,phase_reset,phase_reset:tau=1.6,CHAOTIC,TEST,real,mix12,980002,,0.7965549045138889,0.25,1.325,121.0345901501505,181.30129335379036,1190.3656816799767,6925.865577185476,0.1718724783803436,14.666483047531779,0.6030919988890124,111,407.8361111111111,1.151022345141029,0.35155982030886596,52,0,0.0,1.0,2.777777777777768,0.14438998671931702,
model,phase_reset,phase_reset:tau=1.6,CHAOTIC,TEST,real,mix12,980003,,0.8019097222222223,0.3972222222222222,1.625,131.23553565500555,193.52167429983635,2315.891569367152,10860.660891184176,0.21323670746842022,17.575853595244986,1.4666755967657379,109,410.57777777777784,1.1400313278754464,0.34308987312417627,50,0,1.0,0.0,2.777777777777768,0.14478733206179611,
model,phase_reset,phase_reset:tau=1.6,CHAOTIC,TEST,real,mix12,980004,,0.8001193576388889,0.41944444444444445,1.363888888888889,129.34256136428252,196.44776109260746,1219.8526833995402,9857.440567954509,0.12374943323170028,11.012190936178653,1.2487906973790304,100,409.6611111111111,1.15736232649764,0.36181963119259275,54,0,0.0,0.0,2.777777777777768,0.14383579356828025,
model,phase_reset,phase_reset:tau=0.38,NON-CHAOTIC,TEST,clean,none,980000,,0.7999999999999999,0.6805555555555556,0.9194444444444444,119.56126055494994,238.8888888888888,0.0008198261361448553,0.004407855934233518,0.18599204429021676,15.682402355534165,1.1452094256741004e-15,2,409.59999999999997,0.9966727946507037,0.23428768474580425,0,0,,,,,
model,phase_reset,phase_reset:tau=0.38,NON-CHAOTIC,TEST,ect,none,980002,,0.7999999999999999,0.41388888888888886,1.4416666666666667,178.59334020334452,303.4644988874222,1765.1922823749558,10245.607654459964,0.17228771019809244,14.696708725964497,0.6568725752256108,61,409.59999999999997,1.3541632168790603,0.6226669688494992,50,0,,,,,
model,phase_reset,phase_reset:tau=0.38,NON-CHAOTIC,TEST,ect,none,980003,,0.7999999999999998,0.4083333333333333,1.4222222222222223,167.18454367433017,292.965223472409,1495.4666887682176,9058.400348669997,0.1650916973423227,14.169845834358917,0.7739994895591001,68,409.5999999999999,1.3578739776106437,0.6291782977152905,50,0,,,,,
model,phase_reset,phase_reset:tau=0.38,NON-CHAOTIC,TEST,clean,none,980003,,0.7999999999999999,0.6805555555555556,0.9194444444444444,119.56126055494994,238.8888888888888,0.0008198261361448553,0.004407855934233518,0.18599204429021676,15.682402355534165,1.1452094256741004e-15,2,409.59999999999997,1.0024886904125876,0.2456839099033143,0,0,,,,,
model,phase_reset,phase_reset:tau=0.38,NON-CHAOTIC,TEST,clean,none,980004,,0.7999999999999999,0.6805555555555556,0.9194444444444444,119.56126055494994,238.8888888888888,0.0008198261361448553,0.004407855934233518,0.18599204429021676,15.682402355534165,1.1452094256741004e-15,2,409.59999999999997,0.9994041293132172,0.23709535027077977,0,0,,,,,
model,phase_reset,phase_reset:tau=0.38,NON-CHAOTIC,TEST,ect,none,980000,,0.7999999999999998,0.4083333333333333,1.4444444444444444,176.0326768585259,302.86820575421183,1485.4072416723989,10780.271247200384,0.13778941249350812,12.110273744904818,0.7746506189862882,67,409.5999999999999,1.3524708952655344,0.6149980462368319,50,0,,,,,
model,phase_reset,phase_reset:tau=0.38,NON-CHAOTIC,TEST,ect,none,980001,,0.8,0.41388888888888886,1.425,184.54525403380828,310.8956364055394,1553.2820639590188,12366.987820124465,0.12559906151370223,11.158419175012192,0.7072517548817402,71,409.6,1.3557919641272564,0.6243763002771309,54,0,,,,,
model,phase_reset,phase_reset:tau=0.38,NON-CHAOTIC,TEST,ect,none,980004,,0.7999999999999999,0.41388888888888886,1.425,181.00563602953306,307.52503314364856,1530.3143237540276,10188.990227374094,0.15019293272483786,13.058064299615088,0.7444091703768555,69,409.59999999999997,1.352395256224332,0.6125555126977904,52,0,,,,,
model,phase_reset,phase_reset:tau=0.38,NON-CHAOTIC,TEST,real,mix12,980000,,0.8013292100694445,0.425,1.6472222222222221,159.51864625924807,278.66961095840065,1641.4245206776593,8317.864633070598,0.19733724857117757,16.481342145386915,0.7172395025211377,85,410.28055555555557,1.3583895525544556,0.6303179024445791,50,0,1.0,0.0,233.3333333333333,0.1554829472205443,
model,phase_reset,phase_reset:tau=0.38,NON-CHAOTIC,TEST,real,mix12,980001,,0.8,0.3111111111111111,1.3444444444444446,165.58666531979293,282.9219798916401,1128.3439513198493,9302.852278657652,0.12129010732638043,10.817013949724949,0.4336473870542383,84,409.6,1.3562048109760785,0.6256544747523264,54,0,1.0,1.0,2.777777777777768,0.15546599959577875,
model,phase_reset,phase_reset:tau=0.38,NON-CHAOTIC,TEST,real,mix12,980002,,0.7981987847222223,0.3972222222222222,1.3305555555555555,161.7965862574278,276.1289125001642,1289.9217528173613,8369.694554663301,0.15411813948439276,13.353757662386773,0.3972358273820165,84,408.6777777777778,1.3504018254983912,0.6151570952068933,50,0,0.0,1.0,238.88888888888883,0.15542873285091738,
model,phase_reset,phase_reset:tau=0.38,NON-CHAOTIC,TEST,real,mix12,980003,,0.8000054253472222,0.3861111111111111,1.325,148.36671077880413,265.26870582352893,978.869242519638,6130.314731109264,0.15967683315706602,13.769080194726927,0.486401997639039,73,409.60277777777776,1.360788273888999,0.6341369081918397,50,0,0.0,0.0,0.0,0.15533460505436833,
model,phase_reset,phase_reset:tau=0.38,NON-CHAOTIC,TEST,real,mix12,980004,,0.7999999999999999,0.4,1.3,159.39905809987778,274.63876529448424,1019.4299114467793,7237.108326387927,0.14086149681216412,12.346941079680954,0.46952581251627346,82,409.59999999999997,1.3489208166380666,0.6081026353542902,52,0,0.0,0.0,2.777777777777768,0.15534666231249397,
model,phase_reset,phase_reset:tau=0.62,NON-CHAOTIC,TEST,clean,none,980000,,0.7999999999999998,0.7277777777777777,0.8722222222222222,72.29285521927208,144.44444444444449,6.374104353157487e-05,0.0010063128243319747,0.06334118177803048,5.956806983824011,6.907310408668683e-15,2,409.5999999999999,1.1948361556577891,0.4026519175021621,0,0,,,,,
model,phase_reset,phase_reset:tau=0.62,NON-CHAOTIC,TEST,clean,none,980001,,0.7999999999999998,0.7277777777777777,0.8722222222222222,72.29285521927208,144.44444444444449,6.374104353157487e-05,0.0010063128243319747,0.06334118177803048,5.956806983824011,6.907310408668683e-15,2,409.5999999999999,1.1975383043527303,0.40804578678071873,0,0,,,,,
model,phase_reset,phase_reset:tau=0.62,NON-CHAOTIC,TEST,clean,none,980002,,0.7999999999999998,0.7277777777777777,0.8722222222222222,72.29285521927208,144.44444444444449,6.374104353157487e-05,0.0010063128243319747,0.06334118177803048,5.956806983824011,6.907310408668683e-15,2,409.5999999999999,1.195247420138438,0.4042520122830213,0,0,,,,,
model,phase_reset,phase_reset:tau=0.62,NON-CHAOTIC,TEST,clean,none,980003,,0.7999999999999998,0.7277777777777777,0.8722222222222222,72.29285521927208,144.44444444444449,0.0002127497916993321,0.0010065958819546069,0.2113557143570017,17.44786538355426,6.907310408668683e-15,2,409.5999999999999,1.0500177512767956,0.2847257895583757,0,0,,,,,
model,phase_reset,phase_reset:tau=0.62,NON-CHAOTIC,TEST,clean,none,980004,,0.7999999999999998,0.7277777777777777,0.8722222222222222,72.29285521927208,144.44444444444449,0.0002127497916993321,0.0010065958819546069,0.2113557143570017,17.44786538355426,6.907310408668683e-15,2,409.5999999999999,1.045971028088485,0.27768616171205235,0,0,,,,,
model,phase_reset,phase_reset:tau=0.62,NON-CHAOTIC,TEST,ect,none,980000,,0.7999999999999998,0.44166666666666665,1.3833333333333333,152.0965162165866,247.37856364938207,1393.7310837141406,10929.174866137935,0.12752390741156164,11.31008456435449,1.2915178114897197,60,409.5999999999999,1.2593131896303782,0.495041655413175,50,0,,,,,
model,phase_reset,phase_reset:tau=0.62,NON-CHAOTIC,TEST,ect,none,980001,,0.7999999999999998,0.4388888888888889,1.4111111111111112,147.78142350738702,240.64984540821234,1462.6901109864798,10870.039544473078,0.13456161819854567,11.86023006949612,1.3237159953137942,66,409.5999999999999,1.259701968542213,0.4951717447536918,50,0,,,,,
model,phase_reset,phase_reset:tau=0.62,NON-CHAOTIC,TEST,ect,none,980002,,0.7999999999999998,0.4444444444444444,1.4222222222222223,149.39791625897186,243.05401018363747,1449.9583235676237,9659.519162609226,0.150106677067346,13.051543831577662,1.2394786340506883,61,409.5999999999999,1.2593227789660566,0.4956771566606761,50,0,,,,,
model,phase_reset,phase_reset:tau=0.62,NON-CHAOTIC,TEST,ect,none,980003,,0.7999999999999998,0.4388888888888889,1.4388888888888889,150.51071521058367,245.08369339254295,1695.6592683420647,12211.482687637694,0.1388577711418014,12.19272280177574,1.354892554513118,62,409.5999999999999,1.2601293561164169,0.4962711176388316,50,0,,,,,
model,phase_reset,phase_reset:tau=0.62,NON-CHAOTIC,TEST,ect,none,980004,,0.7999999999999998,0.4444444444444444,1.413888888888889,151.559564247269,246.2398116484535,1500.1894610424572,10883.42295655472,0.1378416943852158,12.11431212842773,1.1818901047059207,65,409.5999999999999,1.249349722420328,0.4735152830668649,52,0,,,,,
model,phase_reset,phase_reset:tau=0.62,NON-CHAOTIC,TEST,real,mix12,980004,,0.7999945746527777,0.34444444444444444,1.3166666666666667,130.7021285432008,214.2160320129777,980.5717422169608,7566.9331021683365,0.12958641618438174,11.47202324033874,0.8565022703854167,79,409.5972222222222,1.2530579308633412,0.4774234796205349,52,0,0.0,0.0,2.777777777777768,0.14787858071072554,
model,phase_reset,phase_reset:tau=0.66,NON-CHAOTIC,TEST,clean,none,980000,,0.7999999999999999,0.7416666666666667,0.8583333333333333,58.390383061719724,116.6666666666666,0.00012534769439267917,0.0005380976735254837,0.23294598835826938,18.89344631133833,3.1407092670017454e-15,2,409.59999999999997,1.064874649484145,0.2927206795812244,0,0,,,,,
model,phase_reset,phase_reset:tau=0.62,NON-CHAOTIC,TEST,real,mix12,980002,,0.7999891493055555,0.44166666666666665,1.3138888888888889,129.28726785857452,211.82526892031495,1000.448638353633,7187.858781673116,0.13918590622627103,12.218015116369005,0.9680268618317378,77,409.59444444444443,1.2565380761138973,0.49197939550138237,50,0,0.0,0.0,2.777777777777768,0.14734441650048402,
model,phase_reset,phase_reset:tau=0.62,NON-CHAOTIC,TEST,real,mix12,980003,,0.8000054253472222,0.425,1.3555555555555556,128.66671546634174,213.17657982454958,982.8637790430853,8111.4264969272845,0.12117027497141311,10.807481938860947,1.098119866584293,85,409.60277777777776,1.2593784834005337,0.49250438665433444,50,0,0.0,0.0,0.0,0.1477567426423285,
model,phase_reset,phase_reset:tau=0.62,NON-CHAOTIC,TEST,real,mix12,980000,,0.8000054253472222,0.4444444444444444,1.3555555555555556,127.14142609113208,208.92158018652134,872.3593846559711,7278.920372068658,0.11984735923248573,10.702115627135647,1.0094587991065664,82,409.60277777777776,1.2621755837124327,0.5032581050465098,50,0,0.0,0.0,2.777777777777768,0.14759649466996624,
model,phase_reset,phase_reset:tau=0.62,NON-CHAOTIC,TEST,real,mix12,980001,,0.8017035590277777,0.36944444444444446,1.6,134.91383985655213,217.7457365124979,2031.7086422595366,9605.504644674249,0.21151503407850758,17.45872136365096,1.2740325634822316,85,410.4722222222222,1.2611098364736635,0.49998277771684224,50,0,1.0,0.0,2.777777777777768,0.14739106466850233,
model,phase_reset,phase_reset:tau=0.66,NON-CHAOTIC,TEST,clean,none,980001,,0.7999999999999999,0.7416666666666667,0.8583333333333333,58.390383061719724,116.6666666666666,4.744996741333745e-05,0.00053785603595895,0.08822057249713362,8.106864980019113,3.1407092670017454e-15,2,409.59999999999997,1.1781289060100018,0.3809352115198298,0,0,,,,,
model,phase_reset,phase_reset:tau=0.66,NON-CHAOTIC,TEST,clean,none,980002,,0.7999999999999999,0.7416666666666667,0.8583333333333333,58.390383061719724,116.6666666666666,0.00012534769439267917,0.0005380976735254837,0.23294598835826938,18.89344631133833,3.1407092670017454e-15,2,409.59999999999997,1.0673059674616674,0.3011437324652689,0,0,,,,,
model,phase_reset,phase_reset:tau=0.66,NON-CHAOTIC,TEST,ect,none,980002,,0.8,0.4444444444444444,1.4027777777777777,147.10602108822653,234.49522527900209,1026.294826039676,8787.137708971462,0.11679512260196549,10.45806166576465,1.4306316148516818,66,409.6,1.2276463790958885,0.44786086772804823,54,0,,,,,
model,phase_reset,phase_reset:tau=0.66,NON-CHAOTIC,TEST,ect,none,980003,,0.8,0.4527777777777778,1.3833333333333333,150.81709514367728,237.1962261945873,1583.2684994386136,11975.687010448353,0.1322069037089287,11.676920823909484,1.2125281189499528,59,409.6,1.2250535782131808,0.43729446837735675,54,0,,,,,
model,phase_reset,phase_reset:tau=0.66,NON-CHAOTIC,TEST,clean,none,980003,,0.7999999999999999,0.7416666666666667,0.8583333333333333,58.390383061719724,116.6666666666666,0.00012534769439267917,0.0005380976735254837,0.23294598835826938,18.89344631133833,3.1407092670017454e-15,2,409.59999999999997,1.0670220916294877,0.3032504586687313,0,0,,,,,
model,phase_reset,phase_reset:tau=0.66,NON-CHAOTIC,TEST,clean,none,980004,,0.7999999999999999,0.7416666666666667,0.8583333333333333,58.390383061719724,116.6666666666666,4.744996741333745e-05,0.00053785603595895,0.08822057249713362,8.106864980019113,3.1407092670017454e-15,2,409.59999999999997,1.1851323331019064,0.3993047603934783,0,0,,,,,
model,phase_reset,phase_reset:tau=0.66,NON-CHAOTIC,TEST,ect,none,980000,,0.8,0.4444444444444444,1.4444444444444444,150.3099324376896,238.43620038083552,1885.4832316512982,12725.633614446895,0.14816419274485362,12.904442908173747,1.4751208561255051,61,409.6,1.2256063216800515,0.4400664390053809,50,0,,,,,
model,phase_reset,phase_reset:tau=0.66,NON-CHAOTIC,TEST,ect,none,980001,,0.8,0.44722222222222224,1.413888888888889,142.60997014697278,228.85783581524328,1299.6080720655614,10042.25063716196,0.12941402470640223,11.45851050858379,1.4043729545404893,69,409.6,1.230543360558539,0.4525317873997662,52,0,,,,,
model,phase_reset,phase_reset:tau=0.66,NON-CHAOTIC,TEST,ect,none,980004,,0.7992892795138888,0.4444444444444444,1.425,147.18716543342276,232.69567764325515,1573.0891660732793,11020.833346751982,0.14273776914854575,12.490859495691623,1.3430045683471405,64,409.2361111111111,1.232851001792835,0.4591781056043358,52,0,,,,,
model,phase_reset,phase_reset:tau=0.66,NON-CHAOTIC,TEST,real,mix12,980000,,0.8000054253472222,0.45,1.3277777777777777,125.017393757749,198.5402883958454,1223.6215536699106,8634.442894557345,0.1417140131230946,12.412391500341128,1.1109200177691751,78,409.60277777777776,1.2312186837435461,0.4551916928633738,50,0,0.0,0.0,0.0,0.14538743311539848,
model,phase_reset,phase_reset:tau=1.18,NON-CHAOTIC,TEST,clean,none,980000,,0.799880642361111,0.6555555555555556,0.9138888888888889,67.80073133720826,113.87483406506203,71.84279793870282,949.6825528054075,0.07564927640976005,7.032894277794509,-0.9675665906385587,10,409.53888888888883,1.1503292897818216,0.3417227113357023,0,0,,,,,
model,phase_reset,phase_reset:tau=1.18,NON-CHAOTIC,TEST,clean,none,980001,,0.8000054253472222,0.6555555555555556,0.9138888888888889,67.7907023382075,113.94906635160913,71.98300185476612,949.199344002675,0.07583549473519574,7.048986123465071,-0.971366336976863,10,409.60277777777776,1.1490506200114021,0.3428377775500834,0,0,,,,,
model,phase_reset,phase_reset:tau=0.66,NON-CHAOTIC,TEST,real,mix12,980001,,0.8,0.4083333333333333,1.3138888888888889,120.22750092005998,193.54277943189456,851.7415433955334,6990.26715813064,0.12184677983370651,10.861267512107855,1.0976796233373576,80,409.6,1.2318206466884605,0.45876019084093306,52,0,0.0,0.0,0.0,0.14592518830811044,
model,phase_reset,phase_reset:tau=0.66,NON-CHAOTIC,TEST,real,mix12,980002,,0.7999945746527777,0.4638888888888889,1.3055555555555556,120.15457112816928,192.2326681022365,636.1642808974891,5671.518839923556,0.11216823902961129,10.085545971667045,1.0430016120879804,82,409.5972222222222,1.2294777320957273,0.4519406052834539,54,0,0.0,0.0,2.777777777777768,0.1453796779226585,
model,phase_reset,phase_reset:tau=0.66,NON-CHAOTIC,TEST,real,mix12,980003,,0.8,0.45555555555555555,1.3,128.28715227249782,202.08432572129374,1011.5160465264221,8389.843023642306,0.12056435903222534,10.759253411945984,0.9793356882153857,81,409.6,1.2267666926159,0.44392929047927465,54,0,0.0,0.0,0.0,0.1453698574442064,
model,phase_reset,phase_reset:tau=0.66,NON-CHAOTIC,TEST,real,mix12,980004,,0.799462890625,0.44722222222222224,1.3166666666666667,124.16568572185892,198.16951829482664,961.8834040024694,7389.2702236197,0.13017299068693178,11.517970413344523,1.0705442850046563,79,409.325,1.2275573143939904,0.4478592747286171,52,0,0.0,0.0,2.777777777777768,0.14578162040800846,
model,phase_reset,phase_reset:tau=1.18,NON-CHAOTIC,TEST,ect,none,980001,,0.8000054253472222,0.4083333333333333,1.4944444444444445,154.20697803624776,242.09348157952314,1760.4165315043635,11206.79079624957,0.15708480362580687,13.575911042437907,1.3012386788283317,70,409.60277777777776,1.1490878727006242,0.33939034546738717,52,0,,,,,
model,phase_reset,phase_reset:tau=1.18,NON-CHAOTIC,TEST,ect,none,980002,,0.8001030815972221,0.46944444444444444,1.4694444444444446,138.17124308061383,216.40209425067135,1170.1786735953608,9343.620674274292,0.125238246969636,11.129931577327152,1.3573191279670758,65,409.6527777777777,1.1496587387573887,0.33647897433272456,50,0,,,,,
model,phase_reset,phase_reset:tau=1.18,NON-CHAOTIC,TEST,clean,none,980004,,0.8002929687499999,0.6555555555555556,0.9138888888888889,67.5784643377818,113.54470981005066,72.63830198489973,948.9602578536809,0.07654514652614645,7.110258847308581,-0.9773974039958132,10,409.74999999999994,1.1495431098447195,0.3445724022005477,0,0,,,,,
model,phase_reset,phase_reset:tau=1.18,NON-CHAOTIC,TEST,ect,none,980000,,0.799880642361111,0.4166666666666667,1.4027777777777777,140.15163385101636,218.25023717382498,1321.0061910212353,10158.113013681088,0.13004444715687705,11.507905506200306,1.3291974649015459,71,409.53888888888883,1.1497245585392055,0.343986625636051,50,0,,,,,
model,phase_reset,phase_reset:tau=1.18,NON-CHAOTIC,TEST,ect,none,980003,,0.8001030815972222,0.4222222222222222,1.4305555555555556,148.58360080316183,229.8624762567122,1362.2737822139723,11963.777487264204,0.1138665261589956,10.22263650849151,1.2197015527500987,77,409.65277777777777,1.1490307067510641,0.33602257104276645,54,0,,,,,
model,phase_reset,phase_reset:tau=1.18,NON-CHAOTIC,TEST,ect,none,980004,,0.8002929687499999,0.43333333333333335,1.4861111111111112,149.5669290044916,236.83337338579065,1608.6817510960686,11531.509640208677,0.13950313543396192,12.242452968840174,1.4555437701831166,68,409.74999999999994,1.1508945335869687,0.33880652508016007,52,0,,,,,
model,phase_reset,phase_reset:tau=1.18,NON-CHAOTIC,TEST,clean,none,980002,,0.8001030815972222,0.6555555555555556,0.9138888888888889,67.37482374799666,113.40279113467038,71.57876173455638,948.9383645555433,0.07543035923948749,7.01396967190229,-0.9851901269844056,10,409.65277777777777,1.1505596278114651,0.3359401506898093,0,0,,,,,
model,phase_reset,phase_reset:tau=1.18,NON-CHAOTIC,TEST,clean,none,980003,,0.8001030815972222,0.6555555555555556,0.9138888888888889,67.37482374799666,113.40279113467038,71.57876173455638,948.9383645555433,0.07543035923948749,7.01396967190229,-0.9851901269844056,10,409.65277777777777,1.1506951775174623,0.3371274268182299,0,0,,,,,
model,phase_reset,phase_reset:tau=1.18,NON-CHAOTIC,TEST,real,mix12,980002,,0.7985080295138889,0.4166666666666667,1.4722222222222223,121.65465575254308,187.71764445380168,1015.232459179941,7145.667125617969,0.14207665167332323,12.440202806454227,0.9706848214718702,92,408.8361111111111,1.148053649763785,0.34359806107064983,50,0,0.0,1.0,2.777777777777768,0.14543716161481274,
model,phase_reset,phase_reset:tau=1.18,NON-CHAOTIC,TEST,real,mix12,980003,,0.8001030815972221,0.21666666666666667,1.6166666666666667,133.94034331305184,204.207497030339,1381.1281996395026,9229.351641475823,0.1496452029666791,13.016642228447273,0.9519817783669964,98,409.6527777777777,1.1480540394826357,0.34318262171578345,54,0,1.0,1.0,2.777777777777768,0.14574459932951703,
model,phase_reset,phase_reset:tau=1.18,NON-CHAOTIC,TEST,real,mix12,980000,,0.7998806423611111,0.43333333333333335,1.3333333333333333,117.64704301408473,181.5739756205372,828.5282032071,7020.436994927106,0.11801661403781356,10.555890901440756,0.9051607031040946,84,409.5388888888889,1.1489093218141766,0.3366527975362391,50,0,0.0,0.0,2.777777777777768,0.1456737740482936,
model,phase_reset,phase_reset:tau=1.18,NON-CHAOTIC,TEST,real,mix12,980001,,0.8000054253472222,0.4111111111111111,1.3722222222222222,128.61178080414075,200.47538390313696,1109.7419545773491,7608.583478246969,0.14585395004866736,12.728842977106511,0.8989623343084808,87,409.60277777777776,1.1482635460024808,0.33772894425143324,52,0,0.0,0.0,2.777777777777768,0.14564461562363387,
model,phase_reset,phase_reset:tau=1.18,NON-CHAOTIC,TEST,real,mix12,980004,,0.8016059027777778,0.40555555555555556,1.7194444444444446,129.37220032406353,202.25808893917053,1901.2009408734339,9301.546061163543,0.2043962292259627,16.970845994538138,1.5095899060339322,103,410.4222222222222,1.1508713752912412,0.3394155573156169,52,0,1.0,0.0,2.777777777777768,0.14539655608039023,
model,phase_reset,phase_reset:tau=1.74,NON-CHAOTIC,TEST,clean,none,980000,,0.8002604166666667,0.65,0.9527777777777777,72.9016061958455,103.32827425558006,56.920371915347175,4541.03689993657,0.012534664035903836,1.2379491271875473,-0.29568499276762916,12,409.73333333333335,1.1285071665323052,0.335874341228498,0,0,,,,,
model,phase_reset,phase_reset:tau=1.74,NON-CHAOTIC,TEST,clean,none,980001,,0.7999565972222222,0.65,0.9527777777777777,72.64622421207633,102.95238836124975,56.82553380836803,4531.387693979388,0.012540426387234328,1.2385111804354156,-0.30897478283411617,12,409.5777777777778,1.1278934160770893,0.33842503668305557,0,0,,,,,
model,phase_reset,phase_reset:tau=1.74,NON-CHAOTIC,TEST,clean,none,980002,,0.7998046875,0.65,0.9527777777777777,72.82534028047499,103.19586396763006,56.87706098480592,4532.4140446468855,0.012548955242070595,1.2393430635727147,-0.299556875320254,12,409.5,1.127865549580267,0.3402333476459811,0,0,,,,,
model,phase_reset,phase_reset:tau=1.74,NON-CHAOTIC,TEST,ect,none,980002,,0.7998046875,0.39166666666666666,1.6166666666666667,161.72857197757506,245.94878975165724,2097.3681691171237,17134.76397409221,0.12240426376974597,10.905541587897641,1.5170011810578148,77,409.5,1.1255394161875079,0.33041647845239935,50,0,,,,,
model,phase_reset,phase_reset:tau=1.74,NON-CHAOTIC,TEST,ect,none,980003,,0.7999565972222222,0.4305555555555556,1.488888888888889,151.62500089752913,231.67549309673714,1229.444750631625,13139.454315286453,0.09356893529446561,8.556290534100649,1.3487707946113752,72,409.5777777777778,1.1273892881519334,0.3317070887770598,50,0,,,,,
model,phase_reset,phase_reset:tau=1.74,NON-CHAOTIC,TEST,clean,none,980003,,0.7999565972222222,0.65,0.9527777777777777,72.64622421207633,102.95238836124975,56.82553380836803,4531.387693979388,0.012540426387234328,1.2385111804354156,-0.30897478283411617,12,409.5777777777778,1.1276812840217127,0.33257989107453023,0,0,,,,,
model,phase_reset,phase_reset:tau=1.74,NON-CHAOTIC,TEST,clean,none,980004,,0.8002278645833334,0.65,0.9527777777777777,72.68328363675849,102.99711262390721,57.01715460691495,4532.905191674053,0.012578501467809847,1.2422248200585286,-0.30944514177375537,12,409.7166666666667,1.1295119177791213,0.33936455444190994,0,0,,,,,
model,phase_reset,phase_reset:tau=1.74,NON-CHAOTIC,TEST,ect,none,980000,,0.7997992621527777,0.3972222222222222,1.5555555555555556,148.68783371965466,222.90630464801242,1442.3808543742102,14532.917358602803,0.09924922978526322,9.028819588497816,1.291550920050712,73,409.4972222222222,1.1285466631251135,0.3284714181650122,49,0,,,,,
model,phase_reset,phase_reset:tau=1.74,NON-CHAOTIC,TEST,ect,none,980001,,0.7999565972222221,0.4,1.55,152.4441827790049,229.37657172149807,1462.1422928858992,14061.601300921975,0.10398120822768821,9.418748023312624,1.251467965418416,77,409.5777777777777,1.1284679284500543,0.33792481921159145,52,0,,,,,
model,phase_reset,phase_reset:tau=1.74,NON-CHAOTIC,TEST,ect,none,980004,,0.8002278645833334,0.3972222222222222,1.586111111111111,153.7575353871494,227.88236293483536,2078.7960255403405,15961.970284698305,0.13023429993057598,11.522770096304416,1.4426563483943198,78,409.7166666666667,1.1283286323530324,0.33938063417116693,54,0,,,,,
model,phase_reset,phase_reset:tau=1.74,NON-CHAOTIC,TEST,real,mix12,980000,,0.7999891493055555,0.4527777777777778,1.4583333333333333,128.30139319683036,189.3780917417738,898.9646241370552,11258.071673272862,0.07985067516235798,7.3946034390683,0.9297248571051427,95,409.59444444444443,1.1283557533786726,0.32940818966549884,49,0,0.0,0.0,2.777777777777768,0.1448644048265883,
model,av_node,av_node:H=40.0,NON-CHAOTIC,TEST,clean,none,980000,,0.8,0.6194444444444445,0.9805555555555555,180.73213804818013,361.111111111111,0.002817167879169923,0.010336149391450656,0.2725548724653775,21.417926909300558,-1.0314916876945246e-15,2,409.6,0.9297721433131159,0.1656845760222318,0,0,,,,,
model,av_node,av_node:H=40.0,NON-CHAOTIC,TEST,clean,none,980001,,0.8,0.6194444444444445,0.9805555555555555,180.73213804818013,361.111111111111,0.002817167879169923,0.010336149391450656,0.2725548724653775,21.417926909300558,-1.0314916876945246e-15,2,409.6,0.9373257329643736,0.18898544687648183,0,0,,,,,
model,phase_reset,phase_reset:tau=1.74,NON-CHAOTIC,TEST,real,mix12,980001,,0.7999620225694445,0.4527777777777778,1.3527777777777779,131.44666716854488,193.83952903397855,963.5988689143107,10874.804708682861,0.08860838375745143,8.139601447088792,0.9078899023315561,88,409.5805555555556,1.1274757095581118,0.33068276578976474,52,0,0.0,0.0,2.777777777777768,0.1450734858209062,
model,phase_reset,phase_reset:tau=1.74,NON-CHAOTIC,TEST,real,mix12,980002,,0.8015516493055556,0.39444444444444443,1.5944444444444446,142.46590999870213,212.86692169320045,1803.4503127079984,14455.198019816366,0.12476137028601625,11.092252417443053,1.4251278087948847,93,410.39444444444445,1.125720396330546,0.3246662148717776,50,0,1.0,0.0,8.333333333333304,0.1448900425592085,
model,phase_reset,phase_reset:tau=1.74,NON-CHAOTIC,TEST,real,mix12,980003,,0.7999565972222222,0.41944444444444445,1.3916666666666666,131.006014083336,197.86209207396686,740.6181790571944,9898.745401147102,0.07481939872616271,6.961113542873897,0.9693065413637026,93,409.5777777777778,1.1279896194126586,0.3339973772617428,50,0,0.0,0.0,2.777777777777768,0.144589180425299,
model,phase_reset,phase_reset:tau=1.74,NON-CHAOTIC,TEST,real,mix12,980004,,0.8002332899305555,0.3861111111111111,1.4777777777777779,133.17238763385163,191.6591822218065,1365.1067370694773,12570.8405860264,0.10859311497330688,9.795579054802415,1.0066762327811012,100,409.71944444444443,1.1305764085457857,0.34406604268702645,54,0,0.0,0.0,2.777777777777768,0.1441603073732867,
model,av_node,av_node:H=40.0,NON-CHAOTIC,TEST,clean,none,980002,,0.8,0.6194444444444445,0.9805555555555555,180.73213804818013,361.111111111111,0.002817167879169923,0.010336149391450656,0.2725548724653775,21.417926909300558,-1.0314916876945246e-15,2,409.6,0.9405198620181457,0.19061156732580534,0,0,,,,,
model,av_node,av_node:H=40.0,NON-CHAOTIC,TEST,clean,none,980003,,0.8,0.6194444444444445,0.9805555555555555,180.73213804818013,361.111111111111,0.002817167879169923,0.010336149391450656,0.2725548724653775,21.417926909300558,-1.0314916876945246e-15,2,409.6,0.9431550580399295,0.19855693760861737,0,0,,,,,
model,av_node,av_node:H=40.0,NON-CHAOTIC,TEST,clean,none,980004,,0.8,0.6194444444444445,0.9805555555555555,180.73213804818013,361.111111111111,0.002817167879169923,0.010336149391450656,0.2725548724653775,21.417926909300558,-1.0314916876945246e-15,2,409.6,0.9431042969395789,0.1995335546764571,0,0,,,,,
model,av_node,av_node:H=40.0,NON-CHAOTIC,TEST,ect,none,980000,,0.8,0.38055555555555554,1.4527777777777777,209.51368891395344,379.7225644054853,1915.6287653053719,13013.731804319305,0.14720057198885625,12.83128474506079,0.30769970110668754,70,409.6,1.4756985433579195,0.7871395126979245,54,0,,,,,
model,av_node,av_node:H=40.0,NON-CHAOTIC,TEST,ect,none,980001,,0.8,0.38333333333333336,1.4305555555555556,220.3527446550679,394.09493318367424,2027.369384820897,13536.462781169965,0.14977098652693005,13.026158102957323,0.32743723416041537,64,409.6,1.4773065221539259,0.789999649355645,50,0,,,,,
model,av_node,av_node:H=40.0,NON-CHAOTIC,TEST,ect,none,980002,,0.8,0.375,1.4666666666666666,218.58308025239944,392.6622838459664,1987.503829017071,11924.389132960809,0.16667552583664944,14.286365158566488,0.37440648451849573,71,409.6,1.4757550552586693,0.7895635297452094,54,0,,,,,
model,av_node,av_node:H=40.0,NON-CHAOTIC,TEST,ect,none,980003,,0.8,0.38055555555555554,1.4166666666666667,213.52765699778658,386.36532496491185,1288.3163779833715,8795.938675724585,0.14646718508155623,12.775523537652496,0.3111127405635048,69,409.6,1.4687742603536664,0.7761745958136156,50,0,,,,,
model,av_node,av_node:H=40.0,NON-CHAOTIC,TEST,ect,none,980004,,0.8,0.375,1.4472222222222222,220.8697837652161,394.26398274098295,2092.157404666502,11931.577947989157,0.17534624622044193,14.918688580858827,0.34803397273980446,67,409.6,1.479060638154774,0.7957290818563736,52,0,,,,,
model,av_node,av_node:H=40.0,NON-CHAOTIC,TEST,real,mix12,980000,,0.8,0.3527777777777778,1.3333333333333333,198.26161893237884,363.0305087042332,1453.2762566751449,10336.24505331948,0.14060001956014248,12.326847023408174,0.17819889639506872,84,409.6,1.4756294798532266,0.7896369820889497,54,0,0.0,0.0,2.777777777777768,0.16483252619623737,
model,av_node,av_node:H=40.0,NON-CHAOTIC,TEST,real,mix12,980001,,0.8012098524305555,0.2833333333333333,1.711111111111111,212.37334063160773,385.8457135532799,1549.3879984631758,11429.284611191073,0.13556299026328214,11.937954250503678,0.30463665290914466,84,410.21944444444443,1.4688166413771422,0.7771589622309232,50,0,2.0,1.0,358.33333333333326,0.16521897720631967,
model,av_node,av_node:H=40.0,NON-CHAOTIC,TEST,real,mix12,980002,,0.7999999999999999,0.38333333333333336,1.3583333333333334,203.33382940160513,370.11942012841394,1475.514360631355,9148.616776693307,0.16128278150095032,13.888329704888367,0.22797300592523065,86,409.59999999999997,1.4762564660711472,0.7896457669190772,54,0,1.0,1.0,2.777777777777768,0.16482647781519716,
model,av_node,av_node:H=40.0,NON-CHAOTIC,TEST,real,mix12,980003,,0.8012098524305555,0.3611111111111111,1.5944444444444446,205.5150710092388,373.65941027078645,1280.8122935207848,7591.748147689384,0.1687111148320445,14.435655885440092,0.2708468161935648,85,410.21944444444443,1.4744959089210927,0.786312965808862,50,0,1.0,0.0,358.33333333333326,0.16502551955546738,
model,av_node,av_node:H=45.0,NON-CHAOTIC,TEST,clean,none,980001,,0.8,0.7194444444444444,0.8805555555555555,80.63433851380344,161.11111111111111,0.00028185033717730435,0.0013992921498588982,0.20142351059835903,16.765404440773903,-1.970368187769467e-15,2,409.6,1.0426941937170735,0.2826667621129761,0,0,,,,,
model,av_node,av_node:H=45.0,NON-CHAOTIC,TEST,clean,none,980002,,0.8,0.7194444444444444,0.8805555555555555,80.63433851380344,161.11111111111111,0.00028185033717730435,0.0013992921498588982,0.20142351059835903,16.765404440773903,-1.970368187769467e-15,2,409.6,1.042883362794245,0.28137697933913774,0,0,,,,,
model,av_node,av_node:H=40.0,NON-CHAOTIC,TEST,real,mix12,980004,,0.7999999999999999,0.325,1.3833333333333333,204.90721257560597,370.7799725520655,1456.412201981986,8851.71316976882,0.16453450016388446,14.12877850683939,0.19990228504395774,91,409.59999999999997,1.4776528518703393,0.7975751420109901,52,0,0.0,0.0,2.777777777777768,0.1650161253543252,
model,av_node,av_node:H=45.0,NON-CHAOTIC,TEST,clean,none,980000,,0.8,0.7194444444444444,0.8805555555555555,80.63433851380344,161.11111111111111,0.00028185033717730435,0.0013992921498588982,0.20142351059835903,16.765404440773903,-1.970368187769467e-15,2,409.6,1.033177725067958,0.25543143307601984,0,0,,,,,
model,av_node,av_node:H=45.0,NON-CHAOTIC,TEST,clean,none,980003,,0.8,0.7194444444444444,0.8805555555555555,80.63433851380344,161.11111111111111,0.00028185033717730435,0.0013992921498588982,0.20142351059835903,16.765404440773903,-1.970368187769467e-15,2,409.6,1.038647034623598,0.26907582072876424,0,0,,,,,
model,av_node,av_node:H=45.0,NON-CHAOTIC,TEST,clean,none,980004,,0.8,0.7194444444444444,0.8805555555555555,80.63433851380344,161.11111111111111,0.00028185033717730435,0.0013992921498588982,0.20142351059835903,16.765404440773903,-1.970368187769467e-15,2,409.6,1.0335280284421493,0.25863115128651004,0,0,,,,,
model,av_node,av_node:H=45.0,NON-CHAOTIC,TEST,ect,none,980000,,0.8000000000000003,0.4388888888888889,1.4194444444444445,153.3933220398014,251.62472464681707,1477.462810369652,10603.789056970521,0.13933347810219074,12.229385055399332,1.1559402804778374,61,409.60000000000014,1.2713944453470567,0.5036284894830226,48,0,,,,,
model,av_node,av_node:H=45.0,NON-CHAOTIC,TEST,ect,none,980001,,0.8,0.43333333333333335,1.375,149.40175693409554,247.4757196935472,1185.3511300736782,8390.984331041347,0.1412648484741685,12.377919872239536,1.1728382998691431,63,409.6,1.2744859057072293,0.5102827261634383,50,0,,,,,
model,av_node,av_node:H=45.0,NON-CHAOTIC,TEST,ect,none,980002,,0.8,0.44722222222222224,1.3833333333333333,154.04998189560487,253.0525627739563,1200.6077308365116,9879.479319615373,0.12152540553961638,10.835724713801293,1.1537853245546918,60,409.6,1.2734141253883997,0.5144556415010586,50,0,,,,,
model,av_node,av_node:H=45.0,NON-CHAOTIC,TEST,ect,none,980003,,0.7989149305555556,0.4361111111111111,1.4305555555555556,149.960527440296,245.229329808849,1799.8561641531915,10847.702720133542,0.16592049124029037,14.230858149151013,1.1927546422354545,63,409.0444444444445,1.2691478120863322,0.5087952529243219,50,0,,,,,
model,av_node,av_node:H=45.0,NON-CHAOTIC,TEST,ect,none,980004,,0.8,0.43333333333333335,1.4166666666666667,148.37174861477786,244.85507081071975,1421.1347772609815,11179.5526257863,0.12711910975606036,11.278232145631213,1.1509367906672165,57,409.6,1.266607685533934,0.4913916180924149,48,0,,,,,
model,av_node,av_node:H=45.0,NON-CHAOTIC,TEST,real,mix12,980000,,0.798366970486111,0.24166666666666667,1.3416666666666666,134.7867823626381,220.8094428581487,988.6626908912477,7630.321915760567,0.12957024642029155,11.470755965015117,0.6966899367325727,77,408.76388888888886,1.272326507513537,0.5093397141577862,48,0,0.0,1.0,158.33333333333331,0.14894190603249202,
model,av_node,av_node:H=52.0,NON-CHAOTIC,TEST,clean,none,980000,,0.8000000000000003,0.7777777777777778,0.8222222222222222,22.24395545208369,44.44444444444441,9.768395213106335e-06,4.443379953514511e-05,0.21984154664468836,18.022139617181207,-3.72035928675403e-14,2,409.60000000000014,1.1366462712749825,0.3410032028030371,0,0,,,,,
model,av_node,av_node:H=52.0,NON-CHAOTIC,TEST,clean,none,980001,,0.8000000000000003,0.7777777777777778,0.8222222222222222,22.24395545208369,44.44444444444441,9.768395213106335e-06,4.443379953514511e-05,0.21984154664468836,18.022139617181207,-3.72035928675403e-14,2,409.60000000000014,1.1385384208339384,0.34091866076028393,0,0,,,,,
model,av_node,av_node:H=45.0,NON-CHAOTIC,TEST,real,mix12,980001,,0.8,0.43333333333333335,1.3222222222222222,130.18567516853102,219.6275394165317,757.4864826026478,5778.91777885571,0.13107756704450613,11.588733687558708,0.829822005037783,78,409.6,1.270992992553063,0.5045703084678462,50,0,0.0,0.0,2.777777777777768,0.14894191937749393,
model,av_node,av_node:H=45.0,NON-CHAOTIC,TEST,real,mix12,980002,,0.8014105902777777,0.44722222222222224,1.6,136.87946091379618,225.00570433471364,1443.4752450844621,7780.281745539796,0.18552994509639237,15.649536805357322,1.1722627109030916,83,410.3222222222222,1.2787582726577695,0.5224575620268118,50,0,1.0,0.0,158.33333333333331,0.1488658232668799,
model,av_node,av_node:H=52.0,NON-CHAOTIC,TEST,clean,none,980002,,0.8000000000000003,0.7777777777777778,0.8222222222222222,22.24395545208369,44.44444444444441,9.768395213106335e-06,4.443379953514511e-05,0.21984154664468836,18.022139617181207,-3.72035928675403e-14,2,409.60000000000014,1.135497640223183,0.3416354904874256,0,0,,,,,
model,av_node,av_node:H=52.0,NON-CHAOTIC,TEST,clean,none,980003,,0.8000000000000003,0.7777777777777778,0.8222222222222222,22.24395545208369,44.44444444444441,9.768395213106335e-06,4.443379953514511e-05,0.21984154664468836,18.022139617181207,-3.72035928675403e-14,2,409.60000000000014,1.1358556418565628,0.34203416545735815,0,0,,,,,
model,av_node,av_node:H=45.0,NON-CHAOTIC,TEST,real,mix12,980003,,0.8014105902777777,0.44722222222222224,1.9583333333333333,140.93245273425177,231.22918772700731,2591.591404063456,10154.626199163748,0.25521288063531855,20.332238823596526,1.7590329965958056,70,410.3222222222222,1.2630260345512037,0.48983987128652845,50,0,1.0,0.0,155.55555555555557,0.14867569404856013,
model,av_node,av_node:H=45.0,NON-CHAOTIC,TEST,real,mix12,980004,,0.8,0.45555555555555555,1.3083333333333333,124.61435764581005,208.84090520950295,852.1835521285198,7222.32639963409,0.11799294368248082,10.553997174063722,0.7660484508160832,74,409.6,1.2747279325511864,0.5113738848849919,48,0,0.0,0.0,2.777777777777768,0.14918205510241758,
model,av_node,av_node:H=52.0,NON-CHAOTIC,TEST,clean,none,980004,,0.8000000000000003,0.7777777777777778,0.8222222222222222,22.24395545208369,44.44444444444441,9.768395213106335e-06,4.443379953514511e-05,0.21984154664468836,18.022139617181207,-3.72035928675403e-14,2,409.60000000000014,1.1402514899427536,0.34678653853721475,0,0,,,,,
model,av_node,av_node:H=52.0,NON-CHAOTIC,TEST,ect,none,980000,,0.8000000000000002,0.46944444444444444,1.3972222222222221,131.7035687115392,201.87372751377976,1162.2578502295962,8345.751268567761,0.13926341833442332,12.223987542584593,1.6968506368924017,59,409.6000000000001,1.1566241778356792,0.3590460784250291,52,0,,,,,
model,av_node,av_node:H=52.0,NON-CHAOTIC,TEST,ect,none,980001,,0.8000000000000003,0.4666666666666667,1.3888888888888888,141.8498255331782,217.2945168592381,1544.9844638426684,11653.784821286912,0.1325736220065249,11.705519131873364,1.731016125809336,66,409.60000000000014,1.1524354745155339,0.35015247297490526,54,0,,,,,
model,av_node,av_node:H=52.0,NON-CHAOTIC,TEST,ect,none,980002,,0.8000000000000003,0.475,1.3777777777777778,133.32914304497675,206.44542139434623,1171.5870976475858,9305.24278155045,0.12590612895888081,11.182648865701221,1.7205379825484155,62,409.60000000000014,1.148889400493129,0.3532617901730918,50,0,,,,,
model,av_node,av_node:H=52.0,NON-CHAOTIC,TEST,ect,none,980003,,0.799652777777778,0.48055555555555557,1.4111111111111112,131.90726006977135,203.4008023593447,1285.1910349955572,10625.77403506421,0.12095034495882642,10.789982402232905,1.7419619826091544,59,409.42222222222233,1.1503565171429495,0.3460571872861035,51,0,,,,,
model,av_node,av_node:H=52.0,NON-CHAOTIC,TEST,ect,none,980004,,0.8000000000000003,0.475,1.3777777777777778,132.85240237786084,204.89859049950422,1317.1192528603915,9624.27774248803,0.13685382821463496,12.037944089044078,1.7908528049320744,57,409.60000000000014,1.1487176569500535,0.34759289881675604,50,0,,,,,
model,av_node,av_node:H=52.0,NON-CHAOTIC,TEST,real,mix12,980000,,0.8000054253472222,0.3194444444444444,1.5944444444444446,118.63362990937088,175.63253498448123,1882.6352006222887,6693.8713740606145,0.2812475913292386,21.95107278503888,1.622800691638781,87,409.60277777777776,1.1505798880388467,0.3463958145808298,52,0,1.0,1.0,8.333333333333304,0.1411548576825046,
model,av_node,av_node:H=52.0,NON-CHAOTIC,TEST,real,mix12,980001,,0.7984809027777778,0.39166666666666666,1.3194444444444444,118.41691781356351,178.00216697529078,1032.1361499803484,8149.863795060047,0.1266445889078498,11.240864257877183,1.2935152643484262,87,408.82222222222225,1.1511136444267902,0.3551241788903243,54,0,0.0,1.0,41.66666666666663,0.141396915202817,
model,av_node,av_node:H=52.0,NON-CHAOTIC,TEST,real,mix12,980004,,0.8000054253472223,0.4861111111111111,1.3138888888888889,108.75123579295351,164.57441363748248,869.141372890556,6867.890094675873,0.12655143878384598,11.233525112751437,1.6018400192589415,78,409.6027777777778,1.1552511270596162,0.3614947452429451,50,0,0.0,0.0,2.777777777777768,0.14115089185491897,
model,av_node,av_node:H=55.0,NON-CHAOTIC,TEST,clean,none,980000,,0.7999999999999999,0.7944444444444444,0.8055555555555556,5.560988863020964,11.111111111111185,7.132359225102443e-07,2.439911568378383e-06,0.2923203987201372,22.61980844762953,2.979374864495899e-14,2,409.59999999999997,1.1161175827525747,0.3279960269967048,0,0,,,,,
model,av_node,av_node:H=52.0,NON-CHAOTIC,TEST,real,mix12,980002,,0.8,0.48055555555555557,1.2666666666666666,100.9658067206048,152.49182553617433,653.7053488941149,5601.524004643909,0.11670133848434183,10.450541649993571,1.3805807400400467,80,409.6,1.1583119762572454,0.36593575698737113,50,0,0.0,0.0,2.777777777777768,0.14111608103428386,
model,av_node,av_node:H=52.0,NON-CHAOTIC,TEST,real,mix12,980003,,0.7996744791666668,0.49166666666666664,1.3,105.7060080045527,160.30758378099117,807.0986619253899,7126.903425033583,0.11324675161030218,10.17265502427846,1.506512682256453,79,409.4333333333334,1.1510464527103146,0.3526511435081706,51,0,0.0,0.0,2.777777777777768,0.14125618400229373,
model,av_node,av_node:H=55.0,NON-CHAOTIC,TEST,clean,none,980001,,0.7999999999999999,0.7944444444444444,0.8055555555555556,5.560988863020964,11.111111111111185,7.132359225102443e-07,2.439911568378383e-06,0.2923203987201372,22.61980844762953,2.979374864495899e-14,2,409.59999999999997,1.1170337820818546,0.3260872418206086,0,0,,,,,
model,av_node,av_node:H=55.0,NON-CHAOTIC,TEST,clean,none,980002,,0.7999999999999999,0.7944444444444444,0.8055555555555556,5.560988863020964,11.111111111111185,7.132359225102443e-07,2.439911568378383e-06,0.2923203987201372,22.61980844762953,2.979374864495899e-14,2,409.59999999999997,1.1169296327545735,0.3331145887627184,0,0,,,,,
model,av_node,av_node:H=55.0,NON-CHAOTIC,TEST,clean,none,980003,,0.7999999999999999,0.7944444444444444,0.8055555555555556,5.560988863020964,11.111111111111185,7.132359225102443e-07,2.439911568378383e-06,0.2923203987201372,22.61980844762953,2.979374864495899e-14,2,409.59999999999997,1.116353951605718,0.326081007967587,0,0,,,,,
model,av_node,av_node:H=55.0,NON-CHAOTIC,TEST,clean,none,980004,,0.7999999999999999,0.7944444444444444,0.8055555555555556,5.560988863020964,11.111111111111185,7.132359225102443e-07,2.439911568378383e-06,0.2923203987201372,22.61980844762953,2.979374864495899e-14,2,409.59999999999997,1.1175690872840218,0.32988778371361005,0,0,,,,,
model,av_node,av_node:H=55.0,NON-CHAOTIC,TEST,ect,none,980000,,0.7999999999999998,0.4861111111111111,1.4277777777777778,130.9405366035199,200.37571013775747,1072.0395752269112,9912.439135906248,0.10815093646765676,9.75958535146835,1.7978490396428142,57,409.5999999999999,1.1152435837287387,0.33564658716368956,52,0,,,,,
model,av_node,av_node:H=55.0,NON-CHAOTIC,TEST,ect,none,980001,,0.7999999999999998,0.48333333333333334,1.3972222222222221,136.11538215893884,207.29927471457833,1782.682494085449,10671.538683143868,0.1670501833911982,14.313881765202769,1.7897543515054062,57,409.5999999999999,1.1146171433873833,0.32499822416083224,52,0,,,,,
model,av_node,av_node:H=55.0,NON-CHAOTIC,TEST,ect,none,980002,,0.7999999999999999,0.4777777777777778,1.4166666666666667,126.50044120281851,193.37652880377902,1188.519605577731,8349.751514276384,0.14234191323485534,12.460534940171726,1.8564152848972237,62,409.59999999999997,1.11464168212072,0.33076710269631093,50,0,,,,,
model,av_node,av_node:H=55.0,NON-CHAOTIC,TEST,ect,none,980003,,0.7999999999999999,0.4777777777777778,1.4277777777777778,132.97895847416504,203.95504435867628,1551.0352559813814,11099.15575801262,0.13974353453519828,12.260963129059332,1.8633974771443447,51,409.59999999999997,1.1145784455609513,0.33439736231537237,48,0,,,,,
model,av_node,av_node:H=55.0,NON-CHAOTIC,TEST,ect,none,980004,,0.7999999999999999,0.4777777777777778,1.3944444444444444,130.30728917166587,198.32132055421835,1323.580303310351,9120.256405411312,0.14512533907764177,12.673314800154115,1.7728733938179455,59,409.59999999999997,1.1160708143163176,0.33273017341368505,52,0,,,,,
model,av_node,av_node:H=55.0,NON-CHAOTIC,TEST,real,mix12,980000,,0.8000054253472222,0.46944444444444444,1.3416666666666666,108.47875218120619,165.30113021851497,705.920553152089,6746.829883413214,0.10462996182660005,9.471946755236067,1.7217025369644006,68,409.60277777777776,1.1165799337247013,0.32872134490600186,52,0,0.0,0.0,2.777777777777768,0.14142282908061052,
ktz,ktz,"ktz:P=92,in=none",CHAOTIC,TEST,clean,none,980000,,0.8000000000000002,0.8,0.8,1.1113088175737829e-13,0.0,1.9895362369070339e-28,4.9138003065870653e-29,4.048874827574929,80.19360681040455,,1,409.6000000000001,1.1242447209350779,0.2905853449254202,0,0,,,,,34.75299037809822
ktz,ktz,"ktz:P=92,in=none",CHAOTIC,TEST,clean,none,980001,,0.8000000000000002,0.8,0.8,1.1113088175737829e-13,0.0,1.9895362369070339e-28,4.9138003065870653e-29,4.048874827574929,80.19360681040455,,1,409.6000000000001,1.1206615637501582,0.29585912127052794,0,0,,,,,35.470904835433885
model,av_node,av_node:H=55.0,NON-CHAOTIC,TEST,real,mix12,980001,,0.8,0.4888888888888889,1.2833333333333334,106.0846651220029,158.8294699109351,986.1129121780368,6685.282428117874,0.14750504900593406,12.854413942118635,1.3972101727236828,75,409.6,1.1159631722232546,0.3328242715366394,52,0,0.0,0.0,2.777777777777768,0.1417140597400933,
model,av_node,av_node:H=55.0,NON-CHAOTIC,TEST,real,mix12,980002,,0.8000054253472222,0.4861111111111111,1.3555555555555556,101.38644997668833,151.78182556729223,719.3989700580797,5506.131955344478,0.1306541463031596,11.555624390566523,1.7095341588342325,66,409.60277777777776,1.115377057845043,0.3274483713048929,50,0,0.0,0.0,2.777777777777768,0.14115952762722203,
ktz,ktz,"ktz:P=92,in=none",CHAOTIC,TEST,clean,none,980002,,0.8000000000000002,0.8,0.8,1.1113088175737829e-13,0.0,1.9895362369070339e-28,4.9138003065870653e-29,4.048874827574929,80.19360681040455,,1,409.6000000000001,1.1186551098049224,0.2999706903154362,0,0,,,,,36.41867090861422
ktz,ktz,"ktz:P=92,in=none",CHAOTIC,TEST,clean,none,980003,,0.8000000000000002,0.8,0.8,1.1113088175737829e-13,0.0,1.9895362369070339e-28,4.9138003065870653e-29,4.048874827574929,80.19360681040455,,1,409.6000000000001,1.1190462326702526,0.2986767309312056,0,0,,,,,34.83230978332205
model,av_node,av_node:H=55.0,NON-CHAOTIC,TEST,real,mix12,980003,,0.7999999999999999,0.4027777777777778,1.3027777777777778,105.9053097038523,161.4225345623733,900.262967643285,7131.086356898136,0.12624485563443372,11.209361357155123,1.5874189095030349,60,409.59999999999997,1.115260080468883,0.32466920890280404,48,0,0.0,0.0,2.777777777777768,0.1416143396854597,
model,av_node,av_node:H=55.0,NON-CHAOTIC,TEST,real,mix12,980004,,0.8,0.46944444444444444,1.2916666666666667,107.2252105526853,163.3559427915736,808.8985754331273,6101.903327888061,0.13256496079447008,11.704843905949433,1.4715623076374231,79,409.6,1.1147891960092267,0.32968575181111903,52,0,1.0,1.0,2.777777777777768,0.1411671710190773,
ktz,ktz,"ktz:P=92,in=none",CHAOTIC,TEST,clean,none,980004,,0.8000000000000002,0.8,0.8,1.1113088175737829e-13,0.0,1.9895362369070339e-28,4.9138003065870653e-29,4.048874827574929,80.19360681040455,,1,409.6000000000001,1.1237135058914691,0.2916879076249535,0,0,,,,,35.94632089595104
ktz,ktz,"ktz:P=92,in=none",CHAOTIC,TEST,real,mix12,980000,,0.7984429253472224,0.35,0.8194444444444444,25.23000757467745,25.960040043510443,0.3245935529257122,3.558654126509635,0.09121244756766428,8.358816632909454,-15.91288088332695,14,408.80277777777786,1.1235071904542084,0.2913355851110104,0,0,0.0,1.0,2.777777777777768,0.14099081567498786,34.75299037809822
ktz,ktz,"ktz:P=92,in=S2_5",CHAOTIC,TEST,clean,none,980000,,0.8000000000000003,0.4777777777777778,1.1222222222222222,66.35791372455132,114.93527805519501,73.26402001907366,1119.8478348598455,0.0654231920966682,6.14058268883002,-1.131536469852045e-14,27,409.60000000000014,1.121220771854731,0.29281328353038316,17,0,,,,,41.93640130278497
ktz,ktz,"ktz:P=92,in=S2_5",CHAOTIC,TEST,clean,none,980001,,0.8000000000000002,0.4777777777777778,1.1222222222222222,69.6928585829268,120.71157199034192,86.19441669147011,1342.272536152851,0.06421528740989955,6.034050456669112,-7.227723793252716e-15,25,409.6000000000001,1.11873506529099,0.28404783060125016,23,0,,,,,45.79615647775247
ktz,ktz,"ktz:P=92,in=none",CHAOTIC,TEST,real,mix12,980001,,0.7984320746527779,0.3611111111111111,0.8083333333333333,25.15501007765416,25.55790709280801,0.5103148191813804,2.17539023009679,0.2345854146631315,19.00114903974792,-16.011452702854665,9,408.7972222222223,1.122281447871597,0.2839121732729149,0,0,0.0,1.0,0.0,0.14096706193666025,35.470904835433885
ktz,ktz,"ktz:P=92,in=none",CHAOTIC,TEST,real,mix12,980002,,0.8,0.6555555555555556,0.9444444444444444,9.534222762595375,16.563061322183092,2.03039232351385,31.54357537011762,0.06436785620178348,6.047519739226377,-0.004069298325094696,13,409.6,1.1187962395860342,0.299868560203041,0,0,0.0,0.0,0.0,0.14097523847701787,36.41867090861422
ktz,ktz,"ktz:P=92,in=none",CHAOTIC,TEST,real,mix12,980003,,0.8000000000000002,0.75,0.85,3.6411142565707166,6.288611975153008,0.05097733029106394,1.2179882453380801,0.04185371286314346,4.01723508266091,-0.026092426054069993,8,409.6000000000001,1.1239764086358002,0.2859498055612266,0,0,0.0,0.0,0.0,0.14096677898585752,34.83230978332205
ktz,ktz,"ktz:P=92,in=none",CHAOTIC,TEST,real,mix12,980004,,0.8015570746527778,0.7916666666666666,1.5916666666666666,35.0762282317482,49.453416025581696,634.8198391954081,977.7383458052778,0.6492737468249364,39.36725168122464,22.387983312277083,9,410.39722222222224,1.121803992764181,0.28519935545521113,0,0,1.0,0.0,0.0,0.14097962570350997,35.94632089595104
ktz,ktz,"ktz:P=92,in=S2_5",CHAOTIC,TEST,clean,none,980002,,0.8004069010416669,0.4861111111111111,1.113888888888889,74.62225725082386,128.5926421821886,87.50309492206021,1618.1826950514107,0.054074916997725146,5.1300828931348,0.026251425702808757,27,409.80833333333345,1.1215749559158052,0.28237853885421643,23,0,,,,,45.75465436226669
ktz,ktz,"ktz:P=92,in=S2_5",CHAOTIC,TEST,clean,none,980003,,0.8000000000000003,0.49444444444444446,1.1055555555555556,80.39747631469824,139.25251377737277,94.7670193826838,1814.549527757789,0.05222619605196776,4.963400098564775,-9.147961988534937e-15,27,409.60000000000014,1.1192826947554377,0.2952587645117763,25,0,,,,,46.0496624493317
ktz,ktz,"ktz:P=92,in=S2_5",CHAOTIC,TEST,clean,none,980004,,0.8,0.4777777777777778,1.1222222222222222,82.01390781810207,141.4538113299686,102.57150156690383,2021.134880695516,0.050749458903804966,4.829834407599826,-1.7370826283674257e-15,31,409.6,1.1203947474171692,0.28328680267650863,28,0,,,,,48.05184957141551
ktz,ktz,"ktz:P=92,in=S2_5",CHAOTIC,TEST,real,mix12,980000,,0.7999837239583334,0.3888888888888889,1.6111111111111112,74.88031151277224,119.49361083998137,1101.6498506204712,2365.671264682796,0.4656817145590122,31.77236298531052,1.8697083575083298,45,409.5916666666667,1.118377431517285,0.2928791060124577,17,0,1.0,1.0,0.0,0.1410306584992024,41.93640130278497
ktz,ktz,"ktz:P=92,in=S2_5",CHAOTIC,TEST,real,mix12,980001,,0.7999945746527779,0.48055555555555557,1.1194444444444445,65.79609769156649,114.0007352833316,79.28182529095992,1210.442222417461,0.06549823182193736,6.147192915556449,-0.003597890109481252,50,409.5972222222223,1.1179774936234248,0.2773464651461991,23,0,0.0,0.0,0.0,0.14097214324282775,45.79615647775247
ktz,ktz,"ktz:P=92,in=S2_5",CHAOTIC,TEST,real,mix12,980002,,0.8002061631944446,0.49722222222222223,1.1027777777777779,69.49032836056845,120.20771817435627,80.60660405953382,1447.9038614196513,0.05567124047897771,5.273539558936799,-0.00961977552947473,46,409.70555555555563,1.1193903301917572,0.2950645080186461,23,0,0.0,0.0,0.0,0.14090017798672047,45.75465436226669
ktz,ktz,"ktz:P=92,in=S2_5",CHAOTIC,TEST,real,mix12,980003,,0.7999945746527779,0.49166666666666664,1.1083333333333334,71.65623202087562,124.09666101923465,80.67114674311584,1438.1426985254623,0.05609397928719349,5.311457160758923,0.004486621697098003,52,409.5972222222223,1.1196831003062016,0.2938432986214138,25,0,0.0,0.0,0.0,0.14098362504932432,46.0496624493317
ktz,ktz,"ktz:P=92,in=S2_5",CHAOTIC,TEST,real,mix12,980004,,0.8,0.2916666666666667,1.6416666666666666,89.69451724660688,146.35973652992323,953.4205410335469,3194.240156371775,0.29848117059441887,22.986946391974254,1.198661287150131,54,409.6,1.118627057741397,0.28285665999277504,28,0,1.0,1.0,2.777777777777768,0.14105806283152095,48.05184957141551
ktz,ktz,"ktz:P=92,in=E1",NON-CHAOTIC,TEST,clean,none,980000,,0.8,0.4777777777777778,1.1222222222222222,246.4052639574996,489.9029726055027,3.886334860498775,838.2276032798164,0.0046363718461338264,0.4614975105484151,-4.288307620492017e-16,40,409.6,,,256,0,,,,,72.80884357424509
ktz,ktz,"ktz:P=92,in=E1",NON-CHAOTIC,TEST,clean,none,980001,,0.7998155381944444,0.4777777777777778,1.1222222222222222,247.90683924381162,493.2258058310385,4.531619269812215,479.02475444580216,0.009460094134498288,0.9371439435264932,-0.0005475329033482358,40,409.50555555555553,,,257,0,,,,,72.92178075351156
ktz,ktz,"ktz:P=92,in=E1",NON-CHAOTIC,TEST,clean,none,980002,,0.8,0.4777777777777778,1.1222222222222222,241.01995254656626,479.50655780907135,5.814522469542942,627.3167293040124,0.009268878379816152,0.9183755269156347,-5.436544091726524e-16,38,409.6,,,256,0,,,,,72.42767915621492
ktz,ktz,"ktz:P=92,in=E1",NON-CHAOTIC,TEST,clean,none,980003,,0.8,0.4777777777777778,1.1222222222222222,242.82459594854544,483.2228519137217,5.181869823213177,620.571990904791,0.00835015098837773,0.8281003359986577,-5.012446793825665e-16,40,409.6,,,257,0,,,,,72.31671975835039
ktz,ktz,"ktz:P=92,in=E1",NON-CHAOTIC,TEST,clean,none,980004,,0.8000162760416667,0.4888888888888889,1.1111111111111112,245.02216634279358,487.23139943203165,3.747404543112343,555.9683452549376,0.006740319975220859,0.6695192237246205,6.518338700570861e-05,38,409.60833333333335,,,257,0,,,,,72.80197281518784
ktz,ktz,"ktz:P=92,in=E1",NON-CHAOTIC,TEST,real,mix12,980000,,0.8011284722222223,0.46111111111111114,1.586111111111111,226.7565600911994,445.1890743851129,796.4880184446288,3395.4691057553673,0.2345737786553765,19.000385615743447,0.06348904612085622,169,410.1777777777778,,,256,0,1.0,0.0,101.3888888888888,0.16812540009635685,72.80884357424509
ktz,ktz,"ktz:P=92,in=E1",NON-CHAOTIC,TEST,real,mix12,980003,,0.7988009982638888,0.25555555555555554,1.1472222222222221,218.57926721359505,429.96656049586574,41.035670453411896,1096.6377224034468,0.03741953209805335,3.6069816443861384,-0.01666956451092889,173,408.9861111111111,,,256,0,0.0,1.0,436.1111111111111,0.16747476503571226,72.31671975835039
ktz,ktz,"ktz:P=92,in=E1",NON-CHAOTIC,TEST,real,mix12,980004,,0.8000162760416667,0.4777777777777778,1.1305555555555555,223.22652295200476,440.65678173574116,17.903274369214504,1348.9016394048294,0.013272483216132716,1.3098631844818067,-0.004768761022048422,163,409.60833333333335,,,257,0,0.0,0.0,8.333333333333304,0.16876584296083477,72.80197281518784
ktz,ktz,"ktz:P=92,in=E1",NON-CHAOTIC,TEST,real,mix12,980001,,0.7998209635416667,0.4722222222222222,1.1277777777777778,222.1248588433917,439.1760409404152,18.959211193752985,962.9698048020014,0.019688271739373216,1.9308128067207417,2.1076410040310397e-05,179,409.5083333333333,,,257,0,0.0,0.0,5.555555555555758,0.16747665626279518,72.92178075351156
ktz,ktz,"ktz:P=92,in=E1",NON-CHAOTIC,TEST,real,mix12,980002,,0.8,0.44166666666666665,1.1333333333333333,222.6106221993717,439.7392579572191,26.060416569863847,1491.2345424570815,0.017475732909810783,1.7175577111635973,-0.002725457591894553,167,409.6,,,256,0,0.0,0.0,5.555555555555536,0.16759087205166148,72.42767915621492
ktz,ktz,"ktz:P=92,in=E3_10",CHAOTIC,TEST,clean,none,980000,,0.7999837239583335,0.4861111111111111,1.3916666666666666,136.0335423377362,207.50342055418704,1507.3673944417078,12095.14599954085,0.12462581224723784,11.081535821964586,1.7904709202387215,43,409.59166666666675,1.1183470872619012,0.2704079325409122,54,0,,,,,62.54187606965326
ktz,ktz,"ktz:P=92,in=E3_10",CHAOTIC,TEST,clean,none,980001,,0.8006456163194446,0.4777777777777778,1.4361111111111111,149.75817352206087,228.4346155547125,1940.4196167942314,11037.893817975713,0.17579618438022745,14.951246373782984,1.8108270175494556,44,409.93055555555566,1.1156110666901111,0.27450931930647404,54,0,,,,,62.54033243925868
ktz,ktz,"ktz:P=92,in=E3_10",CHAOTIC,TEST,clean,none,980002,,0.8000162760416669,0.48055555555555557,1.425,135.90094215088004,208.332137417746,1317.4205495176175,11933.43413530512,0.1103974375339302,9.942155286228928,1.834031850630228,47,409.60833333333346,1.1155028748464244,0.2669557944583367,52,0,,,,,61.93925219865949
ktz,ktz,"ktz:P=92,in=E3_10",CHAOTIC,TEST,clean,none,980003,,0.8000000000000003,0.4861111111111111,1.4083333333333334,113.85315176022364,173.35252540645808,1327.853448417186,7242.855590629463,0.18333286254320924,15.492924125270362,2.105266258578885,37,409.60000000000014,1.1180629758283365,0.2921187389887223,40,0,,,,,57.49700266094142
ktz,ktz,"ktz:P=92,in=E3_10",CHAOTIC,TEST,clean,none,980004,,0.7999674479166667,0.4861111111111111,1.3583333333333334,130.68646946163784,199.6679795823517,1532.3706172751565,10105.18504888847,0.1516420144570941,13.167461116689202,1.8066865835552535,43,409.58333333333337,1.1157237666405486,0.26949327701300185,52,0,,,,,60.76113544960026
ktz,ktz,"ktz:P=92,in=E3_10",CHAOTIC,TEST,real,mix12,980000,,0.7999782986111112,0.5083333333333333,1.2555555555555555,103.8996155530494,155.00579435690904,817.0832332231655,7395.463911270971,0.110484378400914,9.949205999638677,1.6049691255003085,68,409.58888888888896,1.1176789335055792,0.27443914418724535,54,0,0.0,0.0,2.777777777777768,0.1411889592099692,62.54187606965326
ktz,ktz,"ktz:P=92,in=E3_10",CHAOTIC,TEST,real,mix12,980001,,0.8004611545138889,0.4722222222222222,1.3,119.93846777325786,179.16115687390482,1216.5668924455533,7627.368848678345,0.15950020466839723,13.755944503176034,1.4986728464516197,73,409.8361111111111,1.115240822186216,0.27037670206503306,54,0,0.0,0.0,2.777777777777768,0.14090749932010085,62.54033243925868
ktz,ktz,"ktz:P=92,in=E3_10",CHAOTIC,TEST,real,mix12,980002,,0.8000162760416668,0.4111111111111111,1.3166666666666667,111.38481336083258,168.6334808145595,852.5189611401788,8296.635962245411,0.10275477494970771,9.318007709773367,1.6837382656996565,72,409.6083333333334,1.1144319296685303,0.2594762165970306,52,0,0.0,0.0,0.0,0.14127852739197175,61.93925219865949
ktz,ktz,"ktz:P=100,in=none",CHAOTIC,TEST,clean,none,980000,,0.8000000000000002,0.8,0.8,1.1113088175737829e-13,0.0,1.9895362369070339e-28,4.9138003065870653e-29,4.048874827574929,80.19360681040455,,1,409.6000000000001,1.1172825312013734,0.1958614408839654,0,0,,,,,64.38246241887684
ktz,ktz,"ktz:P=100,in=none",CHAOTIC,TEST,clean,none,980001,,0.8000000000000002,0.8,0.8,1.1113088175737829e-13,0.0,1.9895362369070339e-28,4.9138003065870653e-29,4.048874827574929,80.19360681040455,,1,409.6000000000001,1.119221974045618,0.19073767622074436,0,0,,,,,63.0647786611657
ktz,ktz,"ktz:P=92,in=E3_10",CHAOTIC,TEST,real,mix12,980003,,0.8000054253472223,0.49166666666666664,1.3888888888888888,91.87234350253296,138.67656090126823,825.7253524127157,4964.69587006254,0.16631942298659153,14.260194909615565,1.9055450938019372,58,409.6027777777778,1.1219243326844055,0.2783350868291106,40,0,0.0,0.0,2.777777777777768,0.14094841751503934,57.49700266094142
ktz,ktz,"ktz:P=92,in=E3_10",CHAOTIC,TEST,real,mix12,980004,,0.7984212239583334,0.2111111111111111,1.261111111111111,102.56206739129634,150.6409802671757,872.5321960662462,6238.3905649799835,0.13986495186183423,12.2703090075172,1.0701933255685487,68,408.7916666666667,1.1186953887558446,0.2804837441404476,52,0,0.0,1.0,2.777777777777768,0.14111849714536906,60.76113544960026
ktz,ktz,"ktz:P=100,in=none",CHAOTIC,TEST,clean,none,980002,,0.8000000000000002,0.8,0.8,1.1113088175737829e-13,0.0,1.9895362369070339e-28,4.9138003065870653e-29,4.048874827574929,80.19360681040455,,1,409.6000000000001,1.1179031900122698,0.1964444183703697,0,0,,,,,64.99402845306946
ktz,ktz,"ktz:P=100,in=none",CHAOTIC,TEST,clean,none,980003,,0.8000000000000002,0.8,0.8,1.1113088175737829e-13,0.0,1.9895362369070339e-28,4.9138003065870653e-29,4.048874827574929,80.19360681040455,,1,409.6000000000001,1.1171439488988413,0.1833890804172279,0,0,,,,,64.23574106271258
ktz,ktz,"ktz:P=100,in=none",CHAOTIC,TEST,clean,none,980004,,0.8000000000000002,0.8,0.8,1.1113088175737829e-13,0.0,1.9895362369070339e-28,4.9138003065870653e-29,4.048874827574929,80.19360681040455,,1,409.6000000000001,1.118143528846575,0.1984496252972292,0,0,,,,,64.80795179775392
ktz,ktz,"ktz:P=100,in=none",CHAOTIC,TEST,real,mix12,980000,,0.7984375000000001,0.2611111111111111,0.8111111111111111,26.52764187832118,29.484428045756268,56.073413987445754,175.0827651041085,0.32026803982735325,24.257804488642595,-18.05311665196876,10,408.80000000000007,1.1180379438250472,0.19707297606844656,0,0,0.0,1.0,0.0,0.14036625098898997,64.38246241887684
ktz,ktz,"ktz:P=100,in=none",CHAOTIC,TEST,real,mix12,980001,,0.8,0.7916666666666666,0.8111111111111111,2.469890682123105,4.277976150578169,0.1301911694148355,1.7446466550591528,0.07462323046177011,6.944129658327244,0.36782129071044817,8,409.6,1.1177826998566078,0.19230660990677023,0,0,0.0,0.0,0.0,0.140363889654139,63.0647786611657
ktz,ktz,"ktz:P=100,in=none",CHAOTIC,TEST,real,mix12,980002,,0.8000054253472224,0.7888888888888889,0.8138888888888889,2.951713629922276,4.988450336204921,0.1305186576406293,2.5030104131875457,0.05214467225264788,4.956036334908756,0.28018134005379963,10,409.6027777777779,1.1176817011639086,0.19660920561291556,0,0,0.0,0.0,0.0,0.14038466097412827,64.99402845306946
ktz,ktz,"ktz:P=100,in=E1",NON-CHAOTIC,TEST,clean,none,980000,,0.8,0.48055555555555557,1.1194444444444445,249.81879591842966,496.96757774765035,4.496617795627371,609.8304922591492,0.0073735535574310385,0.7319582225870561,-4.672866079870583e-16,42,409.6,,,256,0,,,,,90.056061333069
ktz,ktz,"ktz:P=100,in=E1",NON-CHAOTIC,TEST,clean,none,980001,,0.8000325520833333,0.48055555555555557,1.1194444444444445,243.7490085830131,485.17536438685715,3.688873935356405,429.9998139294398,0.008578780306081075,0.8505810823699471,-8.338850600951082e-05,42,409.6166666666667,,,257,0,,,,,88.54842632839627
ktz,ktz,"ktz:P=100,in=none",CHAOTIC,TEST,real,mix12,980003,,0.7999945746527779,0.7611111111111111,0.8416666666666667,3.609873269692271,6.2137304991019375,0.37839833868407957,5.124014039409167,0.07384802925475813,6.876953464822026,0.603397267859994,11,409.5972222222223,1.1193097267802643,0.1902835779710091,0,0,0.0,0.0,0.0,0.14037174109717893,64.23574106271258
ktz,ktz,"ktz:P=100,in=none",CHAOTIC,TEST,real,mix12,980004,,0.8000000000000003,0.7611111111111111,0.8416666666666667,3.2278369927566612,5.556914380464112,0.1762724873047255,2.724866497118566,0.06469032060511089,6.075975272165949,0.853920512481573,10,409.60000000000014,1.1183152755464674,0.19379739323034362,0,0,0.0,0.0,0.0,0.14037857021755035,64.80795179775392
ktz,ktz,"ktz:P=100,in=E1",NON-CHAOTIC,TEST,clean,none,980002,,0.7999999999999998,0.48055555555555557,1.1194444444444445,243.83498020574473,484.9479607701411,4.046378610205756,660.7798120554306,0.006123641395185842,0.608637064396402,2.1976749492678404e-15,42,409.5999999999999,,,256,0,,,,,87.91388389605235
ktz,ktz,"ktz:P=100,in=E1",NON-CHAOTIC,TEST,clean,none,980003,,0.8,0.48055555555555557,1.1194444444444445,242.63635299982838,483.06295906968995,3.1350540870900128,457.8951909340414,0.006846663055567249,0.6800105027700118,-5.176368293263009e-16,42,409.6,,,256,0,,,,,88.35310362951115
ktz,ktz,"ktz:P=100,in=E1",NON-CHAOTIC,TEST,clean,none,980004,,0.7998860677083333,0.48055555555555557,1.1194444444444445,246.53790534314794,490.3177104703039,4.672365408111431,688.5827598048952,0.0067854812534593675,0.6739748814227402,-0.00026251107689590685,42,409.54166666666663,,,257,0,,,,,89.90007655278806
ktz,ktz,"ktz:P=100,in=E1",NON-CHAOTIC,TEST,real,mix12,980000,,0.7999945746527778,0.42777777777777776,1.1694444444444445,229.3292677953647,453.45708056109913,16.993241011644958,1162.089591331422,0.014623004231692298,1.441225378362611,0.0002610442141015921,172,409.59722222222223,,,256,0,0.0,0.0,5.555555555555536,0.16933335740596986,90.056061333069
ktz,ktz,"ktz:P=100,in=E1",NON-CHAOTIC,TEST,real,mix12,980001,,0.8000379774305555,0.4083333333333333,1.6,226.35324063972084,442.09482338319276,763.0817456007238,2715.2862130496337,0.2810317902891275,21.937924758736777,0.07328677553852861,171,409.6194444444444,,,256,0,1.0,1.0,341.6666666666667,0.16785503054651868,88.54842632839627
ktz,ktz,"ktz:P=100,in=E1",NON-CHAOTIC,TEST,real,mix12,980002,,0.7979926215277777,0.4666666666666667,1.125,225.95896836068255,444.6460220465746,83.552780781374,1506.8579835201795,0.05544834463177868,5.253534662667298,0.01424843635384466,169,408.5722222222222,,,256,0,0.0,1.0,359.72222222222223,0.1683646759802934,87.91388389605235
ktz,ktz,"ktz:P=100,in=E3_10",NON-CHAOTIC,TEST,clean,none,980000,,0.8012044270833335,0.4861111111111111,1.425,127.38446788838034,193.0876700478697,1449.3664627731875,9152.207509290047,0.15836250011835862,13.671238502815616,1.9277661092240794,40,410.21666666666675,1.1109166482660335,0.16912212846346356,49,0,,,,,78.85890473577905
ktz,ktz,"ktz:P=100,in=E3_10",NON-CHAOTIC,TEST,clean,none,980001,,0.8000651041666669,0.48055555555555557,1.4305555555555556,143.5806648405453,218.28742157977487,1756.30766959936,12719.28689794775,0.13808224342221098,12.132887954300909,1.669648658658852,48,409.63333333333344,1.1057298499373003,0.17426787423369097,60,0,,,,,81.01671754582739
ktz,ktz,"ktz:P=100,in=E1",NON-CHAOTIC,TEST,real,mix12,980003,,0.8,0.48333333333333334,1.1555555555555554,222.45401316503802,440.831644824352,13.076201616182896,992.5632668339769,0.013174174436147166,1.300287232792809,0.003428141585183753,168,409.6,,,256,0,0.0,0.0,5.555555555555536,0.16819569676614754,88.35310362951115
ktz,ktz,"ktz:P=100,in=E1",NON-CHAOTIC,TEST,real,mix12,980004,,0.800048828125,0.4722222222222222,1.1277777777777778,224.82839437562026,444.6654803426116,14.0053561439656,1263.7118911447992,0.011082712952299689,1.0961232756060921,-0.0011322875446554432,167,409.625,,,257,0,0.0,0.0,5.555555555555536,0.1687328271944454,89.90007655278806
ktz,ktz,"ktz:P=100,in=E3_10",NON-CHAOTIC,TEST,clean,none,980002,,0.8000651041666669,0.48055555555555557,1.4166666666666667,144.03049422725303,220.77562422806503,1341.2123659192227,11348.41451045419,0.11818499973575114,10.569360147353125,1.7808644016215096,53,409.63333333333344,1.1140026912054402,0.1840255930837687,56,0,,,,,79.57002194928575
ktz,ktz,"ktz:P=100,in=E3_10",NON-CHAOTIC,TEST,clean,none,980003,,0.8000488281250001,0.48055555555555557,1.386111111111111,121.24483443470909,185.05993444963593,1164.0155622104085,8934.40103655034,0.13028467800454213,11.526713627097276,1.9183178451349927,42,409.62500000000006,1.1122645723758176,0.16743662449180102,46,0,,,,,79.15125848338381
ktz,ktz,"ktz:P=100,in=E3_10",NON-CHAOTIC,TEST,clean,none,980004,,0.8000325520833335,0.4777777777777778,1.4083333333333334,129.75860081562777,200.37307259246307,1156.2298343251882,8688.168782772203,0.13308095908747536,11.74505299203438,1.854879456577422,47,409.61666666666673,1.110139948947836,0.16666750506628875,50,0,,,,,79.07119247680002
ktz,ktz,"ktz:P=100,in=E3_10",NON-CHAOTIC,TEST,real,mix12,980000,,0.8010525173611113,0.4861111111111111,1.3444444444444446,101.79263558338849,151.09747262040062,889.0165111965839,5976.382468940031,0.1487549559983666,12.949233012804353,1.7216449809012577,65,410.13888888888897,1.110943641521693,0.17743353167649412,49,0,0.0,0.0,2.777777777777768,0.14066286810830272,78.85890473577905
ktz,ktz,"ktz:P=100,in=E3_10",NON-CHAOTIC,TEST,real,mix12,980001,,0.8000596788194445,0.48333333333333334,1.3222222222222222,116.1410911143224,173.09223395737675,1202.4409465003087,8767.760226889306,0.13714345686742394,12.060347886556329,1.4363197024921073,78,409.6305555555556,1.1077369837671982,0.1833120378855559,60,0,0.0,0.0,0.0,0.14039414923869475,81.01671754582739
ktz,ktz,"ktz:P=100,in=E3_10",NON-CHAOTIC,TEST,real,mix12,980002,,0.800070529513889,0.4388888888888889,1.3305555555555555,114.56410701545764,173.6871653374595,790.5723477312555,7167.410953990495,0.11030096541221765,9.934330316579215,1.42285769244021,80,409.6361111111112,1.1130114363711587,0.1711199412954209,56,0,0.0,0.0,2.777777777777768,0.14038669964305645,79.57002194928575
ktz,ktz,"ktz:P=146,in=none",CHAOTIC,TEST,clean,none,980000,,0.8000000000000002,0.8,0.8,1.1113088175737829e-13,0.0,1.9895362369070339e-28,4.9138003065870653e-29,4.048874827574929,80.19360681040455,,1,409.6000000000001,1.1250232061877385,0.29907604264056,0,0,,,,,78.97099785999961
ktz,ktz,"ktz:P=146,in=none",CHAOTIC,TEST,clean,none,980001,,0.8000000000000002,0.8,0.8,1.1113088175737829e-13,0.0,1.9895362369070339e-28,4.9138003065870653e-29,4.048874827574929,80.19360681040455,,1,409.6000000000001,1.125454622029702,0.22418681186111683,0,0,,,,,78.90488470625286
ktz,ktz,"ktz:P=100,in=E3_10",NON-CHAOTIC,TEST,real,mix12,980003,,0.7984863281250001,0.33611111111111114,1.2833333333333334,98.74387493064167,145.96468214840147,747.7277261809616,5806.98203899629,0.12876356791869858,11.4074879433009,1.0478271420000722,65,408.82500000000005,1.1122625903562193,0.172459207604152,46,0,0.0,1.0,2.777777777777768,0.14026471657550688,79.15125848338381
ktz,ktz,"ktz:P=100,in=E3_10",NON-CHAOTIC,TEST,real,mix12,980004,,0.8015896267361111,0.475,1.5944444444444446,110.06241119972758,168.22812620781326,969.4457346819535,6115.016373570031,0.1585352639237461,13.68411207327572,2.1129405084730664,68,410.4138888888889,1.1094981994753779,0.16616454559238186,50,0,1.0,0.0,2.777777777777768,0.14047283675101982,79.07119247680002
ktz,ktz,"ktz:P=146,in=none",CHAOTIC,TEST,clean,none,980002,,0.8000000000000002,0.8,0.8,1.1113088175737829e-13,0.0,1.9895362369070339e-28,4.9138003065870653e-29,4.048874827574929,80.19360681040455,,1,409.6000000000001,1.12635066381501,0.31281607874400763,0,0,,,,,78.02308363699738
ktz,ktz,"ktz:P=146,in=none",CHAOTIC,TEST,clean,none,980003,,0.8000000000000002,0.8,0.8,1.1113088175737829e-13,0.0,1.9895362369070339e-28,4.9138003065870653e-29,4.048874827574929,80.19360681040455,,1,409.6000000000001,1.1260636120985652,0.2989197391149514,0,0,,,,,78.56829492749766
ktz,ktz,"ktz:P=146,in=none",CHAOTIC,TEST,clean,none,980004,,0.8000000000000002,0.8,0.8,1.1113088175737829e-13,0.0,1.9895362369070339e-28,4.9138003065870653e-29,4.048874827574929,80.19360681040455,,1,409.6000000000001,1.1264804949410858,0.30808734550459305,0,0,,,,,77.92869353884574
ktz,ktz,"ktz:P=146,in=none",CHAOTIC,TEST,real,mix12,980000,,0.8,0.7388888888888889,0.8611111111111112,4.640308044415869,8.064445013056186,0.44554870171977057,5.80948669412341,0.0766932992841632,7.123040454988672,0.05042395868317703,11,409.6,1.126009441189964,0.284177218663175,0,0,0.0,0.0,0.0,0.13985830336935623,78.97099785999961
ktz,ktz,"ktz:P=146,in=none",CHAOTIC,TEST,real,mix12,980003,,0.8000054253472224,0.7861111111111111,0.8138888888888889,3.4951094935964027,6.082331568929151,0.16738159399307476,4.14425907288705,0.04038878628224135,3.882085890849318,-0.06857994395620345,11,409.6027777777779,1.1254378337709292,0.27525994421605327,0,0,0.0,0.0,2.777777777777768,0.1398051356741702,78.56829492749766
ktz,ktz,"ktz:P=146,in=none",CHAOTIC,TEST,real,mix12,980004,,0.8000054253472223,0.39166666666666666,1.586111111111111,42.92441011446889,54.97357706264175,510.86351840851586,865.8951140396586,0.58998314013482,37.10625133325586,8.857353359630746,13,409.6027777777778,1.125525872211702,0.29097542042605173,0,0,1.0,1.0,0.0,0.13986468419227652,77.92869353884574
ktz,ktz,"ktz:P=146,in=none",CHAOTIC,TEST,real,mix12,980001,,0.8000054253472223,0.7888888888888889,0.8111111111111111,2.6326460152478255,4.559886358318906,0.13616161081837674,2.0383500817653233,0.06679991432112255,6.2617097568508795,0.14797930333612036,9,409.6027777777778,1.1253011896859744,0.20755515450672052,0,0,0.0,0.0,0.0,0.1397965954281616,78.90488470625286
ktz,ktz,"ktz:P=146,in=none",CHAOTIC,TEST,real,mix12,980002,,0.7984320746527778,0.3472222222222222,0.8583333333333333,25.69192777731577,26.98784396844593,0.34807178378562353,4.62618421603233,0.07523949923553823,6.9974642197418495,-15.597549152580765,13,408.7972222222222,1.1254176644476657,0.30624873987682055,0,0,0.0,1.0,2.777777777777768,0.13983666034928188,78.02308363699738
ktz,ktz,"ktz:P=146,in=S2_5",CHAOTIC,TEST,clean,none,980000,,0.8000000000000003,0.48333333333333334,1.1166666666666667,72.36759250404148,125.34434703844049,81.66739877349383,1410.9501152568089,0.057881138312696076,5.471421714259467,-1.0768234849531726e-14,39,409.60000000000014,1.12451702657869,0.3406825481651133,23,0,,,,,80.66968375898415
ktz,ktz,"ktz:P=146,in=S2_5",CHAOTIC,TEST,clean,none,980001,,0.8000000000000003,0.48333333333333334,1.1166666666666667,68.23772163622954,118.19120086669163,81.94825876401208,1427.6665368902825,0.0574001397710913,5.42842180666984,-1.1582139435235955e-14,35,409.60000000000014,1.12474878370159,0.3524662923572729,24,0,,,,,80.6826203697754
ktz,ktz,"ktz:P=146,in=S2_5",CHAOTIC,TEST,clean,none,980002,,0.8000000000000003,0.4888888888888889,1.1111111111111112,73.57871897015517,127.44207961214074,82.48677072933185,1554.7165494530507,0.0530558260014346,5.038272871334205,-1.0821007314917325e-14,31,409.60000000000014,1.1255684225279725,0.41660658006824974,23,0,,,,,80.00271664313296
ktz,ktz,"ktz:P=146,in=S2_5",CHAOTIC,TEST,clean,none,980003,,0.8000000000000002,0.48333333333333334,1.1166666666666667,87.34301434607042,151.28253853361133,105.17306574581195,2266.1496523874116,0.046410467920779665,4.435206770532159,-5.324144778689238e-15,41,409.6000000000001,1.1239057719703496,0.40789534455274146,33,0,,,,,81.6536672431825
ktz,ktz,"ktz:P=146,in=S2_5",CHAOTIC,TEST,clean,none,980004,,0.8,0.48333333333333334,1.1166666666666667,75.38085913733708,130.56347794406048,65.46308277961154,1495.471365505936,0.043774213461763335,4.193839328199394,-1.808778904870889e-15,33,409.6,1.1251991089421927,0.3382873610536721,24,0,,,,,80.44253366295625
ktz,ktz,"ktz:P=146,in=S2_5",CHAOTIC,TEST,real,mix12,980000,,0.7999945746527779,0.43333333333333335,1.1666666666666667,67.7980524570566,117.38620151596521,64.7158604323759,1186.4980370370445,0.05454358828438194,5.172245973551261,0.001402563910691732,55,409.5972222222223,1.1249070955551126,0.323880049241286,23,0,0.0,0.0,0.0,0.1398670382665009,80.66968375898415
ktz,ktz,"ktz:P=146,in=S2_5",CHAOTIC,TEST,real,mix12,980001,,0.8015625000000002,0.48055555555555557,1.5944444444444446,74.75225443676597,122.30583334746274,972.0228568237715,2766.330969842769,0.35137619736044046,26.001360542442725,2.2928933259594584,55,410.4000000000001,1.1246658074769613,0.3673324262781724,24,0,1.0,0.0,2.777777777777768,0.1398500573723074,80.6826203697754
ktz,ktz,"ktz:P=146,in=S2_5",CHAOTIC,TEST,real,mix12,980002,,0.7999945746527778,0.49722222222222223,1.1027777777777779,63.397049652553065,109.53229796526962,61.71787730914185,1147.4874571762953,0.053785230438174424,5.104003062921084,-0.017194737842776125,49,409.59722222222223,1.1257954692144665,0.41730118333825567,23,0,0.0,0.0,2.777777777777768,0.13994799820543258,80.00271664313296
ktz,ktz,"ktz:P=146,in=E1",CHAOTIC,TEST,clean,none,980000,,0.7999457465277777,0.48055555555555557,1.1194444444444445,240.17261927838942,477.65520002041734,4.622803364989402,574.507962597715,0.008046543591992658,0.798231355798339,-0.00016030843140696528,60,409.5722222222222,,,257,0,,,,,89.61875676688383
ktz,ktz,"ktz:P=146,in=E1",CHAOTIC,TEST,clean,none,980001,,0.8000108506944444,0.48055555555555557,1.1194444444444445,245.4013394969737,488.2996273359105,4.40379109071649,478.07356202359153,0.009211534459416889,0.9127456578616134,3.093516285114706e-05,60,409.60555555555555,,,257,0,,,,,89.95948759044484
ktz,ktz,"ktz:P=146,in=S2_5",CHAOTIC,TEST,real,mix12,980003,,0.8,0.46944444444444444,1.1277777777777778,83.53024499485203,144.7268385448009,93.70820890677325,2038.7063992648086,0.04596454346764497,4.394464779394963,-0.014710124435138212,65,409.6,1.123591268075694,0.4091560481451289,33,0,0.0,0.0,0.0,0.14026108745616997,81.6536672431825
ktz,ktz,"ktz:P=146,in=S2_5",CHAOTIC,TEST,real,mix12,980004,,0.8000000000000002,0.4722222222222222,1.1305555555555555,70.18532813608074,121.48298105812046,60.076525856719655,1229.5591286276358,0.0488602170143486,4.6584107416555955,-0.04627688982320935,51,409.6000000000001,1.124186730897745,0.3240944191635521,24,0,0.0,0.0,0.0,0.1399933500671106,80.44253366295625
ktz,ktz,"ktz:P=146,in=E1",CHAOTIC,TEST,clean,none,980002,,0.8,0.48333333333333334,1.1166666666666667,242.55774043982012,482.4279596447642,4.137486079985233,612.7016680425079,0.006752855909800107,0.6707560718760084,-4.648023173253824e-16,60,409.6,,,256,0,,,,,90.13476410427286
ktz,ktz,"ktz:P=146,in=E1",CHAOTIC,TEST,clean,none,980003,,0.8,0.48333333333333334,1.1166666666666667,249.51421721380822,496.27981402997943,4.428642411495372,560.3647778698619,0.007903142000341557,0.7841172103756451,-5.074999236690137e-16,60,409.6,,,256,0,,,,,90.1347413208083
ktz,ktz,"ktz:P=146,in=E1",CHAOTIC,TEST,clean,none,980004,,0.7998426649305556,0.48333333333333334,1.1166666666666667,245.69342054883165,488.4043692323903,5.29487327478057,624.071921802786,0.008484395932258929,0.8413016568705377,-0.0003404311020056435,60,409.51944444444445,,,257,0,,,,,89.87616792545522
ktz,ktz,"ktz:P=146,in=E1",CHAOTIC,TEST,real,mix12,980000,,0.7989257812499999,0.43333333333333335,1.1333333333333333,218.32613608393774,429.5854406211305,30.184038833302964,1029.6149185516915,0.02931585225645464,2.8480910103724484,0.0032369563158816715,166,409.04999999999995,,,256,0,0.0,1.0,436.1111111111111,0.16596575188654228,89.61875676688383
ktz,ktz,"ktz:P=230,in=none",CHAOTIC,TEST,clean,none,980000,,0.8000000000000002,0.8,0.8,1.1113088175737829e-13,0.0,1.9895362369070339e-28,4.9138003065870653e-29,4.048874827574929,80.19360681040455,,1,409.6000000000001,1.123235166806514,0.3475215379196467,0,0,,,,,18.57553174250219
ktz,ktz,"ktz:P=230,in=none",CHAOTIC,TEST,clean,none,980001,,0.8000000000000002,0.8,0.8,1.1113088175737829e-13,0.0,1.9895362369070339e-28,4.9138003065870653e-29,4.048874827574929,80.19360681040455,,1,409.6000000000001,1.1230842718390361,0.3497974512151617,0,0,,,,,18.726021441708976
ktz,ktz,"ktz:P=146,in=E1",CHAOTIC,TEST,real,mix12,980003,,0.8,0.23333333333333334,1.7055555555555555,230.65681908660898,450.44759013243004,1438.141447899226,4060.8568942159945,0.3541472859946421,26.152789261362766,0.07004226444898552,170,409.6,,,255,0,1.0,1.0,354.16666666666663,0.16810499213681496,90.1347413208083
ktz,ktz,"ktz:P=146,in=E1",CHAOTIC,TEST,real,mix12,980004,,0.7998480902777778,0.475,1.125,225.69571666558988,447.15433504292935,11.981847375227229,839.720151813186,0.014268857725225643,1.4068121698252123,-0.0005781036456820909,155,409.52222222222224,,,257,0,0.0,0.0,5.555555555555536,0.16827462202948576,89.87616792545522
ktz,ktz,"ktz:P=146,in=E1",CHAOTIC,TEST,real,mix12,980001,,0.8000162760416667,0.44722222222222224,1.1527777777777777,225.29428857665764,445.1563253994595,17.362431044527405,1289.3923606306407,0.013465591680747553,1.3286678690705227,-0.000561180170974326,176,409.60833333333335,,,257,0,0.0,0.0,5.555555555555536,0.1666319839790586,89.95948759044484
ktz,ktz,"ktz:P=146,in=E1",CHAOTIC,TEST,real,mix12,980002,,0.8011827256944445,0.4638888888888889,1.6583333333333334,222.94468271942768,437.3389838547012,589.5533802411879,2314.7511359638565,0.2546940667104152,20.299296335893082,0.09096003264838977,173,410.2055555555556,,,257,0,1.0,0.0,355.55555555555554,0.16746691753699908,90.13476410427286
ktz,ktz,"ktz:P=230,in=none",CHAOTIC,TEST,clean,none,980002,,0.8000000000000002,0.8,0.8,1.1113088175737829e-13,0.0,1.9895362369070339e-28,4.9138003065870653e-29,4.048874827574929,80.19360681040455,,1,409.6000000000001,1.1198788912463709,0.3434703595844637,0,0,,,,,20.267840216736737
ktz,ktz,"ktz:P=230,in=none",CHAOTIC,TEST,clean,none,980003,,0.8000000000000002,0.8,0.8,1.1113088175737829e-13,0.0,1.9895362369070339e-28,4.9138003065870653e-29,4.048874827574929,80.19360681040455,,1,409.6000000000001,1.1195676730004878,0.3497041295554339,0,0,,,,,17.377083829423405
ktz,ktz,"ktz:P=230,in=none",CHAOTIC,TEST,clean,none,980004,,0.8000000000000002,0.8,0.8,1.1113088175737829e-13,0.0,1.9895362369070339e-28,4.9138003065870653e-29,4.048874827574929,80.19360681040455,,1,409.6000000000001,1.1259884397452313,0.35514146333055574,0,0,,,,,18.683522082168828
ktz,ktz,"ktz:P=230,in=none",CHAOTIC,TEST,real,mix12,980000,,0.7984429253472223,0.34444444444444444,0.8944444444444445,25.973741209165233,27.92497420741065,69.01670083614519,178.57073536862063,0.38649502503125804,27.875687835413956,-15.00212680656661,13,408.8027777777778,1.1202490073114575,0.35383709228320037,0,0,0.0,1.0,0.0,0.14117342122165316,18.57553174250219
ktz,ktz,"ktz:P=230,in=S2_5",NON-CHAOTIC,TEST,clean,none,980000,,0.8000000000000003,0.4861111111111111,1.113888888888889,70.49488208298312,122.10071744130371,65.71952139449681,1499.5370164574938,0.04382654157464722,4.198642190926993,-1.1552417674648938e-14,37,409.60000000000014,1.122714443744798,0.3520147090163054,20,0,,,,,38.946690856361045
ktz,ktz,"ktz:P=230,in=S2_5",NON-CHAOTIC,TEST,clean,none,980001,,0.8000000000000002,0.48333333333333334,1.1166666666666667,84.97193086718418,147.17570147919318,78.65639265342917,1678.1324303883405,0.04687138585077407,4.477282165151789,-5.48330772641138e-15,47,409.6000000000001,1.1222110780169698,0.3568196917525893,29,0,,,,,43.65537562752851
ktz,ktz,"ktz:P=230,in=none",CHAOTIC,TEST,real,mix12,980001,,0.8000054253472224,0.7888888888888889,0.8111111111111111,2.515318867224241,4.3026129919086005,0.13251545829512207,1.9760391505797343,0.0670611502086102,6.2846585873264855,0.09113837764413846,9,409.6027777777779,1.1247903899207978,0.34535514220308006,0,0,0.0,0.0,2.777777777777768,0.1411714877181504,18.726021441708976
ktz,ktz,"ktz:P=230,in=none",CHAOTIC,TEST,real,mix12,980002,,0.7999891493055556,0.6972222222222222,0.9055555555555556,6.8923269223022325,11.888442826624615,0.8738004707228364,14.347775049823273,0.060901461563798304,5.740538944496114,0.5422787176199236,10,409.5944444444445,1.120825743106248,0.34385819297031456,0,0,0.0,0.0,0.0,0.14117158547338374,20.267840216736737
ktz,ktz,"ktz:P=230,in=none",CHAOTIC,TEST,real,mix12,980003,,0.8,0.7888888888888889,0.8111111111111111,2.7859197916576894,4.784501001367769,0.19225567633132484,2.421346059063503,0.07940033008155926,7.3559668149777,-0.08155293442859926,9,409.6,1.1252317303499453,0.33870499055455233,0,0,0.0,0.0,2.777777777777768,0.1411755283976721,17.377083829423405
ktz,ktz,"ktz:P=230,in=none",CHAOTIC,TEST,real,mix12,980004,,0.8015625000000002,0.7861111111111111,1.6055555555555556,35.69791366904761,50.856232002601736,547.7427002125792,865.8520611623001,0.6326054123810734,38.74821237168692,22.377689679787,11,410.4000000000001,1.1205675226982628,0.34756630918798315,0,0,1.0,0.0,0.0,0.14116634839934217,18.683522082168828
ktz,ktz,"ktz:P=230,in=S2_5",NON-CHAOTIC,TEST,clean,none,980002,,0.8000000000000002,0.48055555555555557,1.1194444444444445,81.85763033214447,141.78157472246545,92.8488482121407,1723.9296812025002,0.053858837297456025,5.110631081822408,-5.696500173297815e-15,51,409.6000000000001,1.1253825270798459,0.3592533290128321,28,0,,,,,43.96239415656866
ktz,ktz,"ktz:P=230,in=S2_5",NON-CHAOTIC,TEST,clean,none,980003,,0.8000000000000003,0.4861111111111111,1.113888888888889,76.0479602724673,131.71893100389286,88.59742650112614,1735.3552811888849,0.051054344583795194,4.857440992169829,-1.0569568878814105e-14,33,409.60000000000014,1.1250706300496733,0.35147256612132477,24,0,,,,,42.007573397074125
ktz,ktz,"ktz:P=230,in=S2_5",NON-CHAOTIC,TEST,clean,none,980004,,0.8000000000000003,0.49166666666666664,1.1083333333333334,79.53395817971526,137.75685649432512,98.79358495169399,1792.9522693057995,0.05510106802226541,5.222349753237349,-9.591012139940637e-15,37,409.60000000000014,1.1237715896248732,0.3562450283912356,26,0,,,,,41.63736231108943
ktz,ktz,"ktz:P=230,in=S2_5",NON-CHAOTIC,TEST,real,mix12,980000,,0.8,0.4583333333333333,1.1388888888888888,68.23086149423133,118.16896884030896,64.65336785876912,1368.2839034283415,0.04725142764361627,4.511946834957777,-0.014284556208198846,46,409.6,1.1228539810453626,0.35447432183306327,20,0,0.0,0.0,0.0,0.14113373651672423,38.946690856361045
ktz,ktz,"ktz:P=230,in=E1",NON-CHAOTIC,TEST,clean,none,980000,,0.8001519097222223,0.4777777777777778,1.1222222222222222,240.96689683736096,479.2139375292142,4.083797283681552,585.5777297692746,0.0069739627654395635,0.6925663446438138,-0.00045879885851275905,92,409.6777777777778,,,257,0,,,,,90.29013679026347
ktz,ktz,"ktz:P=230,in=E1",NON-CHAOTIC,TEST,clean,none,980001,,0.8000651041666667,0.48055555555555557,1.1194444444444445,245.1978852942774,487.78054899728454,3.7427299935195144,656.6848604786292,0.005699430912403859,0.5667131488016401,-0.00015621313417519666,94,409.6333333333333,,,257,0,,,,,90.49475443937561
ktz,ktz,"ktz:P=230,in=S2_5",NON-CHAOTIC,TEST,real,mix12,980001,,0.8,0.41944444444444445,1.1805555555555556,79.4323209387836,137.56276008337056,66.8523769498417,1437.7312583739022,0.046498520888704084,4.443247645416331,0.0005021357117130276,52,409.6,1.1237108222076078,0.3525100044766958,29,0,0.0,0.0,2.777777777777768,0.14113504372621105,43.65537562752851
ktz,ktz,"ktz:P=230,in=S2_5",NON-CHAOTIC,TEST,real,mix12,980002,,0.7999945746527779,0.4777777777777778,1.1222222222222222,77.34216592409398,134.1009356086686,87.41057911941611,1482.272200283575,0.058970666185801435,5.568677968975464,0.004800152908620282,63,409.5972222222223,1.1236503563348095,0.3563444728664804,28,0,0.0,0.0,0.0,0.14102923694160333,43.96239415656866
ktz,ktz,"ktz:P=230,in=E1",NON-CHAOTIC,TEST,clean,none,980002,,0.80009765625,0.48055555555555557,1.1194444444444445,246.0663126994771,489.548512044709,2.9177781230494846,663.0077773390918,0.004400820356526832,0.4381537994925866,-0.0003767426977939708,94,409.65,,,257,0,,,,,90.44705258958979
ktz,ktz,"ktz:P=230,in=E1",NON-CHAOTIC,TEST,clean,none,980003,,0.8,0.48055555555555557,1.1194444444444445,245.67924301742437,488.59542861222803,3.817186738624067,722.7560101115016,0.005281432025774755,0.5253685045323052,-4.656420513677762e-16,94,409.6,,,256,0,,,,,90.48456840856667
ktz,ktz,"ktz:P=230,in=S2_5",NON-CHAOTIC,TEST,real,mix12,980003,,0.8,0.4861111111111111,1.113888888888889,68.75511318540414,119.15009722760787,66.45932140073008,1399.7873504682063,0.04747815543446689,4.532615328362068,0.001440051699294787,50,409.6,1.1226970035367334,0.3647468820158845,24,0,0.0,0.0,0.0,0.1410327434005939,42.007573397074125
ktz,ktz,"ktz:P=230,in=S2_5",NON-CHAOTIC,TEST,real,mix12,980004,,0.8000000000000002,0.49166666666666664,1.1083333333333334,70.84870691708055,122.58964766596544,76.8798985518396,1398.1085221963854,0.05498850577855262,5.212237429826082,-0.02351033655403015,52,409.6000000000001,1.12298047632435,0.3565841113631534,26,0,0.0,0.0,0.0,0.14109603835271262,41.63736231108943
ktz,ktz,"ktz:P=230,in=E1",NON-CHAOTIC,TEST,clean,none,980004,,0.7998643663194444,0.4777777777777778,1.1222222222222222,241.80255191828027,480.91391279007894,4.458170481074711,481.52886290816673,0.009258366059616528,0.9173435039992167,-0.000274315800350362,94,409.5305555555555,,,257,0,,,,,90.34441209001835
ktz,ktz,"ktz:P=230,in=E1",NON-CHAOTIC,TEST,real,mix12,980000,,0.800363498263889,0.4305555555555556,1.1666666666666667,219.60042294554478,433.3280541434994,17.668827273934042,1347.3311706384093,0.013113945300888406,1.294419582487698,-0.0028508285761033284,185,409.78611111111115,,,257,0,0.0,0.0,5.555555555555536,0.166208157556106,90.29013679026347
ktz,ktz,"ktz:P=230,in=E3_10",NON-CHAOTIC,TEST,clean,none,980000,,0.7999837239583335,0.48055555555555557,1.4222222222222223,132.28819234339264,203.4547656271505,1371.3992698814232,9934.486008826616,0.13804431036119624,12.129959185629888,1.8237987085596294,56,409.59166666666675,1.120689670295921,0.35871125980906104,50,0,,,,,41.679264809856804
ktz,ktz,"ktz:P=230,in=E3_10",NON-CHAOTIC,TEST,clean,none,980001,,0.8000271267361113,0.48333333333333334,1.3972222222222221,135.79078614527808,207.59283489130772,1361.3706520199687,10027.394208696269,0.1357651473240494,11.953628586325493,1.8385802766072001,56,409.613888888889,1.1197113654396564,0.3585225955204395,50,0,,,,,40.35229185345036
ktz,ktz,"ktz:P=230,in=E1",NON-CHAOTIC,TEST,real,mix12,980001,,0.7988878038194445,0.30277777777777776,1.175,225.97047222990875,445.2830171959256,56.21289105328279,1382.4037137817754,0.04066315107003285,3.9074268199293978,-0.008297866274817206,177,409.03055555555557,,,256,0,0.0,1.0,441.6666666666666,0.1683629745396603,90.49475443937561
ktz,ktz,"ktz:P=230,in=E1",NON-CHAOTIC,TEST,real,mix12,980002,,0.798876953125,0.24444444444444444,1.1555555555555554,228.6712792705368,450.1703952880462,77.54392730740302,1568.2914298090975,0.04944484541169888,4.711523966969564,-0.009637700823185056,169,409.025,,,256,0,0.0,1.0,425.00000000000006,0.16734759690191414,90.44705258958979
ktz,ktz,"ktz:P=230,in=E3_10",NON-CHAOTIC,TEST,clean,none,980002,,0.7999728732638891,0.48333333333333334,1.363888888888889,125.53111004776629,193.67185686709823,1143.7618086641608,9034.847735553503,0.12659447531841447,11.23691604138521,1.8525242316143637,55,409.5861111111112,1.1201457210301786,0.3597931023447481,48,0,,,,,39.80697635777541
ktz,ktz,"ktz:P=230,in=E3_10",NON-CHAOTIC,TEST,clean,none,980003,,0.8,0.48333333333333334,1.4111111111111112,135.89210962625677,205.68539002440932,1349.86863906703,11340.054595151256,0.11903546210828672,10.637327067725037,1.8672420620298842,56,409.6,1.1198211052386537,0.3582213792862507,50,0,,,,,40.54496312931532
ktz,ktz,"ktz:P=230,in=E1",NON-CHAOTIC,TEST,real,mix12,980003,,0.7980794270833333,0.2777777777777778,1.1277777777777778,230.40612428151437,452.95246197750237,59.498276582393345,1647.609686770361,0.03611187592555472,3.4853259348365366,-0.010849170756931623,170,408.6166666666667,,,256,0,0.0,1.0,18.055555555555546,0.16764741110658649,90.48456840856667
ktz,ktz,"ktz:P=230,in=E1",NON-CHAOTIC,TEST,real,mix12,980004,,0.802001953125,0.4777777777777778,1.65,229.32709699867468,450.7936053344397,319.6443576277735,1541.2804183791588,0.20738883970505373,17.176640439687645,0.07558618778509824,162,410.625,,,257,0,1.0,0.0,424.99999999999994,0.16629017958564377,90.34441209001835
ktz,ktz,"ktz:P=230,in=E3_10",NON-CHAOTIC,TEST,clean,none,980004,,0.8000271267361112,0.48055555555555557,1.4222222222222223,128.65145544004966,195.23942107855444,1332.5742043462626,9292.927689080485,0.14339659673797783,12.541282451520079,1.8303483158282974,58,409.61388888888894,1.1200736249111558,0.3604489098643899,50,0,,,,,39.110161039097164
ktz,ktz,"ktz:P=230,in=E3_10",NON-CHAOTIC,TEST,real,mix12,980000,,0.7999891493055556,0.49722222222222223,1.325,104.08489522109411,157.4526899381107,784.5999195216516,6143.325828338354,0.1277158238787198,11.325177954801402,1.7657566495703572,70,409.5944444444445,1.1251309602328594,0.3566739740950358,50,0,0.0,0.0,2.777777777777768,0.1409871623978647,41.679264809856804
ktz,ktz,"ktz:P=230,in=E3_10",NON-CHAOTIC,TEST,real,mix12,980001,,0.8000217013888891,0.4722222222222222,1.3055555555555556,108.85996687899059,163.7012406931875,808.7935188448525,6515.495238694259,0.12413385156689014,11.042621961242816,1.5430257050099008,74,409.6111111111112,1.1173688213322719,0.3595371987131468,50,0,0.0,0.0,0.0,0.14134966230724125,40.35229185345036
ktz,ktz,"ktz:P=230,in=E3_10",NON-CHAOTIC,TEST,real,mix12,980002,,0.7999728732638889,0.4111111111111111,1.2916666666666667,98.7080839989317,150.47389164206544,698.1949871020149,5801.090981235978,0.12035580709910843,10.742641430202498,1.5834585464123583,69,409.5861111111111,1.1197756737082618,0.3597724914921687,48,0,0.0,0.0,0.0,0.14097628324402772,39.80697635777541
ktz,ktz,"ktz:P=230,in=E3_10",NON-CHAOTIC,TEST,real,mix12,980003,,0.8000000000000002,0.48055555555555557,1.3472222222222223,110.71180150916325,164.15682874810105,873.0918920116817,7862.214313093262,0.11104910871708071,9.994977525818657,1.5954229372234814,71,409.6000000000001,1.1218707106365657,0.3575279898422984,50,0,0.0,0.0,2.777777777777768,0.1412646291516361,40.54496312931532
ktz,ktz,"ktz:P=230,in=E3_10",NON-CHAOTIC,TEST,real,mix12,980004,,0.8000271267361112,0.4722222222222222,1.3138888888888889,105.2707094366009,157.94102873662135,790.4191451976506,6237.56653181403,0.12671915260000893,11.246738134129764,1.5368238558139395,72,409.61388888888894,1.1223449847545792,0.3577263949239015,50,0,0.0,0.0,2.777777777777768,0.14117580884840186,39.110161039097164
ktz,ktz,"ktz:P=232,in=none",CHAOTIC,TEST,clean,none,980000,,0.8000000000000002,0.8,0.8,1.1113088175737829e-13,0.0,1.9895362369070339e-28,4.9138003065870653e-29,4.048874827574929,80.19360681040455,,1,409.6000000000001,1.1240027099526642,0.3467099330767321,0,0,,,,,22.876962070909443
ktz,ktz,"ktz:P=232,in=none",CHAOTIC,TEST,clean,none,980001,,0.8000000000000002,0.8,0.8,1.1113088175737829e-13,0.0,1.9895362369070339e-28,4.9138003065870653e-29,4.048874827574929,80.19360681040455,,1,409.6000000000001,1.1244253477804889,0.36306038619323816,0,0,,,,,26.364362126786713
ktz,ktz,"ktz:P=232,in=none",CHAOTIC,TEST,clean,none,980002,,0.8000000000000002,0.8,0.8,1.1113088175737829e-13,0.0,1.9895362369070339e-28,4.9138003065870653e-29,4.048874827574929,80.19360681040455,,1,409.6000000000001,1.120732612610034,0.3427544339383686,0,0,,,,,22.767749551840424
ktz,ktz,"ktz:P=232,in=none",CHAOTIC,TEST,clean,none,980003,,0.8000000000000002,0.8,0.8,1.1113088175737829e-13,0.0,1.9895362369070339e-28,4.9138003065870653e-29,4.048874827574929,80.19360681040455,,1,409.6000000000001,1.1218544486287494,0.3599605686025673,0,0,,,,,23.267275116152558
ktz,ktz,"ktz:P=232,in=none",CHAOTIC,TEST,real,mix12,980001,,0.8,0.7583333333333333,0.8416666666666667,4.5082664818640295,7.827860373907357,0.35541124933139945,6.8970177408337126,0.0515311490685592,4.900582271310292,-0.266679956311572,12,409.6,1.1244342844747064,0.365498556024184,0,0,0.0,0.0,2.777777777777768,0.1410443475567003,26.364362126786713
ktz,ktz,"ktz:P=232,in=none",CHAOTIC,TEST,real,mix12,980002,,0.8,0.7861111111111111,0.8138888888888889,2.725646944262542,4.698516274429418,0.17080282572025712,2.0703145256258373,0.08250090679754322,7.621324497696066,-0.06220260615256398,9,409.6,1.1202876510998538,0.3507619355616649,0,0,0.0,0.0,0.0,0.14108563248954928,22.767749551840424
ktz,ktz,"ktz:P=232,in=none",CHAOTIC,TEST,clean,none,980004,,0.8000000000000002,0.8,0.8,1.1113088175737829e-13,0.0,1.9895362369070339e-28,4.9138003065870653e-29,4.048874827574929,80.19360681040455,,1,409.6000000000001,1.1236237265390252,0.3457058514036266,0,0,,,,,23.15873461309545
ktz,ktz,"ktz:P=232,in=none",CHAOTIC,TEST,real,mix12,980000,,0.7984537760416668,0.38333333333333336,0.8111111111111111,25.179754524197886,25.62959014292183,51.48854131317334,135.16675171565382,0.3809260832241365,27.58482788121172,-15.60275076944343,11,408.8083333333334,1.1217044487714682,0.3576825397153471,0,0,0.0,1.0,0.0,0.14107548654457272,22.876962070909443
ktz,ktz,"ktz:P=232,in=E1",NON-CHAOTIC,TEST,clean,none,980002,,0.8000922309027778,0.4777777777777778,1.1222222222222222,248.08586987385937,493.03315657680747,2.4768736493653734,984.7090391021707,0.0025153355468572882,0.25090245083235657,-0.0002923262368077569,96,409.64722222222224,,,257,0,,,,,90.20778980653733
ktz,ktz,"ktz:P=232,in=E1",NON-CHAOTIC,TEST,clean,none,980003,,0.8,0.48333333333333334,1.1166666666666667,245.52523280893547,488.40225142689474,3.5626225423235134,534.3972427536656,0.006666618495196336,0.6622469020738813,-5.105993698298936e-16,94,409.6,,,256,0,,,,,90.20699692545637
ktz,ktz,"ktz:P=232,in=none",CHAOTIC,TEST,real,mix12,980003,,0.8015625000000002,0.7555555555555555,1.6472222222222221,37.57326361815126,54.693518597186575,514.1379699464871,869.681879611731,0.5911793518982179,37.15353339602873,22.32923338485941,11,410.4000000000001,1.1210141084564824,0.3388418914963166,0,0,1.0,0.0,0.0,0.14107174405039605,23.267275116152558
ktz,ktz,"ktz:P=232,in=none",CHAOTIC,TEST,real,mix12,980004,,0.8015679253472223,0.7888888888888889,1.5833333333333333,34.760931466420075,48.87786746431061,470.59779550687915,719.7232753669094,0.6538593534674448,39.53536629923081,22.281134578328686,11,410.4027777777778,1.1243045515628949,0.3622740008734528,0,0,1.0,0.0,0.0,0.14107517419589063,23.15873461309545
ktz,ktz,"ktz:P=232,in=E1",NON-CHAOTIC,TEST,clean,none,980000,,0.8,0.48055555555555557,1.1194444444444445,247.92834724344692,493.2312551961945,5.43640728384419,684.660501500552,0.007940296354075286,0.7877744726346342,-4.566519142799663e-16,94,409.6,,,256,0,,,,,90.26815252377345
ktz,ktz,"ktz:P=232,in=E1",NON-CHAOTIC,TEST,clean,none,980001,,0.8,0.48055555555555557,1.1194444444444445,243.5656979809042,484.24654052939724,2.9869079659228412,611.8722044511154,0.004881587926685229,0.4857873788649199,-4.7034388879982e-16,96,409.6,,,256,0,,,,,90.17360945506591
ktz,ktz,"ktz:P=232,in=E1",NON-CHAOTIC,TEST,clean,none,980004,,0.8,0.48055555555555557,1.1194444444444445,248.1181133036364,493.2000736052148,7.905243880135062,746.8224924985485,0.010585171121035065,1.0474298875069588,-4.520455302445945e-16,94,409.6,,,256,0,,,,,90.24144401266413
ktz,ktz,"ktz:P=232,in=E1",NON-CHAOTIC,TEST,real,mix12,980000,,0.8,0.3472222222222222,1.5222222222222221,227.09919390934039,445.24352632442265,592.4446188385889,1858.5170862691227,0.31877275878474215,24.17192474300829,0.04550791234499489,177,409.6,,,256,0,1.0,1.0,5.555555555555647,0.16808416385903494,90.26815252377345
ktz,ktz,"ktz:P=232,in=E1",NON-CHAOTIC,TEST,real,mix12,980001,,0.8000054253472222,0.4527777777777778,1.1472222222222221,224.49247351979585,443.94937704958664,12.167598675795503,940.9140841791044,0.012931678758333245,1.2766585377391977,0.0016605714846800314,167,409.60277777777776,,,256,0,0.0,0.0,5.555555555555536,0.16760319706276855,90.17360945506591
ktz,ktz,"ktz:P=232,in=E1",NON-CHAOTIC,TEST,real,mix12,980002,,0.8018229166666666,0.4722222222222222,1.6861111111111111,228.69056641256307,449.2113625589133,933.9497915412946,3665.687974363626,0.2547815848138114,20.304855275001245,0.088799000951923,179,410.5333333333333,,,256,0,1.0,0.0,443.0555555555556,0.1674762320742466,90.20778980653733
ktz,ktz,"ktz:P=232,in=E3_10",NON-CHAOTIC,TEST,clean,none,980000,,0.7999945746527779,0.48333333333333334,1.3944444444444444,140.13245181293746,213.75001492329338,1623.4596045998192,10691.178249332042,0.15185039167233497,13.18316968680874,1.7466020601484165,60,409.5972222222223,1.1220484876237,0.37016644451913616,56,0,,,,,44.041285057371226
ktz,ktz,"ktz:P=232,in=E3_10",NON-CHAOTIC,TEST,clean,none,980001,,0.7999674479166667,0.48055555555555557,1.4083333333333334,142.58169299213787,218.5556534415819,1881.3617758351302,10987.609165613687,0.17122576417469898,14.619364550552962,1.76845815546676,58,409.58333333333337,1.1185097057906697,0.3575163721384379,54,0,,,,,44.394174431130196
ktz,ktz,"ktz:P=232,in=E3_10",NON-CHAOTIC,TEST,clean,none,980002,,0.7999782986111114,0.48055555555555557,1.3388888888888888,126.09034789449802,191.4351043906558,1274.8069306299244,9044.851524328975,0.14094282556224721,12.353189169912326,1.86718486415221,52,409.588888888889,1.1189533389563828,0.36530604817635526,46,0,,,,,41.3969376278603
ktz,ktz,"ktz:P=232,in=E3_10",NON-CHAOTIC,TEST,clean,none,980003,,0.7999945746527779,0.48055555555555557,1.4277777777777778,126.9519741645448,194.59938535329368,914.7422563026613,8827.208617958786,0.10362757876160712,9.389723558547603,1.9393896257701204,57,409.5972222222223,1.118465742399374,0.3821355817257701,46,0,,,,,41.34256005820819
ktz,ktz,"ktz:P=232,in=E1",NON-CHAOTIC,TEST,real,mix12,980003,,0.8009982638888888,0.4777777777777778,1.8,230.0870913928968,451.9283201911612,443.03295591719404,2145.139834175491,0.20652870682785993,17.11759576536343,0.13898457786686055,170,410.1111111111111,,,257,0,1.0,0.0,254.16666666666666,0.1679331202862462,90.20699692545637
ktz,ktz,"ktz:P=232,in=E1",NON-CHAOTIC,TEST,real,mix12,980004,,0.8011501736111111,0.43333333333333335,1.6333333333333333,230.67567933616263,452.3871202510754,548.6985040528159,2653.0234214665725,0.2068200753951502,17.13760647604664,0.07492781450840204,163,410.18888888888887,,,257,0,1.0,0.0,8.333333333333304,0.16821816866360087,90.24144401266413
ktz,ktz,"ktz:P=232,in=E3_10",NON-CHAOTIC,TEST,clean,none,980004,,0.7996310763888891,0.48055555555555557,1.4055555555555554,146.60378588634592,222.65477580106233,1929.4841715918703,12165.801018558222,0.15859902431813197,13.68886223699972,1.6474958168986167,59,409.4111111111112,1.1145940195741437,0.3703698763131681,63,0,,,,,45.07779376437145
ktz,ktz,"ktz:P=232,in=E3_10",NON-CHAOTIC,TEST,real,mix12,980000,,0.7999945746527778,0.45555555555555555,1.2916666666666667,113.58845377580505,170.03024862808223,1009.9569782185567,7209.2725814798705,0.14009138464441853,12.287732942400178,1.56755198165603,81,409.59722222222223,1.1225286859761612,0.3702502110609691,56,0,0.0,0.0,2.777777777777768,0.1408865611113202,44.041285057371226
ktz,ktz,"ktz:P=260,in=none",CHAOTIC,TEST,clean,none,980000,,0.8000000000000002,0.8,0.8,1.1113088175737829e-13,0.0,1.9895362369070339e-28,4.9138003065870653e-29,4.048874827574929,80.19360681040455,,1,409.6000000000001,1.121003945314202,0.331870370676014,0,0,,,,,9.829353429007126
ktz,ktz,"ktz:P=260,in=none",CHAOTIC,TEST,clean,none,980001,,0.8000000000000002,0.8,0.8,1.1113088175737829e-13,0.0,1.9895362369070339e-28,4.9138003065870653e-29,4.048874827574929,80.19360681040455,,1,409.6000000000001,1.121811301438857,0.3290215466305865,0,0,,,,,10.009700288036761
ktz,ktz,"ktz:P=232,in=E3_10",NON-CHAOTIC,TEST,real,mix12,980001,,0.8015299479166668,0.4166666666666667,1.3611111111111112,118.38094074272288,179.6707962712265,1389.7276615621033,7468.625214501103,0.18607543177609237,15.688330336414872,1.6333782179999319,78,410.3833333333334,1.1213731040805313,0.3867156961344709,54,0,1.0,0.0,2.777777777777768,0.1409737471254731,44.394174431130196
ktz,ktz,"ktz:P=232,in=E3_10",NON-CHAOTIC,TEST,real,mix12,980002,,0.8,0.43333333333333335,1.3194444444444444,106.99104592034591,160.41412809829825,901.4574632468155,6837.7862039454685,0.13183469566899675,11.647875451553714,1.4693100633326923,62,409.6,1.1190879020790003,0.3753613645264001,46,0,0.0,0.0,2.777777777777768,0.1408313342341879,41.3969376278603
ktz,ktz,"ktz:P=260,in=none",CHAOTIC,TEST,clean,none,980002,,0.8000000000000002,0.8,0.8,1.1113088175737829e-13,0.0,1.9895362369070339e-28,4.9138003065870653e-29,4.048874827574929,80.19360681040455,,1,409.6000000000001,1.1194223018180565,0.32878829805000587,0,0,,,,,10.287709422381646
ktz,ktz,"ktz:P=260,in=none",CHAOTIC,TEST,clean,none,980003,,0.8000000000000002,0.8,0.8,1.1113088175737829e-13,0.0,1.9895362369070339e-28,4.9138003065870653e-29,4.048874827574929,80.19360681040455,,1,409.6000000000001,1.1198440891370405,0.3271423102482326,0,0,,,,,10.046320801323283
ktz,ktz,"ktz:P=232,in=E3_10",NON-CHAOTIC,TEST,real,mix12,980003,,0.8015516493055557,0.4777777777777778,1.5944444444444446,107.21086258062776,161.14826820324785,1002.0165555218412,6361.76137537959,0.15750615221119535,13.607370631275678,2.184895404210286,70,410.3944444444445,1.1189555919279006,0.3799360441343339,46,0,1.0,0.0,2.777777777777768,0.1408231708453118,41.34256005820819
ktz,ktz,"ktz:P=232,in=E3_10",NON-CHAOTIC,TEST,real,mix12,980004,,0.799631076388889,0.48333333333333334,1.3083333333333333,121.146166059778,182.50891947968648,1235.232335517107,8379.63283815634,0.14740888525479584,12.847110315174344,1.4231331575225425,78,409.41111111111115,1.1144362423727947,0.370280238751962,63,0,0.0,0.0,2.777777777777768,0.1413961737700089,45.07779376437145
ktz,ktz,"ktz:P=260,in=none",CHAOTIC,TEST,clean,none,980004,,0.8000000000000002,0.8,0.8,1.1113088175737829e-13,0.0,1.9895362369070339e-28,4.9138003065870653e-29,4.048874827574929,80.19360681040455,,1,409.6000000000001,1.1200184945669402,0.3270969389186275,0,0,,,,,10.038970116980641
ktz,ktz,"ktz:P=260,in=none",CHAOTIC,TEST,real,mix12,980000,,0.8000054253472224,0.7555555555555555,0.8444444444444444,4.036429564266314,6.902187151937437,0.14796354522839703,2.633969006272724,0.056175127678429755,5.318732301707186,0.008093677623389497,10,409.6027777777779,1.1194938213056478,0.3240294887008814,0,0,0.0,0.0,0.0,0.14123761330820062,9.829353429007126
ktz,ktz,"ktz:P=260,in=E1",NON-CHAOTIC,TEST,clean,none,980000,,0.7997884114583332,0.48055555555555557,1.1194444444444445,245.50106286148616,488.4827679487582,5.710604057982878,573.6932424588347,0.009954107239449735,0.9855999562849164,0.00028645149113876503,106,409.4916666666666,,,257,0,,,,,89.07549282286085
ktz,ktz,"ktz:P=260,in=E1",NON-CHAOTIC,TEST,clean,none,980001,,0.7998318142361112,0.48055555555555557,1.1194444444444445,244.18118728026784,485.63894690971284,5.307893813728592,555.2237752394267,0.009559918091475265,0.9469391484507264,-0.0004505847126880515,106,409.5138888888889,,,257,0,,,,,88.97376763024586
ktz,ktz,"ktz:P=260,in=none",CHAOTIC,TEST,real,mix12,980001,,0.8000000000000002,0.7916666666666666,0.8083333333333333,2.0781173379214795,3.5994048133697842,0.07573811342942831,1.3105485039847093,0.057791156297647396,5.463380550459601,0.19648763312033993,7,409.6000000000001,1.125023732065407,0.3267185264666925,0,0,0.0,0.0,0.0,0.14123981748592135,10.009700288036761
ktz,ktz,"ktz:P=260,in=none",CHAOTIC,TEST,real,mix12,980002,,0.8,0.7888888888888889,0.8083333333333333,2.4204878777891334,4.105056571379892,0.1348503681645746,2.0056416097271357,0.06723552578415083,6.2999707337093716,-0.15987521882625633,8,409.6,1.1205153264999679,0.32862952919147403,0,0,0.0,0.0,0.0,0.14124010488625782,10.287709422381646
ktz,ktz,"ktz:P=260,in=none",CHAOTIC,TEST,real,mix12,980003,,0.8,0.7916666666666666,0.8083333333333333,1.9890133351735617,3.4777896222549907,0.08103256465463547,1.0673951064220693,0.0759161852692564,7.055957174792178,0.06402716751099806,7,409.6,1.1211627257385102,0.3247005262913434,0,0,0.0,0.0,0.0,0.14123506554425733,10.046320801323283
ktz,ktz,"ktz:P=260,in=none",CHAOTIC,TEST,real,mix12,980004,,0.8,0.6027777777777777,1.0,12.773782901235087,22.086588689017976,2.482737911348441,42.089585995294954,0.05898698817389122,5.570133423037417,0.30807653534975166,12,409.6,1.1244290245460542,0.33976465743691847,0,0,1.0,1.0,2.777777777777768,0.14123597692024295,10.038970116980641
ktz,ktz,"ktz:P=260,in=E1",NON-CHAOTIC,TEST,clean,none,980002,,0.800265842013889,0.48333333333333334,1.1166666666666667,242.73840273303034,482.69072819288294,3.533128886224234,670.5206764023602,0.005269231823216895,0.5241612551555267,0.0002541473739399099,102,409.73611111111114,,,257,0,,,,,88.97286596853004
ktz,ktz,"ktz:P=260,in=E1",NON-CHAOTIC,TEST,clean,none,980003,,0.8,0.48055555555555557,1.1194444444444445,249.61810361362697,496.43374664822176,5.295134806769617,603.5215482098336,0.008773729492304051,0.869742067601195,-5.558053907654353e-16,106,409.6,,,256,0,,,,,89.11634367074595
ktz,ktz,"ktz:P=260,in=E1",NON-CHAOTIC,TEST,clean,none,980004,,0.7998643663194445,0.48055555555555557,1.1194444444444445,236.92410775327912,470.917402878048,4.359939487304047,885.7252811341243,0.00492245121616194,0.4898339379526019,0.00046224917997796664,104,409.53055555555557,,,257,0,,,,,88.693465873918
ktz,ktz,"ktz:P=260,in=E1",NON-CHAOTIC,TEST,real,mix12,980000,,0.7998589409722222,0.36944444444444446,1.1833333333333333,224.98535864918213,444.5350629242541,17.63524651213853,1302.1914068858068,0.013542745266852323,1.3361789949260303,-0.004722658398976419,167,409.52777777777777,,,257,0,1.0,1.0,5.555555555555647,0.16823852238344691,89.07549282286085
ktz,ktz,"ktz:P=260,in=E1",NON-CHAOTIC,TEST,real,mix12,980001,,0.8020182291666667,0.4638888888888889,1.511111111111111,221.63789365519216,435.217173310336,431.3946109806608,1744.3657136780644,0.24730743536058625,19.82730386667596,0.04162000229321678,171,410.6333333333333,,,257,0,1.0,0.0,419.4444444444444,0.16800740341292916,88.97376763024586
ktz,ktz,"ktz:P=260,in=E1",NON-CHAOTIC,TEST,real,mix12,980002,,0.802175564236111,0.4527777777777778,1.3722222222222222,226.7704583489708,445.63665113668225,542.1696256298532,2088.444323051921,0.25960453896015795,20.610003451914316,0.014317640190640236,168,410.71388888888885,,,257,0,1.0,0.0,363.8888888888888,0.16780991445471824,88.97286596853004
ktz,ktz,"ktz:P=260,in=E1",NON-CHAOTIC,TEST,real,mix12,980003,,0.8000054253472222,0.4722222222222222,1.1305555555555555,227.89664184577003,451.2528396508305,10.691609170294303,1180.9932352237831,0.009053065548058266,0.8971842866500954,0.0028870701581367314,170,409.60277777777776,,,256,0,0.0,0.0,5.555555555555536,0.16846977616973327,89.11634367074595
ktz,ktz,"ktz:P=260,in=E1",NON-CHAOTIC,TEST,real,mix12,980004,,0.7997504340277778,0.425,1.175,216.7660198381725,428.42168437636764,12.000497219858438,1424.7357685008458,0.008422963390949157,0.8352609665517615,-3.964173257328638e-05,169,409.47222222222223,,,257,0,0.0,0.0,5.555555555555536,0.16673872285476157,88.693465873918
ktz,ktz,"ktz:P=278,in=none",CHAOTIC,TEST,clean,none,980000,,0.8000000000000002,0.8,0.8,1.1113088175737829e-13,0.0,1.9895362369070339e-28,4.9138003065870653e-29,4.048874827574929,80.19360681040455,,1,409.6000000000001,1.1224045376666683,0.3404562874534466,0,0,,,,,8.952725256980338
ktz,ktz,"ktz:P=278,in=none",CHAOTIC,TEST,clean,none,980001,,0.8000000000000002,0.8,0.8,1.1113088175737829e-13,0.0,1.9895362369070339e-28,4.9138003065870653e-29,4.048874827574929,80.19360681040455,,1,409.6000000000001,1.124752437692667,0.3360307418021343,0,0,,,,,8.823338478815415
ktz,ktz,"ktz:P=278,in=none",CHAOTIC,TEST,clean,none,980002,,0.8000000000000002,0.8,0.8,1.1113088175737829e-13,0.0,1.9895362369070339e-28,4.9138003065870653e-29,4.048874827574929,80.19360681040455,,1,409.6000000000001,1.1240805841685102,0.3373134328002807,0,0,,,,,8.688013776143196
ktz,ktz,"ktz:P=278,in=none",CHAOTIC,TEST,clean,none,980003,,0.8000000000000002,0.8,0.8,1.1113088175737829e-13,0.0,1.9895362369070339e-28,4.9138003065870653e-29,4.048874827574929,80.19360681040455,,1,409.6000000000001,1.1192310236702356,0.34511091478757083,0,0,,,,,8.714727601377733
ktz,ktz,"ktz:P=278,in=none",CHAOTIC,TEST,clean,none,980004,,0.8000000000000002,0.8,0.8,1.1113088175737829e-13,0.0,1.9895362369070339e-28,4.9138003065870653e-29,4.048874827574929,80.19360681040455,,1,409.6000000000001,1.1214924496541134,0.3347295934884261,0,0,,,,,8.731681806992928
ktz,ktz,"ktz:P=278,in=none",CHAOTIC,TEST,real,mix12,980000,,0.8,0.6111111111111112,0.9722222222222222,11.70798448818288,20.320479601436418,3.521542321343211,51.777054258111406,0.06801357033152432,6.368230912123344,-1.9844999906611622,14,409.6,1.1228575357067858,0.34000066335329976,0,0,1.0,1.0,0.0,0.1412609853452289,8.952725256980338
ktz,ktz,"ktz:P=278,in=E1",NON-CHAOTIC,TEST,clean,none,980000,,0.8000217013888888,0.48055555555555557,1.1194444444444445,245.59385670842522,488.48160875339977,4.186322247213124,486.9323969379263,0.008597337686994758,0.8524053520417709,0.0001387871351133885,108,409.6111111111111,,,257,0,,,,,86.88623970594324
ktz,ktz,"ktz:P=278,in=E1",NON-CHAOTIC,TEST,clean,none,980001,,0.8,0.48055555555555557,1.1194444444444445,245.96205060438285,489.1392806476829,5.747490900923422,597.0304782992771,0.009626796469915464,0.953500491822804,-4.603838691424619e-16,112,409.6,,,256,0,,,,,86.90128448501625
ktz,ktz,"ktz:P=278,in=none",CHAOTIC,TEST,real,mix12,980001,,0.8,0.7888888888888889,0.8138888888888889,2.8713317321025142,4.970255319945563,0.1519117399215072,2.5140784520648687,0.060424423031325336,5.69813573876357,-3.842664450379377e-14,9,409.6,1.124345074915933,0.332080339719789,0,0,0.0,0.0,1.388888888888884,0.1412626713291954,8.823338478815415
ktz,ktz,"ktz:P=278,in=none",CHAOTIC,TEST,real,mix12,980002,,0.8,0.7805555555555556,0.8194444444444444,2.1425148510975456,3.7170430942288744,0.07632137057447745,1.2932750714472336,0.05901402745594591,5.572544454176349,-0.2049112687967971,8,409.6,1.1221713758333784,0.34204256648291487,0,0,0.0,0.0,0.0,0.14126102528025325,8.688013776143196
ktz,ktz,"ktz:P=278,in=none",CHAOTIC,TEST,real,mix12,980003,,0.8015679253472223,0.7527777777777778,1.6444444444444444,37.49478977899547,54.521386628227866,924.9408739739656,1543.6832351576886,0.5991778966748201,37.46787008003889,22.247585421804068,11,410.4027777777778,1.121274338231222,0.3339247195227085,0,0,1.0,0.0,2.777777777777768,0.14126085049363213,8.714727601377733
ktz,ktz,"ktz:P=278,in=none",CHAOTIC,TEST,real,mix12,980004,,0.7999945746527779,0.7888888888888889,0.8083333333333333,2.689390834462937,4.614202025481363,0.19183093527714523,2.3385180691252,0.08203098270218025,7.581204606297171,-0.2421595206873916,8,409.5972222222223,1.1245189214796376,0.3365921027255659,0,0,0.0,0.0,0.0,0.14126181077892744,8.731681806992928
ktz,ktz,"ktz:P=278,in=E1",NON-CHAOTIC,TEST,clean,none,980002,,0.8,0.48055555555555557,1.1194444444444445,251.02667831443821,499.6139125682508,3.8755368080316766,580.7167013552676,0.006673713359693305,0.6629470176011966,-4.640107040011021e-16,110,409.6,,,256,0,,,,,87.04721422003021
ktz,ktz,"ktz:P=278,in=E1",NON-CHAOTIC,TEST,clean,none,980003,,0.8,0.48055555555555557,1.1194444444444445,239.3632430979333,476.0341710928216,3.7238701826710265,555.625784994508,0.006702119093893086,0.6657499737782903,-5.351989540497059e-16,112,409.6,,,256,0,,,,,86.69382250302459
ktz,ktz,"ktz:P=278,in=E1",NON-CHAOTIC,TEST,clean,none,980004,,0.7999674479166667,0.48055555555555557,1.1194444444444445,245.86005654612356,488.89892678817205,3.7490239893572603,676.0972255055876,0.00554509595354977,0.551451742528902,-7.120993655464508e-05,110,409.58333333333337,,,257,0,,,,,86.89336823937712
ktz,ktz,"ktz:P=278,in=E1",NON-CHAOTIC,TEST,real,mix12,980000,,0.7989312065972222,0.22777777777777777,1.175,227.34890073969262,447.4572743512378,47.40181421213936,1089.9181229936908,0.043491169852227285,4.167852216553613,-0.023193491881606885,173,409.05277777777775,,,256,0,0.0,1.0,127.77777777777777,0.16781689897709992,86.88623970594324
ktz,ktz,"ktz:P=278,in=E3_10",NON-CHAOTIC,TEST,clean,none,980000,,0.8005588107638891,0.48055555555555557,1.4222222222222223,130.88599557278553,201.1531393377676,1442.5485575788807,9476.578524683351,0.15222250876954369,13.211207697383191,1.9122773632070322,62,409.88611111111123,1.1202966605748326,0.3457216774077898,50,0,,,,,26.695709600276185
ktz,ktz,"ktz:P=278,in=E3_10",NON-CHAOTIC,TEST,clean,none,980001,,0.8000108506944446,0.48055555555555557,1.4,138.71765875564796,211.82808464728743,1269.6302961472095,9913.818478717658,0.128066728160574,11.35276176165568,1.760140337071078,62,409.6055555555556,1.1218478099212883,0.3420097837386038,56,0,,,,,28.636176573071857
ktz,ktz,"ktz:P=278,in=E1",NON-CHAOTIC,TEST,real,mix12,980001,,0.7980631510416667,0.23055555555555557,1.125,221.10251707277342,435.3781114446436,19.462350253736133,1222.3806951600607,0.015921676717242084,1.5672149814432506,-0.012047874864097455,161,408.60833333333335,,,256,0,0.0,1.0,424.99999999999994,0.16787729561036233,86.90128448501625
ktz,ktz,"ktz:P=278,in=E1",NON-CHAOTIC,TEST,real,mix12,980002,,0.8000054253472222,0.48055555555555557,1.1194444444444445,226.15182502384803,447.0455015835592,12.797397812041563,1341.197584232064,0.009541769208724777,0.9451584371990455,-0.000887851266520277,167,409.60277777777776,,,256,0,0.0,0.0,5.555555555555536,0.16880860607482898,87.04721422003021
ktz,ktz,"ktz:P=278,in=E1",NON-CHAOTIC,TEST,real,mix12,980003,,0.8000054253472222,0.475,1.125,222.71339628828494,440.5378427300472,12.911591910781372,1094.763209272882,0.011793958548677362,1.1656482477514176,-0.00020217256734835103,171,409.60277777777776,,,256,0,0.0,0.0,5.555555555555536,0.16687256136346654,86.69382250302459
ktz,ktz,"ktz:P=278,in=E1",NON-CHAOTIC,TEST,real,mix12,980004,,0.7999674479166666,0.45,1.15,230.19607364670063,454.9371760924883,12.416506417905577,1303.6629876682305,0.009524322263773172,0.9434465375153798,0.000552024686346889,171,409.5833333333333,,,257,0,0.0,0.0,5.555555555555536,0.1679469532132324,86.89336823937712
ktz,ktz,"ktz:P=278,in=E3_10",NON-CHAOTIC,TEST,clean,none,980002,,0.7996961805555557,0.4861111111111111,1.375,127.2970832763618,193.0026063035429,1368.363674752747,9697.745120624193,0.14110122072012887,12.365355339036654,1.8615694798535745,53,409.4444444444445,1.1205884001076472,0.35018798804387297,49,0,,,,,27.748864666636983
ktz,ktz,"ktz:P=278,in=E3_10",NON-CHAOTIC,TEST,clean,none,980003,,0.7999891493055558,0.4861111111111111,1.4083333333333334,138.33658353177373,209.93610475575036,1360.91111437153,10798.629565426156,0.12602628010583333,11.192126003843207,1.808131545909379,60,409.59444444444455,1.1191258908695394,0.3433081052468273,52,0,,,,,28.996850626293213
ktz,ktz,"ktz:P=278,in=E3_10",NON-CHAOTIC,TEST,clean,none,980004,,0.8000108506944446,0.48333333333333334,1.4305555555555556,132.66757712994894,202.49487305268028,1510.2827980732986,9616.65556638014,0.15704865248093655,13.573210784541672,1.8249603258582054,60,409.6055555555556,1.1210171625522358,0.3483868610673514,52,0,,,,,28.30116479881834
ktz,ktz,"ktz:P=278,in=E3_10",NON-CHAOTIC,TEST,real,mix12,980000,,0.8005588107638889,0.49722222222222223,1.3111111111111111,101.52376964517002,151.67265208292287,880.637446069825,6223.603898643318,0.1414995974055796,12.395939317646924,1.707687889895365,73,409.8861111111111,1.1215641919648045,0.3387244192054051,50,0,0.0,0.0,2.777777777777768,0.14141280300658923,26.695709600276185
ktz,ktz,"ktz:P=120,in=none",NON-CHAOTIC,TEST,clean,none,980000,,0.8000000000000002,0.8,0.8,1.1113088175737829e-13,0.0,1.9895362369070339e-28,4.9138003065870653e-29,4.048874827574929,80.19360681040455,,1,409.6000000000001,1.1140546614487898,0.13046979812390513,0,0,,,,,83.06990701847992
ktz,ktz,"ktz:P=120,in=none",NON-CHAOTIC,TEST,clean,none,980001,,0.8000000000000002,0.8,0.8,1.1113088175737829e-13,0.0,1.9895362369070339e-28,4.9138003065870653e-29,4.048874827574929,80.19360681040455,,1,409.6000000000001,1.1158334457025665,0.1294145524364319,0,0,,,,,83.05462552688644
ktz,ktz,"ktz:P=278,in=E3_10",NON-CHAOTIC,TEST,real,mix12,980001,,0.8,0.4777777777777778,1.2972222222222223,112.82744298702684,169.60731143096694,805.3673123940309,6476.464834118087,0.12435291984468859,11.05995436574007,1.5893734453169652,76,409.6,1.1202496324910909,0.3446251299870738,56,0,0.0,0.0,0.0,0.14196510840420834,28.636176573071857
ktz,ktz,"ktz:P=278,in=E3_10",NON-CHAOTIC,TEST,real,mix12,980002,,0.7997016059027777,0.49722222222222223,1.2638888888888888,101.35934732696036,151.24550353208076,850.3775293640174,6419.282483753547,0.13247236455417305,11.69762448078141,1.5729791352936713,71,409.4472222222222,1.1202315322965892,0.34077552157667,49,0,0.0,0.0,2.777777777777768,0.1413041915300825,27.748864666636983
ktz,ktz,"ktz:P=278,in=E3_10",NON-CHAOTIC,TEST,real,mix12,980003,,0.7999945746527779,0.4861111111111111,1.2694444444444444,106.79023765893555,157.90129999685644,795.9836198813721,6917.066081727443,0.11507532391284978,10.319959687480598,1.4784751025777416,76,409.5972222222223,1.1207211989730248,0.33940817841246484,52,0,0.0,0.0,2.777777777777768,0.14160168253006386,28.996850626293213
ktz,ktz,"ktz:P=278,in=E3_10",NON-CHAOTIC,TEST,real,mix12,980004,,0.8000162760416667,0.48055555555555557,1.3166666666666667,105.79553681742492,158.66986243335057,940.5865178838974,6367.3246014868655,0.14772083673325787,12.870798543112073,1.5944186555608928,73,409.60833333333335,1.1203845224555482,0.33879413077934684,52,0,0.0,0.0,0.0,0.1418074958253089,28.30116479881834
ktz,ktz,"ktz:P=120,in=none",NON-CHAOTIC,TEST,clean,none,980002,,0.8000000000000002,0.8,0.8,1.1113088175737829e-13,0.0,1.9895362369070339e-28,4.9138003065870653e-29,4.048874827574929,80.19360681040455,,1,409.6000000000001,1.1152855593779925,0.1282012073260105,0,0,,,,,83.24113545924338
ktz,ktz,"ktz:P=120,in=none",NON-CHAOTIC,TEST,clean,none,980003,,0.8000000000000002,0.8,0.8,1.1113088175737829e-13,0.0,1.9895362369070339e-28,4.9138003065870653e-29,4.048874827574929,80.19360681040455,,1,409.6000000000001,1.1143960650306428,0.13390958488259683,0,0,,,,,83.06990701847992
ktz,ktz,"ktz:P=120,in=S2_5",NON-CHAOTIC,TEST,clean,none,980000,,0.8000000000000003,0.4861111111111111,1.113888888888889,66.41386801820659,115.03219373470756,55.67985561780266,1337.961400038219,0.041615442430710005,3.9952789422549615,-1.1634788548936233e-14,31,409.60000000000014,1.1131324075683904,0.11490002348314729,23,0,,,,,85.88496240713417
ktz,ktz,"ktz:P=120,in=S2_5",NON-CHAOTIC,TEST,clean,none,980001,,0.8000000000000003,0.48055555555555557,1.1194444444444445,77.97574439387134,135.0579510481892,67.02206973202269,1318.2020009638713,0.050843550292759415,4.8383558407523815,-1.007004988704547e-14,33,409.60000000000014,1.115760437983101,0.12393974536941402,25,0,,,,,85.55489798337538
ktz,ktz,"ktz:P=120,in=none",NON-CHAOTIC,TEST,clean,none,980004,,0.8000000000000002,0.8,0.8,1.1113088175737829e-13,0.0,1.9895362369070339e-28,4.9138003065870653e-29,4.048874827574929,80.19360681040455,,1,409.6000000000001,1.11547354597497,0.12663888738283763,0,0,,,,,83.05462552688644
ktz,ktz,"ktz:P=120,in=none",NON-CHAOTIC,TEST,real,mix12,980000,,0.8000054253472223,0.7888888888888889,0.8111111111111111,2.3152613984940573,3.9912899539629505,0.0913473222618803,1.5350194596418736,0.059508901784992366,5.616649533074766,-0.16603559882781935,9,409.6027777777778,1.1142229444017655,0.14135073709625234,0,0,0.0,0.0,0.0,0.13994785390442796,83.06990701847992
ktz,ktz,"ktz:P=120,in=none",NON-CHAOTIC,TEST,real,mix12,980001,,0.8000000000000003,0.7833333333333333,0.8111111111111111,2.4329326275716583,4.263834041957825,0.08244249004760254,1.5267888668055547,0.053997308887963,5.123097415204384,-0.38483965014608756,10,409.60000000000014,1.1144892346522917,0.12908552165214274,0,0,0.0,0.0,0.0,0.1399633252941517,83.05462552688644
ktz,ktz,"ktz:P=120,in=none",NON-CHAOTIC,TEST,real,mix12,980002,,0.8,0.7888888888888889,0.8111111111111111,2.3700555165248227,4.183393980352457,0.077122599907071,1.5300175466638226,0.05040634996326384,4.79874764323604,-0.1892220838985617,9,409.6,1.1156601811962799,0.12974562308109447,0,0,0.0,0.0,0.0,0.13996287571611132,83.24113545924338
ktz,ktz,"ktz:P=120,in=none",NON-CHAOTIC,TEST,real,mix12,980003,,0.7968750000000001,0.2361111111111111,0.9638888888888889,40.92420327110705,46.86078632158862,77.1818513934605,323.4710019760262,0.23860516374565405,19.26402139517087,-11.387521693089377,14,408.00000000000006,1.1151644877481919,0.13801668713825338,0,0,1.0,3.0,0.0,0.13994913537876663,83.06990701847992
ktz,ktz,"ktz:P=120,in=none",NON-CHAOTIC,TEST,real,mix12,980004,,0.8,0.7888888888888889,0.8138888888888889,2.855511602167101,4.867416623030705,0.09844680426866902,2.613735457734422,0.03766517532497432,3.629800461712363,0.18392658721157013,10,409.6,1.1141662643030341,0.12958822857016483,0,0,0.0,0.0,0.0,0.13996277060531198,83.05462552688644
ktz,ktz,"ktz:P=120,in=S2_5",NON-CHAOTIC,TEST,clean,none,980002,,0.8000000000000002,0.5,1.1,66.02164952415359,114.35285137533961,86.64140660561593,1308.7643891814703,0.06620091998362161,6.209047351472793,-6.889943080153832e-15,31,409.6000000000001,1.1147647054398084,0.14344381432305925,22,0,,,,,85.09205968822197
ktz,ktz,"ktz:P=120,in=S2_5",NON-CHAOTIC,TEST,clean,none,980003,,0.8000000000000003,0.48055555555555557,1.1194444444444445,75.4265170819508,130.6425598239006,76.7372506777658,1628.0641956736076,0.04713404476413533,4.5012427014300895,-1.0219266685563378e-14,25,409.60000000000014,1.1141115769433034,0.12879727591658188,23,0,,,,,86.12348636088885
ktz,ktz,"ktz:P=120,in=S2_5",NON-CHAOTIC,TEST,clean,none,980004,,0.8000000000000003,0.4861111111111111,1.113888888888889,81.30197930138196,140.81915890590676,125.21813305841553,2030.4944184007418,0.061668789593147394,5.808665583621433,-9.731261653661731e-15,41,409.60000000000014,1.113378027995494,0.12043122020770107,29,0,,,,,85.92410394901314
ktz,ktz,"ktz:P=120,in=S2_5",NON-CHAOTIC,TEST,real,mix12,980000,,0.7984375000000001,0.35,1.113888888888889,66.48181409908024,109.49672483076911,50.78593198009963,1182.1210791068138,0.04296170069014625,4.11920213961047,-0.8431200596565994,51,408.80000000000007,1.1150546839236175,0.11492549639683491,23,0,0.0,1.0,0.0,0.14000020780691982,85.88496240713417
ktz,ktz,"ktz:P=120,in=E1",NON-CHAOTIC,TEST,clean,none,980000,,0.7999999999999999,0.48055555555555557,1.1194444444444445,241.35201941307614,479.89799813949907,4.5646503269825685,553.6901428377284,0.008244051995558721,0.8176643322855958,9.165357381750209e-16,50,409.59999999999997,,,256,0,,,,,109.61548869270952
ktz,ktz,"ktz:P=120,in=E1",NON-CHAOTIC,TEST,clean,none,980001,,0.8,0.48055555555555557,1.1194444444444445,241.059919935178,479.6579402338588,4.059782404831072,631.8329661061913,0.0064254045334961995,0.6384382294557179,-4.347072341140819e-16,50,409.6,,,256,0,,,,,110.00640177587529
ktz,ktz,"ktz:P=120,in=S2_5",NON-CHAOTIC,TEST,real,mix12,980001,,0.795307074652778,0.23333333333333334,1.5972222222222223,90.55866225984137,135.8046881167534,1041.792627302358,2642.801180014825,0.3942001521644976,28.274286984727507,-0.1603289580007844,60,407.1972222222223,1.1144354801988263,0.12970237495426812,24,0,1.0,4.0,2.777777777777768,0.13998127834353222,85.55489798337538
ktz,ktz,"ktz:P=120,in=S2_5",NON-CHAOTIC,TEST,real,mix12,980002,,0.8015625000000002,0.5027777777777778,1.6416666666666666,69.20430320879316,114.57164129532191,584.0639316588391,1761.2496106600206,0.33161905508666867,24.903447710507958,3.4524819846186885,51,410.4000000000001,1.115725299115614,0.14002703733636682,22,0,1.0,0.0,2.777777777777768,0.13998071771031184,85.09205968822197
ktz,ktz,"ktz:P=120,in=S2_5",NON-CHAOTIC,TEST,real,mix12,980003,,0.8,0.48333333333333334,1.1166666666666667,64.2848418410729,111.30487019731756,54.31595948710923,1197.7300542370679,0.04534908287135494,4.33817598488636,0.0020036466571065757,49,409.6,1.1152992420081813,0.12518086297813158,23,0,0.0,0.0,0.0,0.13998453524218457,86.12348636088885
ktz,ktz,"ktz:P=120,in=S2_5",NON-CHAOTIC,TEST,real,mix12,980004,,0.8000108506944446,0.48333333333333334,1.113888888888889,74.57914182258857,129.06692497205256,97.79218111062252,1729.920480563964,0.05652987071332996,5.350522714058531,0.011505631710230875,60,409.6055555555556,1.1138834659005834,0.12363009639458188,29,0,0.0,0.0,0.0,0.14004523478254993,85.92410394901314
ktz,ktz,"ktz:P=120,in=E1",NON-CHAOTIC,TEST,clean,none,980002,,0.8001519097222223,0.48055555555555557,1.1194444444444445,242.89524172078623,483.4745852837092,3.150869506670088,611.7156076486176,0.005150873162745938,0.512447762845643,-0.000586191621560275,50,409.6777777777778,,,257,0,,,,,109.84601771830839
ktz,ktz,"ktz:P=120,in=E1",NON-CHAOTIC,TEST,clean,none,980003,,0.8000813802083333,0.48055555555555557,1.1194444444444445,244.23385096893642,485.58876044995685,2.771223721788086,627.8892809979938,0.004413554755041185,0.439416088537114,0.0002600757757135681,50,409.64166666666665,,,257,0,,,,,109.96292094138705
ktz,ktz,"ktz:P=120,in=E3_10",NON-CHAOTIC,TEST,clean,none,980000,,0.8000000000000003,0.48055555555555557,1.4111111111111112,132.89638121822654,203.4766586072124,1298.9302767761317,8971.040706586833,0.14479148175332818,12.647847582825293,1.8180657137730847,45,409.60000000000014,1.1112175566233335,0.13434414302773337,52,0,,,,,89.65700596270139
ktz,ktz,"ktz:P=120,in=E3_10",NON-CHAOTIC,TEST,clean,none,980001,,0.8000271267361113,0.4861111111111111,1.4,132.0991471943848,203.31229238925317,1236.837630715113,10221.828309223725,0.12099964833091996,10.793906002653872,1.850479800660469,46,409.613888888889,1.1115690973527386,0.11701289102111137,50,0,,,,,89.54298249333662
ktz,ktz,"ktz:P=120,in=E1",NON-CHAOTIC,TEST,clean,none,980004,,0.8,0.48055555555555557,1.1194444444444445,244.76748555116507,486.6886110854914,4.180093204536058,715.8695691785572,0.005839182701022775,0.5805284583707078,-4.1154342557527504e-16,50,409.6,,,256,0,,,,,110.19118897581353
ktz,ktz,"ktz:P=120,in=E1",NON-CHAOTIC,TEST,real,mix12,980000,,0.8010199652777777,0.4722222222222222,1.7277777777777779,224.02626363079577,439.81992840627913,14.578138767494819,910.6626731172058,0.016008275289898212,1.5756048133890013,0.11950055981419973,165,410.1222222222222,,,257,0,1.0,0.0,5.555555555555536,0.16873000710648145,109.61548869270952
ktz,ktz,"ktz:P=120,in=E1",NON-CHAOTIC,TEST,real,mix12,980001,,0.7999945746527777,0.41388888888888886,1.5527777777777778,222.7868112606955,435.09492532340926,642.9112710994478,2989.380434094093,0.2150650562126519,17.699879945770803,0.05999536266962439,175,409.5972222222222,,,255,0,1.0,1.0,402.77777777777777,0.16875993357296115,110.00640177587529
ktz,ktz,"ktz:P=120,in=E1",NON-CHAOTIC,TEST,real,mix12,980002,,0.8020345052083333,0.4305555555555556,1.5166666666666666,220.26776769145732,433.10973903695344,45.46425045105624,1041.5735104309945,0.043649584014712035,4.182398448989055,0.04710407363159411,173,410.64166666666665,,,257,0,1.0,0.0,8.333333333333304,0.16920796294813717,109.84601771830839
ktz,ktz,"ktz:P=120,in=E1",NON-CHAOTIC,TEST,real,mix12,980003,,0.7998806423611111,0.38055555555555554,1.2222222222222223,223.84090072779117,441.7203905561906,15.623751260885653,1275.7413434378093,0.012246801705730948,1.2098632156796085,-0.0036643060467514365,178,409.5388888888889,,,257,0,0.0,0.0,5.555555555555536,0.16923594913593232,109.96292094138705
ktz,ktz,"ktz:P=120,in=E1",NON-CHAOTIC,TEST,real,mix12,980004,,0.7999891493055555,0.4722222222222222,1.1305555555555555,223.69011251631892,442.29794978470665,12.137682200058386,1162.3744526788578,0.010442144673848746,1.0334233116552427,-0.0012448131001122702,171,409.59444444444443,,,256,0,0.0,0.0,5.555555555555536,0.16933463027404616,110.19118897581353
ktz,ktz,"ktz:P=120,in=E3_10",NON-CHAOTIC,TEST,clean,none,980002,,0.8000000000000002,0.4777777777777778,1.3888888888888888,130.07985162877162,198.31694253835295,1425.81852388065,10205.964679330691,0.13970443448312575,12.257953049597807,1.8484246263758808,50,409.6000000000001,1.1105847848181956,0.11689382043904295,50,0,,,,,90.23372137653601
ktz,ktz,"ktz:P=120,in=E3_10",NON-CHAOTIC,TEST,clean,none,980003,,0.7999620225694446,0.4861111111111111,1.325,112.73297869589975,173.9274243904246,960.4214032343809,7107.750804341437,0.13512311132907928,11.90382875482713,2.054648173695711,41,409.58055555555563,1.1098514215354842,0.11715356673020094,38,0,,,,,87.48359833978036
ktz,ktz,"ktz:P=120,in=E3_10",NON-CHAOTIC,TEST,clean,none,980004,,0.7999891493055558,0.4777777777777778,1.4,131.31674211928234,201.6210488245945,1200.9277575961864,11246.564521646189,0.10678174257434514,9.647949407439052,1.8081223159019273,50,409.59444444444455,1.1141117869324602,0.1254541234538963,50,0,,,,,89.6242076283178
ktz,ktz,"ktz:P=120,in=E3_10",NON-CHAOTIC,TEST,real,mix12,980000,,0.8000000000000002,0.4861111111111111,1.3,100.8683996884683,152.02685645699924,690.7172049332517,5292.868776697498,0.13049958993395389,11.543532708541536,1.6014627478809147,73,409.6000000000001,1.1111971058195749,0.11850344491883474,52,0,0.0,0.0,0.0,0.140168406442068,89.65700596270139
ktz,ktz,"ktz:P=150,in=none",NON-CHAOTIC,TEST,clean,none,980000,,0.8000000000000002,0.8,0.8,1.1113088175737829e-13,0.0,1.9895362369070339e-28,4.9138003065870653e-29,4.048874827574929,80.19360681040455,,1,409.6000000000001,1.126839753651375,0.2737444826153599,0,0,,,,,80.09909451346645
ktz,ktz,"ktz:P=150,in=none",NON-CHAOTIC,TEST,clean,none,980001,,0.8000000000000002,0.8,0.8,1.1113088175737829e-13,0.0,1.9895362369070339e-28,4.9138003065870653e-29,4.048874827574929,80.19360681040455,,1,409.6000000000001,1.1267951388248472,0.2730556646547159,0,0,,,,,80.10919805346526
ktz,ktz,"ktz:P=120,in=E3_10",NON-CHAOTIC,TEST,real,mix12,980003,,0.8015245225694445,0.3972222222222222,1.6,102.4658220693009,156.2083459010098,1515.905768155422,6597.414421576962,0.22977270659208934,18.68416052498261,2.2356546211185515,61,410.3805555555556,1.1100288969022116,0.11832533945066825,38,0,1.0,0.0,2.777777777777768,0.1399595131526676,87.48359833978036
ktz,ktz,"ktz:P=120,in=E3_10",NON-CHAOTIC,TEST,real,mix12,980004,,0.7999837239583334,0.41944444444444445,1.3083333333333333,106.38876061296,160.5911374291619,725.801007063224,7625.949576031989,0.0951751647223558,8.690405680125536,1.6286338696090044,65,409.5916666666667,1.1125088778777248,0.12493321507423542,50,0,0.0,0.0,2.777777777777768,0.13998331278809487,89.6242076283178
ktz,ktz,"ktz:P=120,in=E3_10",NON-CHAOTIC,TEST,real,mix12,980001,,0.7984646267361112,0.39166666666666666,1.2833333333333334,108.40366973171389,161.50567261994294,865.5584592202312,6945.7232552131845,0.12461746997630194,11.080876235981634,1.3535506149758434,72,408.8138888888889,1.1112750204693191,0.11695621572365067,50,0,0.0,1.0,2.777777777777768,0.1400843768841469,89.54298249333662
ktz,ktz,"ktz:P=120,in=E3_10",NON-CHAOTIC,TEST,real,mix12,980002,,0.8015679253472223,0.49166666666666664,1.55,110.83134169846393,165.18946544380404,1397.0477203966702,7873.862512994568,0.1774285134000071,15.069153785621754,2.0157624931140696,70,410.4027777777778,1.110197256277495,0.1143310933008641,50,0,1.0,0.0,2.777777777777768,0.13999417364229652,90.23372137653601
ktz,ktz,"ktz:P=150,in=none",NON-CHAOTIC,TEST,clean,none,980002,,0.8000000000000002,0.8,0.8,1.1113088175737829e-13,0.0,1.9895362369070339e-28,4.9138003065870653e-29,4.048874827574929,80.19360681040455,,1,409.6000000000001,1.126499009081109,0.27511192083118097,0,0,,,,,80.10919805346526
ktz,ktz,"ktz:P=150,in=none",NON-CHAOTIC,TEST,clean,none,980003,,0.8000000000000002,0.8,0.8,1.1113088175737829e-13,0.0,1.9895362369070339e-28,4.9138003065870653e-29,4.048874827574929,80.19360681040455,,1,409.6000000000001,1.1281203625686362,0.27733998614438227,0,0,,,,,80.10919805346526
ktz,ktz,"ktz:P=150,in=none",NON-CHAOTIC,TEST,clean,none,980004,,0.8000000000000002,0.8,0.8,1.1113088175737829e-13,0.0,1.9895362369070339e-28,4.9138003065870653e-29,4.048874827574929,80.19360681040455,,1,409.6000000000001,1.1270999253086114,0.27768865967317913,0,0,,,,,80.10919805346526
ktz,ktz,"ktz:P=150,in=none",NON-CHAOTIC,TEST,real,mix12,980000,,0.8015625000000002,0.7638888888888888,1.6,35.50365517883302,50.35644611504942,448.6951328785859,701.587634668636,0.6395425328305668,39.007376754443634,22.27763796204244,10,410.4000000000001,1.126542776958796,0.27296661556782326,0,0,1.0,0.0,0.0,0.1397124505348499,80.09909451346645
ktz,ktz,"ktz:P=150,in=S2_5",NON-CHAOTIC,TEST,clean,none,980000,,0.8000000000000003,0.48055555555555557,1.1194444444444445,73.44828800652448,127.2161665562522,92.9519691584797,1606.6872096685322,0.057853182996120425,5.468923658410223,-1.0994535331612088e-14,35,409.60000000000014,1.1260528997548243,0.4008250432618007,23,0,,,,,82.28639232979214
ktz,ktz,"ktz:P=150,in=S2_5",NON-CHAOTIC,TEST,clean,none,980001,,0.8000000000000002,0.49166666666666664,1.1083333333333334,60.98818409901697,105.63463352086171,47.43945999665054,916.5427986277717,0.05175913232603637,4.921196378068765,-7.302497187412432e-15,27,409.6000000000001,1.1267607784064322,0.40207052631417106,19,0,,,,,81.7745475198589
ktz,ktz,"ktz:P=150,in=none",NON-CHAOTIC,TEST,real,mix12,980003,,0.798432074652778,0.3333333333333333,0.8083333333333333,25.50197672154955,26.39954408887229,98.41507638176901,247.56855002186325,0.39752656940099135,28.445009784062957,-16.30322109235964,9,408.79722222222233,1.1265289611543476,0.27531080172894007,0,0,0.0,1.0,0.0,0.13971490976597625,80.10919805346526
ktz,ktz,"ktz:P=150,in=none",NON-CHAOTIC,TEST,real,mix12,980004,,0.7999891493055556,0.6138888888888889,0.9833333333333333,12.35433854079384,21.4149268406399,2.365342866293969,34.05447043187669,0.06945763173811946,6.494659505607017,-0.3201716225001933,14,409.5944444444445,1.1274866164522572,0.27859852011951236,0,0,1.0,1.0,0.0,0.13971807638926587,80.10919805346526
ktz,ktz,"ktz:P=150,in=none",NON-CHAOTIC,TEST,real,mix12,980001,,0.8,0.7916666666666666,0.8083333333333333,2.2457441785548604,4.01204366962733,0.0891734136722122,1.0651834933345952,0.08371648099150657,7.72494305105642,-0.08896650338120755,7,409.6,1.1265275584240224,0.2729073348531459,0,0,0.0,0.0,0.0,0.1397114613269019,80.10919805346526
ktz,ktz,"ktz:P=150,in=none",NON-CHAOTIC,TEST,real,mix12,980002,,0.8,0.7916666666666666,0.8083333333333333,2.7913346068573257,4.8503242852168675,0.16326446086214502,2.2284563355371514,0.07326347761837185,6.826234111771637,0.02316549977166808,7,409.6,1.1268762670514545,0.27404148880055496,0,0,0.0,0.0,0.0,0.1397141792811978,80.10919805346526
ktz,ktz,"ktz:P=150,in=S2_5",NON-CHAOTIC,TEST,clean,none,980002,,0.8000000000000003,0.48055555555555557,1.1194444444444445,79.08195858757861,136.97397023574408,117.18942728476645,1687.20012446768,0.06945792949235366,6.494685538992983,-1.0113685532076455e-14,31,409.60000000000014,1.1274618807087382,0.3884610883367543,25,0,,,,,82.13739952826876
ktz,ktz,"ktz:P=150,in=S2_5",NON-CHAOTIC,TEST,clean,none,980003,,0.8000000000000003,0.4861111111111111,1.113888888888889,77.87750261930903,134.22113961495805,87.47416342752169,1835.8353839423144,0.047648152003518796,4.5481063382201965,-1.0216124626104439e-14,35,409.60000000000014,1.1255474143557669,0.37813612650199335,24,0,,,,,82.29708626582861
ktz,ktz,"ktz:P=150,in=S2_5",NON-CHAOTIC,TEST,clean,none,980004,,0.8000000000000003,0.4861111111111111,1.113888888888889,81.82109802990875,141.71829891887572,97.06036482318763,2030.7687203516243,0.04779488863034181,4.561473733930732,-9.683690020494511e-15,37,409.60000000000014,1.127831269163357,0.3808892272144614,31,0,,,,,82.4989857813804
ktz,ktz,"ktz:P=150,in=S2_5",NON-CHAOTIC,TEST,real,mix12,980000,,0.798432074652778,0.275,1.1222222222222222,72.22889905984233,117.7388375279536,70.20929209545697,1279.534206799838,0.054870977049572583,5.20167662618269,-0.790527271031952,45,408.79722222222233,1.1257193993077417,0.38949692499034616,23,0,0.0,1.0,0.0,0.13978301666040396,82.28639232979214
ktz,ktz,"ktz:P=150,in=E1",NON-CHAOTIC,TEST,clean,none,980000,,0.7999131944444444,0.48055555555555557,1.1194444444444445,244.79899209730164,487.2476540616557,4.4495717967200985,565.3478749467527,0.007870502382518341,0.7809041304327449,0.00036939909027534765,62,409.55555555555554,,,257,0,,,,,87.2487451727185
ktz,ktz,"ktz:P=150,in=E1",NON-CHAOTIC,TEST,clean,none,980001,,0.79990234375,0.48055555555555557,1.1194444444444445,242.35182554876508,481.88770420567687,3.9150371319965984,641.9023219695064,0.006099116638158201,0.6062142921403376,-0.00029289109803897953,62,409.55,,,257,0,,,,,87.13596441063538
ktz,ktz,"ktz:P=150,in=S2_5",NON-CHAOTIC,TEST,real,mix12,980001,,0.7984266493055556,0.41388888888888886,1.1111111111111112,62.68358582013142,102.50193645193164,133.6388652165725,876.260351857524,0.15251045529251742,13.232891258570744,-0.7876831714478605,39,408.7944444444445,1.1261242931704483,0.3897041142111761,19,0,0.0,1.0,2.777777777777768,0.13974112588330576,81.7745475198589
ktz,ktz,"ktz:P=150,in=S2_5",NON-CHAOTIC,TEST,real,mix12,980002,,0.7999945746527779,0.4777777777777778,1.1194444444444445,74.23709798601605,128.6501085363755,102.19671656881138,1483.0188106391415,0.06891127464847686,6.446865729911877,-0.0048283301771127295,47,409.5972222222223,1.1267252417377194,0.38043730497568884,25,0,0.0,0.0,0.0,0.13982764978601747,82.13739952826876
ktz,ktz,"ktz:P=150,in=S2_5",NON-CHAOTIC,TEST,real,mix12,980003,,0.8000000000000003,0.40555555555555556,1.1944444444444444,73.28858004370987,126.62285189193206,77.8473647663459,1800.4836571502392,0.043236918289811514,4.144496569455213,0.008019713293565782,55,409.60000000000014,1.1262949106687805,0.37805185833418686,24,0,0.0,0.0,0.0,0.13989890811232739,82.29708626582861
ktz,ktz,"ktz:P=150,in=S2_5",NON-CHAOTIC,TEST,real,mix12,980004,,0.8015625000000002,0.4861111111111111,1.3194444444444444,76.86205725187466,128.27361560730162,383.53408436149493,1864.1273287024178,0.20574457466296867,17.063694831094608,0.6291245415320672,62,410.4000000000001,1.1270993791011583,0.37817836800642657,31,0,1.0,0.0,0.0,0.14018875959199098,82.4989857813804
ktz,ktz,"ktz:P=150,in=E1",NON-CHAOTIC,TEST,clean,none,980002,,0.8,0.48055555555555557,1.1194444444444445,243.97848411840607,485.03302002428643,3.724300768284075,606.2003031685159,0.006143680147993537,0.6106165818275442,-5.016537709915327e-16,62,409.6,,,256,0,,,,,87.20457796846868
ktz,ktz,"ktz:P=150,in=E1",NON-CHAOTIC,TEST,clean,none,980003,,0.8001247829861111,0.48055555555555557,1.1194444444444445,244.71473321208214,486.7271591088504,5.795998703036711,515.0377885355479,0.011253540676145302,1.1128307811531566,0.0002803820246360296,62,409.6638888888889,,,257,0,,,,,87.22826157750272
ktz,ktz,"ktz:P=150,in=E1",NON-CHAOTIC,TEST,clean,none,980004,,0.7999023437499999,0.48055555555555557,1.1194444444444445,241.64174639602078,480.4823844186272,3.7084883139994056,652.0215996263461,0.005687677089416407,0.5655510372640979,-0.00036561198144227197,62,409.54999999999995,,,257,0,,,,,87.11542700165319
ktz,ktz,"ktz:P=150,in=E1",NON-CHAOTIC,TEST,real,mix12,980000,,0.8019042968750001,0.4361111111111111,1.8083333333333333,227.1079828651834,445.9467163493994,695.1611902130159,2525.8767996721617,0.27521579449292305,21.58189976013902,0.14558253718707587,175,410.57500000000005,,,257,0,1.0,0.0,376.38888888888886,0.16784714370988107,87.2487451727185
ktz,ktz,"ktz:P=150,in=E1",NON-CHAOTIC,TEST,real,mix12,980001,,0.802001953125,0.44722222222222224,1.6055555555555556,224.26299357303142,440.4442934332195,13.307056682942115,1124.0034877802188,0.011838981664747379,1.1700460131778148,0.06582717639523332,167,410.625,,,257,0,1.0,0.0,5.555555555555536,0.16720764054791107,87.13596441063538
ktz,ktz,"ktz:P=150,in=E1",NON-CHAOTIC,TEST,real,mix12,980002,,0.7978841145833333,0.40555555555555556,1.1222222222222222,224.04210131129133,440.9152661168089,110.7475696823126,1485.314901409312,0.07456167683851549,6.938799181623948,0.011547493677817586,166,408.51666666666665,,,256,0,0.0,1.0,327.77777777777777,0.16778844461757828,87.20457796846868
ktz,ktz,"ktz:P=150,in=E3_10",NON-CHAOTIC,TEST,clean,none,980000,,0.7999891493055558,0.4777777777777778,1.3972222222222221,133.93220900822587,206.5659978989878,1405.734924460595,10926.808102444402,0.12865009719957674,11.398581147406558,1.8082737020566904,54,409.59444444444455,1.1253717217348327,0.3207266013901965,50,0,,,,,84.50450742832045
ktz,ktz,"ktz:P=150,in=E3_10",NON-CHAOTIC,TEST,clean,none,980001,,0.7999891493055558,0.48055555555555557,1.4027777777777777,137.21650180621413,210.30497774212375,1597.1827280596403,11470.230243790265,0.1392459169618082,12.222639106151497,1.839316726230878,49,409.59444444444455,1.124781324020037,0.3259354565105058,50,0,,,,,84.36191271441164
ktz,ktz,"ktz:P=150,in=E1",NON-CHAOTIC,TEST,real,mix12,980003,,0.8001193576388889,0.4527777777777778,1.15,221.2779273277357,437.5635918468952,19.775987792039015,847.0725881715657,0.02334627287931267,2.281365897158643,0.0015074495821023731,175,409.6611111111111,,,257,0,0.0,0.0,5.555555555555563,0.16788105230187259,87.22826157750272
ktz,ktz,"ktz:P=150,in=E1",NON-CHAOTIC,TEST,real,mix12,980004,,0.8020616319444445,0.41944444444444445,1.575,227.22376159006967,445.5381736866402,602.2683173150743,2434.0655052947122,0.24743307688514848,19.835378864811815,0.05380630816911804,179,410.65555555555557,,,257,0,1.0,0.0,426.3888888888889,0.16685045969822915,87.11542700165319
ktz,ktz,"ktz:P=150,in=E3_10",NON-CHAOTIC,TEST,clean,none,980002,,0.7999674479166667,0.48055555555555557,1.4083333333333334,135.30603401038485,206.6633436875567,1276.979818191273,9904.314572165316,0.1289316700198563,11.420679696016375,1.8390151002444441,51,409.58333333333337,1.124087327491951,0.3506476991077707,50,0,,,,,84.76171772338489
ktz,ktz,"ktz:P=150,in=E3_10",NON-CHAOTIC,TEST,clean,none,980003,,0.7999674479166669,0.48055555555555557,1.413888888888889,135.46173542021705,208.5222380495762,1237.169031951122,10132.507960325902,0.12209899432552034,10.881303248909203,1.854458136203214,54,409.5833333333334,1.1259489370601188,0.3053536728891325,50,0,,,,,85.15560073476436
ktz,ktz,"ktz:P=150,in=E3_10",NON-CHAOTIC,TEST,clean,none,980004,,0.7999782986111112,0.4777777777777778,1.425,143.7269954297318,220.42441123840567,1940.6097998639318,12905.5544403952,0.15037012232420643,13.071455821574956,1.7671044048943951,51,409.58888888888896,1.1253611298812387,0.3322529728933315,54,0,,,,,84.48988422073877
ktz,ktz,"ktz:P=150,in=E3_10",NON-CHAOTIC,TEST,real,mix12,980000,,0.7999945746527779,0.36666666666666664,1.325,112.33460147904817,172.02707451984918,891.8082308839611,7500.783669652568,0.1188953408284696,10.626136019159336,1.4833973055036547,74,409.5972222222223,1.1261151775457428,0.3087339476152037,50,0,1.0,1.0,2.777777777777768,0.14010711808841958,84.50450742832045
ktz,ktz,"ktz:P=150,in=E3_10",NON-CHAOTIC,TEST,real,mix12,980001,,0.7984320746527778,0.2722222222222222,1.3027777777777778,112.43059441459366,167.0775720381317,992.5335862032971,7777.819772394494,0.12761077207343594,11.316916726397256,1.3560216523127522,68,408.7972222222222,1.1250999739755834,0.3288282792440721,50,0,0.0,1.0,2.777777777777768,0.13992326403007824,84.36191271441164
ktz,ktz,"ktz:P=150,in=E3_10",NON-CHAOTIC,TEST,real,mix12,980002,,0.799972873263889,0.475,1.3,108.10561639955586,162.5342499351181,859.7238711621713,7024.359157882121,0.12239178718495117,10.904551207731092,1.6770502371663663,68,409.58611111111117,1.1238691425885023,0.3305323525962578,50,0,0.0,0.0,0.0,0.13992843898856067,84.76171772338489
ktz,ktz,"ktz:P=200,in=none",NON-CHAOTIC,TEST,clean,none,980002,,0.8000000000000002,0.8,0.8,1.1113088175737829e-13,0.0,1.9895362369070339e-28,4.9138003065870653e-29,4.048874827574929,80.19360681040455,,1,409.6000000000001,1.1276373673276276,0.3085688147491688,0,0,,,,,83.99984040658323
ktz,ktz,"ktz:P=200,in=none",NON-CHAOTIC,TEST,clean,none,980003,,0.8000000000000002,0.8,0.8,1.1113088175737829e-13,0.0,1.9895362369070339e-28,4.9138003065870653e-29,4.048874827574929,80.19360681040455,,1,409.6000000000001,1.12789457446242,0.3084152288684413,0,0,,,,,83.99984040658322
ktz,ktz,"ktz:P=200,in=none",NON-CHAOTIC,TEST,clean,none,980000,,0.8000000000000002,0.8,0.8,1.1113088175737829e-13,0.0,1.9895362369070339e-28,4.9138003065870653e-29,4.048874827574929,80.19360681040455,,1,409.6000000000001,1.126064694616784,0.3069534688532422,0,0,,,,,83.99984040658322
ktz,ktz,"ktz:P=200,in=none",NON-CHAOTIC,TEST,clean,none,980001,,0.8000000000000002,0.8,0.8,1.1113088175737829e-13,0.0,1.9895362369070339e-28,4.9138003065870653e-29,4.048874827574929,80.19360681040455,,1,409.6000000000001,1.12618989675492,0.30658732706166425,0,0,,,,,83.99984040658322
ktz,ktz,"ktz:P=150,in=E3_10",NON-CHAOTIC,TEST,real,mix12,980003,,0.7999782986111112,0.4361111111111111,1.35,107.20915319496004,162.5488350338693,752.8359786161276,6483.643592733302,0.1161131033574835,10.403345593577647,1.7403589784935753,67,409.58888888888896,1.1261527137336644,0.3215851239492394,50,0,0.0,0.0,0.0,0.1398652186411192,85.15560073476436
ktz,ktz,"ktz:P=150,in=E3_10",NON-CHAOTIC,TEST,real,mix12,980004,,0.7999782986111112,0.35555555555555557,1.325,119.84772965604031,181.82997308575784,1267.0725042552917,9204.1464752483,0.13766322685788307,12.100525323130618,1.4243681412688465,72,409.58888888888896,1.1254327634300545,0.3190582417440398,54,0,1.0,1.0,2.777777777777768,0.14015179443622205,84.48988422073877
ktz,ktz,"ktz:P=200,in=none",NON-CHAOTIC,TEST,clean,none,980004,,0.8000000000000002,0.8,0.8,1.1113088175737829e-13,0.0,1.9895362369070339e-28,4.9138003065870653e-29,4.048874827574929,80.19360681040455,,1,409.6000000000001,1.1272288166495832,0.31248184719765176,0,0,,,,,83.99984040658323
ktz,ktz,"ktz:P=200,in=none",NON-CHAOTIC,TEST,real,mix12,980000,,0.8000054253472224,0.7861111111111111,0.8138888888888889,2.7117563069071013,4.720958990957576,0.14060568691221492,2.185180647755851,0.0643451089760542,6.045511783105478,0.008730215890596938,10,409.6027777777779,1.1269130667558924,0.3083898336443316,0,0,0.0,0.0,0.0,0.1399317532595215,83.99984040658322
ktz,ktz,"ktz:P=200,in=none",NON-CHAOTIC,TEST,real,mix12,980001,,0.8000000000000002,0.48055555555555557,1.1111111111111112,19.845292047192356,34.264817204390575,6.878300435202371,100.05598222639196,0.06874451963940711,6.432268739268148,-0.6227689806754017,8,409.6000000000001,1.1272233129301426,0.3102588248666357,0,0,1.0,1.0,0.0,0.13993449749108247,83.99984040658322
ktz,ktz,"ktz:P=200,in=none",NON-CHAOTIC,TEST,real,mix12,980002,,0.8000054253472224,0.7888888888888889,0.8083333333333333,2.3732327235988384,4.190606733950083,0.05652948555685573,1.4763207934630365,0.038290787345921846,3.687867388653301,-0.09795540441432456,8,409.6027777777779,1.127849638473498,0.30908733988157727,0,0,0.0,0.0,0.0,0.13991671581003193,83.99984040658323
ktz,ktz,"ktz:P=200,in=none",NON-CHAOTIC,TEST,real,mix12,980003,,0.8000108506944446,0.7944444444444444,0.8055555555555556,1.9660764669397288,3.3742147697302727,0.06747387835564383,1.2375672055519722,0.054521385224933744,5.170249365147214,0.1270644034215416,5,409.6055555555556,1.1281676569813492,0.3111371540994326,0,0,0.0,0.0,0.0,0.13993648978365533,83.99984040658322
ktz,ktz,"ktz:P=200,in=none",NON-CHAOTIC,TEST,real,mix12,980004,,0.8000054253472224,0.7888888888888889,0.8111111111111111,3.1688175454257563,5.459597463617514,0.14787050445151906,3.053913108750971,0.04842001038857227,4.618379076018067,-0.011738766763272169,9,409.6027777777779,1.1275847158535477,0.31096655240575033,0,0,0.0,0.0,2.777777777777768,0.1399148604271933,83.99984040658323
ktz,ktz,"ktz:P=200,in=S2_5",NON-CHAOTIC,TEST,clean,none,980000,,0.8000000000000003,0.4888888888888889,1.1111111111111112,68.86330003324818,119.27473443444542,82.72545476274051,1668.857056073441,0.04957012613014355,4.7228979651805565,-1.2304714537829803e-14,35,409.60000000000014,1.1292030648385851,0.5820217611657397,22,0,,,,,82.8358029724785
ktz,ktz,"ktz:P=200,in=S2_5",NON-CHAOTIC,TEST,clean,none,980001,,0.8000000000000003,0.4888888888888889,1.1111111111111112,82.71058168563127,143.25892980308925,103.04090755636933,1955.83176939478,0.05268393180271057,5.004724610215136,-9.75596820771846e-15,51,409.60000000000014,1.1279830846280416,0.5807505546079217,29,0,,,,,83.08829735967832
ktz,ktz,"ktz:P=200,in=S2_5",NON-CHAOTIC,TEST,clean,none,980002,,0.8000000000000003,0.48055555555555557,1.1194444444444445,84.42425743762038,146.22710327323315,93.08022966892449,1848.2161654479894,0.05036219864810173,4.794745918400512,-9.594570020546063e-15,45,409.60000000000014,1.129528157300898,0.5759433143891589,29,0,,,,,83.2273038858671
ktz,ktz,"ktz:P=200,in=S2_5",NON-CHAOTIC,TEST,clean,none,980003,,0.8000000000000002,0.48055555555555557,1.1194444444444445,77.72203917105594,134.61852071212735,105.46297619972393,1880.8398251422345,0.05607227940941144,5.309511527067902,-5.81912083180705e-15,47,409.6000000000001,1.1277273369893321,0.5741183334075765,25,0,,,,,82.5607494993565
ktz,ktz,"ktz:P=200,in=S2_5",NON-CHAOTIC,TEST,clean,none,980004,,0.8000000000000002,0.49166666666666664,1.1083333333333334,78.70203026159642,136.3159150719083,99.77016206078716,1888.1017722524577,0.052841517087166265,5.018943139073745,-5.729911258201835e-15,35,409.6000000000001,1.1284595448596375,0.5729709236465584,25,0,,,,,82.5489154983299
ktz,ktz,"ktz:P=200,in=S2_5",NON-CHAOTIC,TEST,real,mix12,980000,,0.798432074652778,0.28055555555555556,1.1194444444444445,70.03864864132589,116.17984401228823,139.14283854936363,1707.8020672243686,0.08147480391302468,7.533675645353003,-0.8528866915411326,50,408.79722222222233,1.1275317982255837,0.5836488546575729,22,0,0.0,1.0,2.777777777777768,0.13990089791005178,82.8358029724785
ktz,ktz,"ktz:P=200,in=E1",NON-CHAOTIC,TEST,clean,none,980000,,0.8,0.48055555555555557,1.1194444444444445,242.9417852575709,482.8914905149013,3.476071540401415,890.7533595740708,0.003902395094039902,0.38872256039137626,-5.270623733240218e-16,82,409.6,,,256,0,,,,,93.64225713633792
ktz,ktz,"ktz:P=200,in=E1",NON-CHAOTIC,TEST,clean,none,980001,,0.8,0.48055555555555557,1.1194444444444445,241.10633142320086,479.6562875015701,4.50759521496653,517.385536223933,0.00871225594720833,0.8637008121832805,-5.35312161501163e-16,82,409.6,,,256,0,,,,,93.54825408183457
ktz,ktz,"ktz:P=200,in=S2_5",NON-CHAOTIC,TEST,real,mix12,980003,,0.7999945746527779,0.4777777777777778,1.1222222222222222,71.62229694254005,124.048162642862,91.06306802024547,1550.0452641558588,0.05874865084655294,5.54887610006197,0.0012688589657431162,51,409.5972222222223,1.1284889307765194,0.5721970745642767,25,0,0.0,0.0,0.0,0.13989491495176956,82.5607494993565
ktz,ktz,"ktz:P=200,in=S2_5",NON-CHAOTIC,TEST,real,mix12,980004,,0.8,0.49722222222222223,1.1,72.17976740702704,125.07004391578263,85.27450414581733,1550.354927961264,0.05500321417235366,5.21355891939187,0.008136436144482477,55,409.6,1.1278137329649693,0.573270422201377,25,0,1.0,1.0,2.777777777777768,0.13988836068580027,82.5489154983299
ktz,ktz,"ktz:P=200,in=S2_5",NON-CHAOTIC,TEST,real,mix12,980001,,0.7999945746527778,0.49444444444444446,1.1055555555555556,77.26012369286354,134.2686062932633,86.99332895953049,1618.6938634301098,0.05374291638765244,5.100192423773448,0.0013551471697682506,57,409.59722222222223,1.1276003862387884,0.5851439448343008,29,0,1.0,1.0,2.777777777777768,0.13989824326031244,83.08829735967832
ktz,ktz,"ktz:P=200,in=S2_5",NON-CHAOTIC,TEST,real,mix12,980002,,0.8015462239583334,0.4722222222222222,1.5916666666666666,88.67393876076594,149.38972922717858,822.5158002502931,2943.7467260991566,0.27941119830653105,21.83904585768583,1.3397376142458195,59,410.3916666666667,1.1285606159949686,0.5790792680144032,29,0,1.0,0.0,2.777777777777768,0.1402034273408032,83.2273038858671
ktz,ktz,"ktz:P=200,in=E1",NON-CHAOTIC,TEST,clean,none,980002,,0.8,0.48055555555555557,1.1194444444444445,245.89666030367488,489.1882848740676,5.736345995211149,486.2090071798415,0.011798107214186922,1.1660534972407681,-4.607512508619376e-16,82,409.6,,,256,0,,,,,93.61875775340057
ktz,ktz,"ktz:P=200,in=E1",NON-CHAOTIC,TEST,clean,none,980003,,0.8,0.48055555555555557,1.1194444444444445,246.61248961834144,490.85084085632906,4.517847789812957,566.3030527289266,0.007977791693055776,0.7914650261942607,-4.0962561803352646e-16,82,409.6,,,256,0,,,,,93.58754036040594
ktz,ktz,"ktz:P=200,in=E1",NON-CHAOTIC,TEST,clean,none,980004,,0.8000813802083333,0.48055555555555557,1.1194444444444445,246.70084477781,490.61526503575163,4.597127188608363,621.7776578605524,0.007393522637057139,0.7339259654661162,-0.00011088712960652023,82,409.64166666666665,,,257,0,,,,,93.72819491527171
ktz,ktz,"ktz:P=200,in=E1",NON-CHAOTIC,TEST,real,mix12,980000,,0.8,0.475,1.125,222.38014881903314,438.98411114954155,11.599772837499014,1344.983591433754,0.008624471637704995,0.8550726142606303,-0.0019385797400924274,165,409.6,,,256,0,0.0,0.0,5.555555555555563,0.16738133139232395,93.64225713633792
ktz,ktz,"ktz:P=200,in=E1",NON-CHAOTIC,TEST,real,mix12,980001,,0.8010687934027778,0.4083333333333333,1.5972222222222223,226.4728956751246,443.59128335398236,732.199249094295,3043.307265515178,0.24059327081136733,19.393404468010342,0.06796679188730965,170,410.14722222222224,,,256,0,1.0,0.0,400.00000000000006,0.16718687028533888,93.54825408183457
ktz,ktz,"ktz:P=200,in=E1",NON-CHAOTIC,TEST,real,mix12,980002,,0.7980360243055555,0.4,1.1472222222222221,226.43638371967066,444.84582807525743,44.04721217232775,1257.335618174713,0.035032183559924546,3.3846467884151843,0.008290866786504316,180,408.59444444444443,,,256,0,0.0,1.0,452.77777777777777,0.16782056260031233,93.61875775340057
ktz,ktz,"ktz:P=200,in=E1",NON-CHAOTIC,TEST,real,mix12,980003,,0.8000054253472222,0.4388888888888889,1.1583333333333334,227.61712808972413,450.05033018856227,14.357988127287399,1454.553215477443,0.009871064169057938,0.9774578675724358,0.002807706664731491,175,409.60277777777776,,,256,0,0.0,0.0,5.555555555555536,0.1680674075482415,93.58754036040594
ktz,ktz,"ktz:P=200,in=E1",NON-CHAOTIC,TEST,real,mix12,980004,,0.7989203559027778,0.37222222222222223,1.1222222222222222,228.84278061394718,451.1672352905353,99.12414965421132,1236.2089177007472,0.08018397880398287,7.4231779379625085,0.0005564000058310727,170,409.0472222222222,,,256,0,0.0,1.0,449.99999999999994,0.1681975363135407,93.72819491527171
ktz,ktz,"ktz:P=200,in=E3_10",NON-CHAOTIC,TEST,clean,none,980000,,0.7999837239583335,0.48333333333333334,1.4277777777777778,133.47385723951862,203.49565535224514,1365.8372697494387,10053.951851471531,0.13585078682762242,11.9602670001266,1.8018665153073654,60,409.59166666666675,1.125390326218035,0.545195058819915,54,0,,,,,85.96275836812202
ktz,ktz,"ktz:P=200,in=E3_10",NON-CHAOTIC,TEST,clean,none,980001,,0.8000488281250002,0.4861111111111111,1.35,140.21754360720436,214.45049151744246,1305.552385188387,11089.106952325174,0.11773286981551184,10.533184895505876,1.6772072091835513,62,409.6250000000001,1.123362330745218,0.5104026318188497,60,0,,,,,86.57206672536181
ktz,ktz,"ktz:P=200,in=E3_10",NON-CHAOTIC,TEST,clean,none,980002,,0.7999511718750002,0.48055555555555557,1.4222222222222223,139.56071704008212,214.28354995564877,1499.1908547364997,11843.658978333253,0.12658173099032266,11.235911919062533,1.8357870097363733,61,409.5750000000001,1.1183477557012131,0.5188892912486651,52,0,,,,,85.99951211687913
ktz,ktz,"ktz:P=200,in=E3_10",NON-CHAOTIC,TEST,clean,none,980003,,0.8008246527777779,0.48333333333333334,1.4083333333333334,130.4979375223657,198.0272076030875,1383.5821179027894,10392.317695475454,0.13313508674827804,11.749268759326089,1.8790975981978004,57,410.0222222222223,1.1219592380899606,0.4851523068598316,49,0,,,,,85.90763860120929
ktz,ktz,"ktz:P=200,in=E3_10",NON-CHAOTIC,TEST,clean,none,980004,,0.8,0.48055555555555557,1.4166666666666667,126.37767298128868,193.639420120914,1018.0510073343874,8701.595481459004,0.11699590144170778,10.474156735105389,1.9499546678074815,61,409.6,1.1230049444573673,0.5392137617616664,46,0,,,,,85.4532845364415
ktz,ktz,"ktz:P=200,in=E3_10",NON-CHAOTIC,TEST,real,mix12,980000,,0.7999782986111112,0.4861111111111111,1.3277777777777777,107.72986120190703,161.9292085751982,862.6812697490961,6689.989641304031,0.12895106210970755,11.422201230647898,1.5935455364061202,77,409.58888888888896,1.1263944216871828,0.54782744733123,54,0,0.0,0.0,2.777777777777768,0.14019425870705884,85.96275836812202
ktz,ktz,"ktz:P=200,in=E3_10",NON-CHAOTIC,TEST,real,mix12,980001,,0.8016113281250001,0.4888888888888889,1.6916666666666667,119.19246296113377,179.1065343888147,2010.1884234699742,8120.2786768766655,0.2475516547472926,19.84299838850659,2.016392915512254,83,410.42500000000007,1.1234785793910003,0.5098573551753216,60,0,1.0,0.0,2.777777777777768,0.14044745894430954,86.57206672536181
ktz,ktz,"ktz:P=200,in=E3_10",NON-CHAOTIC,TEST,real,mix12,980002,,0.7999565972222222,0.44722222222222224,1.325,112.47598020443935,169.3421104761527,925.4225958544429,7868.940838789879,0.11760446733727871,10.522905980992935,1.5874231798995881,75,409.5777777777778,1.1199878339563323,0.49479935875054537,52,0,0.0,0.0,2.777777777777768,0.14008020251370068,85.99951211687913
ktz,ktz,"ktz:P=250,in=none",NON-CHAOTIC,TEST,clean,none,980000,,0.8000000000000002,0.8,0.8,1.1113088175737829e-13,0.0,1.9895362369070339e-28,4.9138003065870653e-29,4.048874827574929,80.19360681040455,,1,409.6000000000001,1.1205527931647024,0.32530225213798414,0,0,,,,,0.0
ktz,ktz,"ktz:P=250,in=none",NON-CHAOTIC,TEST,clean,none,980001,,0.8000000000000002,0.8,0.8,1.1113088175737829e-13,0.0,1.9895362369070339e-28,4.9138003065870653e-29,4.048874827574929,80.19360681040455,,1,409.6000000000001,1.1193712105645524,0.3321983181471124,0,0,,,,,0.0
ktz,ktz,"ktz:P=200,in=E3_10",NON-CHAOTIC,TEST,real,mix12,980003,,0.7992730034722222,0.30833333333333335,1.3194444444444444,109.71005459928895,160.87053064999424,954.5557736442531,7436.160684099596,0.12836674921311694,11.376332145788183,1.3209856873852717,72,409.22777777777776,1.1218683970628085,0.4858060637736264,49,0,0.0,1.0,2.777777777777768,0.1402355409380976,85.90763860120929
ktz,ktz,"ktz:P=200,in=E3_10",NON-CHAOTIC,TEST,real,mix12,980004,,0.8015570746527778,0.4777777777777778,1.5888888888888888,106.2695524338896,159.0989071309028,1534.0551818655836,6908.355619284178,0.22205793482654235,18.170818952054105,2.2502957643143593,68,410.39722222222224,1.124305191998301,0.5111299245371278,46,0,1.0,0.0,2.777777777777768,0.13995006526859224,85.4532845364415
ktz,ktz,"ktz:P=250,in=none",NON-CHAOTIC,TEST,clean,none,980002,,0.8000000000000002,0.8,0.8,1.1113088175737829e-13,0.0,1.9895362369070339e-28,4.9138003065870653e-29,4.048874827574929,80.19360681040455,,1,409.6000000000001,1.1210005475196665,0.3265831642569511,0,0,,,,,0.0
ktz,ktz,"ktz:P=250,in=none",NON-CHAOTIC,TEST,clean,none,980003,,0.8000000000000002,0.8,0.8,1.1113088175737829e-13,0.0,1.9895362369070339e-28,4.9138003065870653e-29,4.048874827574929,80.19360681040455,,1,409.6000000000001,1.1246948127807546,0.33745504294841694,0,0,,,,,0.0
ktz,ktz,"ktz:P=250,in=none",NON-CHAOTIC,TEST,clean,none,980004,,0.8000000000000002,0.8,0.8,1.1113088175737829e-13,0.0,1.9895362369070339e-28,4.9138003065870653e-29,4.048874827574929,80.19360681040455,,1,409.6000000000001,1.1232605713050536,0.34364976405989334,0,0,,,,,0.0
ktz,ktz,"ktz:P=250,in=none",NON-CHAOTIC,TEST,real,mix12,980000,,0.8,0.7611111111111111,0.8333333333333334,3.0349529775988953,5.2032799649602905,0.22410156106509777,3.6543547610892784,0.06132452258091611,5.778112281038027,-1.4328099958962468,10,409.6,1.1202514018066825,0.32450696784881955,0,0,0.0,0.0,0.0,0.14128220042184594,0.0
ktz,ktz,"ktz:P=250,in=none",NON-CHAOTIC,TEST,real,mix12,980001,,0.8000000000000002,0.7916666666666666,0.8111111111111111,2.4637695062138487,4.2779761505781675,0.09199085536291002,1.64949448483128,0.05576911969628039,5.282321546999199,0.2189729673111544,8,409.6000000000001,1.1235629842886024,0.3340661779679598,0,0,0.0,0.0,0.0,0.14128523111879937,0.0
ktz,ktz,"ktz:P=250,in=none",NON-CHAOTIC,TEST,real,mix12,980002,,0.8000054253472224,0.35833333333333334,1.3305555555555555,30.82517538071737,53.220667218641765,189.94011984818644,1122.5283183867973,0.16920741930248342,14.471976187375535,4.213562308045965,13,409.6027777777779,1.1218066175521044,0.33943926271586194,0,0,1.0,1.0,2.777777777777768,0.14128574194124413,0.0
ktz,ktz,"ktz:P=250,in=S2_5",NON-CHAOTIC,TEST,clean,none,980000,,0.8000000000000003,0.4888888888888889,1.1111111111111112,76.44048841384621,132.39880968816172,100.70975765648375,1848.0975307634528,0.054493746125444116,5.167763803784708,-1.0886873081385577e-14,37,409.60000000000014,1.1198030144921243,0.3388920866831031,25,0,,,,,29.727112767706625
ktz,ktz,"ktz:P=250,in=S2_5",NON-CHAOTIC,TEST,clean,none,980001,,0.8000000000000002,0.48333333333333334,1.1166666666666667,73.7146549469078,127.67752763045279,70.10010911501324,1327.6303977787918,0.052800922027919125,5.015280754714128,-6.837658663586668e-15,41,409.6000000000001,1.1215653391396732,0.3334102129919145,23,0,,,,,28.38323704287937
ktz,ktz,"ktz:P=250,in=none",NON-CHAOTIC,TEST,real,mix12,980003,,0.8000054253472224,0.7916666666666666,0.8111111111111111,1.8267590472674737,3.149703941743558,0.0529623512342735,1.166161211673069,0.04541597740014816,4.344297234971811,0.16326528769773105,8,409.6027777777779,1.119979670609549,0.3252835093870947,0,0,0.0,0.0,0.0,0.1412806181711886,0.0
ktz,ktz,"ktz:P=250,in=none",NON-CHAOTIC,TEST,real,mix12,980004,,0.7999945746527779,0.7861111111111111,0.8111111111111111,2.8686959620775654,4.927539012427699,0.13545569961212198,2.375876093951045,0.0570129477530376,5.3937795061294,-0.2521965573135325,9,409.5972222222223,1.1245279971149589,0.34386793723886294,0,0,0.0,0.0,2.777777777777768,0.14128976465692755,0.0
ktz,ktz,"ktz:P=250,in=S2_5",NON-CHAOTIC,TEST,clean,none,980002,,0.8000000000000002,0.48055555555555557,1.1194444444444445,84.64396611819083,146.60764987084514,115.85404350255425,1963.386401481267,0.05900725573689863,5.571940646982544,-5.9619386133040195e-15,45,409.6000000000001,1.121578562835732,0.34420670444487966,29,0,,,,,32.54068306244529
ktz,ktz,"ktz:P=250,in=S2_5",NON-CHAOTIC,TEST,clean,none,980003,,0.8000000000000003,0.48055555555555557,1.1194444444444445,77.38305704621575,134.03138644904652,72.01570285255946,1213.8124289317655,0.05933017419828037,5.600725405861539,-9.870548752994567e-15,45,409.60000000000014,1.126329438146346,0.3459378287042676,25,0,,,,,29.08374156112348
ktz,ktz,"ktz:P=250,in=S2_5",NON-CHAOTIC,TEST,clean,none,980004,,0.8000000000000003,0.48333333333333334,1.1166666666666667,83.67401550782587,144.9276461328606,103.83021315075752,1944.6916125544253,0.05339160845887161,5.068543173320354,-9.292328707254118e-15,49,409.60000000000014,1.1242946014165762,0.3497665078069794,27,0,,,,,30.60028518781254
ktz,ktz,"ktz:P=250,in=S2_5",NON-CHAOTIC,TEST,real,mix12,980000,,0.8015679253472223,0.4861111111111111,1.6,77.45793906865687,129.37617592679678,459.3106543110318,2266.724922765881,0.20263184548682522,16.849033746050512,2.103789493817768,54,410.4027777777778,1.1205020749893468,0.3410018370878015,25,0,1.0,0.0,0.0,0.14130137231816634,29.727112767706625
ktz,ktz,"ktz:P=250,in=S2_5",NON-CHAOTIC,TEST,real,mix12,980001,,0.8,0.48333333333333334,1.1166666666666667,71.15049395965774,123.17339758949846,61.634281432667365,1209.7371148402403,0.050948491764516025,4.847858117097137,-0.0002489795156943397,50,409.6,1.1238084534058994,0.34005627413485745,23,0,0.0,0.0,0.0,0.1412975678009904,28.38323704287937
ktz,ktz,"ktz:P=250,in=S2_5",NON-CHAOTIC,TEST,real,mix12,980002,,0.8000000000000002,0.48055555555555557,1.1222222222222222,79.12548090772187,136.98675738611252,100.35787987641501,1620.746485450948,0.06192077587537816,5.831016520449439,0.012280990871250775,54,409.6000000000001,1.1213118855067514,0.34346606279118075,29,0,0.0,0.0,0.0,0.14140623501004057,32.54068306244529
ktz,ktz,"ktz:P=250,in=E1",NON-CHAOTIC,TEST,clean,none,980000,,0.8001302083333333,0.48333333333333334,1.1166666666666667,242.76498100009366,482.93940904434214,4.499352409778691,664.0279679316858,0.006775847745981654,0.6730244633054864,-0.00038011126892637415,100,409.66666666666663,,,257,0,,,,,89.9464358385828
ktz,ktz,"ktz:P=250,in=E1",NON-CHAOTIC,TEST,clean,none,980001,,0.8,0.48055555555555557,1.1194444444444445,245.41259973486007,488.45473010563296,3.7619077132818326,575.667886324667,0.00653485768903944,0.6492430579148735,-5.113027172785294e-16,100,409.6,,,256,0,,,,,90.03054917049612
ktz,ktz,"ktz:P=250,in=S2_5",NON-CHAOTIC,TEST,real,mix12,980003,,0.8000054253472223,0.21666666666666667,1.6527777777777777,84.82350659533545,138.0943789602705,547.9769630442295,1769.2251731056026,0.3097270892219673,23.648215858920516,1.3039038452477654,57,409.6027777777778,1.1220376049777983,0.3330563057788715,25,0,1.0,1.0,2.777777777777768,0.1413772686711884,29.08374156112348
ktz,ktz,"ktz:P=250,in=S2_5",NON-CHAOTIC,TEST,real,mix12,980004,,0.8000000000000002,0.49166666666666664,1.1083333333333334,75.08903656550677,130.0262107857119,86.22485216125597,1667.4041934529987,0.051712027893305465,4.91693795657071,-0.004909949228447105,52,409.6000000000001,1.1201197273526566,0.3398694062382488,27,0,0.0,0.0,0.0,0.14131227328834525,30.60028518781254
ktz,ktz,"ktz:P=250,in=E1",NON-CHAOTIC,TEST,clean,none,980002,,0.7999403211805556,0.48055555555555557,1.1194444444444445,241.6012314055299,480.7063877505469,3.697170995516723,494.2993366907707,0.0074796195768104794,0.7424090206362961,-0.00021242706255998628,102,409.56944444444446,,,257,0,,,,,89.92146213611808
ktz,ktz,"ktz:P=250,in=E1",NON-CHAOTIC,TEST,clean,none,980003,,0.8,0.48055555555555557,1.1194444444444445,243.9922233775797,485.32665869979303,3.3437900960859026,641.8557805010738,0.0052095660702401484,0.5182567144288522,-5.352565032738812e-16,102,409.6,,,256,0,,,,,89.95019673891159
ktz,ktz,"ktz:P=250,in=E1",NON-CHAOTIC,TEST,clean,none,980004,,0.8,0.48055555555555557,1.1194444444444445,244.8717208013876,487.15800666890624,5.470951030450598,564.7691676127523,0.009687056844083755,0.9594118076903936,-5.258069395468892e-16,102,409.6,,,256,0,,,,,90.00050604602212
ktz,ktz,"ktz:P=250,in=E1",NON-CHAOTIC,TEST,real,mix12,980000,,0.8020453559027778,0.45555555555555555,1.8194444444444444,228.0563465928301,447.75351693775644,924.4774463000184,2988.544707093189,0.30934034351428935,23.625663491282577,0.14866694505457947,171,410.64722222222224,,,257,0,1.0,0.0,427.77777777777777,0.16806764199195895,89.9464358385828
ktz,ktz,"ktz:P=250,in=E3_10",NON-CHAOTIC,TEST,clean,none,980000,,0.8000271267361113,0.48055555555555557,1.4222222222222223,131.00215716860436,201.51332465624378,1378.2781046273394,9358.027199666147,0.14728297698007442,12.83754574375005,1.8594854458951777,54,409.613888888889,1.1161362641202395,0.3305703684754718,50,0,,,,,28.5673770453936
ktz,ktz,"ktz:P=250,in=E3_10",NON-CHAOTIC,TEST,clean,none,980001,,0.8000000000000002,0.4861111111111111,1.3666666666666667,108.38482337444302,165.78370156144356,1007.0791997060815,6223.110472614143,0.16182891242858452,13.928807477368734,2.195870436164544,46,409.6000000000001,1.1222224851536753,0.34454518656246735,36,0,,,,,24.136694949602806
ktz,ktz,"ktz:P=250,in=E1",NON-CHAOTIC,TEST,real,mix12,980003,,0.7979383680555556,0.38055555555555554,1.1194444444444445,225.76847954419878,444.99044047239005,11.633495931753608,912.3639622311453,0.012750937579016616,1.2590398197505264,0.01265996389628623,161,408.5444444444445,,,256,0,0.0,1.0,5.555555555555536,0.16758372510460925,89.95019673891159
ktz,ktz,"ktz:P=250,in=E1",NON-CHAOTIC,TEST,real,mix12,980004,,0.8,0.4166666666666667,1.1833333333333333,227.2306072750925,449.6890359296049,18.110001744002243,1201.6478338151123,0.015070972737915059,1.4847210828287856,-6.33386652273364e-06,175,409.6,,,256,0,0.0,0.0,5.555555555555536,0.16789461690319263,90.00050604602212
ktz,ktz,"ktz:P=250,in=E1",NON-CHAOTIC,TEST,real,mix12,980001,,0.7999999999999999,0.46111111111111114,1.1388888888888888,224.5650715998989,444.54418319878823,18.336780196571738,1052.7969311502952,0.017417205212155024,1.7119039390063329,-0.00026404106370263986,172,409.59999999999997,,,256,0,0.0,0.0,5.555555555555536,0.16796740044933262,90.03054917049612
ktz,ktz,"ktz:P=250,in=E1",NON-CHAOTIC,TEST,real,mix12,980002,,0.803005642361111,0.45555555555555555,2.2583333333333333,234.56690182947602,453.93695570479395,5824.8267950377485,5502.530634974057,1.0585723517857728,51.422644963995616,0.43045522831786853,157,411.13888888888886,,,257,0,2.0,0.0,30.555555555555557,0.1674791320825793,89.92146213611808
ktz,ktz,"ktz:P=250,in=E3_10",NON-CHAOTIC,TEST,clean,none,980002,,0.7988823784722223,0.48333333333333334,1.4166666666666667,118.10602678894531,178.1705594492296,1385.0190974236712,8498.293946803407,0.16297613451516813,14.013712721896145,1.980568543325763,50,409.0277777777778,1.1150257520347242,0.3363712956152863,42,0,,,,,26.06308693401604
ktz,ktz,"ktz:P=250,in=E3_10",NON-CHAOTIC,TEST,clean,none,980003,,0.7996582031250001,0.4777777777777778,1.4361111111111111,141.0643523611615,215.7568808294014,1444.6684290299488,11224.98638987768,0.12870112968089678,11.402587123952186,1.719649333778388,67,409.42500000000007,1.123273216809277,0.3405192397518847,61,0,,,,,31.417021589288794
ktz,ktz,"ktz:P=250,in=E3_10",NON-CHAOTIC,TEST,clean,none,980004,,0.8000217013888891,0.48333333333333334,1.3916666666666666,125.15084570464866,188.95099256618633,1579.8025415804734,9441.645345939989,0.16732280060273666,14.333892948577809,1.9252096371538534,47,409.6111111111112,1.1185757912857617,0.3325045914615337,44,0,,,,,27.114264774661507
ktz,ktz,"ktz:P=250,in=E3_10",NON-CHAOTIC,TEST,real,mix12,980000,,0.7984592013888889,0.33055555555555555,1.3194444444444444,107.61026955416966,161.46911211089716,823.6867201323913,5987.292863509293,0.13757247873283573,12.093513275398541,1.4035763595775903,75,408.81111111111113,1.1147878578249801,0.33546251864878196,50,0,0.0,1.0,2.777777777777768,0.14119296866368405,28.5673770453936
ktz,ktz,"ktz:P=250,in=E3_10",NON-CHAOTIC,TEST,real,mix12,980001,,0.7999945746527779,0.5027777777777778,1.3,88.50286146574729,132.65192673587197,663.5274074377364,4348.298058514818,0.15259473902402343,13.23923612155607,2.052688912197943,57,409.5972222222223,1.120667434158807,0.32928312311405733,36,0,1.0,0.0,0.0,0.14129442468956155,24.136694949602806
ktz,ktz,"ktz:P=250,in=E3_10",NON-CHAOTIC,TEST,real,mix12,980002,,0.7990776909722224,0.48055555555555557,1.2972222222222223,93.45806641510664,138.96594948522332,784.4660732139505,5416.675364627637,0.14482427326856753,12.650349634453706,1.5716154952536203,62,409.12777777777785,1.1158599830327878,0.32806686198360563,42,0,0.0,0.0,0.0,0.14125149500315604,26.06308693401604
ktz,ktz,"ktz:P=300,in=none",NON-CHAOTIC,TEST,clean,none,980000,,0.8000000000000002,0.8,0.8,1.1113088175737829e-13,0.0,1.9895362369070339e-28,4.9138003065870653e-29,4.048874827574929,80.19360681040455,,1,409.6000000000001,1.1198045809901358,0.333504535419031,0,0,,,,,2.7755575615628914e-14
ktz,ktz,"ktz:P=300,in=none",NON-CHAOTIC,TEST,clean,none,980001,,0.8000000000000002,0.8,0.8,1.1113088175737829e-13,0.0,1.9895362369070339e-28,4.9138003065870653e-29,4.048874827574929,80.19360681040455,,1,409.6000000000001,1.1210561713793736,0.33723347532800796,0,0,,,,,2.7755575615628914e-14
ktz,ktz,"ktz:P=250,in=E3_10",NON-CHAOTIC,TEST,real,mix12,980003,,0.7996690538194445,0.4666666666666667,1.3833333333333333,110.01962622752004,165.79135226776,854.6103675786545,7038.86505530461,0.12141309157995654,10.826794558720364,1.528515034163504,83,409.4305555555556,1.1212928157901652,0.33448220011551366,61,0,1.0,1.0,2.777777777777768,0.14163928928522393,31.417021589288794
ktz,ktz,"ktz:P=250,in=E3_10",NON-CHAOTIC,TEST,real,mix12,980004,,0.8000217013888891,0.39444444444444443,1.6472222222222221,111.34298272500473,156.4469265910842,2808.7123325822104,8199.160964638168,0.3425609455279379,25.51548565962732,1.8609891120057271,67,409.6111111111112,1.1202066501376158,0.33070932648960505,44,0,1.0,1.0,2.777777777777768,0.1412831553628086,27.114264774661507
ktz,ktz,"ktz:P=300,in=none",NON-CHAOTIC,TEST,clean,none,980002,,0.8000000000000002,0.8,0.8,1.1113088175737829e-13,0.0,1.9895362369070339e-28,4.9138003065870653e-29,4.048874827574929,80.19360681040455,,1,409.6000000000001,1.1210576253869355,0.3372377705923134,0,0,,,,,2.7755575615628914e-14
ktz,ktz,"ktz:P=300,in=none",NON-CHAOTIC,TEST,clean,none,980003,,0.8000000000000002,0.8,0.8,1.1113088175737829e-13,0.0,1.9895362369070339e-28,4.9138003065870653e-29,4.048874827574929,80.19360681040455,,1,409.6000000000001,1.1254707726170632,0.34106577187439,0,0,,,,,2.7755575615628914e-14
ktz,ktz,"ktz:P=300,in=none",NON-CHAOTIC,TEST,clean,none,980004,,0.8000000000000002,0.8,0.8,1.1113088175737829e-13,0.0,1.9895362369070339e-28,4.9138003065870653e-29,4.048874827574929,80.19360681040455,,1,409.6000000000001,1.1193694281378046,0.3321929293022778,0,0,,,,,2.7755575615628914e-14
ktz,ktz,"ktz:P=300,in=none",NON-CHAOTIC,TEST,real,mix12,980000,,0.8000000000000002,0.7944444444444444,0.8055555555555556,1.3902472157552297,2.4204878777891254,0.025641064939621722,0.5398195412621863,0.047499327052275137,4.53454487516866,-0.09375000000026189,5,409.6000000000001,1.1208741161274616,0.3366949965378209,0,0,0.0,0.0,0.0,0.14128470812220315,2.7755575615628914e-14
ktz,ktz,"ktz:P=300,in=none",NON-CHAOTIC,TEST,real,mix12,980001,,0.8,0.7944444444444444,0.8111111111111111,2.004139129720502,3.456012391068355,0.09855045201602207,1.2365090389593825,0.0797005512381534,7.381727382352105,0.25035355511068796,7,409.6,1.1208443470876355,0.32613540240335626,0,0,0.0,0.0,0.0,0.1412818596608205,2.7755575615628914e-14
ktz,ktz,"ktz:P=300,in=none",NON-CHAOTIC,TEST,real,mix12,980002,,0.8,0.7888888888888889,0.8083333333333333,2.395404424928479,4.185198334104826,0.07824565769991171,1.509873918966951,0.05182264341213804,4.926937420174197,-0.1649503894987346,8,409.6,1.1224621915360906,0.3308198396702189,0,0,0.0,0.0,0.0,0.14128467496316058,2.7755575615628914e-14
ktz,ktz,"ktz:P=300,in=none",NON-CHAOTIC,TEST,real,mix12,980003,,0.8000162760416667,0.7888888888888889,0.8166666666666667,3.4950757411357256,6.006135476058504,0.17859941317057232,3.049011044162239,0.05857617784380481,5.533487251065634,0.36658811242071176,11,409.60833333333335,1.1221354213364956,0.3403987271341031,0,0,0.0,0.0,0.0,0.14128689109797674,2.7755575615628914e-14
ktz,ktz,"ktz:P=300,in=none",NON-CHAOTIC,TEST,real,mix12,980004,,0.8,0.7583333333333333,0.8444444444444444,3.7634700857163117,6.577325916086397,0.18751529625550484,4.706620516199324,0.0398407510463424,3.8314281303413567,0.5907340254237669,11,409.6,1.1244324450436998,0.34414566880068875,0,0,0.0,0.0,0.0,0.14128981509950334,2.7755575615628914e-14
ktz,ktz,"ktz:P=300,in=S2_5",NON-CHAOTIC,TEST,clean,none,980000,,0.8000000000000003,0.4861111111111111,1.113888888888889,85.63096926773275,148.31718947308224,99.42982217904094,1942.8000276313307,0.0511786188824931,4.868689104131612,-9.210874440899088e-15,47,409.60000000000014,1.1203945673632734,0.3417624279598088,28,0,,,,,26.914162431828128
ktz,ktz,"ktz:P=300,in=S2_5",NON-CHAOTIC,TEST,clean,none,980001,,0.8000000000000002,0.48055555555555557,1.1194444444444445,85.47070537684773,148.03960427145068,140.4265929792833,2221.931650935537,0.06320023071823885,5.94433944728777,-5.442294281232419e-15,47,409.6000000000001,1.119526904954121,0.3329702787684365,30,0,,,,,26.294487949300844
ktz,ktz,"ktz:P=300,in=S2_5",NON-CHAOTIC,TEST,clean,none,980002,,0.8000000000000003,0.48333333333333334,1.1166666666666667,88.44969914493058,153.19937283320124,93.01221412257632,2228.876524871063,0.0417305369250802,4.00588592211744,-8.858931410956998e-15,57,409.60000000000014,1.1247558749414672,0.3439977729351356,35,0,,,,,26.681619656458725
ktz,ktz,"ktz:P=300,in=S2_5",NON-CHAOTIC,TEST,clean,none,980003,,0.8000000000000003,0.48333333333333334,1.1166666666666667,81.64392489835417,141.41142605328713,112.1976348160425,2201.111595766107,0.05097316966202779,4.850092384225162,-9.668819931578803e-15,45,409.60000000000014,1.1246751718500057,0.34981669172110774,27,0,,,,,25.45743040128483
ktz,ktz,"ktz:P=300,in=S2_5",NON-CHAOTIC,TEST,clean,none,980004,,0.8000000000000003,0.49166666666666664,1.1083333333333334,76.40927103597342,131.63997957006643,78.84394884297252,1867.0635928174734,0.042228850236425995,4.051782890758256,-9.974731624840847e-15,37,409.60000000000014,1.1230952599568114,0.3497321725153578,25,0,,,,,23.242646187594808
ktz,ktz,"ktz:P=300,in=S2_5",NON-CHAOTIC,TEST,real,mix12,980000,,0.7999837239583335,0.4527777777777778,1.15,76.96424219366999,133.12059476141008,82.81363576460338,1477.1508503910395,0.056063086409001824,5.3086872489442545,0.048110275993496515,57,409.59166666666675,1.120945756106435,0.34336483183366656,28,0,0.0,0.0,0.0,0.1414634921865847,26.914162431828128
ktz,ktz,"ktz:P=300,in=E1",NON-CHAOTIC,TEST,clean,none,980000,,0.8000868055555554,0.48055555555555557,1.1194444444444445,247.42279818086823,492.1305778115836,5.246131973078777,633.0907270244095,0.008286540536987689,0.8218438116385536,0.00010005047241954178,116,409.6444444444444,,,257,0,,,,,83.93607560282851
ktz,ktz,"ktz:P=300,in=E1",NON-CHAOTIC,TEST,clean,none,980001,,0.800146484375,0.48055555555555557,1.1194444444444445,241.63231693396665,480.629045431014,3.8984689278524427,680.367797310215,0.005729943338389557,0.5697298142849119,0.00021235245652077503,114,409.675,,,257,0,,,,,83.83165366084722
ktz,ktz,"ktz:P=300,in=S2_5",NON-CHAOTIC,TEST,real,mix12,980003,,0.8,0.475,1.125,76.84201627493742,133.02181709060707,96.52194934076185,1925.8700004241434,0.05011862136047831,4.772662853606698,-0.0020453646426995165,51,409.6,1.125255913465736,0.3455428065989375,27,0,0.0,0.0,0.0,0.14136949630031467,25.45743040128483
ktz,ktz,"ktz:P=300,in=S2_5",NON-CHAOTIC,TEST,real,mix12,980004,,0.8,0.4777777777777778,1.1277777777777778,75.43012047947308,130.23177200797534,78.92687537437853,1903.6472128679984,0.04146087302356239,3.9810303101635927,-0.008235133524922184,52,409.6,1.1202469186995527,0.33088648366035556,25,0,0.0,0.0,2.777777777777768,0.1413640507553851,23.242646187594808
ktz,ktz,"ktz:P=300,in=S2_5",NON-CHAOTIC,TEST,real,mix12,980001,,0.7984375000000001,0.28055555555555556,1.113888888888889,81.68183048998965,136.88194470954113,208.448969177785,2087.16420205883,0.09987185913411403,9.080317702894884,-0.536892783542225,63,408.80000000000007,1.1239678364233308,0.35185197066465146,30,0,0.0,1.0,2.777777777777768,0.1414322992583587,26.294487949300844
ktz,ktz,"ktz:P=300,in=S2_5",NON-CHAOTIC,TEST,real,mix12,980002,,0.8015625000000001,0.475,1.6388888888888888,89.28364859536941,150.4465942445829,688.8546985332435,2831.693071632044,0.24326601828220837,19.566690853364054,1.5711848275949831,68,410.40000000000003,1.124977120786581,0.3489168154305922,35,0,1.0,0.0,2.777777777777768,0.1416292652465399,26.681619656458725
ktz,ktz,"ktz:P=300,in=E1",NON-CHAOTIC,TEST,clean,none,980002,,0.8,0.48055555555555557,1.1194444444444445,248.20883556790054,493.999182012624,5.431994947472263,575.3576450888278,0.009441075466432072,0.9352775209855252,-4.906606656724533e-16,114,409.6,,,256,0,,,,,83.94506937051139
ktz,ktz,"ktz:P=300,in=E1",NON-CHAOTIC,TEST,clean,none,980003,,0.7999782986111111,0.48055555555555557,1.1194444444444445,246.7125781957087,490.9997559166526,5.150684329399683,648.0081084370652,0.007948487468501977,0.7885807228566691,0.00014331698829980272,112,409.5888888888889,,,257,0,,,,,83.95722788634684
ktz,ktz,"ktz:P=300,in=E1",NON-CHAOTIC,TEST,clean,none,980004,,0.8,0.48055555555555557,1.1194444444444445,248.06083958532898,493.48821013188876,6.065831251822658,607.6389372552519,0.009982624351267625,0.9883956526162684,-5.129106691876368e-16,116,409.6,,,256,0,,,,,83.91075950283943
ktz,ktz,"ktz:P=300,in=E1",NON-CHAOTIC,TEST,real,mix12,980000,,0.8019205729166666,0.4722222222222222,1.7583333333333333,230.1986749163663,452.1607255307006,385.03001542433543,2168.553565457589,0.17755153552920877,15.078026750601156,0.11534754626016587,158,410.5833333333333,,,257,0,1.0,0.0,8.333333333333414,0.1684868736616722,83.93607560282851
ktz,ktz,"ktz:P=300,in=E1",NON-CHAOTIC,TEST,real,mix12,980001,,0.80029296875,0.4361111111111111,1.1694444444444445,225.93931026306475,446.7819794164268,10.432210381747058,1345.1908783308,0.007755189653599214,0.7695509517807538,0.00012304378834001087,170,409.75,,,257,0,0.0,0.0,5.555555555555536,0.16777695375564008,83.83165366084722
ktz,ktz,"ktz:P=300,in=E1",NON-CHAOTIC,TEST,real,mix12,980002,,0.8,0.45,1.15,229.35945523613438,453.5454322174444,17.812676773697852,1474.5899600498017,0.01207974912096666,1.19355704246216,-0.0017905324881921773,171,409.6,,,256,0,0.0,0.0,5.555555555555536,0.16835749431314653,83.94506937051139
ktz,ktz,"ktz:P=300,in=E1",NON-CHAOTIC,TEST,real,mix12,980003,,0.8018880208333334,0.4666666666666667,1.3555555555555556,232.97497916894116,459.16694635730573,165.5692484168462,1548.6882261453893,0.10690934793824843,9.658365261561837,0.009038432769846828,155,410.5666666666667,,,257,0,1.0,0.0,5.555555555555536,0.16863011061499739,83.95722788634684
ktz,ktz,"ktz:P=300,in=E1",NON-CHAOTIC,TEST,real,mix12,980004,,0.8000054253472222,0.3972222222222222,1.2027777777777777,228.01772870203058,451.0952554901706,17.836450378062658,1168.8601035005024,0.01525969645524392,1.5030338058846227,2.731917674066359e-05,166,409.60277777777776,,,256,0,0.0,0.0,5.555555555555536,0.16831980033944446,83.91075950283943
ktz,ktz,"ktz:P=300,in=E3_10",NON-CHAOTIC,TEST,clean,none,980000,,0.8000054253472224,0.48055555555555557,1.363888888888889,137.02285249106592,209.4247341810453,1459.7552051604189,11113.313051318495,0.13135193784424457,11.610174822746277,1.6922307193214354,64,409.6027777777779,1.12376215683588,0.3408284423783309,58,0,,,,,24.642800857569757
ktz,ktz,"ktz:P=300,in=E3_10",NON-CHAOTIC,TEST,clean,none,980001,,0.8000000000000003,0.4888888888888889,1.413888888888889,132.68453530830345,203.09813491888153,1645.3684721748373,10683.579531219773,0.15400910035505497,13.3455706985041,1.878446599573467,52,409.60000000000014,1.1244245751101682,0.3422621152977413,48,0,,,,,23.769898339277137
ktz,ktz,"ktz:P=300,in=E3_10",NON-CHAOTIC,TEST,clean,none,980002,,0.799066840277778,0.48333333333333334,1.3972222222222221,147.1221469134056,224.31826365554105,2042.2579636704816,13407.82816389951,0.1523183276743692,13.218424459305526,1.7397449621249512,58,409.1222222222223,1.1190330826266779,0.33704107952691353,56,0,,,,,26.58286048087415
ktz,ktz,"ktz:P=300,in=E3_10",NON-CHAOTIC,TEST,clean,none,980003,,0.799994574652778,0.48055555555555557,1.4166666666666667,133.53617821838526,203.77309514754037,1318.6534442361165,9608.18008341875,0.13724279028780625,12.068029048843098,1.8154380203727607,60,409.59722222222234,1.1201164817323783,0.3304367112501394,52,0,,,,,23.922753578890546
ktz,ktz,"ktz:P=300,in=E3_10",NON-CHAOTIC,TEST,clean,none,980004,,0.7999782986111112,0.48333333333333334,1.4277777777777778,137.33815564117785,210.4159512889553,1514.9945095968155,10487.21132777883,0.14446114054971448,12.622633956826707,1.7839082617081732,61,409.58888888888896,1.1248373384310262,0.3469212814637761,54,0,,,,,24.610638963639815
ktz,ktz,"ktz:P=300,in=E3_10",NON-CHAOTIC,TEST,real,mix12,980000,,0.8,0.45,1.275,108.60680743822019,164.0748499958175,854.0100429810336,7020.754941219913,0.12164077084744998,10.844895621576319,1.49028958118285,77,409.6,1.1208963662110862,0.3429164309810308,58,0,0.0,0.0,2.777777777777768,0.1421750151641178,24.642800857569757
ktz,ktz,"ktz:P=300,in=E3_10",NON-CHAOTIC,TEST,real,mix12,980003,,0.7999945746527779,0.4666666666666667,1.3138888888888889,104.71889195958802,156.3051260538875,796.2317442746652,6083.322247439186,0.13088764853938883,11.573886115781553,1.4640290151957922,73,409.5972222222223,1.1217067249755015,0.334643246837551,52,0,0.0,0.0,0.0,0.14137552920215385,23.922753578890546
ktz,ktz,"ktz:P=300,in=E3_10",NON-CHAOTIC,TEST,real,mix12,980004,,0.7999782986111112,0.3861111111111111,1.4305555555555556,117.69355488086438,178.48373097215057,1081.870781850635,8082.970346805249,0.13384569476717662,11.804577588016544,1.6463204301169596,71,409.58888888888896,1.1192335425254054,0.337475914276437,54,0,0.0,0.0,2.777777777777768,0.14138466132752453,24.610638963639815
ktz,ktz,"ktz:P=300,in=E3_10",NON-CHAOTIC,TEST,real,mix12,980001,,0.8000054253472222,0.44722222222222224,1.3055555555555556,108.50283056454516,163.07853917471422,1100.0725895531964,7499.1565080758,0.14669284317089987,12.792688473162222,1.6233026761761264,69,409.60277777777776,1.1214701294601213,0.33344911170670766,48,0,0.0,0.0,0.0,0.14138122123197794,23.769898339277137
ktz,ktz,"ktz:P=300,in=E3_10",NON-CHAOTIC,TEST,real,mix12,980002,,0.7992458767361112,0.4888888888888889,1.3111111111111111,119.04824278396364,178.89914602319047,1280.7818085128283,9085.207711660374,0.14097441128054936,12.355615506076914,1.6917387483325819,78,409.21388888888896,1.119517432593649,0.3317044980004473,56,0,0.0,0.0,0.0,0.14180184044250096,26.58286048087415
null,null56,N1_linear_rr,NULL,BOTH,grid_mix24,mix24,980000,,0.7624186197916667,0.6,0.8972222222222223,41.81978110311641,35.108043441779465,963.8026216040876,801.7446017077613,1.2021317256781443,54.58945582866752,-0.04191213652632733,80,390.35833333333335,1.101990507468312,0.32369938374413776,0,0,0.0,0.0,2.777777777777768,0.03535352173736136,
null,null56,N1_linear_rr,NULL,BOTH,grid_mix24,mix24,980001,,0.8861002604166667,0.7916666666666666,0.975,36.02088519739475,32.370395829415315,857.2591065389402,491.62804991848196,1.7437147995951092,63.55306316284876,-0.044841665348402414,63,453.68333333333334,1.1712208685181316,0.380086354444814,0,0,0.0,0.0,0.0,0.0355949105758628,
null,null56,N1_linear_rr,NULL,BOTH,grid_mix24,mix24,980002,,0.6625651041666667,0.5055555555555555,0.8111111111111111,55.14795555790501,38.36939069494676,2193.03963945011,1027.666734605922,2.1339988593588872,68.09188372823571,0.0066540028426671045,94,339.23333333333335,1.0305743225677053,0.24459487138380293,0,0,0.0,0.0,0.0,0.03525354041038596,
null,null56,N1_linear_rr,NULL,BOTH,grid_mix24,mix24,980003,,0.7223470052083334,0.6138888888888889,0.8388888888888889,46.02208604942023,31.85503952724523,1365.9160337900066,638.1361954166614,2.140477289331868,68.15770636530384,-0.015019431418011648,78,369.8416666666667,1.0728474856168289,0.2892443180529718,0,0,0.0,0.0,0.0,0.03526744006654326,
null,null56,N1_linear_rr,NULL,BOTH,grid_mix24,mix24,980004,,0.7610622829861111,0.6111111111111112,0.9305555555555556,60.32436024614146,46.84032031548905,2458.193764676132,1267.154506039133,1.9399321495213284,65.98560956031528,-0.010430440814469727,99,389.6638888888889,1.101440554105074,0.311620288302056,0,0,0.0,0.0,0.0,0.035475514518986444,
null,null56,N1_linear_rr,NULL,BOTH,grid_mix12,mix12,980000,,0.7624131944444444,0.6027777777777777,0.9027777777777778,41.88363095763264,35.34209679888039,960.5020017044131,811.2635692411149,1.183958010838452,54.21157389303075,-0.044038139918615736,77,390.35555555555555,1.0982418587654736,0.3207075514760114,0,0,0.0,0.0,2.777777777777768,0.14070078827085014,
null,null56,N1_linear_rr,NULL,BOTH,grid_mix12,mix12,980001,,0.8861002604166666,0.7888888888888889,0.9805555555555555,36.10211810919709,32.82458578421801,853.9058779537127,492.7168919017726,1.7330558216866374,63.41091930632888,-0.04007065843388727,63,453.6833333333333,1.17086775840653,0.3830432442984431,0,0,0.0,0.0,2.777777777777768,0.14170771778338873,
null,null56,N1_linear_rr,NULL,BOTH,grid_mix12,mix12,980002,,0.6625651041666666,0.5027777777777778,0.8138888888888889,55.175876812329626,38.53824148964072,2191.392345477924,1026.3051926903847,2.1352248445059,68.1043609439247,0.0061859170410853695,94,339.2333333333333,1.0302854571447417,0.24173424682535521,0,0,0.0,0.0,0.0,0.14037347263617783,
null,null56,N1_linear_rr,NULL,BOTH,grid_mix12,mix12,980003,,0.722341579861111,0.6138888888888889,0.8416666666666667,46.14055656212822,32.261758665853385,1368.549257329984,638.4411964334062,2.1435791815679504,68.18912639887056,-0.02003996779674461,77,369.83888888888885,1.0746501297433317,0.296827077562103,0,0,0.0,0.0,2.777777777777768,0.14040980656698268,
null,null56,N1_linear_rr,NULL,BOTH,grid_mix12,mix12,980004,,0.761056857638889,0.6083333333333333,0.9277777777777778,60.28391668391532,46.8863965231685,2458.7899981108894,1254.2614947599793,1.960348785626568,66.22019659118152,-0.012938552246558972,101,389.66111111111115,1.101792705673358,0.31236975816886564,0,0,0.0,0.0,2.777777777777768,0.14123484319107013,
null,null56,N1_linear_rr,NULL,BOTH,grid_mix6,mix6,980002,,0.6455132378472221,0.20277777777777778,1.0,94.26498313942612,102.79797701170024,2367.8641083802745,2401.5106529200616,0.9859894252399525,49.647264618280765,-1.7784429050377626,121,330.50277777777774,1.0300294505622571,0.24034642080271004,0,0,5.0,18.0,52.777777777777814,0.2800309272851315,
null,null56,N1_linear_rr,NULL,BOTH,grid_mix6,mix6,980003,,0.6951497395833333,0.225,0.9694444444444444,107.25865052781724,110.42091022709491,2325.194117561419,3262.1237209115134,0.7127853866044374,41.615569129622244,-2.382689926144803,113,355.91666666666663,1.0696299320199751,0.2974026937266592,0,0,2.0,23.0,33.33333333333333,0.28013387693875347,
null,null56,N1_linear_rr,NULL,BOTH,grid_mix6,mix6,980000,,0.7431369357638888,0.21666666666666667,1.0027777777777778,96.11400191244181,97.97745060344128,1651.6065933180025,2023.9634385642266,0.8160259033580324,44.93470615419694,-3.025308593328015,104,380.4861111111111,1.1006338427312978,0.32036165211761214,0,0,1.0,14.0,33.33333333333333,0.2807161491550123,
null,null56,N1_linear_rr,NULL,BOTH,grid_mix6,mix6,980001,,0.8774359809027779,0.2111111111111111,1.9194444444444445,93.1810253590984,114.01311909871116,2480.7958826883896,3655.9276907088874,0.6785680933988498,40.4254135454732,-0.4252766361957291,83,449.24722222222226,1.1711101745018204,0.3792761521556458,0,0,3.0,8.0,27.77777777777779,0.2827384690112664,
null,null56,N1_linear_rr,NULL,BOTH,grid_mix6,mix6,980004,,0.7296983506944446,0.2,2.1277777777777778,142.54331435405317,167.29726864552455,6280.352542848057,8297.593068186048,0.7568884725050775,43.081190658952885,0.3182012642111576,142,373.6055555555556,1.0941004651154504,0.3171775468137221,0,0,8.0,32.0,63.888888888888886,0.28182397734484915,
null,null56,N1_linear_rr,NULL,BOTH,grid_bw12,bw12,980000,,0.7624131944444444,0.6,0.9,41.741344255435514,35.02127145363487,960.3684889369989,801.0012891808968,1.1989599791019947,54.523956347383034,-0.04770547852591917,77,390.35555555555555,1.0977180165775926,0.32202093206656235,0,0,0.0,0.0,0.0,0.14069280405097057,
null,null56,N1_linear_rr,NULL,BOTH,grid_bw12,bw12,980001,,0.889599609375,0.7916666666666666,2.5527777777777776,81.9650554365521,111.49571942770646,7063.273751034117,6836.623258643222,1.0331524034331352,50.81529558180574,16.336621677460798,64,455.475,1.1668709943218123,0.3785467539833507,0,0,2.0,0.0,25.00000000000002,0.14169764269953455,
null,null56,N1_linear_rr,NULL,BOTH,grid_bw12,bw12,980002,,0.6638563368055557,0.5055555555555555,1.5666666666666667,68.11855913754577,71.93448376697434,2190.267292328234,1024.3324682294544,2.13823866787517,68.13499208213258,4.51935360587598,95,339.8944444444445,1.0324981097883716,0.24242094307598716,0,0,1.0,0.0,0.0,0.14035260344236103,
null,null56,N1_linear_rr,NULL,BOTH,grid_bw12,bw12,980003,,0.7223470052083334,0.6138888888888889,0.8416666666666667,46.075535504736095,31.991029779072907,1367.0163532565532,639.8865410659915,2.1363417817465438,68.11571985489644,-0.01309834870027237,78,369.8416666666667,1.074384617042566,0.2939742327978251,0,0,0.0,0.0,2.777777777777768,0.140408428749888,
null,null56,N1_linear_rr,NULL,BOTH,grid_bw12,bw12,980004,,0.7625596788194444,0.3111111111111111,2.263888888888889,92.89298479705481,109.02594701963964,5900.412928491048,5507.093800035716,1.0714204520091488,51.72394870244414,7.9622503701510405,101,390.43055555555554,1.0933428899038193,0.3146724046503957,0,0,2.0,1.0,30.555555555555557,0.14122084110587088,
null,null56,N1_linear_rr,NULL,BOTH,grid_ma12,ma12,980000,,0.7563259548611112,0.2111111111111111,0.9194444444444444,66.21082208615617,65.75557950392265,1109.5497345048939,1665.2974357999308,0.6662772130985227,39.98597639462093,-3.646772172611146,89,387.23888888888894,1.1016277778862749,0.3197153944162243,0,0,1.0,5.0,36.11111111111115,0.14069681330236364,
null,null56,N1_linear_rr,NULL,BOTH,grid_ma12,ma12,980001,,0.8774305555555555,0.25555555555555554,1.0361111111111112,73.26488236260262,76.5204494805965,1277.7966731804024,1508.855026508852,0.8468651068068043,45.85419388159964,-4.963751165282345,74,449.2444444444444,1.1716729629657219,0.3770581731506397,0,0,0.0,5.0,19.444444444444485,0.14169308251813229,
null,null56,N1_linear_rr,NULL,BOTH,grid_ma12,ma12,980002,,0.6625651041666667,0.5027777777777778,0.8083333333333333,55.18873773423498,38.585622103867536,2190.30229673128,1030.1495458542397,2.1261983811437757,68.0122667188468,0.0015484098082211607,91,339.23333333333335,1.030836369261566,0.2426507064248742,0,0,0.0,0.0,0.0,0.14037411348861367,
null,null56,N1_linear_rr,NULL,BOTH,grid_ma12,ma12,980003,,0.7068088107638888,0.21666666666666667,0.9777777777777777,90.04104721127588,94.15742106458302,1835.2092450502025,1728.2840748788046,1.0618678212254522,51.50028582309126,-2.6369299850178387,101,361.88611111111106,1.0753223675771066,0.2970465383419497,0,0,3.0,14.0,30.555555555555557,0.14040991447914053,
null,null56,N1_linear_rr,NULL,BOTH,grid_em12,em12,980001,,0.8654351128472222,0.2722222222222222,0.9777777777777777,101.38684907278237,93.50865970709062,2217.286053871295,2494.5626893496806,0.8888475977524259,47.057666209284534,-3.6558426996534963,86,443.10277777777776,1.1709221470236018,0.3820476473678417,0,0,0.0,12.0,30.555555555555557,0.14170695719841736,
null,null56,N1_linear_rr,NULL,BOTH,grid_em12,em12,980002,,0.6513726128472221,0.2,0.8111111111111111,81.40035299613709,72.97515101426865,2354.032451205202,1577.2392900793072,1.4925017820769833,59.87966760181381,-2.1640301010331013,111,333.50277777777774,1.0284761444378907,0.2412893585773156,0,0,0.0,9.0,0.0,0.14036717968693146,
null,null56,N1_linear_rr,NULL,BOTH,grid_ma12,ma12,980004,,0.7490505642361112,0.2222222222222222,1.0,89.89355200111561,94.4226980834736,2728.5698159053422,2280.842449620031,1.1962991202482656,54.46886124113359,-2.2310077911019106,122,383.5138888888889,1.0999802403603929,0.31715820731534045,0,0,1.0,9.0,56.94444444444441,0.14119448065470244,
null,null56,N1_linear_rr,NULL,BOTH,grid_em12,em12,980000,,0.7609157986111112,0.3888888888888889,0.8972222222222223,47.30089323626218,42.495738061320196,1028.0805754793378,932.6608112344851,1.1023091815325161,52.43325725899974,-1.5969138567601906,79,389.58888888888896,1.1034303705880628,0.32029360627688014,0,0,0.0,1.0,5.555555555555536,0.1407444325616861,
null,null56,N1_linear_rr,NULL,BOTH,grid_em12,em12,980003,,0.7223524305555555,0.6166666666666667,0.8416666666666667,46.07666747097807,31.846506038313667,1372.0165309728548,635.746552148981,2.1581187130863686,68.33557915805137,-0.011195100131836553,77,369.84444444444443,1.0701536318632443,0.2948039546944114,0,0,0.0,0.0,0.0,0.14040451346586297,
null,null56,N1_linear_rr,NULL,BOTH,grid_em12,em12,980004,,0.7610677083333333,0.6111111111111112,0.9333333333333333,60.340006861851045,46.88076025828425,2455.630496130928,1270.3697563331832,1.9330045318607878,65.90526918260268,-0.00863034829936188,103,389.66666666666663,1.099809678709923,0.3168180701052411,0,0,0.0,0.0,0.0,0.1411944174469731,
model,phase_reset,phase_reset:tau=1.2,CHAOTIC,TEST,grid_mix24,mix24,980000,,0.8003038194444445,0.65,0.9972222222222222,77.14657393588008,109.67998215343553,680.4531355998758,2236.783361911686,0.304210567365058,23.3252647216059,-0.053717885519553005,55,409.7555555555556,1.1372925434584986,0.3415709481672926,0,0,0.0,0.0,0.0,0.036029061210109285,
model,phase_reset,phase_reset:tau=1.2,CHAOTIC,TEST,grid_mix24,mix24,980001,,0.8002604166666667,0.6555555555555556,1.0083333333333333,70.74414335438765,105.57071794603957,529.8934772417368,2033.2467757311629,0.2606144436408538,20.673604443889925,-0.39706372618006397,55,409.73333333333335,1.1561187167336455,0.35611176475093065,0,0,0.0,0.0,0.0,0.036230797476292306,
model,phase_reset,phase_reset:tau=1.2,CHAOTIC,TEST,grid_mix24,mix24,980002,,0.8002278645833334,0.6583333333333333,1.0083333333333333,68.89777816513451,106.36384999123565,398.3137886635815,1944.1461124808777,0.20487852538783874,17.004081413260337,-0.5522862124817386,54,409.7166666666667,1.1585454656979313,0.3521782338181836,0,0,0.0,0.0,0.0,0.03617922089276073,
model,phase_reset,phase_reset:tau=1.2,CHAOTIC,TEST,grid_mix24,mix24,980003,,0.8002278645833334,0.6583333333333333,1.0055555555555555,66.98510536703493,105.30090246946034,231.27437742552456,1697.147353006953,0.13627242031504208,11.992935662141592,-0.7336843867561791,51,409.7166666666667,1.161244244496193,0.35200934786847715,0,0,0.0,0.0,0.0,0.036279374479153796,
model,phase_reset,phase_reset:tau=1.2,CHAOTIC,TEST,grid_mix24,mix24,980004,,0.7997124565972223,0.6583333333333333,1.0055555555555555,66.87218196571204,103.27908804448565,312.53143029878373,1704.2367832055527,0.1833849811121513,15.496645980736137,-0.7286790483161522,48,409.45277777777784,1.1630810698234553,0.3667500147202897,0,0,0.0,0.0,0.0,0.03607640881397065,
model,phase_reset,phase_reset:tau=1.2,CHAOTIC,TEST,grid_mix12,mix12,980000,,0.8002983940972224,0.6472222222222223,0.9972222222222222,77.17115535478692,109.79701005348365,681.7695072105189,2250.025786722546,0.30300519719980834,23.25433527440829,-0.032335460896971126,64,409.75277777777785,1.1383730513335553,0.3433023498415928,0,0,0.0,0.0,2.777777777777768,0.1434203543215975,
model,phase_reset,phase_reset:tau=1.2,CHAOTIC,TEST,grid_mix12,mix12,980001,,0.8002658420138888,0.65,1.0138888888888888,70.7969307893381,105.59796186433785,528.8262237460802,2041.130899131413,0.2590849141380977,20.577239170199523,-0.3920638329502394,59,409.7361111111111,1.15592764929151,0.35667911871881536,0,0,0.0,0.0,0.0,0.14423507883520975,
model,phase_reset,phase_reset:tau=1.2,CHAOTIC,TEST,grid_mix12,mix12,980002,,0.7986273871527778,0.28888888888888886,1.011111111111111,73.33512701715533,109.74783363469805,462.7075283675417,2026.5986509994334,0.22831729811887214,18.587811021511513,-1.1379782139168566,65,408.89722222222224,1.1596467714775478,0.35575543451351266,0,0,0.0,1.0,2.777777777777768,0.14400424521727673,
model,phase_reset,phase_reset:tau=1.2,CHAOTIC,TEST,grid_mix12,mix12,980003,,0.8002278645833334,0.6555555555555556,1.0027777777777778,66.94654714703144,105.41541491922493,231.82023419846104,1681.7769058736133,0.13784244116376426,12.114369808774363,-0.7316272202682739,57,409.7166666666667,1.1609764694908251,0.35603664430006654,0,0,0.0,0.0,2.777777777777768,0.14442731254349367,
model,phase_reset,phase_reset:tau=1.2,CHAOTIC,TEST,grid_mix12,mix12,980004,,0.7997124565972222,0.6555555555555556,1.0083333333333333,66.877601004377,103.28976044525682,312.78851113767956,1696.8705971351524,0.18433256588084224,15.564257134460005,-0.7127780069212154,57,409.4527777777778,1.1621250189416474,0.36250113517098664,0,0,0.0,0.0,2.777777777777768,0.14362958223827496,
model,phase_reset,phase_reset:tau=1.2,CHAOTIC,TEST,grid_mix6,mix6,980000,,0.7615071614583334,0.21944444444444444,2.425,162.29203848070634,200.83009315666652,6531.432568164475,9871.843128952652,0.661622402508479,39.817855218469404,0.89459157704419,120,389.8916666666667,1.1396863591711994,0.343373467284828,0,0,4.0,28.0,47.222222222222165,0.2861848206251186,
model,phase_reset,phase_reset:tau=1.2,CHAOTIC,TEST,grid_mix6,mix6,980001,,0.7322211371527778,0.20277777777777778,2.361111111111111,187.84320541548018,221.26878117626467,7309.980381096057,10168.736359544015,0.7188681191675472,41.822180023659826,0.17712055939748925,153,374.89722222222224,1.1544959518148048,0.3604381759945929,0,0,9.0,60.0,58.33333333333335,0.28782797707757907,
model,phase_reset,phase_reset:tau=1.2,CHAOTIC,TEST,grid_mix6,mix6,980002,,0.7876627604166666,0.21944444444444444,1.1,98.4223171370334,131.3988760881918,1038.6849492817803,2882.527953029028,0.36033820528619875,26.488869009628967,-1.9065875932948622,87,403.2833333333333,1.160227262383032,0.35611973331599645,0,0,2.0,10.0,5.555555555555536,0.28730585779569257,
model,phase_reset,phase_reset:tau=1.2,CHAOTIC,TEST,grid_mix6,mix6,980003,,0.7125542534722222,0.2,1.0666666666666667,181.45713006573897,210.40988729994694,2780.451225037591,9473.339226790906,0.29350276164231365,22.690540008562785,-1.1986702032658494,138,364.8277777777778,1.1638322093150504,0.3727606742523625,0,0,6.0,73.0,83.33333333333331,0.2881211258525469,
model,phase_reset,phase_reset:tau=1.2,CHAOTIC,TEST,grid_mix6,mix6,980004,,0.746652560763889,0.2,1.0,157.32851926395193,176.68535992486852,2279.239447132471,6669.154527088296,0.34175837999776715,25.470933149553787,-1.8899447905556477,126,382.28611111111115,1.160003560352533,0.35059352528708815,0,0,3.0,37.0,36.11111111111109,0.2865841272176692,
model,phase_reset,phase_reset:tau=1.2,CHAOTIC,TEST,grid_bw12,bw12,980000,,0.8003092447916669,0.3111111111111111,1.6083333333333334,87.35085017308579,123.04276933135309,1793.145246679971,3252.0979674184528,0.5513810668205015,35.54130436505434,1.137582315827003,66,409.75833333333344,1.1390852486532723,0.3455667720670078,0,0,1.0,1.0,2.777777777777768,0.14342481129060744,
model,phase_reset,phase_reset:tau=1.2,CHAOTIC,TEST,grid_bw12,bw12,980001,,0.8002549913194444,0.6555555555555556,1.0083333333333333,70.74747145739461,105.54546992935687,532.0743251928466,2035.8646071426044,0.26135054527993806,20.71989791084882,-0.3908966996106012,54,409.73055555555555,1.1549202551781805,0.35755542576738303,0,0,0.0,0.0,0.0,0.1442585365334799,
model,phase_reset,phase_reset:tau=1.2,CHAOTIC,TEST,grid_bw12,bw12,980002,,0.8002278645833334,0.6555555555555556,1.0083333333333333,68.87673522395434,106.27849502144171,398.6167759440021,1941.8565060611456,0.20527612349305605,17.03146021827244,-0.55587417228375,54,409.7166666666667,1.159449577435638,0.35093912801593696,0,0,0.0,0.0,0.0,0.14404199535707823,
model,phase_reset,phase_reset:tau=1.2,CHAOTIC,TEST,grid_bw12,bw12,980003,,0.8031250000000001,0.6527777777777778,2.6,104.49363412135502,156.68422847352798,6165.74800143134,7747.802230171259,0.795806064514769,44.31469969057029,9.724251030582671,55,411.20000000000005,1.162578398008482,0.352074412934895,0,0,3.0,1.0,2.777777777777768,0.1444567601522793,
model,phase_reset,phase_reset:tau=1.2,CHAOTIC,TEST,grid_bw12,bw12,980004,,0.7997124565972222,0.6583333333333333,1.0055555555555555,66.86902065701914,103.40095097278505,311.5368228926439,1693.3742987712865,0.18397398798286665,15.538684958467936,-0.7296724643400174,54,409.4527777777778,1.1623197586160527,0.3623761759303555,0,0,0.0,0.0,0.0,0.1436220285866744,
model,phase_reset,phase_reset:tau=1.2,CHAOTIC,TEST,grid_ma12,ma12,980002,,0.7908691406249999,0.2,1.0027777777777778,94.1965264568434,127.31790668789752,727.8708656713145,2724.5911129721953,0.26714866029101025,21.082661305869003,-2.3411192224516237,72,404.92499999999995,1.15948891069143,0.3538019441183901,0,0,0.0,6.0,5.555555555555536,0.1440081016065893,
model,phase_reset,phase_reset:tau=1.2,CHAOTIC,TEST,grid_ma12,ma12,980003,,0.8002278645833334,0.6527777777777778,1.0055555555555555,66.70658127428857,104.80501297344853,236.73472781177134,1692.4381803993588,0.13987791728730078,12.271306879966973,-0.6907719976663645,56,409.7166666666667,1.161692941015031,0.34868582367423795,0,0,0.0,0.0,2.777777777777768,0.14443447259225678,
model,phase_reset,phase_reset:tau=1.2,CHAOTIC,TEST,grid_ma12,ma12,980000,,0.7822265625,0.2,1.163888888888889,121.59328872926423,148.78177606054183,1191.8997191584685,4358.143126897443,0.27348797055386764,21.47550482435431,-1.9428645418414134,102,400.5,1.138859630420038,0.3420298680803844,0,0,3.0,15.0,5.555555555555536,0.1434305706313887,
model,phase_reset,phase_reset:tau=1.2,CHAOTIC,TEST,grid_ma12,ma12,980001,,0.7954752604166667,0.2861111111111111,1.0138888888888888,81.11673790113943,113.83504685631145,696.3559521070142,2462.175237490935,0.2828214423992955,22.046828424564442,-1.293668497364981,78,407.28333333333336,1.1563652404699676,0.36003644310978294,0,0,1.0,5.0,11.111111111111072,0.1442173539836957,
model,phase_reset,phase_reset:tau=1.2,CHAOTIC,TEST,grid_ma12,ma12,980004,,0.7685818142361112,0.2111111111111111,1.0833333333333333,132.0764364834005,160.22005430577138,1331.0956534937554,4517.251922801484,0.29466934238820225,22.760200828162237,-2.1062766265262987,102,393.5138888888889,1.1613904894758569,0.36252838415836763,0,0,3.0,25.0,8.333333333333304,0.14363755258653793,
model,phase_reset,phase_reset:tau=1.2,CHAOTIC,TEST,grid_em12,em12,980000,,0.8003038194444446,0.6472222222222223,0.9972222222222222,76.83316072260148,108.91502275681205,683.0371730086994,2229.2413469495486,0.3063989343026292,23.45370363197582,-0.035056454302983535,63,409.75555555555565,1.1387665302048913,0.34789669819056046,0,0,0.0,0.0,0.0,0.14342883736133225,
model,phase_reset,phase_reset:tau=1.2,CHAOTIC,TEST,grid_em12,em12,980001,,0.7970703124999999,0.3472222222222222,1.0083333333333333,78.30622869917582,109.80443618536916,576.7010631291225,2174.008791274118,0.2652708054557297,20.965535939966898,-1.1878402391589629,60,408.09999999999997,1.1569407461509913,0.3521933188786277,0,0,0.0,2.0,0.0,0.14426884983899563,
model,phase_reset,phase_reset:tau=1.2,CHAOTIC,TEST,grid_em12,em12,980002,,0.7783582899305557,0.24444444444444444,1.0083333333333333,115.83827700092576,143.45142420442934,1046.523236243836,3555.634693852646,0.2943281091427011,22.73983753143161,-2.1219683203029347,87,398.5194444444445,1.1581701150987398,0.3479166086014528,0,0,0.0,17.0,2.777777777777768,0.14403786710375752,
ktz,ktz,"ktz:P=92,in=none",CHAOTIC,TEST,grid_mix24,mix24,980000,,0.8000000000000003,0.7972222222222223,0.8027777777777778,0.4915266168931191,0.8513490737313253,0.00596727244766978,0.08845559487417999,0.0674606558935891,6.3197323031186246,-1.3566071049484882e-12,3,409.60000000000014,1.1189393407974633,0.29380591424717484,0,0,0.0,0.0,0.0,0.03541385894719824,34.75299037809822
ktz,ktz,"ktz:P=92,in=none",CHAOTIC,TEST,grid_mix24,mix24,980001,,0.8000000000000002,0.7972222222222223,0.8027777777777778,0.6019947031923061,1.0426854118164204,0.006761590280581521,0.1499556172094778,0.045090610184585746,4.314516822289864,-5.540107845745408e-13,3,409.6000000000001,1.1239147395394895,0.284202187748667,0,0,0.0,0.0,0.0,0.03540958563688725,35.470904835433885
ktz,ktz,"ktz:P=92,in=none",CHAOTIC,TEST,grid_mix24,mix24,980002,,0.8000000000000003,0.7972222222222223,0.8027777777777778,0.5763660475620448,1.0281016808300036,0.005082274120420185,0.07746481388511946,0.06560751734274108,6.15681817883039,-1.156918426352514e-12,3,409.60000000000014,1.1238269109071068,0.2910294609770566,0,0,0.0,0.0,0.0,0.03541505670294262,36.41867090861422
ktz,ktz,"ktz:P=92,in=none",CHAOTIC,TEST,grid_mix24,mix24,980003,,0.8000000000000003,0.7972222222222223,0.8027777777777778,0.34756180393880676,0.5763660475620448,0.0038910641060978437,0.05712969822257896,0.06810930614298268,6.376623230531539,-1.9185321666298526e-12,3,409.60000000000014,1.123964874194177,0.2862970769096152,0,0,0.0,0.0,0.0,0.03540895353670058,34.83230978332205
model,phase_reset,phase_reset:tau=1.2,CHAOTIC,TEST,grid_em12,em12,980003,,0.7986328125000001,0.35555555555555557,1.0055555555555555,71.49748103344587,108.12091339206606,287.341446130406,1869.1730696181965,0.15372650655035347,13.324345560023259,-1.217571261729155,54,408.90000000000003,1.1607499048727945,0.3476019610774439,0,0,0.0,1.0,2.777777777777768,0.14445619862685233,
model,phase_reset,phase_reset:tau=1.2,CHAOTIC,TEST,grid_em12,em12,980004,,0.7997178819444446,0.6555555555555556,1.0055555555555555,66.75660730480766,103.11630689516946,312.6569201295826,1689.8419817554293,0.18502139460684403,15.61333790671592,-0.726048356363855,55,409.45555555555563,1.1612526550071458,0.35207414435208173,0,0,0.0,0.0,0.0,0.14363587641172137,
ktz,ktz,"ktz:P=92,in=none",CHAOTIC,TEST,grid_mix24,mix24,980004,,0.8000000000000002,0.7972222222222223,0.8055555555555556,0.7372899253396787,1.3004571910681129,0.006429028271484903,0.15800858539563328,0.04068784145739574,3.9097066225368646,0.6285393610542566,4,409.6000000000001,1.118426220110788,0.29626957101363116,0,0,0.0,0.0,0.0,0.03541289896459963,35.94632089595104
ktz,ktz,"ktz:P=92,in=none",CHAOTIC,TEST,grid_mix12,mix12,980000,,0.7984429253472224,0.35,0.8194444444444444,25.23000757467745,25.960040043510443,0.3245935529257122,3.558654126509635,0.09121244756766428,8.358816632909454,-15.91288088332695,14,408.80277777777786,1.1235071904542084,0.2913355851110104,0,0,0.0,1.0,2.777777777777768,0.14099081567498786,34.75299037809822
ktz,ktz,"ktz:P=92,in=none",CHAOTIC,TEST,grid_mix12,mix12,980003,,0.8000000000000002,0.75,0.85,3.6411142565707166,6.288611975153008,0.05097733029106394,1.2179882453380801,0.04185371286314346,4.01723508266091,-0.026092426054069993,8,409.6000000000001,1.1239764086358002,0.2859498055612266,0,0,0.0,0.0,0.0,0.14096677898585752,34.83230978332205
ktz,ktz,"ktz:P=92,in=none",CHAOTIC,TEST,grid_mix12,mix12,980004,,0.8015570746527778,0.7916666666666666,1.5916666666666666,35.0762282317482,49.453416025581696,634.8198391954081,977.7383458052778,0.6492737468249364,39.36725168122464,22.387983312277083,9,410.39722222222224,1.121803992764181,0.28519935545521113,0,0,1.0,0.0,0.0,0.14097962570350997,35.94632089595104
ktz,ktz,"ktz:P=92,in=none",CHAOTIC,TEST,grid_mix6,mix6,980000,,0.7566460503472223,0.2,2.4,152.69646830161403,171.13192888219524,8717.596896369529,10559.395233953088,0.8255772895344072,45.222806739941504,0.6034047686401617,77,387.4027777777778,1.122907277228242,0.29086238037796375,0,0,3.0,38.0,2.777777777777768,0.2813001624570077,34.75299037809822
ktz,ktz,"ktz:P=92,in=none",CHAOTIC,TEST,grid_mix6,mix6,980001,,0.7921929253472222,0.20833333333333334,1.8305555555555555,79.51616898657277,101.91809142310959,945.6670067025195,2377.6600976086183,0.3977301077027974,28.455429664921237,0.7497203002139492,29,405.60277777777776,1.1214918157362292,0.29872393347407705,0,0,2.0,7.0,2.777777777777768,0.2812552702316947,35.470904835433885
ktz,ktz,"ktz:P=92,in=none",CHAOTIC,TEST,grid_mix12,mix12,980001,,0.7984320746527779,0.3611111111111111,0.8083333333333333,25.15501007765416,25.55790709280801,0.5103148191813804,2.17539023009679,0.2345854146631315,19.00114903974792,-16.011452702854665,9,408.7972222222223,1.122281447871597,0.2839121732729149,0,0,0.0,1.0,0.0,0.14096706193666025,35.470904835433885
ktz,ktz,"ktz:P=92,in=none",CHAOTIC,TEST,grid_mix12,mix12,980002,,0.8,0.6555555555555556,0.9444444444444444,9.534222762595375,16.563061322183092,2.03039232351385,31.54357537011762,0.06436785620178348,6.047519739226377,-0.004069298325094696,13,409.6,1.1187962395860342,0.299868560203041,0,0,0.0,0.0,0.0,0.14097523847701787,36.41867090861422
ktz,ktz,"ktz:P=92,in=none",CHAOTIC,TEST,grid_mix6,mix6,980002,,0.7671983506944444,0.2,2.036111111111111,139.45325877628167,163.8512935013445,3964.8576273148374,7906.4762568712,0.5014696178805494,33.39858575283167,-0.14206298544210477,80,392.80555555555554,1.1199900984329472,0.2975778744763561,0,0,6.0,28.0,2.777777777777768,0.28129425594327256,36.41867090861422
ktz,ktz,"ktz:P=92,in=none",CHAOTIC,TEST,grid_mix6,mix6,980003,,0.7765625,0.2111111111111111,0.9361111111111111,97.48504530505475,106.16534020912255,799.0953598996504,2617.2242851469496,0.3053216968964444,23.390532588432613,-4.058116926053071,52,397.6,1.1234909344555724,0.2867298423568824,0,0,1.0,17.0,2.777777777777768,0.2812641157749475,34.83230978332205
ktz,ktz,"ktz:P=92,in=none",CHAOTIC,TEST,grid_mix6,mix6,980004,,0.7843641493055556,0.20555555555555555,1.8555555555555556,98.43376540008398,122.16531666626274,2331.254144951634,4119.958738240461,0.5658440516196186,36.13667983311252,-0.6057436498204547,47,401.5944444444445,1.1228355115191166,0.28700497025001304,0,0,4.0,14.0,2.777777777777768,0.2812819602029639,35.94632089595104
ktz,ktz,"ktz:P=92,in=none",CHAOTIC,TEST,grid_bw12,bw12,980000,,0.8031250000000001,0.7944444444444444,2.4,70.72605167642283,100.13045355301901,3736.4564837118496,3620.728709516889,1.031962564301152,50.78649491045482,22.54630438173823,6,411.20000000000005,1.123627944226003,0.28500635161684384,0,0,2.0,0.0,0.0,0.14098760464183632,34.75299037809822
ktz,ktz,"ktz:P=92,in=none",CHAOTIC,TEST,grid_bw12,bw12,980001,,0.8000000000000003,0.7944444444444444,0.8055555555555556,1.4949198439408582,2.5951022756943085,0.043985934707276644,0.6152794747793648,0.07148935810519229,6.67196156120609,0.22621162133886527,5,409.60000000000014,1.1208538893367028,0.2869028262943713,0,0,0.0,0.0,0.0,0.14096657737440274,35.470904835433885
ktz,ktz,"ktz:P=92,in=none",CHAOTIC,TEST,grid_bw12,bw12,980002,,0.7984320746527779,0.33611111111111114,0.8055555555555556,25.332068083086213,26.078139096667496,66.27190734383034,181.11790558167152,0.3659047797123865,26.788454447712944,-16.418514275189104,7,408.7972222222223,1.1221432732913843,0.2958378209154727,0,0,0.0,1.0,0.0,0.14097999692202062,36.41867090861422
ktz,ktz,"ktz:P=92,in=none",CHAOTIC,TEST,grid_ma12,ma12,980000,,0.7937391493055557,0.2638888888888889,0.9027777777777778,51.137225457854306,54.41437747815769,217.35911419060628,585.3106437260833,0.37135684532729446,27.079519571630144,-8.037576001842199,23,406.3944444444445,1.121652759391654,0.29195380485590616,0,0,0.0,4.0,0.0,0.14099209174867203,34.75299037809822
ktz,ktz,"ktz:P=92,in=none",CHAOTIC,TEST,grid_ma12,ma12,980001,,0.7953179253472223,0.25,0.9805555555555555,47.15236206027209,54.72443105553859,264.7649914237011,670.0503880965371,0.39514191190283326,28.322703843360237,-8.971043543667264,23,407.20277777777784,1.1201268528252801,0.29569888307021286,0,0,1.0,4.0,0.0,0.1409704882572802,35.470904835433885
ktz,ktz,"ktz:P=92,in=none",CHAOTIC,TEST,grid_bw12,bw12,980003,,0.8031304253472223,0.7916666666666666,2.397222222222222,70.62400566285275,99.91132426452458,5620.37699316012,5449.824448948938,1.0312950528606615,50.77032267706724,22.525913302410906,8,411.20277777777784,1.121237562479116,0.2870858728990413,0,0,2.0,0.0,0.0,0.14096725489147255,34.83230978332205
ktz,ktz,"ktz:P=92,in=none",CHAOTIC,TEST,grid_bw12,bw12,980004,,0.8000000000000002,0.7944444444444444,0.8055555555555556,1.4745798506793624,2.565844268826015,0.03902521727067455,0.652135764576152,0.05984216690835617,5.646328177611628,-0.07856742013210172,5,409.6000000000001,1.1230543666198196,0.29329900071305814,0,0,0.0,0.0,0.0,0.140970706836442,35.94632089595104
ktz,ktz,"ktz:P=92,in=none",CHAOTIC,TEST,grid_ma12,ma12,980002,,0.8,0.75,0.9,7.60279033093242,13.547667547671022,0.7404548945101361,17.61944105270237,0.0420248799207265,4.033001584753293,3.5780969315968805,14,409.6,1.1195727281307752,0.29859202332494017,0,0,0.0,0.0,0.0,0.14098144032432078,36.41867090861422
ktz,ktz,"ktz:P=92,in=none",CHAOTIC,TEST,grid_ma12,ma12,980003,,0.7968750000000001,0.20833333333333334,0.8444444444444444,38.70518534409305,44.98190332436066,233.9669315976381,590.0413273180484,0.3965263461478242,28.393760507390482,-13.453246573395628,15,408.00000000000006,1.118783495335325,0.29741663846353467,0,0,0.0,2.0,0.0,0.1409697747529159,34.83230978332205
ktz,ktz,"ktz:P=92,in=none",CHAOTIC,TEST,grid_em12,em12,980001,,0.7937500000000002,0.33055555555555555,0.8055555555555556,50.115230462621966,51.3480662123433,242.30726936378557,550.6420163353429,0.44004500596667073,30.557725914356276,-7.999026311622312,12,406.4000000000001,1.1216184837152063,0.29185345583136774,0,0,0.0,4.0,0.0,0.14096848904226705,35.470904835433885
ktz,ktz,"ktz:P=92,in=none",CHAOTIC,TEST,grid_em12,em12,980002,,0.7968750000000002,0.3416666666666667,0.8361111111111111,35.594554199509034,36.40616575962898,157.7489628534066,339.59978677323994,0.46451431654973296,31.717977168300266,-11.346046382663292,11,408.0000000000001,1.1186710602160321,0.3003739646186103,0,0,0.0,2.0,0.0,0.14098015950341894,36.41867090861422
ktz,ktz,"ktz:P=92,in=none",CHAOTIC,TEST,grid_ma12,ma12,980004,,0.7984375000000001,0.30833333333333335,0.8083333333333333,25.962657378804025,27.71655571240876,51.22659373786801,129.06683482653392,0.39689974428145425,28.412901205420003,-16.676888998489165,9,408.80000000000007,1.1183703956139466,0.29517686199958226,0,0,0.0,1.0,2.777777777777768,0.14097920365146518,35.94632089595104
ktz,ktz,"ktz:P=92,in=none",CHAOTIC,TEST,grid_em12,em12,980000,,0.7765625,0.21388888888888888,0.9277777777777778,100.85821964115826,102.06909991401123,184.38915715453447,1314.6179540929002,0.14026064118511516,12.30075266294705,-4.197746524906559,38,397.6,1.1209951421477897,0.3049107616532875,0,0,0.0,16.0,0.0,0.14099133570921765,34.75299037809822
ktz,ktz,"ktz:P=92,in=none",CHAOTIC,TEST,grid_em12,em12,980003,,0.7679524739583334,0.20833333333333334,0.8388888888888889,112.49245281110905,110.56160324192659,735.0344746296462,2024.7960342679899,0.36301655188463366,26.633319410735925,-3.434504131605999,43,393.1916666666667,1.1187003161648623,0.29312241487718804,0,0,0.0,27.0,0.0,0.1409689164540288,34.83230978332205
ktz,ktz,"ktz:P=92,in=none",CHAOTIC,TEST,grid_em12,em12,980004,,0.7656250000000001,0.20277777777777778,0.8333333333333334,115.66982679342989,119.83424968170443,1007.0489070112488,2331.3415229335546,0.4319611250024266,30.165701949603875,-3.250726198006745,47,392.00000000000006,1.1186313475371148,0.2953083128338435,0,0,0.0,27.0,0.0,0.14097322853366978,35.94632089595104
