family,p_aggregate,p_tau,k,lam,se,lam_half,converged,conv,p_H,p_rho,p_omega
phase_reset,A,0.3,1,-0.6762690636229683,1.5968476531606296e-05,-0.6762771108125306,True,"{""12500"": -0.6762883312995341, ""25000"": -0.6763051059165301, ""50000"": -0.6762729171582815, ""100000"": -0.6762771108125306, ""200000"": -0.6762690636229683}",,,
phase_reset,A,0.32,0,-1.9488627020334113,3.9755131050054775e-05,-1.9488758404486533,True,"{""12500"": -1.9490088660052436, ""25000"": -1.9489444884887464, ""50000"": -1.9488919348277778, ""100000"": -1.9488758404486533, ""200000"": -1.9488627020334113}",,,
phase_reset,A,0.3,0,-0.6762711604500928,1.5626225400538833e-05,-0.6762652100876552,True,"{""12500"": -0.6763218805335262, ""25000"": -0.6762575030170288, ""50000"": -0.6762813044667794, ""100000"": -0.6762652100876552, ""200000"": -0.6762711604500928}",,,
phase_reset,A,0.3,2,-0.6762631132605308,1.5256281848631532e-05,-0.6762610164334062,True,"{""12500"": -0.6761931255005315, ""25000"": -0.6762407284000328, ""50000"": -0.6762491157085307, ""100000"": -0.6762610164334062, ""200000"": -0.6762631132605308}",,,
phase_reset,A,0.32,2,-1.9488546548438488,4.1015030442822463e-05,-1.948833469239045,True,"{""12500"": -1.948880110972249, ""25000"": -1.9487750036503115, ""50000"": -1.948859746069529, ""100000"": -1.948833469239045, ""200000"": -1.9488546548438488}",,,
phase_reset,A,0.34,0,-0.5572870219415544,1.725301491278285e-05,-0.5572792868259628,True,"{""12500"": -0.5573288182592184, ""25000"": -0.5572644407427211, ""50000"": -0.5572953812050871, ""100000"": -0.5572792868259628, ""200000"": -0.5572870219415544}",,,
phase_reset,A,0.32,1,-1.9488415164286066,3.925216292045707e-05,-1.948849563618169,True,"{""12500"": -1.9486698963283742, ""25000"": -1.948839381166809, ""50000"": -1.9488071924085602, ""100000"": -1.948849563618169, ""200000"": -1.9488415164286066}",,,
phase_reset,A,0.34,1,-0.5572867098675839,1.7305521897084148e-05,-0.5572947570571459,True,"{""12500"": -0.5573238250756882, ""25000"": -0.5573263216674533, ""50000"": -0.5572941329092046, ""100000"": -0.5572947570571459, ""200000"": -0.5572867098675839}",,,
phase_reset,A,0.36,1,-0.28948946486826094,2.2419833253137326e-05,-0.2894975120578231,True,"{""12500"": -0.2895667500648152, ""25000"": -0.2895371106658205, ""50000"": -0.28950492190757177, ""100000"": -0.2894975120578231, ""200000"": -0.28948946486826094}",,,
phase_reset,A,0.34,2,-0.5572789747519923,1.6602982589812495e-05,-0.5572786626780216,True,"{""12500"": -0.5572000632262237, ""25000"": -0.557261944150956, ""50000"": -0.5572631924468385, ""100000"": -0.5572786626780216, ""200000"": -0.5572789747519923}",,,
phase_reset,A,0.36,0,-0.28948575994338716,2.3014656744209414e-05,-0.2894740078289506,True,"{""12500"": -0.2895074712668263, ""25000"": -0.2894430937503289, ""50000"": -0.289490102208075, ""100000"": -0.2894740078289506, ""200000"": -0.28948575994338716}",,,
phase_reset,A,0.36,2,-0.2894777127538244,2.1996547573840302e-05,-0.2894814176786987,True,"{""12500"": -0.289378716233831, ""25000"": -0.2894727331493231, ""50000"": -0.2894579134498257, ""100000"": -0.2894814176786987, ""200000"": -0.2894777127538244}",,,
phase_reset,A,0.38,0,-0.04537551331368245,3.1837828744296875e-18,-0.04537551331368245,True,"{""12500"": -0.04537551331368244, ""25000"": -0.04537551331368245, ""50000"": -0.04537551331368244, ""100000"": -0.04537551331368245, ""200000"": -0.04537551331368245}",,,
phase_reset,A,0.38,2,-0.04537551331368245,3.1837828744296875e-18,-0.04537551331368245,True,"{""12500"": -0.04537551331368244, ""25000"": -0.04537551331368245, ""50000"": -0.04537551331368245, ""100000"": -0.04537551331368245, ""200000"": -0.04537551331368245}",,,
phase_reset,A,0.38,1,-0.04537551331368246,3.1837828744296875e-18,-0.04537551331368245,True,"{""12500"": -0.04537551331368244, ""25000"": -0.04537551331368245, ""50000"": -0.04537551331368245, ""100000"": -0.04537551331368245, ""200000"": -0.04537551331368246}",,,
phase_reset,A,0.4,0,-0.08645920197991519,5.796332635252959e-05,-0.08646895601215503,True,"{""12500"": -0.08633860162350504, ""25000"": -0.08633860162350504, ""50000"": -0.08642659891695516, ""100000"": -0.08646895601215503, ""200000"": -0.08645920197991519}",,,
phase_reset,A,0.4,1,-0.08644915227104823,5.7849992412011586e-05,-0.08645286163303072,True,"{""12500"": -0.08633860162350504, ""25000"": -0.08633860162350504, ""50000"": -0.08639441015870647, ""100000"": -0.08645286163303072, ""200000"": -0.08644915227104823}",,,
phase_reset,A,0.4,2,-0.03499761757935534,3.576574135914202e-05,-0.035012384911323934,True,"{""12500"": -0.03504524162420312, ""25000"": -0.03497129393849416, ""50000"": -0.03502320127760928, ""100000"": -0.035012384911323934, ""200000"": -0.03499761757935534}",,,
phase_reset,A,0.42,0,-0.8047189562170503,2.54702629954375e-17,-0.80471895621705,True,"{""12500"": -0.8047189562170498, ""25000"": -0.80471895621705, ""50000"": -0.80471895621705, ""100000"": -0.80471895621705, ""200000"": -0.8047189562170503}",,,
phase_reset,A,0.42,1,-0.8047189562170503,2.54702629954375e-17,-0.80471895621705,True,"{""12500"": -0.8047189562170498, ""25000"": -0.80471895621705, ""50000"": -0.80471895621705, ""100000"": -0.80471895621705, ""200000"": -0.8047189562170503}",,,
phase_reset,A,0.42,2,-0.8047189562170503,2.54702629954375e-17,-0.80471895621705,True,"{""12500"": -0.8047189562170498, ""25000"": -0.80471895621705, ""50000"": -0.80471895621705, ""100000"": -0.80471895621705, ""200000"": -0.8047189562170503}",,,
phase_reset,A,0.44,1,-0.8047189562170503,2.54702629954375e-17,-0.80471895621705,True,"{""12500"": -0.8047189562170498, ""25000"": -0.80471895621705, ""50000"": -0.80471895621705, ""100000"": -0.80471895621705, ""200000"": -0.8047189562170503}",,,
phase_reset,A,0.44,0,-0.8047189562170503,2.54702629954375e-17,-0.80471895621705,True,"{""12500"": -0.8047189562170498, ""25000"": -0.80471895621705, ""50000"": -0.80471895621705, ""100000"": -0.80471895621705, ""200000"": -0.8047189562170503}",,,
phase_reset,A,0.44,2,-0.8047189562170503,2.54702629954375e-17,-0.80471895621705,True,"{""12500"": -0.8047189562170498, ""25000"": -0.80471895621705, ""50000"": -0.80471895621705, ""100000"": -0.80471895621705, ""200000"": -0.8047189562170503}",,,
phase_reset,A,0.46,1,-0.8047189562170503,2.54702629954375e-17,-0.80471895621705,True,"{""12500"": -0.8047189562170498, ""25000"": -0.80471895621705, ""50000"": -0.80471895621705, ""100000"": -0.80471895621705, ""200000"": -0.8047189562170503}",,,
phase_reset,A,0.46,2,-0.8047189562170503,2.54702629954375e-17,-0.80471895621705,True,"{""12500"": -0.8047189562170498, ""25000"": -0.80471895621705, ""50000"": -0.80471895621705, ""100000"": -0.80471895621705, ""200000"": -0.8047189562170503}",,,
phase_reset,A,0.46,0,-0.8047189562170503,2.54702629954375e-17,-0.80471895621705,True,"{""12500"": -0.8047189562170498, ""25000"": -0.80471895621705, ""50000"": -0.80471895621705, ""100000"": -0.80471895621705, ""200000"": -0.8047189562170503}",,,
phase_reset,A,0.48,0,-0.8048389652184631,2.54702629954375e-17,-0.8048389652184634,True,"{""12500"": -0.8048389652184631, ""25000"": -0.8048389652184631, ""50000"": -0.8048389652184633, ""100000"": -0.8048389652184634, ""200000"": -0.8048389652184631}",,,
phase_reset,A,0.48,1,-0.8048389652184631,2.54702629954375e-17,-0.8048389652184634,True,"{""12500"": -0.8048389652184631, ""25000"": -0.8048389652184631, ""50000"": -0.8048389652184633, ""100000"": -0.8048389652184634, ""200000"": -0.8048389652184631}",,,
phase_reset,A,0.48,2,-0.8048389652184631,2.54702629954375e-17,-0.8048389652184634,True,"{""12500"": -0.8048389652184631, ""25000"": -0.8048389652184631, ""50000"": -0.8048389652184633, ""100000"": -0.8048389652184634, ""200000"": -0.8048389652184631}",,,
phase_reset,A,0.5,0,-0.8124361939032135,2.54702629954375e-17,-0.8124361939032135,True,"{""12500"": -0.8124361939032135, ""25000"": -0.8124361939032135, ""50000"": -0.8124361939032135, ""100000"": -0.8124361939032135, ""200000"": -0.8124361939032135}",,,
phase_reset,A,0.5,1,-0.8124361939032135,0.0,-0.8124361939032135,True,"{""12500"": -0.8124361939032138, ""25000"": -0.8124361939032138, ""50000"": -0.8124361939032135, ""100000"": -0.8124361939032135, ""200000"": -0.8124361939032135}",,,
phase_reset,A,0.5,2,-0.8124361939032134,0.0,-0.8124361939032134,True,"{""12500"": -0.8124361939032134, ""25000"": -0.8124361939032134, ""50000"": -0.8124361939032134, ""100000"": -0.8124361939032134, ""200000"": -0.8124361939032134}",,,
phase_reset,A,0.52,0,-2.7283944444082944,0.0,-2.7283944444082944,True,"{""12500"": -2.728394444408294, ""25000"": -2.7283944444082935, ""50000"": -2.7283944444082944, ""100000"": -2.7283944444082944, ""200000"": -2.7283944444082944}",,,
phase_reset,A,0.52,1,-2.7283944444082944,0.0,-2.7283944444082944,True,"{""12500"": -2.728394444408294, ""25000"": -2.7283944444082935, ""50000"": -2.7283944444082944, ""100000"": -2.7283944444082944, ""200000"": -2.7283944444082944}",,,
phase_reset,A,0.52,2,-2.7283944444082944,0.0,-2.7283944444082944,True,"{""12500"": -2.728394444408294, ""25000"": -2.7283944444082935, ""50000"": -2.7283944444082944, ""100000"": -2.7283944444082944, ""200000"": -2.7283944444082944}",,,
phase_reset,A,0.54,0,-0.19680565413911827,6.367565748859375e-18,-0.19680565413911824,True,"{""12500"": -0.19680565413911819, ""25000"": -0.19680565413911819, ""50000"": -0.19680565413911819, ""100000"": -0.19680565413911824, ""200000"": -0.19680565413911827}",,,
phase_reset,A,0.54,1,-0.19680565413911827,6.367565748859375e-18,-0.19680565413911824,True,"{""12500"": -0.19680565413911819, ""25000"": -0.19680565413911819, ""50000"": -0.19680565413911819, ""100000"": -0.19680565413911824, ""200000"": -0.19680565413911827}",,,
phase_reset,A,0.54,2,-0.19680565413911827,6.367565748859375e-18,-0.19680565413911824,True,"{""12500"": -0.19680565413911819, ""25000"": -0.19680565413911819, ""50000"": -0.19680565413911819, ""100000"": -0.19680565413911824, ""200000"": -0.19680565413911827}",,,
phase_reset,A,0.56,0,-0.6785469221316611,2.54702629954375e-17,-0.6785469221316615,True,"{""12500"": -0.6785469221316612, ""25000"": -0.6785469221316612, ""50000"": -0.6785469221316612, ""100000"": -0.6785469221316615, ""200000"": -0.6785469221316611}",,,
phase_reset,A,0.56,1,-0.6785469221316611,2.54702629954375e-17,-0.6785469221316615,True,"{""12500"": -0.6785469221316612, ""25000"": -0.6785469221316612, ""50000"": -0.6785469221316612, ""100000"": -0.6785469221316615, ""200000"": -0.6785469221316611}",,,
phase_reset,A,0.56,2,-0.6785469221316611,2.54702629954375e-17,-0.6785469221316615,True,"{""12500"": -0.6785469221316612, ""25000"": -0.6785469221316612, ""50000"": -0.6785469221316612, ""100000"": -0.6785469221316615, ""200000"": -0.6785469221316611}",,,
phase_reset,A,0.58,0,0.08089267721145423,0.0002976203231584815,0.08028294533177893,True,"{""12500"": 0.0787940537645338, ""25000"": 0.07894256037385035, ""50000"": 0.07977392290926102, ""100000"": 0.08028294533177893, ""200000"": 0.08089267721145423}",,,
phase_reset,A,0.58,1,0.08083981788813205,0.00037869761818457585,0.08017696273096467,True,"{""12500"": 0.08008091544089428, ""25000"": 0.07980092490354848, ""50000"": 0.08005752640949187, ""100000"": 0.08017696273096467, ""200000"": 0.08083981788813205}",,,
phase_reset,A,0.58,2,0.08127983873412746,0.00025109243655687655,0.08131295089281791,True,"{""12500"": 0.08226556101355523, ""25000"": 0.08215489605117399, ""50000"": 0.0810041100470472, ""100000"": 0.08131295089281791, ""200000"": 0.08127983873412746}",,,
phase_reset,A,0.6,0,0.15728260354384938,0.0012665391485770958,0.15682648880304448,True,"{""12500"": 0.1667830857490361, ""25000"": 0.16070196872379852, ""50000"": 0.1589359859273366, ""100000"": 0.15682648880304448, ""200000"": 0.15728260354384938}",,,
phase_reset,A,0.6,1,0.15858229707229576,0.001247033129048521,0.15678160994444357,True,"{""12500"": 0.1568448907221538, ""25000"": 0.15907069293528794, ""50000"": 0.15626290187982106, ""100000"": 0.15678160994444357, ""200000"": 0.15858229707229576}",,,
phase_reset,A,0.6,2,0.15784914998702498,0.000993635627798733,0.15700220064497392,True,"{""12500"": 0.15235595765620263, ""25000"": 0.15672752829527836, ""50000"": 0.15493297112296164, ""100000"": 0.15700220064497392, ""200000"": 0.15784914998702498}",,,
phase_reset,A,0.62,0,-0.7254318499096766,1.5198262387241423e-05,-0.7254370628654592,True,"{""12500"": -0.7254862570263841, ""25000"": -0.7254635831561492, ""50000"": -0.7254427313330178, ""100000"": -0.7254370628654592, ""200000"": -0.7254318499096766}",,,
phase_reset,A,0.62,1,-0.7254290156758972,1.5647150194926908e-05,-0.7254209684863349,True,"{""12500"": -0.7254409092859144, ""25000"": -0.7253992056396519, ""50000"": -0.7254313943979004, ""100000"": -0.7254209684863349, ""200000"": -0.7254290156758972}",,,
phase_reset,A,0.62,2,-0.7254238027201143,1.4964453010376213e-05,-0.7254266369538936,True,"{""12500"": -0.7253575019933894, ""25000"": -0.7254218795098868, ""50000"": -0.7254105425747692, ""100000"": -0.7254266369538936, ""200000"": -0.7254238027201143}",,,
phase_reset,A,0.64,0,-1.153100816751076,1.8329782152878086e-05,-1.1530996147044312,True,"{""12500"": -1.1531872988799219, ""25000"": -1.153113304990266, ""50000"": -1.153118113176845, ""100000"": -1.1530996147044312, ""200000"": -1.153100816751076}",,,
phase_reset,A,0.64,1,-1.1530915675148687,1.8955382193122406e-05,-1.1530835203253067,True,"{""12500"": -1.1530393111006103, ""25000"": -1.1530489274737685, ""50000"": -1.1530811162320171, ""100000"": -1.1530835203253067, ""200000"": -1.1530915675148687}",,,
phase_reset,A,0.64,2,-1.1530927695615185,1.9156367007521505e-05,-1.1531020187977252,True,"{""12500"": -1.1530585438469314, ""25000"": -1.1531229213634289, ""50000"": -1.153085924418601, ""100000"": -1.1531020187977252, ""200000"": -1.1530927695615185}",,,
phase_reset,A,0.66,0,-0.8530944888623755,1.486795922868286e-05,-0.8530977868881487,True,"{""12500"": -0.8531584706291312, ""25000"": -0.8531204773188191, ""50000"": -0.8531072852157265, ""100000"": -0.8530977868881487, ""200000"": -0.8530944888623755}",,,
phase_reset,A,0.66,1,-0.8530897396985864,1.552117402951168e-05,-0.8530816925090241,True,"{""12500"": -0.8530824840085072, ""25000"": -0.8530560998023219, ""50000"": -0.8530882885605705, ""100000"": -0.8530816925090241, ""200000"": -0.8530897396985864}",,,
phase_reset,A,0.66,2,-0.8530864416728132,1.5011944542070024e-05,-0.8530911908366022,True,"{""12500"": -0.8530297155961365, ""25000"": -0.8530940931126338, ""50000"": -0.8530750964574778, ""100000"": -0.8530911908366022, ""200000"": -0.8530864416728132}",,,
phase_reset,A,0.68,0,-0.5240664618583606,1.7833932504624865e-05,-0.5240746952798617,True,"{""12500"": -0.524105766646476, ""25000"": -0.5241072565019886, ""50000"": -0.5240743228159837, ""100000"": -0.5240746952798617, ""200000"": -0.5240664618583606}",,,
phase_reset,A,0.68,1,-0.5240666480902997,1.7802587089693653e-05,-0.5240586009007374,True,"{""12500"": -0.5241087463575013, ""25000"": -0.5240428789854913, ""50000"": -0.5240750677437399, ""100000"": -0.5240586009007374, ""200000"": -0.5240666480902997}",,,
phase_reset,A,0.68,2,-0.5240584146687984,1.7119782327740465e-05,-0.5240582284368592,True,"{""12500"": -0.5239770116134812, ""25000"": -0.5240413891299786, ""50000"": -0.5240421340577349, ""100000"": -0.5240582284368592, ""200000"": -0.5240584146687984}",,,
phase_reset,A,0.7,0,-0.34662407434445314,2.1614850732306345e-05,-0.34663496938845895,True,"{""12500"": -0.3466500710200455, ""25000"": -0.34667285385559504, ""50000"": -0.3466292736795716, ""100000"": -0.34663496938845895, ""200000"": -0.34662407434445314}",,,
phase_reset,A,0.7,1,-0.3466269221988968,2.1150115842831298e-05,-0.3466188750093346,True,"{""12500"": -0.3466956366911444, ""25000"": -0.34660847633909764, ""50000"": -0.34664066509734626, ""100000"": -0.3466188750093346, ""200000"": -0.3466269221988968}",,,
phase_reset,A,0.7,2,-0.3466160271548909,2.0650846431892923e-05,-0.3466131793004472,True,"{""12500"": -0.34652131598705077, ""25000"": -0.3465856935035482, ""50000"": -0.3465970849213229, ""100000"": -0.3466131793004472, ""200000"": -0.3466160271548909}",,,
phase_reset,A,0.72,0,-0.08008143698768946,3.1837828744296875e-18,-0.08008143698768948,True,"{""12500"": -0.0800290970986332, ""25000"": -0.08008143698768949, ""50000"": -0.08008143698768949, ""100000"": -0.08008143698768948, ""200000"": -0.08008143698768946}",,,
phase_reset,A,0.72,2,-0.08008143698768946,3.1837828744296875e-18,-0.08008143698768948,True,"{""12500"": -0.0800290970986332, ""25000"": -0.08008143698768949, ""50000"": -0.08008143698768949, ""100000"": -0.08008143698768948, ""200000"": -0.08008143698768946}",,,
phase_reset,A,0.72,1,-0.08008143698768946,3.1837828744296875e-18,-0.08008143698768948,True,"{""12500"": -0.0799961141816836, ""25000"": -0.08008143698768949, ""50000"": -0.08008143698768949, ""100000"": -0.08008143698768948, ""200000"": -0.08008143698768946}",,,
phase_reset,A,0.74,0,-0.19231539452222612,1.273513149771875e-17,-0.192315394522226,True,"{""12500"": -0.19230814540567137, ""25000"": -0.192315394522226, ""50000"": -0.192315394522226, ""100000"": -0.192315394522226, ""200000"": -0.19231539452222612}",,,
phase_reset,A,0.74,1,-0.19231539452222612,1.273513149771875e-17,-0.192315394522226,True,"{""12500"": -0.19226098933125868, ""25000"": -0.192315394522226, ""50000"": -0.192315394522226, ""100000"": -0.192315394522226, ""200000"": -0.19231539452222612}",,,
phase_reset,A,0.74,2,-0.19231539452222612,1.273513149771875e-17,-0.192315394522226,True,"{""12500"": -0.19230814540567137, ""25000"": -0.192315394522226, ""50000"": -0.192315394522226, ""100000"": -0.192315394522226, ""200000"": -0.19231539452222612}",,,
phase_reset,A,0.76,0,-0.09659985646461446,0.0,-0.09659985646461444,True,"{""12500"": -0.09659985646461446, ""25000"": -0.09659985646461446, ""50000"": -0.09659985646461444, ""100000"": -0.09659985646461444, ""200000"": -0.09659985646461446}",,,
phase_reset,A,0.76,1,-0.09659985646461444,0.0,-0.09659985646461444,True,"{""12500"": -0.09659985646461446, ""25000"": -0.09659985646461444, ""50000"": -0.09659985646461444, ""100000"": -0.09659985646461444, ""200000"": -0.09659985646461444}",,,
phase_reset,A,0.76,2,-0.09659985646461446,0.0,-0.09659985646461444,True,"{""12500"": -0.09659985646461446, ""25000"": -0.09659985646461446, ""50000"": -0.09659985646461446, ""100000"": -0.09659985646461444, ""200000"": -0.09659985646461446}",,,
phase_reset,A,0.78,0,-0.06659314141864972,2.425735533276126e-05,-0.06660434396135083,True,"{""12500"": -0.06653974288269784, ""25000"": -0.06662727188226385, ""50000"": -0.06658246171145933, ""100000"": -0.06660434396135083, ""200000"": -0.06659314141864972}",,,
phase_reset,A,0.78,1,-0.06659288000089433,2.4213355635847553e-05,-0.06658193887594857,True,"{""12500"": -0.0665355601986118, ""25000"": -0.06653765154065482, ""50000"": -0.06658141604043782, ""100000"": -0.06658193887594857, ""200000"": -0.06659288000089433}",,,
phase_reset,A,0.78,2,-0.06659603535403329,3.61842919456342e-05,-0.06661485515094606,True,"{""12500"": -0.06658604584883512, ""25000"": -0.06666931664064478, ""50000"": -0.06659403745299367, ""100000"": -0.06661485515094606, ""200000"": -0.06659603535403329}",,,
phase_reset,A,0.8,0,-0.13686334260626543,6.841117966010928e-05,-0.1368691193108583,True,"{""12500"": -0.13654228449991182, ""25000"": -0.1368222378033662, ""50000"": -0.13679913098499472, ""100000"": -0.1368691193108583, ""200000"": -0.13686334260626543}",,,
phase_reset,A,0.8,1,-0.13687789094541644,6.878113933110334e-05,-0.13691190845527357,True,"{""12500"": -0.13677505792632794, ""25000"": -0.13699339438102723, ""50000"": -0.13685732434159875, ""100000"": -0.13691190845527357, ""200000"": -0.13687789094541644}",,,
phase_reset,A,0.8,2,-0.05409590749824512,1.97846982905002e-05,-0.05408786030868294,True,"{""12500"": -0.05426600926730543, ""25000"": -0.05404552854681183, ""50000"": -0.05413360448450479, ""100000"": -0.05408786030868294, ""200000"": -0.05409590749824512}",,,
phase_reset,A,0.82,0,-1.6094379124341005,5.0940525990875e-17,-1.6094379124341,True,"{""12500"": -1.6094379124340996, ""25000"": -1.6094379124341, ""50000"": -1.6094379124341, ""100000"": -1.6094379124341, ""200000"": -1.6094379124341005}",,,
phase_reset,A,0.82,1,-1.6094379124341005,5.0940525990875e-17,-1.6094379124341,True,"{""12500"": -1.6094379124340996, ""25000"": -1.6094379124341, ""50000"": -1.6094379124341, ""100000"": -1.6094379124341, ""200000"": -1.6094379124341005}",,,
phase_reset,A,0.82,2,-1.6094379124341005,5.0940525990875e-17,-1.6094379124341,True,"{""12500"": -1.6094379124340996, ""25000"": -1.6094379124341, ""50000"": -1.6094379124341, ""100000"": -1.6094379124341, ""200000"": -1.6094379124341005}",,,
phase_reset,A,0.84,0,-1.6094379124341005,5.0940525990875e-17,-1.6094379124341,True,"{""12500"": -1.6094379124340996, ""25000"": -1.6094379124341, ""50000"": -1.6094379124341, ""100000"": -1.6094379124341, ""200000"": -1.6094379124341005}",,,
phase_reset,A,0.84,1,-1.6094379124341005,5.0940525990875e-17,-1.6094379124341,True,"{""12500"": -1.6094379124340996, ""25000"": -1.6094379124341, ""50000"": -1.6094379124341, ""100000"": -1.6094379124341, ""200000"": -1.6094379124341005}",,,
phase_reset,A,0.84,2,-1.6094379124341005,5.0940525990875e-17,-1.6094379124341,True,"{""12500"": -1.6094379124340996, ""25000"": -1.6094379124341, ""50000"": -1.6094379124341, ""100000"": -1.6094379124341, ""200000"": -1.6094379124341005}",,,
phase_reset,A,0.86,0,-1.6094379124341005,5.0940525990875e-17,-1.6094379124341,True,"{""12500"": -1.6094379124340996, ""25000"": -1.6094379124341, ""50000"": -1.6094379124341, ""100000"": -1.6094379124341, ""200000"": -1.6094379124341005}",,,
phase_reset,A,0.86,1,-1.6094379124341005,5.0940525990875e-17,-1.6094379124341,True,"{""12500"": -1.6094379124340996, ""25000"": -1.6094379124341, ""50000"": -1.6094379124341, ""100000"": -1.6094379124341, ""200000"": -1.6094379124341005}",,,
phase_reset,A,0.86,2,-1.6094379124341005,5.0940525990875e-17,-1.6094379124341,True,"{""12500"": -1.6094379124340996, ""25000"": -1.6094379124341, ""50000"": -1.6094379124341, ""100000"": -1.6094379124341, ""200000"": -1.6094379124341005}",,,
phase_reset,A,0.88,0,-1.6094379124341005,5.0940525990875e-17,-1.6094379124341,True,"{""12500"": -1.6094379124340996, ""25000"": -1.6094379124341, ""50000"": -1.6094379124341, ""100000"": -1.6094379124341, ""200000"": -1.6094379124341005}",,,
phase_reset,A,0.88,1,-1.6094379124341005,5.0940525990875e-17,-1.6094379124341,True,"{""12500"": -1.6094379124340996, ""25000"": -1.6094379124341, ""50000"": -1.6094379124341, ""100000"": -1.6094379124341, ""200000"": -1.6094379124341005}",,,
phase_reset,A,0.88,2,-1.6094379124341005,5.0940525990875e-17,-1.6094379124341,True,"{""12500"": -1.6094379124340996, ""25000"": -1.6094379124341, ""50000"": -1.6094379124341, ""100000"": -1.6094379124341, ""200000"": -1.6094379124341005}",,,
phase_reset,A,0.9,0,-1.6094379124341005,5.0940525990875e-17,-1.6094379124341,True,"{""12500"": -1.6094379124340996, ""25000"": -1.6094379124341, ""50000"": -1.6094379124341, ""100000"": -1.6094379124341, ""200000"": -1.6094379124341005}",,,
phase_reset,A,0.9,1,-1.6094379124341005,5.0940525990875e-17,-1.6094379124341,True,"{""12500"": -1.6094379124340996, ""25000"": -1.6094379124341, ""50000"": -1.6094379124341, ""100000"": -1.6094379124341, ""200000"": -1.6094379124341005}",,,
phase_reset,A,0.92,0,-1.6094379124341005,5.0940525990875e-17,-1.6094379124341,True,"{""12500"": -1.6094379124340996, ""25000"": -1.6094379124341, ""50000"": -1.6094379124341, ""100000"": -1.6094379124341, ""200000"": -1.6094379124341005}",,,
phase_reset,A,0.9,2,-1.6094379124341005,5.0940525990875e-17,-1.6094379124341,True,"{""12500"": -1.6094379124340996, ""25000"": -1.6094379124341, ""50000"": -1.6094379124341, ""100000"": -1.6094379124341, ""200000"": -1.6094379124341005}",,,
phase_reset,A,0.92,1,-1.6094379124341005,5.0940525990875e-17,-1.6094379124341,True,"{""12500"": -1.6094379124340996, ""25000"": -1.6094379124341, ""50000"": -1.6094379124341, ""100000"": -1.6094379124341, ""200000"": -1.6094379124341005}",,,
phase_reset,A,0.92,2,-1.6094379124341005,5.0940525990875e-17,-1.6094379124341,True,"{""12500"": -1.6094379124340996, ""25000"": -1.6094379124341, ""50000"": -1.6094379124341, ""100000"": -1.6094379124341, ""200000"": -1.6094379124341005}",,,
phase_reset,A,0.94,0,-1.6094379124341005,5.0940525990875e-17,-1.6094379124341,True,"{""12500"": -1.6094379124340996, ""25000"": -1.6094379124341, ""50000"": -1.6094379124341, ""100000"": -1.6094379124341, ""200000"": -1.6094379124341005}",,,
phase_reset,A,0.94,1,-1.6094379124341005,5.0940525990875e-17,-1.6094379124341,True,"{""12500"": -1.6094379124340996, ""25000"": -1.6094379124341, ""50000"": -1.6094379124341, ""100000"": -1.6094379124341, ""200000"": -1.6094379124341005}",,,
phase_reset,A,0.94,2,-1.6094379124341005,5.0940525990875e-17,-1.6094379124341,True,"{""12500"": -1.6094379124340996, ""25000"": -1.6094379124341, ""50000"": -1.6094379124341, ""100000"": -1.6094379124341, ""200000"": -1.6094379124341005}",,,
phase_reset,A,0.96,1,-1.6094379124341005,5.0940525990875e-17,-1.6094379124341,True,"{""12500"": -1.6094379124340996, ""25000"": -1.6094379124341, ""50000"": -1.6094379124341, ""100000"": -1.6094379124341, ""200000"": -1.6094379124341005}",,,
phase_reset,A,0.96,0,-1.6094379124341005,5.0940525990875e-17,-1.6094379124341,True,"{""12500"": -1.6094379124340996, ""25000"": -1.6094379124341, ""50000"": -1.6094379124341, ""100000"": -1.6094379124341, ""200000"": -1.6094379124341005}",,,
phase_reset,A,0.96,2,-1.6094379124341005,5.0940525990875e-17,-1.6094379124341,True,"{""12500"": -1.6094379124340996, ""25000"": -1.6094379124341, ""50000"": -1.6094379124341, ""100000"": -1.6094379124341, ""200000"": -1.6094379124341005}",,,
phase_reset,A,0.98,0,-1.6094379124341005,5.0940525990875e-17,-1.6094379124341,True,"{""12500"": -1.6094379124340996, ""25000"": -1.6094379124341, ""50000"": -1.6094379124341, ""100000"": -1.6094379124341, ""200000"": -1.6094379124341005}",,,
phase_reset,A,0.98,1,-1.6094379124341005,5.0940525990875e-17,-1.6094379124341,True,"{""12500"": -1.6094379124340996, ""25000"": -1.6094379124341, ""50000"": -1.6094379124341, ""100000"": -1.6094379124341, ""200000"": -1.6094379124341005}",,,
phase_reset,A,1.0,0,0.0,0.0,0.0,True,"{""12500"": 0.0, ""25000"": 0.0, ""50000"": 0.0, ""100000"": 0.0, ""200000"": 0.0}",,,
phase_reset,A,0.98,2,-1.6094379124341005,5.0940525990875e-17,-1.6094379124341,True,"{""12500"": -1.6094379124340996, ""25000"": -1.6094379124341, ""50000"": -1.6094379124341, ""100000"": -1.6094379124341, ""200000"": -1.6094379124341005}",,,
phase_reset,A,1.0,1,-2.027572234232834e-05,4.659110184181002e-06,-3.193174030014176e-05,False,"{""12500"": -8.630442989456117e-05, ""25000"": -6.668839482416794e-05, ""50000"": -4.770674306168939e-05, ""100000"": -3.193174030014176e-05, ""200000"": -2.027572234232834e-05}",,,
phase_reset,A,1.0,2,0.0,0.0,0.0,True,"{""12500"": 0.0, ""25000"": 0.0, ""50000"": 0.0, ""100000"": 0.0, ""200000"": 0.0}",,,
phase_reset,A,1.02,0,-0.8966504795096454,0.0,-0.8966504795096454,True,"{""12500"": -0.8966504795096454, ""25000"": -0.8966504795096454, ""50000"": -0.8966504795096454, ""100000"": -0.8966504795096454, ""200000"": -0.8966504795096454}",,,
phase_reset,A,1.02,1,-0.8966504795096454,0.0,-0.8966504795096454,True,"{""12500"": -0.8966504795096454, ""25000"": -0.8966504795096454, ""50000"": -0.8966504795096454, ""100000"": -0.8966504795096454, ""200000"": -0.8966504795096454}",,,
phase_reset,A,1.02,2,-0.8966504795096454,0.0,-0.8966504795096454,True,"{""12500"": -0.8966504795096454, ""25000"": -0.8966504795096454, ""50000"": -0.8966504795096454, ""100000"": -0.8966504795096454, ""200000"": -0.8966504795096454}",,,
phase_reset,A,1.04,0,-5.456788888816589,0.0,-5.456788888816589,True,"{""12500"": -5.456788888816588, ""25000"": -5.456788888816587, ""50000"": -5.456788888816589, ""100000"": -5.456788888816589, ""200000"": -5.456788888816589}",,,
phase_reset,A,1.04,1,-5.456788888816589,0.0,-5.456788888816589,True,"{""12500"": -5.456788888816588, ""25000"": -5.456788888816587, ""50000"": -5.456788888816589, ""100000"": -5.456788888816589, ""200000"": -5.456788888816589}",,,
phase_reset,A,1.04,2,-5.456788888816589,0.0,-5.456788888816589,True,"{""12500"": -5.456788888816588, ""25000"": -5.456788888816587, ""50000"": -5.456788888816589, ""100000"": -5.456788888816589, ""200000"": -5.456788888816589}",,,
phase_reset,A,1.06,0,-1.0509107726987554,5.0940525990875e-17,-1.050910772698755,True,"{""12500"": -1.0509107726987552, ""25000"": -1.0509107726987552, ""50000"": -1.050910772698755, ""100000"": -1.050910772698755, ""200000"": -1.0509107726987554}",,,
phase_reset,A,1.06,1,-1.0509107726987554,5.0940525990875e-17,-1.050910772698755,True,"{""12500"": -1.0509107726987552, ""25000"": -1.0509107726987552, ""50000"": -1.050910772698755, ""100000"": -1.050910772698755, ""200000"": -1.0509107726987554}",,,
phase_reset,A,1.06,2,-1.0509107726987554,5.0940525990875e-17,-1.050910772698755,True,"{""12500"": -1.0509107726987552, ""25000"": -1.0509107726987552, ""50000"": -1.050910772698755, ""100000"": -1.050910772698755, ""200000"": -1.0509107726987554}",,,
phase_reset,A,1.08,0,-0.39361130827823654,1.273513149771875e-17,-0.3936113082782365,True,"{""12500"": -0.39361130827823637, ""25000"": -0.39361130827823637, ""50000"": -0.39361130827823637, ""100000"": -0.3936113082782365, ""200000"": -0.39361130827823654}",,,
phase_reset,A,1.08,2,-0.39361130827823654,1.273513149771875e-17,-0.3936113082782365,True,"{""12500"": -0.39361130827823637, ""25000"": -0.39361130827823637, ""50000"": -0.39361130827823637, ""100000"": -0.3936113082782365, ""200000"": -0.39361130827823654}",,,
phase_reset,A,1.08,1,-0.39361130827823654,1.273513149771875e-17,-0.3936113082782365,True,"{""12500"": -0.39361130827823637, ""25000"": -0.39361130827823637, ""50000"": -0.39361130827823637, ""100000"": -0.3936113082782365, ""200000"": -0.39361130827823654}",,,
phase_reset,A,1.1,0,-0.020516224279327474,0.0,-0.020516224279327474,True,"{""12500"": -0.02051622427932748, ""25000"": -0.020516224279327474, ""50000"": -0.020516224279327474, ""100000"": -0.020516224279327474, ""200000"": -0.020516224279327474}",,,
phase_reset,A,1.1,1,-0.020516224279327474,0.0,-0.020516224279327474,True,"{""12500"": -0.02051622427932748, ""25000"": -0.020516224279327474, ""50000"": -0.020516224279327474, ""100000"": -0.020516224279327474, ""200000"": -0.020516224279327474}",,,
phase_reset,A,1.12,0,-1.3570938442633222,5.0940525990875e-17,-1.357093844263323,True,"{""12500"": -1.3570938442633225, ""25000"": -1.3570938442633225, ""50000"": -1.3570938442633225, ""100000"": -1.357093844263323, ""200000"": -1.3570938442633222}",,,
phase_reset,A,1.1,2,-0.020516224279327474,0.0,-0.020516224279327474,True,"{""12500"": -0.02051622427932748, ""25000"": -0.020516224279327474, ""50000"": -0.020516224279327474, ""100000"": -0.020516224279327474, ""200000"": -0.020516224279327474}",,,
phase_reset,A,1.12,1,-1.3570938442633222,5.0940525990875e-17,-1.357093844263323,True,"{""12500"": -1.3570938442633225, ""25000"": -1.3570938442633225, ""50000"": -1.3570938442633225, ""100000"": -1.357093844263323, ""200000"": -1.3570938442633222}",,,
phase_reset,A,1.12,2,-1.3570938442633222,5.0940525990875e-17,-1.357093844263323,True,"{""12500"": -1.3570938442633225, ""25000"": -1.3570938442633225, ""50000"": -1.3570938442633225, ""100000"": -1.357093844263323, ""200000"": -1.3570938442633222}",,,
phase_reset,A,1.14,0,0.035416157528677765,0.0002504826770313179,0.03543864744427768,True,"{""12500"": 0.03437202162311085, ""25000"": 0.036949479098106947, ""50000"": 0.03585618912296546, ""100000"": 0.03543864744427768, ""200000"": 0.035416157528677765}",,,
phase_reset,A,1.14,1,0.03535651484019011,0.00029820619094569466,0.03564665423835234,True,"{""12500"": 0.03637255869122568, ""25000"": 0.03607742145091942, ""50000"": 0.03575223760580835, ""100000"": 0.03564665423835234, ""200000"": 0.03535651484019011}",,,
phase_reset,A,1.14,2,0.03536198715227577,0.00040623363520797995,0.035993296947759115,True,"{""12500"": 0.038050003377408166, ""25000"": 0.035746739618264516, ""50000"": 0.03625960442923153, ""100000"": 0.035993296947759115, ""200000"": 0.03536198715227577}",,,
phase_reset,A,1.16,0,0.18543978072633074,0.0007860029949929446,0.18558737342481246,True,"{""12500"": 0.18728196522165128, ""25000"": 0.1858170717419091, ""50000"": 0.18500156071518836, ""100000"": 0.18558737342481246, ""200000"": 0.18543978072633074}",,,
phase_reset,A,1.16,1,0.18382091328518949,0.0008281735775350086,0.1836585933034667,True,"{""12500"": 0.18109060069540284, ""25000"": 0.18216023838163758, ""50000"": 0.18429693819680507, ""100000"": 0.1836585933034667, ""200000"": 0.18382091328518949}",,,
phase_reset,A,1.16,2,0.18528465468553743,0.0008878590766901993,0.18479448077746166,True,"{""12500"": 0.18316223712329097, ""25000"": 0.18570401160332334, ""50000"": 0.18444326834444538, ""100000"": 0.18479448077746166, ""200000"": 0.18528465468553743}",,,
phase_reset,A,1.18,0,-0.2087523273086653,6.367565748859375e-18,-0.20875232730866528,True,"{""12500"": -0.2087523273086653, ""25000"": -0.20875232730866533, ""50000"": -0.2087523273086653, ""100000"": -0.20875232730866528, ""200000"": -0.2087523273086653}",,,
phase_reset,A,1.18,1,-0.20875232730866533,6.367565748859375e-18,-0.2087523273086653,True,"{""12500"": -0.20875232730866533, ""25000"": -0.20875232730866533, ""50000"": -0.2087523273086653, ""100000"": -0.2087523273086653, ""200000"": -0.20875232730866533}",,,
phase_reset,A,1.18,2,-0.20875232730866533,6.367565748859375e-18,-0.2087523273086653,True,"{""12500"": -0.20875232730866533, ""25000"": -0.2087523273086653, ""50000"": -0.20875232730866528, ""100000"": -0.2087523273086653, ""200000"": -0.20875232730866533}",,,
phase_reset,A,1.2,0,0.1371498456023919,0.0013833106312456248,0.13530237348500754,True,"{""12500"": 0.13489275489627342, ""25000"": 0.13398626909107622, ""50000"": 0.1336345624582058, ""100000"": 0.13530237348500754, ""200000"": 0.1371498456023919}",,,
phase_reset,A,1.2,1,0.1382364662718989,0.0014287810056671161,0.1386300595973565,True,"{""12500"": 0.13627761926201923, ""25000"": 0.14054478840586349, ""50000"": 0.13985369664084915, ""100000"": 0.1386300595973565, ""200000"": 0.1382364662718989}",,,
phase_reset,A,1.2,2,0.13820240256425426,0.0012400841376597306,0.13848114735609576,True,"{""12500"": 0.14311664161707835, ""25000"": 0.139848271393586, ""50000"": 0.13728451500834857, ""100000"": 0.13848114735609576, ""200000"": 0.13820240256425426}",,,
phase_reset,A,1.22,1,-1.4616397183263221,5.0940525990875e-17,-1.4616397183263221,True,"{""12500"": -1.4616397183263221, ""25000"": -1.4616397183263221, ""50000"": -1.4616397183263221, ""100000"": -1.4616397183263221, ""200000"": -1.4616397183263221}",,,
phase_reset,A,1.22,0,-1.4616397183263221,5.0940525990875e-17,-1.4616397183263221,True,"{""12500"": -1.4616397183263221, ""25000"": -1.4616397183263221, ""50000"": -1.4616397183263221, ""100000"": -1.4616397183263221, ""200000"": -1.4616397183263221}",,,
phase_reset,A,1.22,2,-1.4616397183263221,5.0940525990875e-17,-1.4616397183263221,True,"{""12500"": -1.4616397183263221, ""25000"": -1.4616397183263221, ""50000"": -1.4616397183263221, ""100000"": -1.4616397183263221, ""200000"": -1.4616397183263221}",,,
phase_reset,A,1.24,0,-0.3100002913395381,1.273513149771875e-17,-0.31000029133953827,True,"{""12500"": -0.3100002913395382, ""25000"": -0.3100002913395382, ""50000"": -0.3100002913395382, ""100000"": -0.31000029133953827, ""200000"": -0.3100002913395381}",,,
phase_reset,A,1.24,2,-0.3100002913395381,1.273513149771875e-17,-0.31000029133953827,True,"{""12500"": -0.3100002913395382, ""25000"": -0.3100002913395382, ""50000"": -0.3100002913395382, ""100000"": -0.31000029133953827, ""200000"": -0.3100002913395381}",,,
phase_reset,A,1.24,1,-0.3100002913395381,1.273513149771875e-17,-0.31000029133953827,True,"{""12500"": -0.3100002913395382, ""25000"": -0.3100002913395382, ""50000"": -0.3100002913395382, ""100000"": -0.31000029133953827, ""200000"": -0.3100002913395381}",,,
phase_reset,A,1.26,1,-0.008087770862017315,0.0,-0.008087770862017313,True,"{""12500"": -0.008087770862017313, ""25000"": -0.008087770862017313, ""50000"": -0.008087770862017313, ""100000"": -0.008087770862017313, ""200000"": -0.008087770862017315}",,,
phase_reset,A,1.26,0,-0.008087770862017316,0.0,-0.008087770862017316,True,"{""12500"": -0.008087770862017315, ""25000"": -0.008087770862017315, ""50000"": -0.008087770862017313, ""100000"": -0.008087770862017316, ""200000"": -0.008087770862017316}",,,
phase_reset,A,1.26,2,-0.008087770862017315,0.0,-0.008087770862017313,True,"{""12500"": -0.008087770862017313, ""25000"": -0.008087770862017313, ""50000"": -0.008087770862017313, ""100000"": -0.008087770862017313, ""200000"": -0.008087770862017315}",,,
phase_reset,A,1.28,0,-0.5540437473899243,1.6650877808405728e-05,-0.5540434838441217,True,"{""12500"": -0.5539645932233171, ""25000"": -0.5540268623733917, ""50000"": -0.5540279165566031, ""100000"": -0.5540434838441217, ""200000"": -0.5540437473899243}",,,
phase_reset,A,1.28,1,-0.5540515310336838,1.73517745615062e-05,-0.554059578223246,True,"{""12500"": -0.5540891315234662, ""25000"": -0.5540912398898891, ""50000"": -0.5540590511316403, ""100000"": -0.554059578223246, ""200000"": -0.5540515310336838}",,,
phase_reset,A,1.28,2,-0.5540437473899243,1.6650877808405728e-05,-0.5540434838441217,True,"{""12500"": -0.5539645932233171, ""25000"": -0.5540268623733917, ""50000"": -0.5540279165566031, ""100000"": -0.5540434838441217, ""200000"": -0.5540437473899243}",,,
phase_reset,A,1.3,0,-0.6762711604500917,1.56262254005468e-05,-0.6762652100876542,True,"{""12500"": -0.6763218805335252, ""25000"": -0.6762575030170278, ""50000"": -0.6762813044667784, ""100000"": -0.6762652100876542, ""200000"": -0.6762711604500917}",,,
phase_reset,A,1.3,1,-0.6762690636229683,1.5968476531606296e-05,-0.6762771108125306,True,"{""12500"": -0.6762883312995341, ""25000"": -0.6763051059165301, ""50000"": -0.6762729171582815, ""100000"": -0.6762771108125306, ""200000"": -0.6762690636229683}",,,
phase_reset,A,1.3,2,-0.6762631132605308,1.5256281848631532e-05,-0.6762610164334062,True,"{""12500"": -0.6761931255005315, ""25000"": -0.6762407284000328, ""50000"": -0.6762491157085307, ""100000"": -0.6762610164334062, ""200000"": -0.6762631132605308}",,,
phase_reset,A,1.32,0,-1.9488627020333134,3.975513105007283e-05,-1.9488758404485553,True,"{""12500"": -1.949008866005146, ""25000"": -1.9489444884886482, ""50000"": -1.9488919348276796, ""100000"": -1.9488758404485553, ""200000"": -1.9488627020333134}",,,
phase_reset,A,1.32,1,-1.948841516428509,3.925216292047619e-05,-1.948849563618071,True,"{""12500"": -1.9486698963282758, ""25000"": -1.9488393811667108, ""50000"": -1.9488071924084627, ""100000"": -1.948849563618071, ""200000"": -1.948841516428509}",,,
phase_reset,A,1.32,2,-1.948854654843751,4.101503044284206e-05,-1.9488334692389466,True,"{""12500"": -1.948880110972151, ""25000"": -1.9487750036502134, ""50000"": -1.9488597460694308, ""100000"": -1.9488334692389466, ""200000"": -1.948854654843751}",,,
phase_reset,A,1.34,1,-0.5572867098675827,1.7305521897091025e-05,-0.5572947570571448,True,"{""12500"": -0.5573238250756872, ""25000"": -0.5573263216674523, ""50000"": -0.5572941329092036, ""100000"": -0.5572947570571448, ""200000"": -0.5572867098675827}",,,
phase_reset,A,1.34,0,-0.5572870219415533,1.7253014912788793e-05,-0.5572792868259617,True,"{""12500"": -0.5573288182592173, ""25000"": -0.5572644407427201, ""50000"": -0.5572953812050863, ""100000"": -0.5572792868259617, ""200000"": -0.5572870219415533}",,,
phase_reset,A,1.34,2,-0.5572789747519911,1.660298258981871e-05,-0.5572786626780204,True,"{""12500"": -0.5572000632262226, ""25000"": -0.557261944150955, ""50000"": -0.5572631924468375, ""100000"": -0.5572786626780204, ""200000"": -0.5572789747519911}",,,
phase_reset,A,1.36,0,-0.28948575994338716,2.3014656744209414e-05,-0.2894740078289506,True,"{""12500"": -0.2895074712668263, ""25000"": -0.2894430937503289, ""50000"": -0.289490102208075, ""100000"": -0.2894740078289506, ""200000"": -0.28948575994338716}",,,
phase_reset,A,1.36,2,-0.28947771275382356,2.199654757383582e-05,-0.2894814176786979,True,"{""12500"": -0.2893787162338301, ""25000"": -0.2894727331493222, ""50000"": -0.2894579134498248, ""100000"": -0.2894814176786979, ""200000"": -0.28947771275382356}",,,
phase_reset,A,1.36,1,-0.28948946486826155,2.2419833253131543e-05,-0.2894975120578237,True,"{""12500"": -0.2895667500648158, ""25000"": -0.289537110665821, ""50000"": -0.2895049219075724, ""100000"": -0.2894975120578237, ""200000"": -0.28948946486826155}",,,
phase_reset,A,1.38,0,-0.045375513313683676,1.5918914372148438e-18,-0.045375513313683676,True,"{""12500"": -0.045375513313683676, ""25000"": -0.045375513313683676, ""50000"": -0.045375513313683676, ""100000"": -0.045375513313683676, ""200000"": -0.045375513313683676}",,,
phase_reset,A,1.38,1,-0.04537551331368369,1.5918914372148438e-18,-0.04537551331368369,True,"{""12500"": -0.045375513313683676, ""25000"": -0.04537551331368369, ""50000"": -0.04537551331368369, ""100000"": -0.04537551331368369, ""200000"": -0.04537551331368369}",,,
phase_reset,A,1.38,2,-0.04537551331368369,1.5918914372148438e-18,-0.04537551331368369,True,"{""12500"": -0.045375513313683676, ""25000"": -0.04537551331368369, ""50000"": -0.04537551331368369, ""100000"": -0.04537551331368369, ""200000"": -0.04537551331368369}",,,
phase_reset,A,1.4,0,-0.08645920197994789,5.7963326352533716e-05,-0.08646895601218772,True,"{""12500"": -0.08633860162353774, ""25000"": -0.08633860162353774, ""50000"": -0.08642659891698784, ""100000"": -0.08646895601218772, ""200000"": -0.08645920197994789}",,,
phase_reset,A,1.4,1,-0.0864491522710809,5.784999241201589e-05,-0.08645286163306339,True,"{""12500"": -0.08633860162353772, ""25000"": -0.08633860162353774, ""50000"": -0.08639441015873915, ""100000"": -0.08645286163306339, ""200000"": -0.0864491522710809}",,,
phase_reset,A,1.4,2,-0.03499761757935759,3.576574135914423e-05,-0.03501238491132619,True,"{""12500"": -0.03504524162420537, ""25000"": -0.0349712939384964, ""50000"": -0.03502320127761154, ""100000"": -0.03501238491132619, ""200000"": -0.03499761757935759}",,,
phase_reset,A,1.42,0,-0.8047189562170503,2.54702629954375e-17,-0.80471895621705,True,"{""12500"": -0.8047189562170498, ""25000"": -0.80471895621705, ""50000"": -0.80471895621705, ""100000"": -0.80471895621705, ""200000"": -0.8047189562170503}",,,
phase_reset,A,1.42,1,-0.8047189562170503,2.54702629954375e-17,-0.80471895621705,True,"{""12500"": -0.8047189562170498, ""25000"": -0.80471895621705, ""50000"": -0.80471895621705, ""100000"": -0.80471895621705, ""200000"": -0.8047189562170503}",,,
phase_reset,A,1.42,2,-0.8047189562170503,2.54702629954375e-17,-0.80471895621705,True,"{""12500"": -0.8047189562170498, ""25000"": -0.80471895621705, ""50000"": -0.80471895621705, ""100000"": -0.80471895621705, ""200000"": -0.8047189562170503}",,,
phase_reset,A,1.44,0,-0.8047189562170503,2.54702629954375e-17,-0.80471895621705,True,"{""12500"": -0.8047189562170498, ""25000"": -0.80471895621705, ""50000"": -0.80471895621705, ""100000"": -0.80471895621705, ""200000"": -0.8047189562170503}",,,
phase_reset,A,1.44,1,-0.8047189562170503,2.54702629954375e-17,-0.80471895621705,True,"{""12500"": -0.8047189562170498, ""25000"": -0.80471895621705, ""50000"": -0.80471895621705, ""100000"": -0.80471895621705, ""200000"": -0.8047189562170503}",,,
phase_reset,A,1.44,2,-0.8047189562170503,2.54702629954375e-17,-0.80471895621705,True,"{""12500"": -0.8047189562170498, ""25000"": -0.80471895621705, ""50000"": -0.80471895621705, ""100000"": -0.80471895621705, ""200000"": -0.8047189562170503}",,,
phase_reset,A,1.46,0,-0.8047189562170503,2.54702629954375e-17,-0.80471895621705,True,"{""12500"": -0.8047189562170498, ""25000"": -0.80471895621705, ""50000"": -0.80471895621705, ""100000"": -0.80471895621705, ""200000"": -0.8047189562170503}",,,
phase_reset,A,1.46,1,-0.8047189562170503,2.54702629954375e-17,-0.80471895621705,True,"{""12500"": -0.8047189562170498, ""25000"": -0.80471895621705, ""50000"": -0.80471895621705, ""100000"": -0.80471895621705, ""200000"": -0.8047189562170503}",,,
phase_reset,A,1.46,2,-0.8047189562170503,2.54702629954375e-17,-0.80471895621705,True,"{""12500"": -0.8047189562170498, ""25000"": -0.80471895621705, ""50000"": -0.80471895621705, ""100000"": -0.80471895621705, ""200000"": -0.8047189562170503}",,,
phase_reset,A,1.48,0,-0.8048389652184631,2.54702629954375e-17,-0.8048389652184634,True,"{""12500"": -0.8048389652184631, ""25000"": -0.8048389652184631, ""50000"": -0.8048389652184633, ""100000"": -0.8048389652184634, ""200000"": -0.8048389652184631}",,,
phase_reset,A,1.48,1,-0.8048389652184631,2.54702629954375e-17,-0.8048389652184634,True,"{""12500"": -0.8048389652184631, ""25000"": -0.8048389652184631, ""50000"": -0.8048389652184633, ""100000"": -0.8048389652184634, ""200000"": -0.8048389652184631}",,,
phase_reset,A,1.48,2,-0.8048389652184631,2.54702629954375e-17,-0.8048389652184634,True,"{""12500"": -0.8048389652184631, ""25000"": -0.8048389652184631, ""50000"": -0.8048389652184633, ""100000"": -0.8048389652184634, ""200000"": -0.8048389652184631}",,,
phase_reset,A,1.5,0,-0.8124361939032134,0.0,-0.8124361939032134,True,"{""12500"": -0.8124361939032134, ""25000"": -0.8124361939032134, ""50000"": -0.8124361939032134, ""100000"": -0.8124361939032134, ""200000"": -0.8124361939032134}",,,
phase_reset,A,1.5,1,-0.8124361939032134,0.0,-0.8124361939032134,True,"{""12500"": -0.8124361939032134, ""25000"": -0.8124361939032134, ""50000"": -0.8124361939032134, ""100000"": -0.8124361939032134, ""200000"": -0.8124361939032134}",,,
phase_reset,A,1.5,2,-0.8124361939032134,0.0,-0.8124361939032134,True,"{""12500"": -0.8124361939032134, ""25000"": -0.8124361939032134, ""50000"": -0.8124361939032134, ""100000"": -0.8124361939032134, ""200000"": -0.8124361939032134}",,,
phase_reset,A,1.52,0,-2.728394444408762,1.0188105198175e-16,-2.7283944444087607,True,"{""12500"": -2.7283944444087616, ""25000"": -2.7283944444087616, ""50000"": -2.7283944444087616, ""100000"": -2.7283944444087607, ""200000"": -2.728394444408762}",,,
phase_reset,A,1.52,1,-2.7283944444082944,0.0,-2.7283944444082944,True,"{""12500"": -2.728394444408294, ""25000"": -2.7283944444082935, ""50000"": -2.7283944444082944, ""100000"": -2.7283944444082944, ""200000"": -2.7283944444082944}",,,
phase_reset,A,1.52,2,-2.728394444408762,1.0188105198175e-16,-2.7283944444087607,True,"{""12500"": -2.7283944444087616, ""25000"": -2.7283944444087616, ""50000"": -2.7283944444087616, ""100000"": -2.7283944444087607, ""200000"": -2.728394444408762}",,,
phase_reset,A,1.54,0,-0.19680565413912046,6.367565748859375e-18,-0.1968056541391205,True,"{""12500"": -0.19680565413912046, ""25000"": -0.19680565413912046, ""50000"": -0.19680565413912046, ""100000"": -0.1968056541391205, ""200000"": -0.19680565413912046}",,,
phase_reset,A,1.54,1,-0.19680565413912046,6.367565748859375e-18,-0.1968056541391205,True,"{""12500"": -0.19680565413912046, ""25000"": -0.19680565413912046, ""50000"": -0.19680565413912046, ""100000"": -0.1968056541391205, ""200000"": -0.19680565413912046}",,,
phase_reset,A,1.54,2,-0.19680565413912046,6.367565748859375e-18,-0.1968056541391205,True,"{""12500"": -0.19680565413912046, ""25000"": -0.19680565413912046, ""50000"": -0.19680565413912046, ""100000"": -0.1968056541391205, ""200000"": -0.19680565413912046}",,,
phase_reset,A,1.56,0,-0.6785469221316073,0.0,-0.6785469221316073,True,"{""12500"": -0.6785469221316072, ""25000"": -0.6785469221316073, ""50000"": -0.6785469221316073, ""100000"": -0.6785469221316073, ""200000"": -0.6785469221316073}",,,
phase_reset,A,1.56,1,-0.6785469221316073,0.0,-0.6785469221316073,True,"{""12500"": -0.6785469221316073, ""25000"": -0.6785469221316073, ""50000"": -0.6785469221316073, ""100000"": -0.6785469221316073, ""200000"": -0.6785469221316073}",,,
phase_reset,A,1.56,2,-0.6785469221316073,0.0,-0.6785469221316073,True,"{""12500"": -0.6785469221316072, ""25000"": -0.6785469221316073, ""50000"": -0.6785469221316073, ""100000"": -0.6785469221316073, ""200000"": -0.6785469221316073}",,,
phase_reset,A,1.58,0,0.08166800710883254,0.000360259712804052,0.08201903425789911,True,"{""12500"": 0.082765347485974, ""25000"": 0.08174993294323854, ""50000"": 0.08266191043232905, ""100000"": 0.08201903425789911, ""200000"": 0.08166800710883254}",,,
phase_reset,A,1.58,1,0.08135197680992713,0.0001922247153949658,0.08118435988181714,True,"{""12500"": 0.08134452376805311, ""25000"": 0.08149198681704767, ""50000"": 0.08119051742232827, ""100000"": 0.08118435988181714, ""200000"": 0.08135197680992713}",,,
phase_reset,A,1.58,2,0.0808251161881288,0.00027753881707759165,0.08021044099482805,True,"{""12500"": 0.08156978223379935, ""25000"": 0.08091671596037099, ""50000"": 0.08054005936186315, ""100000"": 0.08021044099482805, ""200000"": 0.0808251161881288}",,,
phase_reset,A,1.6,0,0.15832038003590815,0.001082697638523146,0.15770194979470753,True,"{""12500"": 0.1590576928941886, ""25000"": 0.16039103395280785, ""50000"": 0.158884297078069, ""100000"": 0.15770194979470753, ""200000"": 0.15832038003590815}",,,
phase_reset,A,1.6,1,0.15718178425483434,0.0009906222631529517,0.15484328813744924,True,"{""12500"": 0.15835202305141272, ""25000"": 0.1554545089003204, ""50000"": 0.15463008025887592, ""100000"": 0.15484328813744924, ""200000"": 0.15718178425483434}",,,
phase_reset,A,1.6,2,0.15738190916601918,0.0006910333688154988,0.15670744168302086,True,"{""12500"": 0.1500979444906112, ""25000"": 0.15288595772714578, ""50000"": 0.15557313120189412, ""100000"": 0.15670744168302086, ""200000"": 0.15738190916601918}",,,
phase_reset,A,1.62,0,-0.7254318499096787,1.5198262387241421e-05,-0.7254370628654615,True,"{""12500"": -0.7254862570263862, ""25000"": -0.7254635831561514, ""50000"": -0.7254427313330202, ""100000"": -0.7254370628654615, ""200000"": -0.7254318499096787}",,,
phase_reset,A,1.62,1,-0.7254290156758992,1.5647150194926908e-05,-0.7254209684863372,True,"{""12500"": -0.7254409092859165, ""25000"": -0.725399205639654, ""50000"": -0.7254313943979027, ""100000"": -0.7254209684863372, ""200000"": -0.7254290156758992}",,,
phase_reset,A,1.62,2,-0.7254238027201164,1.4964453010376213e-05,-0.725426636953896,True,"{""12500"": -0.7253575019933917, ""25000"": -0.7254218795098888, ""50000"": -0.7254105425747716, ""100000"": -0.725426636953896, ""200000"": -0.7254238027201164}",,,
phase_reset,A,1.64,0,-1.1531008167510761,1.8329782152892347e-05,-1.1530996147044317,True,"{""12500"": -1.153187298879922, ""25000"": -1.1531133049902664, ""50000"": -1.1531181131768453, ""100000"": -1.1530996147044317, ""200000"": -1.1531008167510761}",,,
phase_reset,A,1.64,1,-1.1530915675148692,1.895538219313594e-05,-1.1530835203253074,True,"{""12500"": -1.1530393111006108, ""25000"": -1.153048927473769, ""50000"": -1.1530811162320178, ""100000"": -1.1530835203253074, ""200000"": -1.1530915675148692}",,,
phase_reset,A,1.66,0,-0.85309448886238,1.4867959228661737e-05,-0.8530977868881532,True,"{""12500"": -0.8531584706291359, ""25000"": -0.853120477318824, ""50000"": -0.8531072852157312, ""100000"": -0.8530977868881532, ""200000"": -0.85309448886238}",,,
phase_reset,A,1.64,2,-1.153092769561514,1.9156367007521505e-05,-1.1531020187977215,True,"{""12500"": -1.1530585438469274, ""25000"": -1.1531229213634246, ""50000"": -1.153085924418597, ""100000"": -1.1531020187977215, ""200000"": -1.153092769561514}",,,
phase_reset,A,1.66,2,-0.853086441672818,1.5011944542047811e-05,-0.853091190836607,True,"{""12500"": -0.853029715596141, ""25000"": -0.8530940931126385, ""50000"": -0.8530750964574826, ""100000"": -0.853091190836607, ""200000"": -0.853086441672818}",,,
phase_reset,A,1.66,1,-0.8530897396985911,1.5521174029489325e-05,-0.853081692509029,True,"{""12500"": -0.8530824840085118, ""25000"": -0.8530560998023267, ""50000"": -0.8530882885605753, ""100000"": -0.853081692509029, ""200000"": -0.8530897396985911}",,,
phase_reset,A,1.68,0,-0.5240664618583627,1.783393250461813e-05,-0.5240746952798641,True,"{""12500"": -0.5241057666464781, ""25000"": -0.5241072565019909, ""50000"": -0.5240743228159858, ""100000"": -0.5240746952798641, ""200000"": -0.5240664618583627}",,,
phase_reset,A,1.68,1,-0.5240666480903017,1.780258708968785e-05,-0.5240586009007396,True,"{""12500"": -0.5241087463575034, ""25000"": -0.5240428789854934, ""50000"": -0.5240750677437421, ""100000"": -0.5240586009007396, ""200000"": -0.5240666480903017}",,,
phase_reset,A,1.68,2,-0.5240584146688004,1.7119782327734407e-05,-0.5240582284368615,True,"{""12500"": -0.5239770116134834, ""25000"": -0.5240413891299808, ""50000"": -0.5240421340577371, ""100000"": -0.5240582284368615, ""200000"": -0.5240584146688004}",,,
phase_reset,A,1.7,0,-0.3466240743444539,2.1614850732306345e-05,-0.3466349693884598,True,"{""12500"": -0.3466500710200463, ""25000"": -0.34667285385559576, ""50000"": -0.34662927367957236, ""100000"": -0.3466349693884598, ""200000"": -0.3466240743444539}",,,
phase_reset,A,1.7,2,-0.3466160271548917,2.065084643189292e-05,-0.34661317930044805,True,"{""12500"": -0.34652131598705155, ""25000"": -0.3465856935035489, ""50000"": -0.34659708492132363, ""100000"": -0.34661317930044805, ""200000"": -0.3466160271548917}",,,
phase_reset,A,1.7,1,-0.34662692219889757,2.1150115842831298e-05,-0.3466188750093354,True,"{""12500"": -0.34669563669114517, ""25000"": -0.34660847633909836, ""50000"": -0.3466406650973471, ""100000"": -0.3466188750093354, ""200000"": -0.34662692219889757}",,,
phase_reset,A,1.72,0,-0.08008143698765148,0.0,-0.08008143698765148,True,"{""12500"": -0.0800290970985952, ""25000"": -0.0800814369876515, ""50000"": -0.08008143698765148, ""100000"": -0.08008143698765148, ""200000"": -0.08008143698765148}",,,
phase_reset,A,1.72,1,-0.08008143698765148,3.1837828744296875e-18,-0.0800814369876515,True,"{""12500"": -0.07999611418164561, ""25000"": -0.08008143698765151, ""50000"": -0.08008143698765151, ""100000"": -0.0800814369876515, ""200000"": -0.08008143698765148}",,,
phase_reset,A,1.72,2,-0.08008143698765148,0.0,-0.08008143698765148,True,"{""12500"": -0.0800290970985952, ""25000"": -0.0800814369876515, ""50000"": -0.08008143698765148, ""100000"": -0.08008143698765148, ""200000"": -0.08008143698765148}",,,
phase_reset,A,1.74,0,-0.1923153945222254,6.367565748859375e-18,-0.19231539452222543,True,"{""12500"": -0.19230814540567084, ""25000"": -0.19231539452222546, ""50000"": -0.19231539452222546, ""100000"": -0.19231539452222543, ""200000"": -0.1923153945222254}",,,
phase_reset,A,1.74,1,-0.19231539452222626,0.0,-0.19231539452222626,True,"{""12500"": -0.19226098933125896, ""25000"": -0.19231539452222632, ""50000"": -0.19231539452222626, ""100000"": -0.19231539452222626, ""200000"": -0.19231539452222626}",,,
phase_reset,A,1.74,2,-0.1923153945222254,6.367565748859375e-18,-0.19231539452222543,True,"{""12500"": -0.19230814540567084, ""25000"": -0.19231539452222546, ""50000"": -0.19231539452222546, ""100000"": -0.19231539452222543, ""200000"": -0.1923153945222254}",,,
phase_reset,A,1.76,0,-0.09659985646461415,3.1837828744296875e-18,-0.09659985646461414,True,"{""12500"": -0.09659985646461414, ""25000"": -0.09659985646461414, ""50000"": -0.09659985646461414, ""100000"": -0.09659985646461414, ""200000"": -0.09659985646461415}",,,
phase_reset,A,1.76,1,-0.09659985646461415,3.1837828744296875e-18,-0.09659985646461415,True,"{""12500"": -0.09659985646461414, ""25000"": -0.09659985646461415, ""50000"": -0.09659985646461415, ""100000"": -0.09659985646461415, ""200000"": -0.09659985646461415}",,,
phase_reset,A,1.76,2,-0.09659985646461415,3.1837828744296875e-18,-0.09659985646461415,True,"{""12500"": -0.09659985646461414, ""25000"": -0.09659985646461415, ""50000"": -0.09659985646461414, ""100000"": -0.09659985646461415, ""200000"": -0.09659985646461415}",,,
phase_reset,A,1.78,0,-0.06659314141864481,2.4257355332761938e-05,-0.06660434396134592,True,"{""12500"": -0.06653974288269293, ""25000"": -0.06662727188225895, ""50000"": -0.06658246171145442, ""100000"": -0.06660434396134592, ""200000"": -0.06659314141864481}",,,
phase_reset,A,1.78,2,-0.06659603535403039,3.61842919456332e-05,-0.06661485515094316,True,"{""12500"": -0.06658604584883222, ""25000"": -0.06666931664064187, ""50000"": -0.06659403745299075, ""100000"": -0.06661485515094316, ""200000"": -0.06659603535403039}",,,
phase_reset,A,1.78,1,-0.06659288000088942,2.4213355635848343e-05,-0.06658193887594367,True,"{""12500"": -0.0665355601986069, ""25000"": -0.06653765154064992, ""50000"": -0.06658141604043293, ""100000"": -0.06658193887594367, ""200000"": -0.06659288000088942}",,,
phase_reset,A,1.8,1,-0.13687789094543157,6.878113933110632e-05,-0.1369119084552887,True,"{""12500"": -0.13677505792634306, ""25000"": -0.13699339438104235, ""50000"": -0.13685732434161388, ""100000"": -0.1369119084552887, ""200000"": -0.13687789094543157}",,,
phase_reset,A,1.8,0,-0.13686334260628055,6.841117966010451e-05,-0.13686911931087345,True,"{""12500"": -0.13654228449992695, ""25000"": -0.13682223780338132, ""50000"": -0.13679913098500987, ""100000"": -0.13686911931087345, ""200000"": -0.13686334260628055}",,,
phase_reset,A,1.82,0,-1.6094379124341005,5.0940525990875e-17,-1.6094379124341,True,"{""12500"": -1.6094379124340996, ""25000"": -1.6094379124341, ""50000"": -1.6094379124341, ""100000"": -1.6094379124341, ""200000"": -1.6094379124341005}",,,
phase_reset,A,1.8,2,-0.054095907498243716,1.9784698290499417e-05,-0.05408786030868155,True,"{""12500"": -0.05426600926730404, ""25000"": -0.05404552854681044, ""50000"": -0.054133604484503405, ""100000"": -0.05408786030868155, ""200000"": -0.054095907498243716}",,,
phase_reset,A,1.82,2,-1.6094379124341005,5.0940525990875e-17,-1.6094379124341,True,"{""12500"": -1.6094379124340996, ""25000"": -1.6094379124341, ""50000"": -1.6094379124341, ""100000"": -1.6094379124341, ""200000"": -1.6094379124341005}",,,
phase_reset,A,1.82,1,-1.6094379124341005,5.0940525990875e-17,-1.6094379124341,True,"{""12500"": -1.6094379124340996, ""25000"": -1.6094379124341, ""50000"": -1.6094379124341, ""100000"": -1.6094379124341, ""200000"": -1.6094379124341005}",,,
phase_reset,A,1.84,0,-1.6094379124341005,5.0940525990875e-17,-1.6094379124341,True,"{""12500"": -1.6094379124340996, ""25000"": -1.6094379124341, ""50000"": -1.6094379124341, ""100000"": -1.6094379124341, ""200000"": -1.6094379124341005}",,,
phase_reset,A,1.84,1,-1.6094379124341005,5.0940525990875e-17,-1.6094379124341,True,"{""12500"": -1.6094379124340996, ""25000"": -1.6094379124341, ""50000"": -1.6094379124341, ""100000"": -1.6094379124341, ""200000"": -1.6094379124341005}",,,
phase_reset,A,1.84,2,-1.6094379124341005,5.0940525990875e-17,-1.6094379124341,True,"{""12500"": -1.6094379124340996, ""25000"": -1.6094379124341, ""50000"": -1.6094379124341, ""100000"": -1.6094379124341, ""200000"": -1.6094379124341005}",,,
phase_reset,A,1.86,0,-1.6094379124341005,5.0940525990875e-17,-1.6094379124341,True,"{""12500"": -1.6094379124340996, ""25000"": -1.6094379124341, ""50000"": -1.6094379124341, ""100000"": -1.6094379124341, ""200000"": -1.6094379124341005}",,,
phase_reset,A,1.86,1,-1.6094379124341005,5.0940525990875e-17,-1.6094379124341,True,"{""12500"": -1.6094379124340996, ""25000"": -1.6094379124341, ""50000"": -1.6094379124341, ""100000"": -1.6094379124341, ""200000"": -1.6094379124341005}",,,
phase_reset,A,1.86,2,-1.6094379124341005,5.0940525990875e-17,-1.6094379124341,True,"{""12500"": -1.6094379124340996, ""25000"": -1.6094379124341, ""50000"": -1.6094379124341, ""100000"": -1.6094379124341, ""200000"": -1.6094379124341005}",,,
phase_reset,A,1.88,1,-1.6094379124341005,5.0940525990875e-17,-1.6094379124341,True,"{""12500"": -1.6094379124340996, ""25000"": -1.6094379124341, ""50000"": -1.6094379124341, ""100000"": -1.6094379124341, ""200000"": -1.6094379124341005}",,,
phase_reset,A,1.88,0,-1.6094379124341005,5.0940525990875e-17,-1.6094379124341,True,"{""12500"": -1.6094379124340996, ""25000"": -1.6094379124341, ""50000"": -1.6094379124341, ""100000"": -1.6094379124341, ""200000"": -1.6094379124341005}",,,
phase_reset,A,1.88,2,-1.6094379124341005,5.0940525990875e-17,-1.6094379124341,True,"{""12500"": -1.6094379124340996, ""25000"": -1.6094379124341, ""50000"": -1.6094379124341, ""100000"": -1.6094379124341, ""200000"": -1.6094379124341005}",,,
phase_reset,A,1.9,0,-1.6094379124341005,5.0940525990875e-17,-1.6094379124341,True,"{""12500"": -1.6094379124340996, ""25000"": -1.6094379124341, ""50000"": -1.6094379124341, ""100000"": -1.6094379124341, ""200000"": -1.6094379124341005}",,,
phase_reset,A,1.9,1,-1.6094379124341005,5.0940525990875e-17,-1.6094379124341,True,"{""12500"": -1.6094379124340996, ""25000"": -1.6094379124341, ""50000"": -1.6094379124341, ""100000"": -1.6094379124341, ""200000"": -1.6094379124341005}",,,
phase_reset,A,1.9,2,-1.6094379124341005,5.0940525990875e-17,-1.6094379124341,True,"{""12500"": -1.6094379124340996, ""25000"": -1.6094379124341, ""50000"": -1.6094379124341, ""100000"": -1.6094379124341, ""200000"": -1.6094379124341005}",,,
phase_reset,A,1.92,0,-1.6094379124341005,5.0940525990875e-17,-1.6094379124341,True,"{""12500"": -1.6094379124340996, ""25000"": -1.6094379124341, ""50000"": -1.6094379124341, ""100000"": -1.6094379124341, ""200000"": -1.6094379124341005}",,,
phase_reset,A,1.92,1,-1.6094379124341005,5.0940525990875e-17,-1.6094379124341,True,"{""12500"": -1.6094379124340996, ""25000"": -1.6094379124341, ""50000"": -1.6094379124341, ""100000"": -1.6094379124341, ""200000"": -1.6094379124341005}",,,
phase_reset,A,1.94,0,-1.6094379124341005,5.0940525990875e-17,-1.6094379124341,True,"{""12500"": -1.6094379124340996, ""25000"": -1.6094379124341, ""50000"": -1.6094379124341, ""100000"": -1.6094379124341, ""200000"": -1.6094379124341005}",,,
phase_reset,A,1.92,2,-1.6094379124341005,5.0940525990875e-17,-1.6094379124341,True,"{""12500"": -1.6094379124340996, ""25000"": -1.6094379124341, ""50000"": -1.6094379124341, ""100000"": -1.6094379124341, ""200000"": -1.6094379124341005}",,,
phase_reset,A,1.94,1,-1.6094379124341005,5.0940525990875e-17,-1.6094379124341,True,"{""12500"": -1.6094379124340996, ""25000"": -1.6094379124341, ""50000"": -1.6094379124341, ""100000"": -1.6094379124341, ""200000"": -1.6094379124341005}",,,
phase_reset,A,1.94,2,-1.6094379124341005,5.0940525990875e-17,-1.6094379124341,True,"{""12500"": -1.6094379124340996, ""25000"": -1.6094379124341, ""50000"": -1.6094379124341, ""100000"": -1.6094379124341, ""200000"": -1.6094379124341005}",,,
phase_reset,A,1.96,0,-1.6094379124341005,5.0940525990875e-17,-1.6094379124341,True,"{""12500"": -1.6094379124340996, ""25000"": -1.6094379124341, ""50000"": -1.6094379124341, ""100000"": -1.6094379124341, ""200000"": -1.6094379124341005}",,,
phase_reset,A,1.96,1,-1.6094379124341005,5.0940525990875e-17,-1.6094379124341,True,"{""12500"": -1.6094379124340996, ""25000"": -1.6094379124341, ""50000"": -1.6094379124341, ""100000"": -1.6094379124341, ""200000"": -1.6094379124341005}",,,
phase_reset,A,1.96,2,-1.6094379124341005,5.0940525990875e-17,-1.6094379124341,True,"{""12500"": -1.6094379124340996, ""25000"": -1.6094379124341, ""50000"": -1.6094379124341, ""100000"": -1.6094379124341, ""200000"": -1.6094379124341005}",,,
phase_reset,A,1.98,0,-1.6094379124341005,5.0940525990875e-17,-1.6094379124341,True,"{""12500"": -1.6094379124340996, ""25000"": -1.6094379124341, ""50000"": -1.6094379124341, ""100000"": -1.6094379124341, ""200000"": -1.6094379124341005}",,,
phase_reset,A,1.98,1,-1.6094379124341005,5.0940525990875e-17,-1.6094379124341,True,"{""12500"": -1.6094379124340996, ""25000"": -1.6094379124341, ""50000"": -1.6094379124341, ""100000"": -1.6094379124341, ""200000"": -1.6094379124341005}",,,
phase_reset,A,1.98,2,-1.6094379124341005,5.0940525990875e-17,-1.6094379124341,True,"{""12500"": -1.6094379124340996, ""25000"": -1.6094379124341, ""50000"": -1.6094379124341, ""100000"": -1.6094379124341, ""200000"": -1.6094379124341005}",,,
phase_reset,A,2.0,0,0.0,0.0,0.0,True,"{""12500"": 0.0, ""25000"": 0.0, ""50000"": 0.0, ""100000"": 0.0, ""200000"": 0.0}",,,
phase_reset,A,2.0,1,-2.0275722342903247e-05,4.6591101841655675e-06,-3.1931740300908326e-05,False,"{""12500"": -8.630442989473002e-05, ""25000"": -6.668839482403137e-05, ""50000"": -4.7706743062348834e-05, ""100000"": -3.1931740300908326e-05, ""200000"": -2.0275722342903247e-05}",,,
phase_reset,A,2.0,2,0.0,0.0,0.0,True,"{""12500"": 0.0, ""25000"": 0.0, ""50000"": 0.0, ""100000"": 0.0, ""200000"": 0.0}",,,
av_node,,,0,-0.004269564863702692,4.0927567081831556e-05,-0.0043104924307845235,True,"{""6250"": -0.00488347836993016, ""12500"": -0.004556057833275516, ""25000"": -0.004392347564948187, ""50000"": -0.0043104924307845235, ""100000"": -0.004269564863702692}",36.0,,
av_node,,,1,-0.004269564863702692,4.0927567081831556e-05,-0.0043104924307845235,True,"{""6250"": -0.00488347836993016, ""12500"": -0.004556057833275516, ""25000"": -0.004392347564948187, ""50000"": -0.0043104924307845235, ""100000"": -0.004269564863702692}",36.0,,
av_node,,,2,-0.004269564863702692,4.0927567081831556e-05,-0.0043104924307845235,True,"{""6250"": -0.00488347836993016, ""12500"": -0.004556057833275516, ""25000"": -0.004392347564948187, ""50000"": -0.0043104924307845235, ""100000"": -0.004269564863702692}",36.0,,
av_node,,,1,-0.005338956931106651,4.822213691286557e-05,-0.005387179068019516,True,"{""6250"": -0.0060622889847996245, ""12500"": -0.005676511889496701, ""25000"": -0.0054836233418452465, ""50000"": -0.005387179068019516, ""100000"": -0.005338956931106651}",40.0,,
av_node,,,0,-0.005338956931106651,4.822213691286557e-05,-0.005387179068019516,True,"{""6250"": -0.0060622889847996245, ""12500"": -0.005676511889496701, ""25000"": -0.0054836233418452465, ""50000"": -0.005387179068019516, ""100000"": -0.005338956931106651}",40.0,,
av_node,,,0,-0.005997943974758533,5.3923419156052015e-05,-0.006051867393914586,True,"{""6250"": -0.006806795262099323, ""12500"": -0.006375407908850902, ""25000"": -0.006159714232226689, ""50000"": -0.006051867393914586, ""100000"": -0.005997943974758533}",45.0,,
av_node,,,2,-0.005338956931106651,4.822213691286557e-05,-0.005387179068019516,True,"{""6250"": -0.0060622889847996245, ""12500"": -0.005676511889496701, ""25000"": -0.0054836233418452465, ""50000"": -0.005387179068019516, ""100000"": -0.005338956931106651}",40.0,,
av_node,,,2,-0.005997943974758533,5.3923419156052015e-05,-0.006051867393914586,True,"{""6250"": -0.006806795262099323, ""12500"": -0.006375407908850902, ""25000"": -0.006159714232226689, ""50000"": -0.006051867393914586, ""100000"": -0.005997943974758533}",45.0,,
av_node,,,1,-0.005997943974758533,5.3923419156052015e-05,-0.006051867393914586,True,"{""6250"": -0.006806795262099323, ""12500"": -0.006375407908850902, ""25000"": -0.006159714232226689, ""50000"": -0.006051867393914586, ""100000"": -0.005997943974758533}",45.0,,
av_node,,,0,-0.006396593220152045,5.7766699611760996e-05,-0.006454359919763805,True,"{""6250"": -0.007263093714328465, ""12500"": -0.006800960117434372, ""25000"": -0.006569893318987326, ""50000"": -0.006454359919763805, ""100000"": -0.006396593220152045}",50.0,,
av_node,,,1,-0.006396593220152045,5.7766699611760996e-05,-0.006454359919763805,True,"{""6250"": -0.007263093714328465, ""12500"": -0.006800960117434372, ""25000"": -0.006569893318987326, ""50000"": -0.006454359919763805, ""100000"": -0.006396593220152045}",50.0,,
av_node,,,2,-0.006396593220152045,5.7766699611760996e-05,-0.006454359919763805,True,"{""6250"": -0.007263093714328465, ""12500"": -0.006800960117434372, ""25000"": -0.006569893318987326, ""50000"": -0.006454359919763805, ""100000"": -0.006396593220152045}",50.0,,
av_node,,,0,-0.00652195978054281,6.09370997301982e-05,-0.0065828968802730085,True,"{""6250"": -0.007436016276495783, ""12500"": -0.006948519478654196, ""25000"": -0.006704771079733405, ""50000"": -0.0065828968802730085, ""100000"": -0.00652195978054281}",52.0,,
av_node,,,1,-0.00652195978054281,6.09370997301982e-05,-0.0065828968802730085,True,"{""6250"": -0.007436016276495783, ""12500"": -0.006948519478654196, ""25000"": -0.006704771079733405, ""50000"": -0.0065828968802730085, ""100000"": -0.00652195978054281}",52.0,,
av_node,,,2,-0.00652195978054281,6.09370997301982e-05,-0.0065828968802730085,True,"{""6250"": -0.007436016276495783, ""12500"": -0.006948519478654196, ""25000"": -0.006704771079733405, ""50000"": -0.0065828968802730085, ""100000"": -0.00652195978054281}",52.0,,
av_node,,,0,-0.006683903440445064,6.360076599744623e-05,-0.00674750420644251,True,"{""6250"": -0.007637914930406748, ""12500"": -0.007129108802427182, ""25000"": -0.006874705738437402, ""50000"": -0.00674750420644251, ""100000"": -0.006683903440445064}",55.0,,
av_node,,,1,-0.006683903440445064,6.360076599744623e-05,-0.00674750420644251,True,"{""6250"": -0.007637914930406748, ""12500"": -0.007129108802427182, ""25000"": -0.006874705738437402, ""50000"": -0.00674750420644251, ""100000"": -0.006683903440445064}",55.0,,
av_node,,,2,-0.006683903440445064,6.360076599744623e-05,-0.00674750420644251,True,"{""6250"": -0.007637914930406748, ""12500"": -0.007129108802427182, ""25000"": -0.006874705738437402, ""50000"": -0.00674750420644251, ""100000"": -0.006683903440445064}",55.0,,
av_node,,,0,-0.0067328531876110825,6.448295943187726e-05,-0.006797336147042959,True,"{""6250"": -0.007700097579089252, ""12500"": -0.007184233903634209, ""25000"": -0.006926302065906713, ""50000"": -0.006797336147042959, ""100000"": -0.0067328531876110825}",56.0,,
av_node,,,1,-0.0067328531876110825,6.448295943187726e-05,-0.006797336147042959,True,"{""6250"": -0.007700097579089252, ""12500"": -0.007184233903634209, ""25000"": -0.006926302065906713, ""50000"": -0.006797336147042959, ""100000"": -0.0067328531876110825}",56.0,,
av_node,,,2,-0.0067328531876110825,6.448295943187726e-05,-0.006797336147042959,True,"{""6250"": -0.007700097579089252, ""12500"": -0.007184233903634209, ""25000"": -0.006926302065906713, ""50000"": -0.006797336147042959, ""100000"": -0.0067328531876110825}",56.0,,
av_node,,,0,-0.007535818467212769,6.473078044115578e-05,-0.007600549247653925,True,"{""6250"": -0.008506780173830105, ""12500"": -0.007988933930300859, ""25000"": -0.007730010808536236, ""50000"": -0.007600549247653925, ""100000"": -0.007535818467212769}",58.0,,
av_node,,,1,-0.007535818467212769,6.473078044115578e-05,-0.007600549247653925,True,"{""6250"": -0.008506780173830105, ""12500"": -0.007988933930300859, ""25000"": -0.007730010808536236, ""50000"": -0.007600549247653925, ""100000"": -0.007535818467212769}",58.0,,
av_node,,,2,-0.007535818467212769,6.473078044115578e-05,-0.007600549247653925,True,"{""6250"": -0.008506780173830105, ""12500"": -0.007988933930300859, ""25000"": -0.007730010808536236, ""50000"": -0.007600549247653925, ""100000"": -0.007535818467212769}",58.0,,
av_node,,,0,-0.007565142122143564,6.468242568829387e-05,-0.0076298245478318575,True,"{""6250"": -0.008535378507467974, ""12500"": -0.008017919101961622, ""25000"": -0.0077591893992084455, ""50000"": -0.0076298245478318575, ""100000"": -0.007565142122143564}",60.0,,
av_node,,,1,-0.007565142122143564,6.468242568829387e-05,-0.0076298245478318575,True,"{""6250"": -0.008535378507467974, ""12500"": -0.008017919101961622, ""25000"": -0.0077591893992084455, ""50000"": -0.0076298245478318575, ""100000"": -0.007565142122143564}",60.0,,
av_node,,,2,-0.007565142122143564,6.468242568829387e-05,-0.0076298245478318575,True,"{""6250"": -0.008535378507467974, ""12500"": -0.008017919101961622, ""25000"": -0.0077591893992084455, ""50000"": -0.0076298245478318575, ""100000"": -0.007565142122143564}",60.0,,
av_node,,,0,-0.007714824935681078,6.447448067072687e-05,-0.007779299416351806,True,"{""6250"": -0.008681942145741983, ""12500"": -0.008166146300376168, ""25000"": -0.00790824837769326, ""50000"": -0.007779299416351806, ""100000"": -0.007714824935681078}",70.0,,
av_node,,,1,-0.007714824935681078,6.447448067072687e-05,-0.007779299416351806,True,"{""6250"": -0.008681942145741983, ""12500"": -0.008166146300376168, ""25000"": -0.00790824837769326, ""50000"": -0.007779299416351806, ""100000"": -0.007714824935681078}",70.0,,
av_node,,,2,-0.007714824935681078,6.447448067072687e-05,-0.007779299416351806,True,"{""6250"": -0.008681942145741983, ""12500"": -0.008166146300376168, ""25000"": -0.00790824837769326, ""50000"": -0.007779299416351806, ""100000"": -0.007714824935681078}",70.0,,
av_node,,,0,-0.008031205317589303,6.421790341918408e-05,-0.008095423221008485,True,"{""6250"": -0.008994473868877062, ""12500"": -0.008480730641523592, ""25000"": -0.008223859027846853, ""50000"": -0.008095423221008485, ""100000"": -0.008031205317589303}",90.0,,
mackey_glass,,12.0,0,-6.825254141752345e-06,6.728446186896244e-06,-2.000981549784466e-05,False,"{""12500"": -0.00010153394756410641, ""25000"": -5.202234303016991e-05, ""50000"": -3.045168270143512e-05, ""100000"": -2.000981549784466e-05, ""200000"": -6.825254141752345e-06}",,,
mackey_glass,,12.0,1,-1.426537852577272e-05,1.1175663775844262e-05,-2.2075355205864692e-05,False,"{""12500"": -0.00018007135420453627, ""25000"": -9.047330506319188e-05, ""50000"": -4.5412987259243844e-05, ""100000"": -2.2075355205864692e-05, ""200000"": -1.426537852577272e-05}",,,
mackey_glass,,12.0,2,-6.305461062028758e-06,6.465696561086928e-06,-1.2486981973512829e-05,False,"{""12500"": -9.701796318085615e-05, ""25000"": -4.961666347218154e-05, ""50000"": -2.5417000457105325e-05, ""100000"": -1.2486981973512829e-05, ""200000"": -6.305461062028758e-06}",,,
mackey_glass,,14.0,0,-1.93573799464336e-06,2.5437370673149618e-06,-2.8470551369424293e-06,False,"{""12500"": -2.209169093194835e-05, ""25000"": -1.827722728025077e-05, ""50000"": -1.5954423437531596e-05, ""100000"": -2.8470551369424293e-06, ""200000"": -1.93573799464336e-06}",,,
mackey_glass,,14.0,1,-9.049080119075188e-07,2.313027417390508e-06,1.931368921372817e-06,False,"{""12500"": 2.1999521704842925e-05, ""25000"": 9.943607337118144e-06, ""50000"": 3.4005255411563603e-06, ""100000"": 1.931368921372817e-06, ""200000"": -9.049080119075188e-07}",,,
mackey_glass,,14.0,2,-9.725772499835297e-06,1.1788593375005911e-05,-2.8457393265365448e-05,False,"{""12500"": -0.0001822150490512001, ""25000"": -8.988988835550182e-05, ""50000"": -4.8869481297112126e-05, ""100000"": -2.8457393265365448e-05, ""200000"": -9.725772499835297e-06}",,,
av_node,,,1,-0.008031205317589303,6.421790341918408e-05,-0.008095423221008485,True,"{""6250"": -0.008994473868877062, ""12500"": -0.008480730641523592, ""25000"": -0.008223859027846853, ""50000"": -0.008095423221008485, ""100000"": -0.008031205317589303}",90.0,,
mackey_glass,,15.0,0,2.9702794473051625e-06,9.616701373969618e-06,5.733544848394717e-06,False,"{""12500"": -2.4309197870138914e-05, ""25000"": -9.989790880042893e-06, ""50000"": 4.934128420345556e-06, ""100000"": 5.733544848394717e-06, ""200000"": 2.9702794473051625e-06}",,,
mackey_glass,,15.0,1,-1.6280893595092365e-05,2.176809647384575e-05,-3.7212461221119045e-05,False,"{""12500"": -0.00024223682688493328, ""25000"": -0.00012206391061147834, ""50000"": -7.735803397662338e-05, ""100000"": -3.7212461221119045e-05, ""200000"": -1.6280893595092365e-05}",,,
av_node,,,2,-0.008031205317589303,6.421790341918408e-05,-0.008095423221008485,True,"{""6250"": -0.008994473868877062, ""12500"": -0.008480730641523592, ""25000"": -0.008223859027846853, ""50000"": -0.008095423221008485, ""100000"": -0.008031205317589303}",90.0,,
mackey_glass,,16.0,0,-1.2010081294157752e-06,1.1606013732908772e-05,-1.1437824713794422e-05,False,"{""12500"": -7.379776227544083e-05, ""25000"": -1.92951556013142e-05, ""50000"": -1.609794911300703e-05, ""100000"": -1.1437824713794422e-05, ""200000"": -1.2010081294157752e-06}",,,
mackey_glass,,16.0,1,6.771549370264502e-07,1.2795605122486848e-05,3.885219512962912e-06,False,"{""12500"": 3.608623269986919e-05, ""25000"": -9.875104740689057e-06, ""50000"": -9.296459369279974e-06, ""100000"": 3.885219512962912e-06, ""200000"": 6.771549370264502e-07}",,,
mackey_glass,,16.5,1,0.001796970752081443,5.074400391022693e-05,0.0018098417045587453,True,"{""12500"": 0.0016542031141540492, ""25000"": 0.0017054055513176824, ""50000"": 0.0018367040230744954, ""100000"": 0.0018098417045587453, ""200000"": 0.001796970752081443}",,,
mackey_glass,,16.5,0,0.0018061219636216926,3.735824067599379e-05,0.0018516676364762556,True,"{""12500"": 0.0018572129764317157, ""25000"": 0.0018386465969482358, ""50000"": 0.0018357446703779594, ""100000"": 0.0018516676364762556, ""200000"": 0.0018061219636216926}",,,
mackey_glass,,15.0,2,-1.216419866284104e-05,1.6761141525503445e-05,-2.2570774140844103e-05,False,"{""12500"": -0.00015952314731042429, ""25000"": -8.380769785137489e-05, ""50000"": -5.4158934313868134e-05, ""100000"": -2.2570774140844103e-05, ""200000"": -1.216419866284104e-05}",,,
mackey_glass,,17.0,1,0.005181061770196394,7.818473739697617e-05,0.005222129826215943,True,"{""12500"": 0.005574637231220586, ""25000"": 0.005133604335978132, ""50000"": 0.005038831299633068, ""100000"": 0.005222129826215943, ""200000"": 0.005181061770196394}",,,
mackey_glass,,16.0,2,-6.4559257693609945e-06,1.2396020040704638e-05,-8.669342246843499e-06,False,"{""12500"": -8.849895014850284e-05, ""25000"": -6.768557133201265e-05, ""50000"": -2.4059743390741798e-05, ""100000"": -8.669342246843499e-06, ""200000"": -6.4559257693609945e-06}",,,
mackey_glass,,16.5,2,0.0017323241216454011,5.098219233742476e-05,0.0017838909661200685,True,"{""12500"": 0.0020870619210970978, ""25000"": 0.00204683776215179, ""50000"": 0.0018732391556711137, ""100000"": 0.0017838909661200685, ""200000"": 0.0017323241216454011}",,,
mackey_glass,,17.0,0,0.005252920479698327,0.00010002925261827001,0.005333338811986232,True,"{""12500"": 0.005374931141623292, ""25000"": 0.005270101336942924, ""50000"": 0.0051378633340461435, ""100000"": 0.005333338811986232, ""200000"": 0.005252920479698327}",,,
mackey_glass,,17.0,2,0.005061841568487334,0.00010249775517046528,0.005143482605971101,True,"{""12500"": 0.00528939706307501, ""25000"": 0.0054115349561046034, ""50000"": 0.005252102110350907, ""100000"": 0.005143482605971101, ""200000"": 0.005061841568487334}",,,
mackey_glass,,18.0,1,0.007339008060324186,0.00011422042367467069,0.007547351227608045,True,"{""12500"": 0.007270056741393205, ""25000"": 0.007237192856938657, ""50000"": 0.007644837541090178, ""100000"": 0.007547351227608045, ""200000"": 0.007339008060324186}",,,
mackey_glass,,18.0,0,0.007245651215192244,0.00011043708417695462,0.007195346540057319,True,"{""12500"": 0.007446165581606827, ""25000"": 0.007045688432389919, ""50000"": 0.00723565943965718, ""100000"": 0.007195346540057319, ""200000"": 0.007245651215192244}",,,
mackey_glass,,18.0,2,0.0072008253092325815,8.735426968507549e-05,0.007132434358302927,True,"{""12500"": 0.007298491098931603, ""25000"": 0.007280753185057915, ""50000"": 0.007203474949734341, ""100000"": 0.007132434358302927, ""200000"": 0.0072008253092325815}",,,
mackey_glass,,20.0,0,0.0076221770759533,0.00014975993006243184,0.00766245243877949,True,"{""12500"": 0.007716785254200297, ""25000"": 0.00783206770730084, ""50000"": 0.007762535849808975, ""100000"": 0.00766245243877949, ""200000"": 0.0076221770759533}",,,
mackey_glass,,20.0,2,0.007650049961145081,0.00013937330996515056,0.0076703066742878365,True,"{""12500"": 0.007914252931408202, ""25000"": 0.00770061030080891, ""50000"": 0.007904538517691333, ""100000"": 0.0076703066742878365, ""200000"": 0.007650049961145081}",,,
mackey_glass,,20.0,1,0.007577158606410805,0.00012406776910354206,0.007680735691425811,True,"{""12500"": 0.008075449620838568, ""25000"": 0.007611646007340852, ""50000"": 0.007774041656352327, ""100000"": 0.007680735691425811, ""200000"": 0.007577158606410805}",,,
mackey_glass,,23.0,0,0.009409852083642431,9.742330331174336e-05,0.009353637394272541,True,"{""12500"": 0.009844959489674482, ""25000"": 0.009554867962080367, ""50000"": 0.009451494738874999, ""100000"": 0.009353637394272541, ""200000"": 0.009409852083642431}",,,
mackey_glass,,23.0,2,0.009625313675674698,0.00015061391781771283,0.00964615778732491,True,"{""12500"": 0.010393476223055295, ""25000"": 0.009007367536960123, ""50000"": 0.009187924053363104, ""100000"": 0.00964615778732491, ""200000"": 0.009625313675674698}",,,
mackey_glass,,26.0,1,0.009788468065545956,0.00014621926272140548,0.00955828422895276,True,"{""12500"": 0.008864085444111014, ""25000"": 0.008889788545716969, ""50000"": 0.00917217584917137, ""100000"": 0.00955828422895276, ""200000"": 0.009788468065545956}",,,
mackey_glass,,23.0,1,0.009482084700007769,0.00012193315819957054,0.009335616377011293,True,"{""12500"": 0.009469582850110942, ""25000"": 0.009392336450692314, ""50000"": 0.009392032480942357, ""100000"": 0.009335616377011293, ""200000"": 0.009482084700007769}",,,
mackey_glass,,26.0,0,0.009309710386920113,0.0002179965710009466,0.009129556983535255,True,"{""12500"": 0.00790835586085073, ""25000"": 0.008790630571785838, ""50000"": 0.008691544041334851, ""100000"": 0.009129556983535255, ""200000"": 0.009309710386920113}",,,
mackey_glass,,30.0,0,0.006769574098729375,0.00014546446337033626,0.006517884174589713,True,"{""12500"": 0.00658442491135979, ""25000"": 0.006413374010867386, ""50000"": 0.0064861419153394995, ""100000"": 0.006517884174589713, ""200000"": 0.006769574098729375}",,,
mackey_glass,,30.0,2,0.007245981435097171,0.00018667802069731953,0.0073627068322698105,True,"{""12500"": 0.008356815680038997, ""25000"": 0.008192034842278642, ""50000"": 0.007857435656368261, ""100000"": 0.0073627068322698105, ""200000"": 0.007245981435097171}",,,
mackey_glass,,26.0,2,0.009360477384273484,0.0001346489060298699,0.009365654489499232,True,"{""12500"": 0.009630573662678693, ""25000"": 0.009812250835278579, ""50000"": 0.009505776097775887, ""100000"": 0.009365654489499232, ""200000"": 0.009360477384273484}",,,
mackey_glass,,30.0,1,0.006994878304778715,0.00018069127759457994,0.006794418040003022,True,"{""12500"": 0.007300194726792802, ""25000"": 0.007298182020544391, ""50000"": 0.006464000605637892, ""100000"": 0.006794418040003022, ""200000"": 0.006994878304778715}",,,
coupled_vdp,,,0,1.528130026554793e-05,0.001836960296365834,-0.0010463057341379334,False,"{""998"": -0.004206422621598991, ""1997"": -0.002091322256674859, ""3995"": -0.0010463057341379334, ""7990"": 1.528130026554793e-05}",,0.0,1.5
coupled_vdp,,,1,0.00016046799597152286,0.0014500581660281161,-4.742161173367012e-05,False,"{""998"": 0.0022305526450708425, ""1997"": 0.0002798717109065942, ""3995"": -4.742161173367012e-05, ""7990"": 0.00016046799597152286}",,0.0,1.5
coupled_vdp,,,2,-3.2827134985362585e-05,0.0012420678531433094,-0.00029766999926552197,False,"{""998"": 0.000523930399283603, ""1997"": -0.00010886364987945662, ""3995"": -0.00029766999926552197, ""7990"": -3.2827134985362585e-05}",,0.0,1.5
coupled_vdp,,,0,-0.10437090057952997,0.0014773709481528045,-0.10396826785903553,True,"{""998"": -0.10162138384220924, ""1997"": -0.10428892895947962, ""3995"": -0.10396826785903553, ""7990"": -0.10437090057952997}",,2.0,1.5
coupled_vdp,,,1,-0.10429157346764817,0.0013880054753700338,-0.10428391435171003,True,"{""998"": -0.1026567823607386, ""1997"": -0.10441647601885631, ""3995"": -0.10428391435171003, ""7990"": -0.10429157346764817}",,2.0,1.5
coupled_vdp,,,0,-0.13312454008701913,0.0017472483265271307,-0.13281986156955722,True,"{""998"": -0.13202216820675236, ""1997"": -0.1323043661187718, ""3995"": -0.13281986156955722, ""7990"": -0.13312454008701913}",,2.0,2.1
coupled_vdp,,,2,-0.10357705911014749,0.0013965669786878095,-0.10468152904379417,True,"{""998"": -0.10413540429512996, ""1997"": -0.10475641252091329, ""3995"": -0.10468152904379417, ""7990"": -0.10357705911014749}",,2.0,1.5
coupled_vdp,,,1,-0.13323822548115027,0.0017749045468175113,-0.13282746185743566,True,"{""998"": -0.13246001583634304, ""1997"": -0.13031906691016124, ""3995"": -0.13282746185743566, ""7990"": -0.13323822548115027}",,2.0,2.1
coupled_vdp,,,1,0.08569071187972123,0.0036686639417683334,0.08985490294734733,True,"{""998"": 0.10320999498247548, ""1997"": 0.09846128927768583, ""3995"": 0.08985490294734733, ""7990"": 0.08569071187972123}",,2.0,2.7
coupled_vdp,,,0,0.08213239077993832,0.002694955001701099,0.08347653804946202,True,"{""998"": 0.08271457417737581, ""1997"": 0.08145673316299187, ""3995"": 0.08347653804946202, ""7990"": 0.08213239077993832}",,2.0,2.7
coupled_vdp,,,2,-0.13355952814089173,0.0013124284519094415,-0.13431596367488066,True,"{""998"": -0.13755777925265733, ""1997"": -0.13545397558063887, ""3995"": -0.13431596367488066, ""7990"": -0.13355952814089173}",,2.0,2.1
coupled_vdp,,,2,0.08723661332225777,0.0028154859076887327,0.08341719976153131,True,"{""998"": 0.09354415316287684, ""1997"": 0.08582489807004096, ""3995"": 0.08341719976153131, ""7990"": 0.08723661332225777}",,2.0,2.7
coupled_vdp,,,0,-0.13757194622028293,0.0015521998264053912,-0.1368813799252716,True,"{""998"": -0.13682427147404996, ""1997"": -0.13671376264586407, ""3995"": -0.1368813799252716, ""7990"": -0.13757194622028293}",,2.0,4.0
coupled_vdp,,,0,-0.1596071498642294,0.0013668239098597603,-0.15967008678215516,True,"{""998"": -0.16466524723857792, ""1997"": -0.16177718052874107, ""3995"": -0.15967008678215516, ""7990"": -0.1596071498642294}",,2.0,3.3
coupled_vdp,,,1,-0.1584001689180152,0.001424562199114069,-0.15857365413747365,True,"{""998"": -0.15588760216579337, ""1997"": -0.15792405137544757, ""3995"": -0.15857365413747365, ""7990"": -0.1584001689180152}",,2.0,3.3
coupled_vdp,,,2,-0.15933911178312296,0.0013772527506514388,-0.15924811079669624,True,"{""998"": -0.16259523179764668, ""1997"": -0.16074575670866068, ""3995"": -0.15924811079669624, ""7990"": -0.15933911178312296}",,2.0,3.3
coupled_vdp,,,1,-0.1375407929909186,0.0002231374873703651,-0.13758338270184634,True,"{""998"": -0.13793120090742392, ""1997"": -0.13770264644193633, ""3995"": -0.13758338270184634, ""7990"": -0.1375407929909186}",,2.0,4.0
coupled_vdp,,,2,-0.13773527651614642,0.001438858776880225,-0.13818236849959747,True,"{""998"": -0.14078152947830727, ""1997"": -0.13904940423047463, ""3995"": -0.13818236849959747, ""7990"": -0.13773527651614642}",,2.0,4.0
coupled_vdp,,,0,-0.0003414735817955925,0.0014887727327626203,-0.00018238078268010928,False,"{""998"": -0.0008807273876229654, ""1997"": -0.00011791195018222473, ""3995"": -0.00018238078268010928, ""7990"": -0.0003414735817955925}",,2.0,5.6
coupled_vdp,,,1,5.155662355647095e-05,0.0016186144386848387,0.0001992558738859218,False,"{""998"": 0.00026305193247888137, ""1997"": 0.00012878796028636223, ""3995"": 0.0001992558738859218, ""7990"": 5.155662355647095e-05}",,2.0,5.6
coupled_vdp,,,2,-0.00015683264821336553,0.0017126139732524565,-0.0003824221089603372,False,"{""998"": 0.0002290744215593053, ""1997"": 0.00018334422118742617, ""3995"": -0.0003824221089603372, ""7990"": -0.00015683264821336553}",,2.0,5.6
coupled_vdp,,,0,-0.20479930405431482,0.001865656825851431,-0.20551062866389383,True,"{""998"": -0.20596510058245593, ""1997"": -0.20546159121376886, ""3995"": -0.20551062866389383, ""7990"": -0.20479930405431482}",,4.0,1.5
coupled_vdp,,,2,-0.20500346396775807,0.0018858792015141916,-0.20448217382748893,True,"{""998"": -0.20486506893003809, ""1997"": -0.2021872927919348, ""3995"": -0.20448217382748893, ""7990"": -0.20500346396775807}",,4.0,1.5
coupled_vdp,,,1,-0.20583192124841498,0.0010800244703492968,-0.20622488843681064,True,"{""998"": -0.20406953951288262, ""1997"": -0.20688713728864488, ""3995"": -0.20622488843681064, ""7990"": -0.20583192124841498}",,4.0,1.5
coupled_vdp,,,0,-0.13126913269247203,0.0013976128258563643,-0.13163605616471316,True,"{""998"": -0.13155348484837875, ""1997"": -0.1317296060597676, ""3995"": -0.13163605616471316, ""7990"": -0.13126913269247203}",,4.0,2.1
coupled_vdp,,,1,-0.13037412381581528,0.0015843207274515853,-0.1313205777698826,True,"{""998"": -0.1320061200161011, ""1997"": -0.13162482004359677, ""3995"": -0.1313205777698826, ""7990"": -0.13037412381581528}",,4.0,2.1
coupled_vdp,,,2,-0.13129556514767388,0.0019782115382555128,-0.13095528738028894,True,"{""998"": -0.12966651139933671, ""1997"": -0.13055237409782994, ""3995"": -0.13095528738028894, ""7990"": -0.13129556514767388}",,4.0,2.1
coupled_vdp,,,0,-0.1402914016820691,0.0012341065810207662,-0.1400396425486961,True,"{""998"": -0.13953768316394163, ""1997"": -0.13977658246284258, ""3995"": -0.1400396425486961, ""7990"": -0.1402914016820691}",,4.0,2.7
coupled_vdp,,,1,-0.14005301494389866,0.0019262740311594825,-0.1411902618323042,True,"{""998"": -0.1441473121505396, ""1997"": -0.14108305603423607, ""3995"": -0.1411902618323042, ""7990"": -0.14005301494389866}",,4.0,2.7
coupled_vdp,,,0,-0.14572057031945593,0.0012472683486693965,-0.14622097216636362,True,"{""998"": -0.14950459263183163, ""1997"": -0.14734906044943466, ""3995"": -0.14622097216636362, ""7990"": -0.14572057031945593}",,4.0,3.3
coupled_vdp,,,2,-0.14033405955068715,0.0014551440205337973,-0.14013955021175198,True,"{""998"": -0.13991075135287967, ""1997"": -0.1402411836341719, ""3995"": -0.14013955021175198, ""7990"": -0.14033405955068715}",,4.0,2.7
coupled_vdp,,,1,-0.1450093752330799,0.0014278531877535323,-0.14467816767592664,True,"{""998"": -0.1432679359491601, ""1997"": -0.1443087797699346, ""3995"": -0.14467816767592664, ""7990"": -0.1450093752330799}",,4.0,3.3
coupled_vdp,,,2,-0.14587547731904318,0.00140343556141256,-0.14659374202191044,True,"{""998"": -0.1508653473217048, ""1997"": -0.1480368552613529, ""3995"": -0.14659374202191044, ""7990"": -0.14587547731904318}",,4.0,3.3
coupled_vdp,,,0,0.002910659737145933,0.0018565991619682552,0.006277971801225075,False,"{""998"": 0.0035250761353924852, ""1997"": 0.0036935801228805457, ""3995"": 0.006277971801225075, ""7990"": 0.002910659737145933}",,4.0,4.0
coupled_vdp,,,1,0.0028680638057793305,0.001979869721102196,0.005788187284549186,False,"{""998"": 0.0014669678793608504, ""1997"": 0.004254915171682235, ""3995"": 0.005788187284549186, ""7990"": 0.0028680638057793305}",,4.0,4.0
coupled_vdp,,,2,0.0027780132736885147,0.002132104829672418,0.005027417749069461,False,"{""998"": -0.0021032355105788827, ""1997"": 0.005193815677229542, ""3995"": 0.005027417749069461, ""7990"": 0.0027780132736885147}",,4.0,4.0
coupled_vdp,,,0,-0.00012739721366569182,0.0017955777650593323,-0.0003188477007665682,False,"{""998"": 0.0032017900094548236, ""1997"": -0.0004977651244988776, ""3995"": -0.0003188477007665682, ""7990"": -0.00012739721366569182}",,4.0,5.6
coupled_vdp,,,1,-6.1663793343412e-05,0.0016948508780163115,-0.0007020065717451136,False,"{""998"": -0.0024219266354881604, ""1997"": -0.0004059227008662871, ""3995"": -0.0007020065717451136, ""7990"": -6.1663793343412e-05}",,4.0,5.6
coupled_vdp,,,2,0.000424467374106967,0.0014736377087092906,0.00030126007109202346,False,"{""998"": -0.0019505149365648877, ""1997"": -0.00034057299108009503, ""3995"": 0.00030126007109202346, ""7990"": 0.000424467374106967}",,4.0,5.6
coupled_vdp,,,0,-0.23065870970136834,0.0009112432415476626,-0.23126729800060986,True,"{""998"": -0.23016071360627724, ""1997"": -0.23097612046307128, ""3995"": -0.23126729800060986, ""7990"": -0.23065870970136834}",,6.0,1.5
coupled_vdp,,,1,-0.23136178266201912,0.0018051557875881892,-0.23174438063230254,True,"{""998"": -0.2297943129133699, ""1997"": -0.23193077909351437, ""3995"": -0.23174438063230254, ""7990"": -0.23136178266201912}",,6.0,1.5
coupled_vdp,,,2,-0.2315553099074056,0.0009009979285738003,-0.2300328032145658,True,"{""998"": -0.232056318703988, ""1997"": -0.2286047558681943, ""3995"": -0.2300328032145658, ""7990"": -0.2315553099074056}",,6.0,1.5
coupled_vdp,,,0,-0.14595356370091414,0.0013562796321972147,-0.14640933172745701,True,"{""998"": -0.14786039672539308, ""1997"": -0.14750027664436444, ""3995"": -0.14640933172745701, ""7990"": -0.14595356370091414}",,6.0,2.1
coupled_vdp,,,1,-0.14611016991811845,0.001307568521138291,-0.1460208522198632,True,"{""998"": -0.14871530769982005, ""1997"": -0.1465649476564391, ""3995"": -0.1460208522198632, ""7990"": -0.14611016991811845}",,6.0,2.1
coupled_vdp,,,2,-0.14576539480185965,0.0015144477311660833,-0.1458143499667515,True,"{""998"": -0.14541920756272486, ""1997"": -0.1448681262296189, ""3995"": -0.1458143499667515, ""7990"": -0.14576539480185965}",,6.0,2.1
coupled_vdp,,,0,-0.1325584128464952,0.0013170429089135467,-0.13236568722359188,True,"{""998"": -0.13180033784516604, ""1997"": -0.13192429455195562, ""3995"": -0.13236568722359188, ""7990"": -0.1325584128464952}",,6.0,2.7
coupled_vdp,,,1,-0.13202187384495587,0.0019892807558200493,-0.13289943936400916,True,"{""998"": -0.1338553523917779, ""1997"": -0.13245990605472044, ""3995"": -0.13289943936400916, ""7990"": -0.13202187384495587}",,6.0,2.7
coupled_vdp,,,2,-0.1324969454906941,0.0016989866274040896,-0.13232948455372387,True,"{""998"": -0.13164050082963163, ""1997"": -0.13212536643444303, ""3995"": -0.13232948455372387, ""7990"": -0.1324969454906941}",,6.0,2.7
coupled_vdp,,,0,0.07451115435802702,0.0030520692192303263,0.07244895171613473,True,"{""998"": 0.07195574188901432, ""1997"": 0.07367829457585046, ""3995"": 0.07244895171613473, ""7990"": 0.07451115435802702}",,6.0,3.3
coupled_vdp,,,1,0.07725517707338378,0.004697693891945226,0.07885601430698762,True,"{""998"": 0.07631096205885458, ""1997"": 0.07911313914282252, ""3995"": 0.07885601430698762, ""7990"": 0.07725517707338378}",,6.0,3.3
coupled_vdp,,,2,0.08456859494498692,0.0040175722705086655,0.08367600801111325,True,"{""998"": 0.08303605296685511, ""1997"": 0.08219527034841512, ""3995"": 0.08367600801111325, ""7990"": 0.08456859494498692}",,6.0,3.3
coupled_vdp,,,0,0.10255262627211342,0.0045894813308574485,0.09782617489315282,True,"{""998"": 0.08909343224796767, ""1997"": 0.09060489154340413, ""3995"": 0.09782617489315282, ""7990"": 0.10255262627211342}",,6.0,4.0
coupled_vdp,,,1,0.10336977435740909,0.004677801805020781,0.10395655022325048,True,"{""998"": 0.11707340587305946, ""1997"": 0.11482394292171885, ""3995"": 0.10395655022325048, ""7990"": 0.10336977435740909}",,6.0,4.0
coupled_vdp,,,2,0.09763662103095244,0.0037003363423615447,0.09565885139042489,True,"{""998"": 0.09912217499730543, ""1997"": 0.10450113208857342, ""3995"": 0.09565885139042489, ""7990"": 0.09763662103095244}",,6.0,4.0
coupled_vdp,,,0,-0.04874833458209431,0.0012077015845960767,-0.04883061002613242,True,"{""998"": -0.04620146807016664, ""1997"": -0.048028456780239724, ""3995"": -0.04883061002613242, ""7990"": -0.04874833458209431}",,6.0,5.6
coupled_vdp,,,1,-0.04846337548841996,0.001233306309237241,-0.048788224830234574,True,"{""998"": -0.04864439151521198, ""1997"": -0.04856120117519975, ""3995"": -0.048788224830234574, ""7990"": -0.04846337548841996}",,6.0,5.6
coupled_vdp,,,2,-0.049903394801575574,0.001608937497363329,-0.05028813192137151,True,"{""998"": -0.05853110001068581, ""1997"": -0.051003815804272684, ""3995"": -0.05028813192137151, ""7990"": -0.049903394801575574}",,6.0,5.6
coupled_vdp,,,0,-0.2706826656015346,0.001183644729266561,-0.27052002512861817,True,"{""998"": -0.26885820224400114, ""1997"": -0.27023322568138114, ""3995"": -0.27052002512861817, ""7990"": -0.2706826656015346}",,8.0,1.5
coupled_vdp,,,1,-0.27008951063492864,0.002117693903733411,-0.2708223649764544,True,"{""998"": -0.26590393239383786, ""1997"": -0.2708451825118545, ""3995"": -0.2708223649764544, ""7990"": -0.27008951063492864}",,8.0,1.5
coupled_vdp,,,2,-0.2707635597661669,0.001165893337164083,-0.27087245711250857,True,"{""998"": -0.26997005759079784, ""1997"": -0.2709445446719344, ""3995"": -0.27087245711250857, ""7990"": -0.2707635597661669}",,8.0,1.5
coupled_vdp,,,0,-0.15728445238618124,0.001125635095435809,-0.15699945016068326,True,"{""998"": -0.15456725356951143, ""1997"": -0.1576104219642877, ""3995"": -0.15699945016068326, ""7990"": -0.15728445238618124}",,8.0,2.1
coupled_vdp,,,1,-0.15773069237498638,0.0008938992612726383,-0.15867125600877874,True,"{""998"": -0.16186309303496463, ""1997"": -0.15805407148983375, ""3995"": -0.15867125600877874, ""7990"": -0.15773069237498638}",,8.0,2.1
coupled_vdp,,,2,-0.15786585902841596,0.0009620107363164844,-0.159077029670708,True,"{""998"": -0.16196220270701725, ""1997"": -0.1607243127699044, ""3995"": -0.159077029670708, ""7990"": -0.15786585902841596}",,8.0,2.1
coupled_vdp,,,0,-0.1305993463222341,0.0017917154978863128,-0.13035913219281048,True,"{""998"": -0.12933438751197238, ""1997"": -0.13007933136960406, ""3995"": -0.13035913219281048, ""7990"": -0.1305993463222341}",,8.0,2.7
coupled_vdp,,,1,-0.13050087317184972,0.0017306271908474093,-0.13169930575005687,True,"{""998"": -0.13474461314277938, ""1997"": -0.13174794620497723, ""3995"": -0.13169930575005687, ""7990"": -0.13050087317184972}",,8.0,2.7
coupled_vdp,,,2,-0.1305407496289957,0.0019544660577095582,-0.130328047234888,True,"{""998"": -0.1291991631035467, ""1997"": -0.13027500856819946, ""3995"": -0.130328047234888, ""7990"": -0.1305407496289957}",,8.0,2.7
coupled_vdp,,,0,0.07701225061385712,0.0037943892920285906,0.06998930630192272,True,"{""998"": 0.06932998691158816, ""1997"": 0.06742170737418655, ""3995"": 0.06998930630192272, ""7990"": 0.07701225061385712}",,8.0,3.3
coupled_vdp,,,1,0.07569799838878516,0.0036071210800061562,0.07357024616012738,True,"{""998"": 0.07721795066982197, ""1997"": 0.07804475348047368, ""3995"": 0.07357024616012738, ""7990"": 0.07569799838878516}",,8.0,3.3
coupled_vdp,,,2,0.07252100914100815,0.004355526472958629,0.07227910519926121,True,"{""998"": 0.05279262273120749, ""1997"": 0.06587039556758044, ""3995"": 0.07227910519926121, ""7990"": 0.07252100914100815}",,8.0,3.3
coupled_vdp,,,1,-0.310234227389949,0.0015209535614473329,-0.31133362176238194,True,"{""998"": -0.3165628505258891, ""1997"": -0.3130793459240138, ""3995"": -0.31133362176238194, ""7990"": -0.310234227389949}",,8.0,4.0
coupled_vdp,,,0,-0.3094597690976795,0.0018602211557647113,-0.3092891481096525,True,"{""998"": -0.3087666514966883, ""1997"": -0.30910898951738686, ""3995"": -0.3092891481096525, ""7990"": -0.3094597690976795}",,8.0,4.0
coupled_vdp,,,2,-0.31070521647473054,0.0017726808210566537,-0.31106287707100494,True,"{""998"": -0.3171517003308936, ""1997"": -0.31334203565073604, ""3995"": -0.31106287707100494, ""7990"": -0.31070521647473054}",,8.0,4.0
coupled_vdp,,,0,-0.1403449265093398,0.0012495947787414623,-0.14035513117685955,True,"{""998"": -0.14012080840866878, ""1997"": -0.14036266409117765, ""3995"": -0.14035513117685955, ""7990"": -0.1403449265093398}",,8.0,5.6
coupled_vdp,,,1,-0.14066096674492476,0.0013687281236780592,-0.14095483384778018,True,"{""998"": -0.14140340418836447, ""1997"": -0.140693790754193, ""3995"": -0.14095483384778018, ""7990"": -0.14066096674492476}",,8.0,5.6
coupled_vdp,,,2,-0.14056455542498497,0.0015013440895526712,-0.14048300534420688,True,"{""998"": -0.13747136650251918, ""1997"": -0.14072463063931262, ""3995"": -0.14048300534420688, ""7990"": -0.14056455542498497}",,8.0,5.6
coupled_vdp,,,0,-0.3282784334391189,0.0016155913388514246,-0.32809693770176307,True,"{""998"": -0.32594777190489693, ""1997"": -0.32783245473245715, ""3995"": -0.32809693770176307, ""7990"": -0.3282784334391189}",,10.0,1.5
coupled_vdp,,,1,-0.3277982768867446,0.001780842429837237,-0.32834880464649524,True,"{""998"": -0.32339010101438903, ""1997"": -0.32834454704035926, ""3995"": -0.32834880464649524, ""7990"": -0.3277982768867446}",,10.0,1.5
coupled_vdp,,,2,-0.3282475090443606,0.0016103902741121088,-0.32839048893091943,True,"{""998"": -0.3262326319264142, ""1997"": -0.32842692156283915, ""3995"": -0.32839048893091943, ""7990"": -0.3282475090443606}",,10.0,1.5
coupled_vdp,,,0,-0.15399977392993414,0.001800076027160642,-0.15374160673623652,True,"{""998"": -0.15229793974263972, ""1997"": -0.1527606364284561, ""3995"": -0.15374160673623652, ""7990"": -0.15399977392993414}",,10.0,2.1
coupled_vdp,,,1,-0.15419905951964127,0.0016835106318735954,-0.1537850379787647,True,"{""998"": -0.15442830011065492, ""1997"": -0.1514993379826837, ""3995"": -0.1537850379787647, ""7990"": -0.15419905951964127}",,10.0,2.1
coupled_vdp,,,2,-0.15419692078838046,0.0014030450267023585,-0.15413535368518003,True,"{""998"": -0.1569643500068157, ""1997"": -0.15534649697630018, ""3995"": -0.15413535368518003, ""7990"": -0.15419692078838046}",,10.0,2.1
coupled_vdp,,,0,-0.13007584077402803,0.0014358607032847383,-0.12976059360784659,True,"{""998"": -0.13003133625432228, ""1997"": -0.12937859370657728, ""3995"": -0.12976059360784659, ""7990"": -0.13007584077402803}",,10.0,2.7
coupled_vdp,,,1,-0.12960526905248054,0.0012202762567239912,-0.13002886849061182,True,"{""998"": -0.1298961978998405, ""1997"": -0.1300023279323403, ""3995"": -0.13002886849061182, ""7990"": -0.12960526905248054}",,10.0,2.7
coupled_vdp,,,2,-0.13005568121033262,0.0012290542426979475,-0.12947946406198563,True,"{""998"": -0.1299008872569598, ""1997"": -0.12956762906352848, ""3995"": -0.12947946406198563, ""7990"": -0.13005568121033262}",,10.0,2.7
coupled_vdp,,,0,-0.017343724689702602,0.0017971115200247144,-0.01784209378949982,True,"{""998"": -0.018458861666260134, ""1997"": -0.017807517901057515, ""3995"": -0.01784209378949982, ""7990"": -0.017343724689702602}",,10.0,3.3
coupled_vdp,,,1,-0.017644984699330693,0.0017053971841909355,-0.01717135837331311,True,"{""998"": -0.016610645793606334, ""1997"": -0.018839719889367387, ""3995"": -0.01717135837331311, ""7990"": -0.017644984699330693}",,10.0,3.3
coupled_vdp,,,2,-0.017231203858532485,0.002233025191843095,-0.01557993161108724,True,"{""998"": -0.017979931840282785, ""1997"": -0.01705353539031504, ""3995"": -0.01557993161108724, ""7990"": -0.017231203858532485}",,10.0,3.3
coupled_vdp,,,0,-0.0836219975583721,0.0011547077440523994,-0.08385073321207974,True,"{""998"": -0.08493796595904099, ""1997"": -0.08422100407212861, ""3995"": -0.08385073321207974, ""7990"": -0.0836219975583721}",,10.0,4.0
coupled_vdp,,,1,-0.08385160443948385,0.001376807100543958,-0.08402231534619324,True,"{""998"": -0.08504318001797835, ""1997"": -0.08436837997546683, ""3995"": -0.08402231534619324, ""7990"": -0.08385160443948385}",,10.0,4.0
coupled_vdp,,,2,-0.0843681186959079,0.0022754361385658615,-0.0848165547420233,True,"{""998"": -0.08839100756306449, ""1997"": -0.08600790106739004, ""3995"": -0.0848165547420233, ""7990"": -0.0843681186959079}",,10.0,4.0
coupled_vdp,,,0,-0.13913639735656244,0.0015297156946669516,-0.1391426180713232,True,"{""998"": -0.13896448251816684, ""1997"": -0.13916530294941662, ""3995"": -0.1391426180713232, ""7990"": -0.13913639735656244}",,10.0,5.6
coupled_vdp,,,1,-0.13943435639250543,0.0013755816983663594,-0.1397397484034058,True,"{""998"": -0.14010915102667065, ""1997"": -0.13938326100584603, ""3995"": -0.1397397484034058, ""7990"": -0.13943435639250543}",,10.0,5.6
coupled_vdp,,,2,-0.13928263265253135,0.0012125029351734236,-0.1390950837968868,True,"{""998"": -0.1334008060874075, ""1997"": -0.13919043885363153, ""3995"": -0.1390950837968868, ""7990"": -0.13928263265253135}",,10.0,5.6
coupled_vdp,,,0,7.271960204169917e-05,0.0017597124926178641,5.726512046585479e-05,True,"{""998"": 0.0043077103742606634, ""1997"": 0.0024522081925215256, ""3995"": 5.726512046585479e-05, ""7990"": 7.271960204169917e-05}",,5.45,5.6
coupled_vdp,,,1,-0.0008826540141536648,0.0018076063951581658,-0.00044957772025198067,False,"{""998"": -0.005423004592445541, ""1997"": -0.0024552567119978754, ""3995"": -0.00044957772025198067, ""7990"": -0.0008826540141536648}",,5.45,5.6
coupled_vdp,,,2,0.0001265557052639497,0.0016849782321731344,-0.0005528786804687668,False,"{""998"": -0.0003497233062131056, ""1997"": 0.0019012622277325376, ""3995"": -0.0005528786804687668, ""7990"": 0.0001265557052639497}",,5.45,5.6
coupled_vdp,,,0,0.01316232140507103,0.0029465809921359145,0.016876122441712535,False,"{""998"": 0.020868135459582604, ""1997"": 0.011430425603094955, ""3995"": 0.016876122441712535, ""7990"": 0.01316232140507103}",,8.625,2.1
coupled_vdp,,,2,0.0131556893907425,0.0036724393695721537,0.010445293038581663,True,"{""998"": 0.010457872589751926, ""1997"": 0.009253777082603616, ""3995"": 0.010445293038581663, ""7990"": 0.0131556893907425}",,8.625,2.1
coupled_vdp,,,1,0.01061774525968,0.002181647407631392,0.00778775923515181,False,"{""998"": 0.0067983115317673, ""1997"": 0.006608287923713145, ""3995"": 0.00778775923515181, ""7990"": 0.01061774525968}",,8.625,2.1
coupled_vdp,,,0,-0.08120029351724127,0.0016101034716748184,-0.07961761542649462,True,"{""998"": -0.0782324548699886, ""1997"": -0.07756747424397772, ""3995"": -0.07961761542649462, ""7990"": -0.08120029351724127}",,9.6,2.1
coupled_vdp,,,1,-0.0815027926337339,0.0018451348755228354,-0.08071824655652439,True,"{""998"": -0.08201390578735343, ""1997"": -0.0814828810063533, ""3995"": -0.08071824655652439, ""7990"": -0.0815027926337339}",,9.6,2.1
coupled_vdp,,,2,-0.08157690146011794,0.0016448742081465757,-0.08237639434092127,True,"{""998"": -0.08420484035269897, ""1997"": -0.08245255386347616, ""3995"": -0.08237639434092127, ""7990"": -0.08157690146011794}",,9.6,2.1
