J_W,J_W0,W,W0,algo_random_seed,analysis_error,coverage_radius,data_seed,embedding_dimension,embedding_not_saturated,experiment,lle_embedding_not_saturated,lle_m,lle_n_embedded_points,lle_per_beat,lle_r2,lle_reason,lle_tau,lle_theiler_beats,lle_valid,lle_valid_fit_quality,map_mode,n_embedded_points,n_in_tube,n_runtime_warnings,n_surrogates_requested,n_surrogates_used,p_value_finite,peak_threshold,period1_status,rJ,seed,signal_mean,signal_std,significance_assessed,significance_not_assessed_reason,significance_requested,significant_peak_count,significant_peak_coverage,significant_peaks_per_point,snr_db,source_faithful_map,source_peak_count,source_peak_coverage,source_peaks_per_point,source_rJ,source_stability_available_count,source_stability_unstable_count,surrogates,system,task_id,upo_failure,upo_no_peak_status,upo_significance_status,upo_status,upo_tau,variant,verification_assessed,verification_failed_count,verification_gated_count,verified_unstable_count,verified_unstable_coverage,verified_unstable_per_point,window_length,runtime_s,upo_direct_embedding_dimension,upo_direct_status
,,,,20260823,,,2784273251,,False,core,True,13.0,116,,,insufficient divergence points,1.0,1.0,False,False,one_sample,0,,1,50,,,,,,0,1.1246374911765966,4.440892098500626e-16,False,,True,,,,,True,,,,,,,50,constant,core:00000,True,False,not_assessed_detector_failure,constant_data,,,False,,,,,,128,0.12797402599971974,,
,,,,20260823,,,1486914740,,False,core,True,13.0,116,,,insufficient divergence points,1.0,1.0,False,False,one_sample,0,,1,50,,,,,,1,0.5355557899611789,1.1102230246251565e-16,False,,True,,,,,True,,,,,,,50,constant,core:00001,True,False,not_assessed_detector_failure,constant_data,,,False,,,,,,128,0.13579623500118032,,
,,,,20260823,,,3173235016,,False,core,True,13.0,116,,,insufficient divergence points,1.0,1.0,False,False,one_sample,0,,1,50,,,,,,2,0.7391863102333899,1.1102230246251565e-16,False,,True,,,,,True,,,,,,,50,constant,core:00002,True,False,not_assessed_detector_failure,constant_data,,,False,,,,,,128,0.10958880399994086,,
0.8,0.5,87.12,139.23000000000002,20260823,,1.0632686277880623,1594937684,6.0,False,core,True,13.0,80,0.03592209005946899,0.07204688801611381,,4.0,4.0,True,False,one_sample,123,1220.0,0,50,50.0,0.803921568627451,5.0,ok,0.6257272139625081,0,-0.0036036311221577452,0.9322252386207422,True,,True,0.0,0.0,0.0,,True,3.0,1.0,0.024390243902439025,0.6257272139625081,3.0,3.0,50,white_noise,core:00003,False,False,assessed,ok,1.0,,True,3.0,0.0,0.0,0.0,0.0,128,4.812600846998976,,
0.4,0.5,251.33999999999997,224.73,20260823,,1.796533621181179,2995014250,11.0,False,core,False,9.0,96,0.043146535978704874,0.10505497991218526,,4.0,4.0,True,False,one_sample,118,1170.0,0,50,50.0,0.4117647058823529,5.0,ok,1.118408757175277,1,0.09622168659620972,1.0004493907910281,True,,True,0.0,0.0,0.0,,True,2.0,1.0,0.01694915254237288,1.118408757175277,2.0,2.0,50,white_noise,core:00004,False,False,assessed,ok,1.0,,True,2.0,0.0,0.0,0.0,0.0,128,9.987755851001566,,
,,,,20260823,ValueError: Insufficient embedded points after reconstruction.,,2721365198,,False,core,False,,0,,,analyze_segment raised,,,False,False,one_sample,0,,0,50,,,,,,2,-0.06476996673104166,1.0474297594052524,False,,True,,,,,True,,,,,,,50,white_noise,core:00005,True,False,not_assessed_detector_failure,analysis_error,,,False,,,,,,128,11.172895111001708,10.0,ok
0.1,0.5,304.94,191.21,20260823,,1.3380360920422385,540523648,8.0,False,core,True,13.0,56,0.09285675590792715,0.5610091563567621,,6.0,4.0,True,False,one_sample,121,1200.0,0,50,50.0,0.11764705882352941,5.0,ok,1.594791067412792,3,-0.03182599108487334,0.9896445162037086,True,,True,0.0,0.0,0.0,,True,2.0,1.0,0.01652892561983471,1.594791067412792,2.0,2.0,50,white_noise,core:00006,False,False,assessed,ok,1.0,,True,2.0,0.0,0.0,0.0,0.0,128,7.569375194001623,,
0.96,0.5,69.6,131.27999999999997,20260823,,1.0486341210358747,4018061330,6.0,False,core,False,9.0,80,0.07305911718219052,0.34274724962309144,,6.0,3.0,True,False,one_sample,123,1220.0,0,50,50.0,0.9607843137254902,5.0,ok,0.530164533820841,4,0.04905671561795993,1.0649504745320113,True,,True,0.0,0.0,0.0,,True,2.0,1.0,0.016260162601626018,0.530164533820841,2.0,1.0,50,white_noise,core:00007,False,False,assessed,ok,1.0,,True,2.0,0.0,0.0,0.0,0.0,128,4.839575504000095,,
0.62,0.5,164.18,195.36,20260823,,1.1251382905603264,3334380299,7.0,False,core,False,8.0,107,0.09980183957813334,0.23334816726034047,,3.0,4.0,True,False,one_sample,122,1210.0,0,50,50.0,0.6274509803921569,5.0,ok,0.8403972153972153,5,0.028887002319291782,1.0200241659768685,True,,True,0.0,0.0,0.0,,True,2.0,1.0,0.01639344262295082,0.8403972153972153,2.0,2.0,50,white_noise,core:00008,False,False,assessed,ok,1.0,,True,2.0,0.0,0.0,0.0,0.0,128,5.568617818998973,,
,,,,20260823,,,3073052955,13.0,True,core,False,11.0,68,0.09587525882555935,0.5497153601613429,,6.0,4.0,True,False,one_sample,0,,0,50,,,,,,6,0.2004398624284506,1.0754634882288132,False,,True,,,,,True,,,,,,,50,white_noise,core:00009,True,False,not_assessed_detector_failure,embedding_not_saturated,1.0,,False,,,,,,128,0.27533356200001435,,
0.5,0.5,169.77999999999997,168.54,20260823,,1.78277776501483,2680579329,10.0,False,core,False,7.0,86,0.09868872683057214,0.4386123600715055,,7.0,4.0,True,False,one_sample,119,1180.0,0,50,50.0,0.5098039215686274,5.0,ok,1.0073573039041177,7,-0.047970681606958034,0.9898692794791462,True,,True,0.0,0.0,0.0,,True,2.0,1.0,0.01680672268907563,1.0073573039041177,2.0,2.0,50,white_noise,core:00010,False,False,assessed,ok,1.0,,True,2.0,0.0,0.0,0.0,0.0,128,10.71568345599917,,
0.5,0.5,223.98000000000002,218.98000000000002,20260823,,1.6604173491474756,3716481832,9.0,False,core,True,13.0,92,0.05982307628145588,0.15456302991978854,,3.0,4.0,True,False,one_sample,120,1190.0,0,50,50.0,0.5098039215686274,5.0,ok,1.0228331354461595,8,0.049606915216871876,1.0487128386493743,True,,True,0.0,0.0,0.0,,True,1.0,1.0,0.008333333333333333,1.0228331354461595,1.0,1.0,50,white_noise,core:00011,False,False,assessed,ok,1.0,,True,1.0,0.0,0.0,0.0,0.0,128,10.505799088999993,,
,,,,20260823,,,1754450256,13.0,True,core,False,8.0,93,0.01967510010900862,0.011176044460431744,,5.0,4.0,True,False,one_sample,0,,0,50,,,,,,9,0.0780179486458795,1.0141079796781318,False,,True,,,,,True,,,,,,,50,white_noise,core:00012,True,False,not_assessed_detector_failure,embedding_not_saturated,1.0,,False,,,,,,128,0.5519424060003075,,
0.56,0.5,192.38,211.55,20260823,,1.3643608426096243,340514002,9.0,False,core,False,11.0,58,0.0836984671280366,0.4639113312874771,,7.0,4.0,True,False,one_sample,120,1190.0,0,50,50.0,0.5686274509803921,5.0,ok,0.9093831245568423,10,-0.0874594088272571,0.9776028419475081,True,,True,0.0,0.0,0.0,,True,1.0,1.0,0.008333333333333333,0.9093831245568423,1.0,1.0,50,white_noise,core:00013,False,False,assessed,ok,1.0,,True,1.0,0.0,0.0,0.0,0.0,128,6.34267812500002,,
0.64,0.5,198.72,226.04,20260823,,1.7640161511381838,3001271576,10.0,False,core,False,11.0,98,0.06947856925792616,0.1982182139262555,,3.0,4.0,True,False,one_sample,119,1180.0,0,50,50.0,0.6470588235294118,5.0,ok,0.8791364360290215,11,0.029076693782297644,0.9250097335304358,True,,True,0.0,0.0,0.0,,True,1.0,1.0,0.008403361344537815,0.8791364360290215,1.0,1.0,50,white_noise,core:00014,False,False,assessed,ok,1.0,,True,1.0,0.0,0.0,0.0,0.0,128,7.152121804001581,,
0.78,0.5,136.06,169.2,20260823,,1.6702833894603417,2079555128,8.0,False,core,True,13.0,56,0.07409394732655937,0.4657441535799022,,6.0,3.0,True,False,one_sample,121,1200.0,0,50,50.0,0.7843137254901961,5.0,ok,0.8041371158392435,12,0.048194261173323615,1.062284053462044,True,,True,0.0,0.0,0.0,,True,2.0,1.0,0.01652892561983471,0.8041371158392435,2.0,2.0,50,white_noise,core:00015,False,False,assessed,ok,1.0,,True,2.0,0.0,0.0,0.0,0.0,128,7.458051415000227,,
0.78,0.5,128.07999999999998,177.26999999999998,20260823,,1.310018609156929,521981052,8.0,False,core,False,5.0,112,0.08449415174604247,0.15115448685746646,,4.0,4.0,True,False,one_sample,121,1200.0,0,50,50.0,0.7843137254901961,5.0,ok,0.7225136796976364,13,-0.07805151284004751,1.0539117699712772,True,,True,0.0,0.0,0.0,,True,1.0,1.0,0.008264462809917356,0.7225136796976364,1.0,1.0,50,white_noise,core:00016,False,False,assessed,ok,1.0,,True,1.0,0.0,0.0,0.0,0.0,128,9.60465963200113,,
,,,,20260823,ValueError: Insufficient embedded points after reconstruction.,,1223053016,,False,core,False,,0,,,analyze_segment raised,,,False,False,one_sample,0,,0,50,,,,,,14,-0.11245367151796401,1.048317116205963,False,,True,,,,,True,,,,,,,50,white_noise,core:00017,True,False,not_assessed_detector_failure,analysis_error,,,False,,,,,,128,9.316385267999067,10.0,ok
0.54,0.5,159.24,167.01,20260823,,1.6366643401494083,2061417853,8.0,False,core,False,9.0,88,0.01027788345537441,0.004154286029141252,,5.0,4.0,True,False,one_sample,121,1200.0,0,50,50.0,0.5490196078431373,5.0,ok,0.9534758397700738,15,0.017677482442150623,1.045231861649151,True,,True,0.0,0.0,0.0,,True,2.0,1.0,0.01652892561983471,0.9534758397700738,2.0,2.0,50,white_noise,core:00018,False,False,assessed,ok,1.0,,True,2.0,0.0,0.0,0.0,0.0,128,6.280812533999779,,
,,,,20260823,,,674571710,13.0,True,core,False,7.0,110,0.0925141578422363,0.21636368270224293,,3.0,4.0,True,False,one_sample,0,,0,50,,,,,,16,-0.00501885585665407,0.9458416775623166,False,,True,,,,,True,,,,,,,50,white_noise,core:00019,True,False,not_assessed_detector_failure,embedding_not_saturated,1.0,,False,,,,,,128,0.3144157589995302,,
0.66,0.5,166.22,204.53,20260823,,1.2504203078356868,1290423634,9.0,False,core,True,13.0,80,0.03165200342717544,0.06251745429052302,,4.0,4.0,True,False,one_sample,120,1190.0,0,50,50.0,0.6666666666666666,5.0,ok,0.8126925145455435,17,0.12324409921841621,0.9670738053140583,True,,True,0.0,0.0,0.0,,True,1.0,1.0,0.008333333333333333,0.8126925145455435,1.0,1.0,50,white_noise,core:00020,False,False,assessed,ok,1.0,,True,1.0,0.0,0.0,0.0,0.0,128,7.258410360000198,,
0.94,0.5,64.30000000000001,158.07,20260823,,1.5888572251354116,398318247,8.0,False,core,False,9.0,96,0.04434959466867112,0.08010559603957201,,4.0,4.0,True,False,one_sample,121,1200.0,0,50,50.0,0.9411764705882353,5.0,ok,0.406781805529196,18,-0.023180335519863426,1.0196693258261875,True,,True,0.0,0.0,0.0,,True,1.0,1.0,0.008264462809917356,0.406781805529196,1.0,1.0,50,white_noise,core:00021,False,False,assessed,ok,1.0,,True,1.0,0.0,0.0,0.0,0.0,128,7.110963818000528,,
0.48,0.5,185.27999999999997,179.98,20260823,,1.3643295347125761,1675889874,8.0,False,core,False,9.0,104,0.08879258957271363,0.2277986905749395,,3.0,4.0,True,False,one_sample,121,1200.0,0,50,50.0,0.49019607843137253,5.0,ok,1.0294477164129348,19,0.05428826137085839,0.9573591141662715,True,,True,0.0,0.0,0.0,,True,2.0,1.0,0.01652892561983471,1.0294477164129348,2.0,2.0,50,white_noise,core:00022,False,False,assessed,ok,1.0,,True,2.0,0.0,0.0,0.0,0.0,128,8.996968593999554,,
,,,,20260823,,,2766748576,13.0,True,core,False,9.0,64,0.08139780473276197,0.4415332786122731,,8.0,4.0,True,False,one_sample,0,,0,50,,,,,,20,-0.05312715337783744,1.0033517373253047,False,,True,,,,,True,,,,,,,50,white_noise,core:00023,True,False,not_assessed_detector_failure,embedding_not_saturated,1.0,,False,,,,,,128,0.3551552310000261,,
,,,,20260823,,,2273752957,13.0,True,core,False,7.0,110,0.10184409487615413,0.25189309660348935,,3.0,5.0,True,False,one_sample,0,,0,50,,,,,,21,0.05020901860055464,0.9888063635423869,False,,True,,,,,True,,,,,,,50,white_noise,core:00024,True,False,not_assessed_detector_failure,embedding_not_saturated,1.0,,False,,,,,,128,0.521418664000521,,
0.3,0.5,226.9,172.79000000000002,20260823,,1.1527399085659686,3846156786,7.0,False,core,False,10.0,92,0.052105014481749715,0.09532601460501733,,4.0,5.0,True,False,one_sample,122,1210.0,0,50,50.0,0.3137254901960784,5.0,ok,1.3131546964523408,22,-0.03141635313654802,1.0146003439914724,True,,True,0.0,0.0,0.0,,True,2.0,1.0,0.01639344262295082,1.3131546964523408,2.0,2.0,50,white_noise,core:00025,False,False,assessed,ok,1.0,,True,2.0,0.0,0.0,0.0,0.0,128,7.69895336099944,,
,,,,20260823,ValueError: Insufficient embedded points after reconstruction.,,318178499,,False,core,False,,0,,,analyze_segment raised,,,False,False,one_sample,0,,0,50,,,,,,23,-0.03828011703969834,0.9323244493551058,False,,True,,,,,True,,,,,,,50,white_noise,core:00026,True,False,not_assessed_detector_failure,analysis_error,,,False,,,,,,128,5.728648944999804,8.0,ok
0.78,0.5,125.95999999999998,165.20999999999998,20260823,,1.0246343105170097,2212011770,7.0,False,core,False,11.0,78,0.013299426340567227,0.0076284501777091895,,5.0,5.0,True,False,one_sample,122,1210.0,0,50,50.0,0.7843137254901961,5.0,ok,0.7624235821076206,24,-0.0003472190400679587,0.9906742796367094,True,,True,0.0,0.0,0.0,,True,3.0,1.0,0.02459016393442623,0.7624235821076206,3.0,3.0,50,white_noise,core:00027,False,False,assessed,ok,1.0,,True,3.0,0.0,0.0,0.0,0.0,128,5.41848845200002,,
0.72,0.5,120.12,185.16,20260823,,0.9400865761028442,914924862,7.0,False,core,True,13.0,92,0.06323308666231695,0.2473006943832129,,3.0,4.0,True,False,one_sample,122,1210.0,0,50,50.0,0.7254901960784313,5.0,ok,0.6487362281270254,25,0.10488334751828562,0.9766013916918918,True,,True,0.0,0.0,0.0,,True,1.0,1.0,0.00819672131147541,0.6487362281270254,1.0,1.0,50,white_noise,core:00028,False,False,assessed,ok,1.0,,True,1.0,0.0,0.0,0.0,0.0,128,8.047954931998902,,
,,,,20260823,ValueError: Insufficient embedded points after reconstruction.,,1699287228,,False,core,False,,0,,,analyze_segment raised,,,False,False,one_sample,0,,0,50,,,,,,26,-0.001974053783839476,0.8612527860702319,False,,True,,,,,True,,,,,,,50,white_noise,core:00029,True,False,not_assessed_detector_failure,analysis_error,,,False,,,,,,128,11.165322402999664,10.0,ok
0.5,0.5,211.48,209.03,20260823,,1.7630604447979428,3362504937,10.0,False,core,True,13.0,80,0.03322621726091192,0.07053496552289817,,4.0,4.0,True,False,one_sample,119,1180.0,0,50,50.0,0.5098039215686274,5.0,ok,1.0117208056259865,27,-0.11057112245324197,1.0813090018395126,True,,True,0.0,0.0,0.0,,True,3.0,1.0,0.025210084033613446,1.0117208056259865,3.0,3.0,50,white_noise,core:00030,False,False,assessed,ok,1.0,,True,3.0,0.0,0.0,0.0,0.0,128,8.1046764849998,,
0.22,0.5,249.72,165.18,20260823,,2.031147015365703,668613894,9.0,False,core,True,13.0,80,0.030422174545357308,0.04845306343182221,,4.0,4.0,True,False,one_sample,120,1190.0,0,50,50.0,0.23529411764705882,5.0,ok,1.5118053033054848,28,-0.09981572871980329,0.9420647870547615,True,,True,0.0,0.0,0.0,,True,2.0,1.0,0.016666666666666666,1.5118053033054848,2.0,2.0,50,white_noise,core:00031,False,False,assessed,ok,1.0,,True,2.0,0.0,0.0,0.0,0.0,128,6.69931194000128,,
0.14,0.5,371.94,212.45,20260823,,2.018098337064754,4048642487,11.0,False,core,False,9.0,72,0.07053864241684789,0.30016179154412004,,7.0,4.0,True,False,one_sample,118,1170.0,0,50,50.0,0.1568627450980392,5.0,ok,1.7507178159566958,29,-0.04906644982090433,1.0417840628538844,True,,True,0.0,0.0,0.0,,True,1.0,1.0,0.00847457627118644,1.7507178159566958,1.0,1.0,50,white_noise,core:00032,False,False,assessed,ok,1.0,,True,1.0,0.0,0.0,0.0,0.0,128,10.837513468999532,,
,,,,20260823,,,1649794501,13.0,True,core,True,13.0,68,-0.0009333692442402114,4.737513861563514e-05,,5.0,4.0,True,False,one_sample,0,,0,50,,,,,,30,0.07747546662522534,1.0870430292172775,False,,True,,,,,True,,,,,,,50,white_noise,core:00033,True,False,not_assessed_detector_failure,embedding_not_saturated,1.0,,False,,,,,,128,0.2732608780006558,,
,,,,20260823,ValueError: Insufficient embedded points after reconstruction.,,1025596405,,False,core,False,,0,,,analyze_segment raised,,,False,False,one_sample,0,,0,50,,,,,,31,-0.04554349254766419,0.9868830715523358,False,,True,,,,,True,,,,,,,50,white_noise,core:00034,True,False,not_assessed_detector_failure,analysis_error,,,False,,,,,,128,7.9721911899996485,7.0,ok
,,,,20260823,,,3951107939,13.0,True,core,True,13.0,68,0.0002883337632422044,6.418571714461585e-06,,5.0,4.0,True,False,one_sample,0,,0,50,,,,,,32,-0.07727357721486004,0.875636906082014,False,,True,,,,,True,,,,,,,50,white_noise,core:00035,True,False,not_assessed_detector_failure,embedding_not_saturated,1.0,,False,,,,,,128,0.46658496300005936,,
,,,,20260823,,,3645535855,13.0,True,core,False,10.0,74,0.08257821155082622,0.4384814804455621,,6.0,4.0,True,False,one_sample,0,,0,50,,,,,,33,-0.03805823229746927,1.0379165746039547,False,,True,,,,,True,,,,,,,50,white_noise,core:00036,True,False,not_assessed_detector_failure,embedding_not_saturated,1.0,,False,,,,,,128,0.508051731998421,,
0.2,0.5,286.91999999999996,204.57,20260823,,1.9922644776849496,3498819768,11.0,False,core,False,8.0,93,0.023591316211658074,0.01962250053846859,,5.0,3.0,True,False,one_sample,118,1170.0,0,50,50.0,0.21568627450980393,5.0,ok,1.4025516937967442,34,-0.09761780211817317,1.015670803806667,True,,True,0.0,0.0,0.0,,True,2.0,1.0,0.01694915254237288,1.4025516937967442,2.0,2.0,50,white_noise,core:00037,False,False,assessed,ok,1.0,,True,2.0,0.0,0.0,0.0,0.0,128,8.651847740000449,,
0.56,0.48,228.82,247.02,20260823,,1.748135758709458,4064129300,11.0,False,core,True,13.0,80,0.031911354786369646,0.05654124197145993,,4.0,4.0,True,False,one_sample,118,1170.0,0,50,50.0,0.5686274509803921,5.0,ok,0.9263217553234555,35,0.08187472696082297,1.1184578874845765,True,,True,0.0,0.0,0.0,,True,3.0,1.0,0.025423728813559324,0.9263217553234555,3.0,3.0,50,white_noise,core:00038,False,False,assessed,ok,1.0,,True,3.0,0.0,0.0,0.0,0.0,128,8.669690974998957,,
,,,,20260823,,,1276274370,13.0,True,core,False,7.0,86,0.09901552366848404,0.42720384455962634,,7.0,4.0,True,False,one_sample,0,,0,50,,,,,,36,-0.04239003764047289,1.0275829706107882,False,,True,,,,,True,,,,,,,50,white_noise,core:00039,True,False,not_assessed_detector_failure,embedding_not_saturated,1.0,,False,,,,,,128,0.2915899680010625,,
0.82,0.5,147.56,232.29000000000002,20260823,,1.5641894093322928,1008223133,9.0,False,core,True,13.0,80,0.025908488522105328,0.059991989962551395,,4.0,5.0,True,False,one_sample,120,1190.0,0,50,50.0,0.8235294117647058,5.0,ok,0.6352404322183477,37,0.02532197125390681,0.9742262750954837,True,,True,0.0,0.0,0.0,,True,3.0,1.0,0.025,0.6352404322183477,3.0,3.0,50,white_noise,core:00040,False,False,assessed,ok,1.0,,True,3.0,0.0,0.0,0.0,0.0,128,9.62557501899937,,
0.02,0.5,418.58000000000004,179.81,20260823,,1.3813675184134158,540118510,8.0,False,core,False,9.0,96,0.053632737874020495,0.08325573005356013,,4.0,4.0,True,False,one_sample,121,1200.0,0,50,50.0,0.0392156862745098,5.0,ok,2.327901673989211,38,-0.03224465979335262,1.0030007565797536,True,,True,1.0,1.0,0.008264462809917356,,True,1.0,1.0,0.008264462809917356,2.327901673989211,1.0,1.0,50,white_noise,core:00041,False,False,assessed,ok,1.0,,True,1.0,0.0,0.0,0.0,0.0,128,8.453164570000808,,
0.9,0.5,99.83999999999997,257.6,20260823,,1.7787901164109154,873414256,11.0,False,core,True,13.0,92,0.058894790661568254,0.2024620616103816,,3.0,4.0,True,False,one_sample,118,1170.0,0,50,50.0,0.9019607843137255,5.0,ok,0.3875776397515527,39,-0.033651674574335995,0.9417867692794739,True,,True,0.0,0.0,0.0,,True,1.0,1.0,0.00847457627118644,0.3875776397515527,1.0,1.0,50,white_noise,core:00042,False,False,assessed,ok,1.0,,True,1.0,0.0,0.0,0.0,0.0,128,9.072879641000327,,
0.66,0.5,164.84,196.38,20260823,,1.41198244488486,2675175720,8.0,False,core,False,11.0,68,0.055017450195438536,0.23259752897870623,,6.0,4.0,True,False,one_sample,121,1200.0,0,50,50.0,0.6666666666666666,5.0,ok,0.8393930135451676,40,-0.030578673275227362,0.9157176667186394,True,,True,0.0,0.0,0.0,,True,1.0,1.0,0.008264462809917356,0.8393930135451676,1.0,1.0,50,white_noise,core:00043,False,False,assessed,ok,1.0,,True,1.0,0.0,0.0,0.0,0.0,128,6.7052293560009275,,
0.08,0.5,337.34000000000003,207.59,20260823,,1.4425989006707876,2569953169,9.0,False,core,False,9.0,80,0.08050902794724785,0.3413115895837088,,6.0,4.0,True,False,one_sample,120,1190.0,0,50,50.0,0.09803921568627451,5.0,ok,1.6250301074232865,41,0.024674974979063753,0.992173865982503,True,,True,0.0,0.0,0.0,,True,3.0,1.0,0.025,1.6250301074232865,3.0,3.0,50,white_noise,core:00044,False,False,assessed,ok,1.0,,True,3.0,0.0,0.0,0.0,0.0,128,8.002937566001492,,
0.66,0.5,154.92,196.39999999999998,20260823,,1.571287823497852,1933467652,9.0,False,core,False,9.0,96,0.044769748240805866,0.06778197028258137,,4.0,4.0,True,False,one_sample,120,1190.0,0,50,50.0,0.6666666666666666,5.0,ok,0.7887983706720978,42,-0.014379075818209713,1.0141538512015957,True,,True,0.0,0.0,0.0,,True,2.0,1.0,0.016666666666666666,0.7887983706720978,2.0,2.0,50,white_noise,core:00045,False,False,assessed,ok,1.0,,True,2.0,0.0,0.0,0.0,0.0,128,9.123574748000465,,
0.6,0.5,168.24,194.85000000000002,20260823,,1.8511569993421408,247098344,10.0,False,core,False,10.0,101,0.08097281031135821,0.1986652542515044,,3.0,4.0,True,False,one_sample,119,1180.0,0,50,50.0,0.6078431372549019,5.0,ok,0.8634334103156274,43,-0.008920977502721264,0.896611965709734,True,,True,0.0,0.0,0.0,,True,1.0,1.0,0.008403361344537815,0.8634334103156274,1.0,1.0,50,white_noise,core:00046,False,False,assessed,ok,1.0,,True,1.0,0.0,0.0,0.0,0.0,128,9.491387807000137,,
0.54,0.5,250.60000000000002,266.7,20260823,,1.2643411478944404,1707096426,9.0,False,core,True,13.0,68,0.00862718681592239,0.004263443201759309,,5.0,4.0,True,False,one_sample,120,1190.0,0,50,50.0,0.5490196078431373,5.0,ok,0.9396325459317586,44,-0.12665544709449877,0.9110990720666786,True,,True,0.0,0.0,0.0,,True,2.0,1.0,0.016666666666666666,0.9396325459317586,2.0,2.0,50,white_noise,core:00047,False,False,assessed,ok,1.0,,True,2.0,0.0,0.0,0.0,0.0,128,7.984302279999611,,
0.38,0.5,263.9,237.2,20260823,,1.755681555260185,893563936,10.0,False,core,False,10.0,92,0.03877317215635853,0.06358534138746919,,4.0,5.0,True,False,one_sample,119,1180.0,0,50,50.0,0.39215686274509803,5.0,ok,1.1125632377740302,45,0.08107904964679,0.9825997841469422,True,,True,0.0,0.0,0.0,,True,2.0,1.0,0.01680672268907563,1.1125632377740302,2.0,2.0,50,white_noise,core:00048,False,False,assessed,ok,1.0,,True,2.0,0.0,0.0,0.0,0.0,128,8.084099552001135,,
,,,,20260823,,,1031126915,13.0,True,core,False,9.0,88,0.023592898287697683,0.020463575783606802,,5.0,4.0,True,False,one_sample,0,,0,50,,,,,,46,0.08760336745874162,1.0407068999603246,False,,True,,,,,True,,,,,,,50,white_noise,core:00049,True,False,not_assessed_detector_failure,embedding_not_saturated,1.0,,False,,,,,,128,0.3145474650009419,,
0.32,0.5,248.64,205.82999999999998,20260823,,1.7136251296283196,4206272724,9.0,False,core,False,10.0,74,0.07830616734221961,0.46219442037226555,,6.0,4.0,True,False,one_sample,120,1190.0,0,50,50.0,0.3333333333333333,5.0,ok,1.2079871738813583,47,0.04406638935996837,0.9731441055990303,True,,True,0.0,0.0,0.0,,True,1.0,1.0,0.008333333333333333,1.2079871738813583,1.0,1.0,50,white_noise,core:00050,False,False,assessed,ok,1.0,,True,1.0,0.0,0.0,0.0,0.0,128,7.82329113599917,,
0.16,0.5,302.76,206.45999999999998,20260823,,1.3177999764478776,2677333808,8.0,False,core,False,11.0,88,0.044280114072956456,0.08230958707580538,,4.0,4.0,True,False,one_sample,121,1200.0,0,50,50.0,0.17647058823529413,5.0,ok,1.4664341761115955,48,0.10603117385762005,0.8790047569380992,True,,True,0.0,0.0,0.0,,True,2.0,1.0,0.01652892561983471,1.4664341761115955,2.0,2.0,50,white_noise,core:00051,False,False,assessed,ok,1.0,,True,2.0,0.0,0.0,0.0,0.0,128,8.788426723000157,,
0.04,0.5,274.7,127.51999999999998,20260823,,0.9070336817616788,2236026216,5.0,False,core,False,8.0,79,0.09702083520349358,0.4744627482749404,,7.0,4.0,True,False,one_sample,124,1230.0,0,50,50.0,0.058823529411764705,37.490122020904344,ok,2.154171894604768,49,-0.04478631179543332,0.9524097218744487,True,,True,1.0,1.0,0.008064516129032258,,True,2.0,1.0,0.016129032258064516,2.154171894604768,2.0,2.0,50,white_noise,core:00052,False,False,assessed,ok,1.0,,True,2.0,0.0,0.0,0.0,0.0,128,7.004972951999662,,
0.9,0.5,129.14,224.7,20260823,,1.1122406480593234,3003333563,8.0,False,core,False,7.0,86,0.09749942019633612,0.6563350087721536,,7.0,14.0,True,False,one_sample,121,1200.0,0,50,50.0,0.9019607843137255,5.0,ok,0.5747218513573653,0,0.2568579719362636,1.4200061042743362,True,,True,0.0,0.0,0.0,,True,4.0,1.0,0.03305785123966942,0.5747218513573653,4.0,4.0,50,ar1,core:00053,False,False,assessed,ok,1.0,,True,4.0,0.0,0.0,0.0,0.0,128,5.898874509999587,,
0.44,0.5,237.74,228.24,20260823,,1.3645854490521427,4124879056,10.0,False,core,False,8.0,93,0.03249616398482784,0.13472722441539586,,5.0,14.0,True,False,one_sample,119,1180.0,0,50,50.0,0.45098039215686275,5.0,ok,1.0416228531370486,1,0.21293033882150164,1.524733756306264,True,,True,0.0,0.0,0.0,,True,3.0,1.0,0.025210084033613446,1.0416228531370486,3.0,3.0,50,ar1,core:00054,False,False,assessed,ok,1.0,,True,3.0,0.0,0.0,0.0,0.0,128,7.357088134998776,,
0.36,0.5,209.57999999999998,177.63,20260823,,0.7622702398507835,3983763536,6.0,False,core,True,13.0,92,0.023201486092953097,0.30574368717505174,,3.0,15.0,True,False,one_sample,123,1220.0,1,50,50.0,0.37254901960784315,58.770424744715896,ok,1.1798682654956931,2,-0.46577057545998846,1.6285468192966266,True,,True,0.0,0.0,0.0,,True,4.0,1.0,0.032520325203252036,1.1798682654956931,4.0,4.0,50,ar1,core:00055,False,False,assessed,ok,1.0,,True,4.0,0.0,0.0,0.0,0.0,128,6.436017340000035,,
0.56,0.5,150.34,161.3,20260823,,0.6108750759658506,3129004759,5.0,False,core,False,9.0,96,0.028258097608396388,0.13371349937234522,,4.0,13.0,True,False,one_sample,124,1230.0,0,50,50.0,0.5686274509803921,12.708346843680886,ok,0.9320520768753874,3,0.239493934722169,1.4443743902891624,True,,True,0.0,0.0,0.0,,True,4.0,1.0,0.03225806451612903,0.9320520768753874,4.0,3.0,50,ar1,core:00056,False,False,assessed,ok,1.0,,True,4.0,0.0,0.0,0.0,0.0,128,7.706712867000533,,
,,,,20260823,,,4049026610,13.0,True,core,False,8.0,72,0.05040668907536553,0.3174895037140939,,8.0,9.0,True,False,one_sample,0,,0,50,,,,,,4,0.24005643281630867,1.3460555050917027,False,,True,,,,,True,,,,,,,50,ar1,core:00057,True,False,not_assessed_detector_failure,embedding_not_saturated,1.0,,False,,,,,,128,0.578993407998496,,
0.46,0.5,226.56,210.74,20260823,,1.0487191097933035,3147065138,8.0,False,core,False,8.0,107,0.05580001129649668,0.3040271665067007,,3.0,10.0,True,False,one_sample,121,1200.0,0,50,50.0,0.47058823529411764,13.422272870796927,ok,1.0750688051627597,5,-0.724122113283062,1.550896466745608,True,,True,0.0,0.0,0.0,,True,5.0,1.0,0.04132231404958678,1.0750688051627597,5.0,5.0,50,ar1,core:00058,False,False,assessed,ok,1.0,,True,5.0,0.0,0.0,0.0,0.0,128,7.952232677998836,,
1.0,0.5,84.82,259.02,20260823,,1.0884976608802637,1790730633,9.0,False,core,False,5.0,100,0.10771784721501114,0.6804607130915217,,7.0,18.0,True,False,one_sample,120,1190.0,0,50,50.0,1.0,6.780838847278321,ok,0.32746506061308006,6,0.10604594925328403,1.9060035705068088,True,,True,0.0,0.0,0.0,,True,4.0,1.0,0.03333333333333333,0.32746506061308006,4.0,4.0,50,ar1,core:00059,False,False,assessed,ok,1.0,,True,4.0,0.0,0.0,0.0,0.0,128,7.004498333999436,,
,,,,20260823,ValueError: Insufficient embedded points after reconstruction.,,2095767414,,False,core,False,,0,,,analyze_segment raised,,,False,False,one_sample,0,,0,50,,,,,,7,0.030023507401228326,1.710783530534785,False,,True,,,,,True,,,,,,,50,ar1,core:00060,True,False,not_assessed_detector_failure,analysis_error,,,False,,,,,,128,6.539583888999914,9.0,ok
0.9,0.5,135.12,250.0,20260823,,0.8377460077433416,1811517257,8.0,False,core,False,8.0,107,0.04960246832090506,0.45141730919280176,,3.0,14.0,True,False,one_sample,121,1200.0,0,50,50.0,0.9019607843137255,5.0,ok,0.5404800000000001,8,0.6634615258889347,1.8147817494208676,True,,True,0.0,0.0,0.0,,True,4.0,1.0,0.03305785123966942,0.5404800000000001,4.0,4.0,50,ar1,core:00061,False,False,assessed,ok,1.0,,True,4.0,0.0,0.0,0.0,0.0,128,7.440567834000831,,
0.1,0.5,339.7,214.23,20260823,,1.0376096246257571,4231818146,8.0,False,core,False,9.0,80,0.050744296979938576,0.3755968753172666,,6.0,13.0,True,False,one_sample,121,1200.0,0,50,50.0,0.11764705882352941,5.0,ok,1.5856789431918965,9,0.029276017919193008,1.6484601624044217,True,,True,0.0,0.0,0.0,,True,4.0,1.0,0.03305785123966942,1.5856789431918965,4.0,4.0,50,ar1,core:00062,False,False,assessed,ok,1.0,,True,4.0,0.0,0.0,0.0,0.0,128,9.877033038999798,,
0.4,0.5,295.38,277.24,20260823,,1.2029942418399246,326247358,10.0,False,core,True,13.0,80,0.02150634031489137,0.08965731636375485,,4.0,10.0,True,False,one_sample,119,1180.0,0,50,50.0,0.4117647058823529,5.0,ok,1.0654306737844466,10,-0.2877711408326131,1.6131139762478228,True,,True,0.0,0.0,0.0,,True,2.0,1.0,0.01680672268907563,1.0654306737844466,2.0,2.0,50,ar1,core:00063,False,False,assessed,ok,1.0,,True,2.0,0.0,0.0,0.0,0.0,128,9.668391832999987,,
0.42,0.5,256.0,223.89999999999998,20260823,,1.4110493549231855,2505827834,10.0,False,core,False,10.0,74,0.06574441812689628,0.3895690247477681,,6.0,10.0,True,False,one_sample,119,1180.0,0,50,50.0,0.43137254901960786,5.0,ok,1.1433675748101833,11,1.1727251961717944,1.3944636109910429,True,,True,0.0,0.0,0.0,,True,3.0,1.0,0.025210084033613446,1.1433675748101833,3.0,3.0,50,ar1,core:00064,False,False,assessed,ok,1.0,,True,3.0,0.0,0.0,0.0,0.0,128,7.160229076998803,,
0.86,0.5,187.6,271.70000000000005,20260823,,1.395389107756484,1236445805,10.0,False,core,True,13.0,92,0.036910323358947394,0.31428531653070957,,3.0,9.0,True,False,one_sample,119,1180.0,0,50,50.0,0.8627450980392157,40.08224140205639,ok,0.6904674273095325,12,0.424170809095174,1.4558607961287613,True,,True,0.0,0.0,0.0,,True,5.0,1.0,0.04201680672268908,0.6904674273095325,5.0,5.0,50,ar1,core:00065,False,False,assessed,ok,1.0,,True,5.0,0.0,0.0,0.0,0.0,128,8.26664432599864,,
0.8,0.5,193.94,286.64,20260823,,1.0759107280728364,1120448282,10.0,False,core,False,9.0,80,0.03039415094976743,0.22415242002555913,,6.0,14.0,True,False,one_sample,119,1180.0,0,50,50.0,0.803921568627451,5.0,ok,0.6765978230533073,13,0.1240992153206884,2.004973304491883,True,,True,0.0,0.0,0.0,,True,2.0,1.0,0.01680672268907563,0.6765978230533073,2.0,2.0,50,ar1,core:00066,False,False,assessed,ok,1.0,,True,2.0,0.0,0.0,0.0,0.0,128,11.094464672998583,,
0.06,0.5,448.03999999999996,250.24,20260823,,1.03380849357425,2069897214,9.0,False,core,True,13.0,56,0.04773976433809271,0.5610686374325338,,6.0,10.0,True,False,one_sample,120,1190.0,0,50,50.0,0.0784313725490196,5.0,ok,1.790441176470588,14,0.955150982838099,1.3221307287099038,True,,True,0.0,0.0,0.0,,True,4.0,1.0,0.03333333333333333,1.790441176470588,4.0,4.0,50,ar1,core:00067,False,False,assessed,ok,1.0,,True,4.0,0.0,0.0,0.0,0.0,128,9.267887742000312,,
0.94,0.5,135.2,222.22,20260823,,0.9644302504379226,255588554,8.0,False,core,False,9.0,80,0.07266277245888413,0.5179739983164249,,6.0,14.0,True,False,one_sample,121,1200.0,0,50,50.0,0.9411764705882353,5.0,ok,0.6084060840608405,15,0.6056525002506692,1.6099058887831892,True,,True,0.0,0.0,0.0,,True,4.0,1.0,0.03305785123966942,0.6084060840608405,4.0,4.0,50,ar1,core:00068,False,False,assessed,ok,1.0,,True,4.0,0.0,0.0,0.0,0.0,128,6.024271805999888,,
,,,,20260823,,,3675624263,13.0,True,core,False,6.0,113,0.08733747897848637,0.43711366910783267,,3.0,14.0,True,False,one_sample,0,,0,50,,,,,,16,0.3685193072532149,1.823584870656421,False,,True,,,,,True,,,,,,,50,ar1,core:00069,True,False,not_assessed_detector_failure,embedding_not_saturated,1.0,,False,,,,,,128,0.30657353599963244,,
0.32,0.5,286.74,251.42,20260823,,1.1126018948846519,664018342,9.0,False,core,False,7.0,104,0.046098591188968654,0.2403768865382414,,4.0,10.0,True,False,one_sample,120,1190.0,0,50,50.0,0.3333333333333333,5.0,ok,1.1404820618884735,17,0.0075136990721352305,1.4680255779367652,True,,True,0.0,0.0,0.0,,True,2.0,1.0,0.016666666666666666,1.1404820618884735,2.0,2.0,50,ar1,core:00070,False,False,assessed,ok,1.0,,True,2.0,0.0,0.0,0.0,0.0,128,6.688575588999811,,
0.62,0.5,152.22,164.47,20260823,,0.8326754160305765,390077297,6.0,False,core,False,6.0,103,0.05380521731973261,0.16386566084963783,,5.0,11.0,True,False,one_sample,123,1220.0,0,50,50.0,0.6274509803921569,6.091698004507769,ok,0.9255183316106281,18,-0.08522764895954295,1.5452906961591222,True,,True,0.0,0.0,0.0,,True,4.0,1.0,0.032520325203252036,0.9255183316106281,4.0,4.0,50,ar1,core:00071,False,False,assessed,ok,1.0,,True,4.0,0.0,0.0,0.0,0.0,128,6.373953480000637,,
0.48,0.5,276.16,272.65,20260823,,1.5190670711691059,714457965,11.0,False,core,False,9.0,88,0.00820074396936156,0.016186716378971622,,5.0,15.0,True,False,one_sample,118,1170.0,0,50,50.0,0.49019607843137253,37.06645131845238,ok,1.012873647533468,19,0.7194375632431804,1.9965282602839831,True,,True,0.0,0.0,0.0,,True,4.0,1.0,0.03389830508474576,1.012873647533468,4.0,4.0,50,ar1,core:00072,False,False,assessed,ok,1.0,,True,4.0,0.0,0.0,0.0,0.0,128,11.947398298001644,,
,,,,20260823,,,2141190468,13.0,True,core,False,9.0,88,0.013086013220187336,0.010603854010452607,,5.0,11.0,True,False,one_sample,0,,0,50,,,,,,20,-0.7587302629625736,1.3991347791496085,False,,True,,,,,True,,,,,,,50,ar1,core:00073,True,False,not_assessed_detector_failure,embedding_not_saturated,1.0,,False,,,,,,128,0.4262655319998885,,
0.0,0.5,537.8,212.95999999999998,20260823,,1.2023993837697144,1418233760,8.0,False,core,False,8.0,79,0.09997275460383596,0.702606521183295,,7.0,10.0,True,False,one_sample,121,1200.0,0,50,50.0,0.0196078431372549,5.0,ok,2.5253568745304285,21,0.17070718257399414,1.3673118981072963,True,,True,1.0,1.0,0.008264462809917356,,True,3.0,1.0,0.024793388429752067,2.5253568745304285,3.0,3.0,50,ar1,core:00074,False,False,assessed,ok,1.0,,True,3.0,0.0,0.0,0.0,0.0,128,7.943125069999951,,
,,,,20260823,ValueError: Insufficient embedded points after reconstruction.,,36894789,,False,core,False,,0,,,analyze_segment raised,,,False,False,one_sample,0,,0,50,,,,,,22,0.08564957846729385,1.7091052954597121,False,,True,,,,,True,,,,,,,50,ar1,core:00075,True,False,not_assessed_detector_failure,analysis_error,,,False,,,,,,128,7.343002865000017,10.0,ok
0.6,0.5,167.24,174.0,20260823,,0.8260568686029137,2706993916,6.0,False,core,False,5.0,112,0.07396807302448953,0.4094061918465425,,4.0,18.0,True,False,one_sample,123,1220.0,0,50,50.0,0.6078431372549019,79.9476619272309,ok,0.9611494252873564,23,-0.6835764543987061,1.6645509649873398,True,,True,0.0,0.0,0.0,,True,4.0,1.0,0.032520325203252036,0.9611494252873564,4.0,4.0,50,ar1,core:00076,False,False,assessed,ok,1.0,,True,4.0,0.0,0.0,0.0,0.0,128,4.90456915499999,,
0.24,0.5,237.16,195.62,20260823,,1.0889989310869281,2998312364,7.0,False,core,False,6.0,93,0.1008872715795685,0.518195734128723,,7.0,13.0,True,False,one_sample,122,1210.0,0,50,50.0,0.2549019607843137,17.668948119181287,ok,1.212350475411512,24,0.47993858640691556,1.3357800831928694,True,,True,0.0,0.0,0.0,,True,4.0,1.0,0.03278688524590164,1.212350475411512,4.0,4.0,50,ar1,core:00077,False,False,assessed,ok,1.0,,True,4.0,0.0,0.0,0.0,0.0,128,8.171626207000372,,
0.64,0.5,217.96,249.63,20260823,,1.037927231278994,4048989334,9.0,False,core,True,13.0,68,0.02723249860908432,0.12862028395597025,,5.0,11.0,True,False,one_sample,120,1190.0,0,50,50.0,0.6470588235294118,5.0,ok,0.8731322357088491,25,0.12954770344144895,1.5667825842878107,True,,True,0.0,0.0,0.0,,True,2.0,0.9666666666666667,0.016666666666666666,0.8731322357088491,2.0,2.0,50,ar1,core:00078,False,False,assessed,ok,1.0,,True,2.0,0.0,0.0,0.0,0.0,128,10.229862004000097,,
,,,,20260823,,,3330888436,13.0,True,core,False,10.0,101,0.03984933180847348,0.24972331892167599,,3.0,10.0,True,False,one_sample,0,,0,50,,,,,,26,-0.6435093819240029,1.2920335414854252,False,,True,,,,,True,,,,,,,50,ar1,core:00079,True,False,not_assessed_detector_failure,embedding_not_saturated,1.0,,False,,,,,,128,0.631971271999646,,
0.6,0.5,177.96,187.98,20260823,,1.0200144980025854,829322278,7.0,False,core,False,8.0,107,0.05716990953260158,0.3798935918843873,,3.0,14.0,True,False,one_sample,122,1210.0,0,50,50.0,0.6078431372549019,45.942141765189085,ok,0.9466964570699011,27,0.7365612565151958,1.5672439450568991,True,,True,0.0,0.0,0.0,,True,4.0,1.0,0.03278688524590164,0.9466964570699011,4.0,4.0,50,ar1,core:00080,False,False,assessed,ok,1.0,,True,4.0,0.0,0.0,0.0,0.0,128,6.389980506999564,,
,,,,20260823,,,323365524,13.0,True,core,False,9.0,104,0.04931584658505856,0.3236089033086328,,3.0,12.0,True,False,one_sample,0,,0,50,,,,,,28,0.10499641010225728,1.854320887205101,False,,True,,,,,True,,,,,,,50,ar1,core:00081,True,False,not_assessed_detector_failure,embedding_not_saturated,1.0,,False,,,,,,128,0.3101799510004639,,
0.32,0.5,289.24,245.67000000000002,20260823,,0.8279531189590105,1749581491,8.0,False,core,False,10.0,92,0.02733799657998031,0.06885874629142874,,4.0,11.0,True,False,one_sample,121,1200.0,0,50,50.0,0.3333333333333333,5.0,ok,1.177351731998209,29,-0.4318702503063907,1.5098201836442395,True,,True,0.0,0.0,0.0,,True,2.0,1.0,0.01652892561983471,1.177351731998209,2.0,2.0,50,ar1,core:00082,False,False,assessed,ok,1.0,,True,2.0,0.0,0.0,0.0,0.0,128,5.865062752000085,,
0.14,0.5,282.72,205.29,20260823,,1.144587882159548,3917139367,8.0,False,core,False,10.0,74,0.0698685204392137,0.4981765892152078,,6.0,12.0,True,False,one_sample,121,1200.0,0,50,50.0,0.1568627450980392,24.0585139084568,ok,1.3771737542013738,30,0.06428795259424447,1.6427503714704963,True,,True,0.0,0.0,0.0,,True,4.0,1.0,0.03305785123966942,1.3771737542013738,4.0,4.0,50,ar1,core:00083,False,False,assessed,ok,1.0,,True,4.0,0.0,0.0,0.0,0.0,128,6.252618570000777,,
0.46,0.5,226.2,223.91,20260823,,1.0876346124104574,967822171,8.0,False,core,False,9.0,80,0.058934441307378835,0.41160465992936746,,6.0,10.0,True,False,one_sample,121,1200.0,1,50,50.0,0.47058823529411764,5.0,ok,1.0102273234781831,31,-0.5145041350179862,1.465015989164633,True,,True,0.0,0.0,0.0,,True,3.0,1.0,0.024793388429752067,1.0102273234781831,3.0,3.0,50,ar1,core:00084,False,False,assessed,ok,1.0,,True,3.0,0.0,0.0,0.0,0.0,128,9.673652753001079,,
,,,,20260823,,,3364455461,13.0,True,core,False,11.0,68,0.033098263841599786,0.4031887205491399,,6.0,16.0,True,False,one_sample,0,,0,50,,,,,,32,-0.10972278405794499,1.663308241005896,False,,True,,,,,True,,,,,,,50,ar1,core:00085,True,False,not_assessed_detector_failure,embedding_not_saturated,1.0,,False,,,,,,128,0.590013271999851,,
,,,,20260823,,,2917387861,13.0,True,core,False,11.0,78,0.017807553198142586,0.026818952307452237,,5.0,7.0,True,False,one_sample,0,,0,50,,,,,,33,0.19354263890951567,1.515344729322728,False,,True,,,,,True,,,,,,,50,ar1,core:00086,True,False,not_assessed_detector_failure,embedding_not_saturated,1.0,,False,,,,,,128,0.49693553799988877,,
0.62,0.5,143.16,154.59,20260823,,0.7237497719723784,1713072669,5.0,False,core,False,9.0,64,0.08445255565468812,0.6530460754138858,,8.0,10.0,True,False,one_sample,124,1230.0,0,50,50.0,0.6274509803921569,12.136709029282054,ok,0.926062487871143,34,0.44567611406673097,1.5813221734553717,True,,True,0.0,0.0,0.0,,True,5.0,1.0,0.04032258064516129,0.926062487871143,5.0,5.0,50,ar1,core:00087,False,False,assessed,ok,1.0,,True,5.0,0.0,0.0,0.0,0.0,128,7.233401060000688,,
0.28,0.5,360.8,297.43,20260823,,1.3383624145945994,1160706106,11.0,False,core,False,6.0,103,0.04223112169379897,0.14424202155319388,,5.0,15.0,True,False,one_sample,118,1170.0,0,50,50.0,0.29411764705882354,5.0,ok,1.213058534781293,35,-0.1419139216564932,1.910817307167424,True,,True,0.0,0.0,0.0,,True,5.0,1.0,0.0423728813559322,1.213058534781293,5.0,5.0,50,ar1,core:00088,False,False,assessed,ok,1.0,,True,5.0,0.0,0.0,0.0,0.0,128,8.256086704999689,,
0.22,0.5,314.03999999999996,240.13,20260823,,1.2376817038618082,3536142968,9.0,False,core,False,8.0,86,0.06547421230520821,0.4230566402364533,,6.0,11.0,True,False,one_sample,120,1190.0,0,50,50.0,0.23529411764705882,16.54256598165139,ok,1.3077916128763585,36,0.3129736525276534,1.5549158239543943,True,,True,0.0,0.0,0.0,,True,3.0,1.0,0.025,1.3077916128763585,3.0,3.0,50,ar1,core:00089,False,False,assessed,ok,1.0,,True,3.0,0.0,0.0,0.0,0.0,128,6.5618212730005325,,
,,,,20260823,ValueError: Insufficient embedded points after reconstruction.,,3939630156,,False,core,False,,0,,,analyze_segment raised,,,False,False,one_sample,0,,0,50,,,,,,37,0.5191909686314488,1.5547243704083935,False,,True,,,,,True,,,,,,,50,ar1,core:00090,True,False,not_assessed_detector_failure,analysis_error,,,False,,,,,,128,0.2530956549999246,13.0,embedding_not_saturated
0.5,0.5,250.04000000000002,249.61,20260823,,1.215532093850599,1021113777,9.0,False,core,False,8.0,86,0.04637463364005847,0.2390624834538586,,6.0,16.0,True,False,one_sample,120,1190.0,0,50,50.0,0.5098039215686274,28.877545714216943,ok,1.0017226873923322,38,0.2813375570959673,1.7921664980980971,True,,True,0.0,0.0,0.0,,True,5.0,1.0,0.041666666666666664,1.0017226873923322,5.0,5.0,50,ar1,core:00091,False,False,assessed,ok,1.0,,True,5.0,0.0,0.0,0.0,0.0,128,10.128805779999311,,
0.96,0.5,101.62,174.54000000000002,20260823,,0.7303733536544812,1463563072,6.0,False,core,True,13.0,92,0.03448618573490192,0.22632212623633208,,3.0,13.0,True,False,one_sample,123,1220.0,0,50,50.0,0.9607843137254902,11.142512971974288,ok,0.5822161109201329,39,-0.053816069684101756,1.4517881513111008,True,,True,0.0,0.0,0.0,,True,4.0,1.0,0.032520325203252036,0.5822161109201329,4.0,4.0,50,ar1,core:00092,False,False,assessed,ok,1.0,,True,4.0,0.0,0.0,0.0,0.0,128,6.852004110000053,,
0.2,0.5,324.88,204.98,20260823,,0.9383575073260071,3234577151,7.0,False,core,False,6.0,113,0.10400704460483885,0.4620999517270329,,3.0,8.0,True,False,one_sample,122,1210.0,0,50,50.0,0.21568627450980393,5.0,ok,1.5849351156210363,40,-0.38668273524375707,1.329572727099887,True,,True,0.0,0.0,0.0,,True,3.0,1.0,0.02459016393442623,1.5849351156210363,3.0,3.0,50,ar1,core:00093,False,False,assessed,ok,1.0,,True,3.0,0.0,0.0,0.0,0.0,128,7.387661928998568,,
0.26,0.5,323.56,264.21,20260823,,1.244752087121646,2979468671,10.0,False,core,True,13.0,80,0.024399015263185844,0.27577977991645786,,4.0,14.0,True,False,one_sample,119,1180.0,0,50,50.0,0.27450980392156865,5.0,ok,1.2246319215775332,41,-0.11628659937330817,1.5472934863061947,True,,True,0.0,0.0,0.0,,True,3.0,1.0,0.025210084033613446,1.2246319215775332,3.0,3.0,50,ar1,core:00094,False,False,assessed,ok,1.0,,True,3.0,0.0,0.0,0.0,0.0,128,7.526220918998661,,
0.98,0.5,64.62,181.65,20260823,,0.7518154627121661,3824933296,6.0,False,core,True,13.0,68,0.011828335658326028,0.034961222221621235,,5.0,12.0,True,False,one_sample,123,1220.0,0,50,50.0,0.9803921568627451,5.0,ok,0.35573905862923205,42,0.006039840768584631,1.5165558513155837,True,,True,0.0,0.0,0.0,,True,5.0,1.0,0.04065040650406504,0.35573905862923205,5.0,3.0,50,ar1,core:00095,False,False,assessed,ok,1.0,,True,5.0,0.0,0.0,0.0,0.0,128,4.905699963999723,,
0.98,0.5,139.2,260.9,20260823,,1.7752468206199108,755962674,10.0,False,core,False,8.0,93,0.022266887843336348,0.0185474867935832,,5.0,7.0,True,False,one_sample,119,1180.0,0,50,50.0,0.9803921568627451,5.0,ok,0.5335377539287083,43,0.7666716396886526,1.3438762276139868,True,,True,0.0,0.0,0.0,,True,4.0,1.0,0.03361344537815126,0.5335377539287083,4.0,4.0,50,ar1,core:00096,False,False,assessed,ok,1.0,,True,4.0,0.0,0.0,0.0,0.0,128,10.662178926999331,,
0.36,0.5,248.28,217.0,20260823,,1.0109468036524465,253564036,8.0,False,core,False,10.0,83,0.0147461489335324,0.04712668506780193,,5.0,11.0,True,False,one_sample,121,1200.0,0,50,50.0,0.37254901960784315,8.390207848267256,ok,1.1441474654377881,44,-0.12158943158415003,1.9226069607209697,True,,True,0.0,0.0,0.0,,True,5.0,1.0,0.04132231404958678,1.1441474654377881,5.0,5.0,50,ar1,core:00097,False,False,assessed,ok,1.0,,True,5.0,0.0,0.0,0.0,0.0,128,9.395283277000999,,
1.0,0.5,76.34,192.52,20260823,,1.4617838344309253,154336039,8.0,False,core,False,8.0,100,0.04081715788516893,0.06827472802795953,,4.0,7.0,True,False,one_sample,121,1200.0,0,50,50.0,1.0,5.0,ok,0.39653023062538956,45,-0.0695577633140542,1.0550799156952957,True,,True,0.0,0.0,0.0,,True,3.0,1.0,0.024793388429752067,0.39653023062538956,3.0,3.0,50,ar1,core:00098,False,False,assessed,ok,1.0,,True,3.0,0.0,0.0,0.0,0.0,128,6.41069276899907,,
,,,,20260823,,,1502898515,13.0,True,core,True,13.0,68,0.011764101163286831,0.010751745676185198,,5.0,11.0,True,False,one_sample,0,,0,50,,,,,,46,0.2705996422448719,1.463006746188523,False,,True,,,,,True,,,,,,,50,ar1,core:00099,True,False,not_assessed_detector_failure,embedding_not_saturated,1.0,,False,,,,,,128,0.4347623859994201,,
0.92,0.5,156.66,230.35000000000002,20260823,,1.4212152097223412,2368754902,9.0,False,core,False,9.0,72,0.08360672458665616,0.6024998833649773,,7.0,12.0,True,False,one_sample,120,1190.0,0,50,50.0,0.9215686274509803,52.54779346912008,ok,0.6800955068374213,47,0.441536924150955,1.701707431233324,True,,True,0.0,0.0,0.0,,True,3.0,1.0,0.025,0.6800955068374213,3.0,3.0,50,ar1,core:00100,False,False,assessed,ok,1.0,,True,3.0,0.0,0.0,0.0,0.0,128,6.909216106001622,,
0.02,0.5,411.46,202.86,20260823,,1.1707496092818341,4167988564,7.0,False,core,False,7.0,104,0.04949835697497486,0.17605836758634774,,4.0,9.0,True,False,one_sample,122,1210.0,0,50,50.0,0.0392156862745098,11.94336716848317,ok,2.028295376121463,48,-0.9202487963717888,1.4689932192407344,True,,True,1.0,0.9836065573770492,0.00819672131147541,,True,5.0,1.0,0.040983606557377046,2.028295376121463,5.0,5.0,50,ar1,core:00101,False,False,assessed,ok,1.0,,True,5.0,0.0,0.0,0.0,0.0,128,5.879509261998464,,
0.42,0.5,335.62,308.34000000000003,20260823,,1.1867039967093784,1261204869,11.0,False,core,False,7.0,86,0.09272944606710634,0.7128978419168996,,7.0,12.0,True,False,one_sample,118,1170.0,0,50,50.0,0.43137254901960786,5.0,ok,1.0884737627294545,49,-0.06224547497095324,1.7874751192101421,True,,True,0.0,0.0,0.0,,True,3.0,1.0,0.025423728813559324,1.0884737627294545,3.0,3.0,50,ar1,core:00102,False,False,assessed,ok,1.0,,True,3.0,0.0,0.0,0.0,0.0,128,11.942879844000345,,
0.0,0.5,157.78,70.78999999999999,20260823,,0.44550892106112455,2366483954,6.0,False,core,False,5.0,108,0.22063867312424942,0.9990187271957903,,5.0,7.0,True,True,one_sample,123,898.0,0,50,50.0,0.0196078431372549,9.444367764973132,ok,2.2288458821867496,0,-0.018396619705808942,0.7061258173441958,True,,True,1.0,0.0,0.008130081300813009,,True,2.0,0.0,0.016260162601626018,2.2288458821867496,2.0,0.0,50,sinusoid,core:00103,False,False,assessed,ok,1.0,,True,2.0,0.0,0.0,0.0,0.0,128,8.108140970000022,,
0.38,0.5,85.30000000000001,67.45,20260823,,0.4461482333423052,35376879,6.0,False,core,False,5.0,108,0.12699415786399196,0.8880899463359132,,5.0,7.0,True,False,one_sample,123,940.0,0,50,50.0,0.39215686274509803,15.18194501969978,ok,1.2646404744255004,1,-0.0015360630311410106,0.7078718625868154,True,,True,0.0,0.0,0.0,,True,2.0,0.0,0.016260162601626018,1.2646404744255004,2.0,0.0,50,sinusoid,core:00104,False,False,assessed,ok,1.0,,True,2.0,0.0,0.0,0.0,0.0,128,4.881414270999812,,
0.04,0.5,149.04000000000002,79.39999999999999,20260823,,0.4448245953710147,1137611806,6.0,False,core,False,5.0,108,0.1933899974026164,0.964766174339371,,5.0,7.0,True,True,one_sample,123,939.0,0,50,50.0,0.058823529411764705,16.646582817239526,ok,1.877078085642318,2,0.018226484388772942,0.7061582284686914,True,,True,1.0,0.0,0.008130081300813009,,True,2.0,0.0,0.016260162601626018,1.877078085642318,2.0,0.0,50,sinusoid,core:00105,False,False,assessed,ok,1.0,,True,2.0,0.0,0.0,0.0,0.0,128,4.785331398999915,,
0.0,0.5,169.12,58.290000000000006,20260823,,0.40681646813216377,1123604107,5.0,False,core,False,4.0,113,0.10120887152845043,0.7733949268951715,,5.0,7.0,True,False,one_sample,124,1197.0,0,50,50.0,0.0196078431372549,77.83694007239808,ok,2.901355292503002,3,0.01784327166366266,0.7062301229452319,True,,True,1.0,0.0,0.008064516129032258,,True,2.0,0.0,0.016129032258064516,2.901355292503002,2.0,0.0,50,sinusoid,core:00106,False,False,assessed,ok,1.0,,True,2.0,0.0,0.0,0.0,0.0,128,4.358731207999881,,
0.2,0.5,106.58,68.24000000000001,20260823,,0.44243508617488714,1145898766,6.0,False,core,False,4.0,113,0.1271108157754358,0.9492722459647089,,5.0,7.0,True,True,one_sample,123,919.0,0,50,50.0,0.21568627450980393,10.904956969733929,ok,1.5618405627198122,4,-0.002311875707282522,0.7078563718650663,True,,True,0.0,0.0,0.0,,True,2.0,0.0,0.016260162601626018,1.5618405627198122,2.0,0.0,50,sinusoid,core:00107,False,False,assessed,ok,1.0,,True,2.0,0.0,0.0,0.0,0.0,128,5.536736360998475,,
0.14,0.5,107.06,66.85,20260823,,0.44142844672476333,589854398,6.0,False,core,False,4.0,113,0.1267499561018639,0.949730435303619,,5.0,7.0,True,True,one_sample,123,859.0,0,50,50.0,0.1568627450980392,16.46211317652002,ok,1.6014958863126405,5,0.0025223368869262824,0.7078510923899183,True,,True,0.0,0.0,0.0,,True,2.0,0.0,0.016260162601626018,1.6014958863126405,2.0,0.0,50,sinusoid,core:00108,False,False,assessed,ok,1.0,,True,2.0,0.0,0.0,0.0,0.0,128,8.790347256999667,,
0.4,0.5,84.98,77.11,20260823,,0.4475175583105683,3328151151,6.0,False,core,False,6.0,103,0.15886433105024156,0.9641366545902267,,5.0,7.0,True,True,one_sample,123,839.0,0,50,50.0,0.4117647058823529,12.99667048813468,ok,1.102061989365841,6,0.0011387848234877679,0.7078773766789233,True,,True,0.0,0.0,0.0,,True,2.0,0.0,0.016260162601626018,1.102061989365841,2.0,0.0,50,sinusoid,core:00109,False,False,assessed,ok,1.0,,True,2.0,0.0,0.0,0.0,0.0,128,8.150781794998693,,
0.26,0.5,98.84,82.67,20260823,,0.44341682320434755,1497579697,6.0,False,core,False,5.0,108,0.12798729699609498,0.894656980362826,,5.0,7.0,True,False,one_sample,123,870.0,0,50,50.0,0.27450980392156865,9.059695326304215,ok,1.1955969517358171,7,0.004480932874672917,0.7077799117027603,True,,True,0.0,0.0,0.0,,True,2.0,0.0,0.016260162601626018,1.1955969517358171,2.0,0.0,50,sinusoid,core:00110,False,False,assessed,ok,1.0,,True,2.0,0.0,0.0,0.0,0.0,128,5.062958890999653,,
0.52,0.5,62.72,65.47,20260823,,0.441073594813605,2468266034,6.0,False,core,False,6.0,103,0.15858233609269975,0.9637822930145625,,5.0,7.0,True,True,one_sample,123,720.0,0,50,50.0,0.5294117647058824,10.081960765405615,ok,0.9579960287154422,8,-0.0025994700103137147,0.7078490423639094,True,,True,0.0,0.0,0.0,,True,2.0,0.0,0.016260162601626018,0.9579960287154422,2.0,0.0,50,sinusoid,core:00111,False,False,assessed,ok,1.0,,True,2.0,0.0,0.0,0.0,0.0,128,4.961556811000264,,
0.02,0.5,140.32,70.52000000000001,20260823,,0.44392463531171317,1307822050,6.0,False,core,False,4.0,113,0.17376683613224314,0.9994384540186784,,5.0,7.0,True,True,one_sample,123,900.0,0,50,50.0,0.0392156862745098,12.064480472466354,ok,1.9897901304594436,9,-0.018550890794443498,0.7060961667580223,True,,True,1.0,0.0,0.008130081300813009,,True,2.0,0.0,0.016260162601626018,1.9897901304594436,2.0,0.0,50,sinusoid,core:00112,False,False,assessed,ok,1.0,,True,2.0,0.0,0.0,0.0,0.0,128,5.052223033999326,,
0.32,0.5,109.26,87.39,20260823,,0.443412346011929,4187327618,6.0,False,core,False,5.0,108,0.1933179056159991,0.9639060669793124,,5.0,7.0,True,True,one_sample,123,859.0,0,50,50.0,0.3333333333333333,15.182854775488202,ok,1.2502574665293513,10,-0.01662467739600558,0.7064485456153651,True,,True,0.0,0.0,0.0,,True,2.0,0.0,0.016260162601626018,1.2502574665293513,2.0,1.0,50,sinusoid,core:00113,False,False,assessed,ok,1.0,,True,2.0,0.0,0.0,0.0,0.0,128,6.357267027000489,,
0.04,0.5,161.88,73.33,20260823,,0.44131510893610304,4217863448,6.0,False,core,False,5.0,108,0.19250897280841409,0.9633286694772295,,5.0,7.0,True,True,one_sample,123,920.0,0,50,50.0,0.058823529411764705,12.64760161376962,ok,2.2075548888585845,11,0.018616368443943005,0.7060835068605791,True,,True,1.0,0.0,0.008130081300813009,,True,2.0,0.0,0.016260162601626018,2.2075548888585845,2.0,0.0,50,sinusoid,core:00114,False,False,assessed,ok,1.0,,True,2.0,0.0,0.0,0.0,0.0,128,8.232960543000445,,
0.02,0.48,148.22,58.739999999999995,20260823,,0.40391618114474526,1091708514,5.0,False,core,False,4.0,113,0.1499904968604381,0.9374497614999975,,5.0,7.0,True,True,one_sample,124,1179.0,0,50,50.0,0.0392156862745098,61.894116539048625,ok,2.523323118828737,12,-0.014782572189355216,0.7067492971804115,True,,True,1.0,0.0,0.008064516129032258,,True,2.0,0.0,0.016129032258064516,2.523323118828737,2.0,0.0,50,sinusoid,core:00115,False,False,assessed,ok,1.0,,True,2.0,0.0,0.0,0.0,0.0,128,7.203118193001501,,
0.26,0.5,98.4,71.9,20260823,,0.4432336953429331,1686453066,6.0,False,core,False,7.0,98,0.20013626251437378,0.9923852839123238,,5.0,7.0,True,True,one_sample,123,889.0,0,50,50.0,0.27450980392156865,15.582860874367848,ok,1.368567454798331,13,-0.005758829435916615,0.7077119999857121,True,,True,0.0,0.0,0.0,,True,2.0,0.0,0.016260162601626018,1.368567454798331,2.0,0.0,50,sinusoid,core:00116,False,False,assessed,ok,1.0,,True,2.0,0.0,0.0,0.0,0.0,128,4.868920242999593,,
0.34,0.48,86.8,73.1,20260823,,0.44597759142823523,4190497845,6.0,False,core,False,8.0,86,0.5074664401009811,0.9945754298586829,,6.0,7.0,True,True,one_sample,123,850.0,0,50,50.0,0.35294117647058826,16.981144899524267,ok,1.1874145006839947,14,-0.000771810647497248,0.707881014837539,True,,True,0.0,0.0,0.0,,True,2.0,0.0,0.016260162601626018,1.1874145006839947,2.0,0.0,50,sinusoid,core:00117,False,False,assessed,ok,1.0,,True,2.0,0.0,0.0,0.0,0.0,128,4.991080989000693,,
0.64,0.5,61.18000000000001,74.75,20260823,,0.44380718980330913,3758556477,6.0,False,core,False,5.0,108,0.12400524508979005,0.928913659496791,,5.0,7.0,True,True,one_sample,123,790.0,0,50,50.0,0.6470588235294118,17.039029496113496,ok,0.8184615384615386,15,0.008168389107412424,0.7075378050605106,True,,True,0.0,0.0,0.0,,True,2.0,0.0,0.016260162601626018,0.8184615384615386,2.0,0.0,50,sinusoid,core:00118,False,False,assessed,ok,1.0,,True,2.0,0.0,0.0,0.0,0.0,128,4.693859306999002,,
0.02,0.5,165.64,57.08,20260823,,0.4068792410245044,3420883283,5.0,False,core,False,4.0,113,0.12912203946908926,0.9256444557087307,,5.0,7.0,True,True,one_sample,124,1229.0,0,50,50.0,0.0392156862745098,66.35193410656251,ok,2.901892081289418,16,0.01618058698831392,0.7065242895128117,True,,True,2.0,0.0,0.016129032258064516,,True,2.0,0.0,0.016129032258064516,2.901892081289418,2.0,0.0,50,sinusoid,core:00119,False,False,assessed,ok,1.0,,True,2.0,0.0,0.0,0.0,0.0,128,5.618009873000119,,
0.24,0.5,98.8,74.48,20260823,,0.44207409964426664,3539902907,6.0,False,core,False,5.0,104,0.2583767432290632,0.9986135950265109,,6.0,7.0,True,True,one_sample,123,930.0,0,50,50.0,0.2549019607843137,17.567668742900796,ok,1.3265306122448979,17,-0.008497986093671084,0.7075092869978195,True,,True,0.0,0.0,0.0,,True,2.0,0.0,0.016260162601626018,1.3265306122448979,2.0,1.0,50,sinusoid,core:00120,False,False,assessed,ok,1.0,,True,2.0,0.0,0.0,0.0,0.0,128,8.25003649500104,,
,,,,20260823,,,1125555522,8.0,False,core,False,5.0,108,0.22070004192107637,0.9993316708609152,,5.0,7.0,True,True,one_sample,121,0.0,0,50,,,,no_valid_transforms,,18,0.011328971488918003,0.7072178212285849,False,detection status no_valid_transforms,True,,,,,True,,,,,,,50,sinusoid,core:00121,True,False,not_assessed_detector_failure,no_valid_transforms,1.0,,False,,,,,,128,0.614494780998939,,
0.56,0.5,66.76,73.5,20260823,,0.44450109890467815,808990516,6.0,False,core,False,7.0,98,0.27456383739077145,0.9944266603711579,,5.0,7.0,True,True,one_sample,123,770.0,0,50,50.0,0.5686274509803921,9.633017931012953,ok,0.9082993197278912,19,-0.008937665809536192,0.7074694862509844,True,,True,0.0,0.0,0.0,,True,2.0,0.0,0.016260162601626018,0.9082993197278912,2.0,0.0,50,sinusoid,core:00122,False,False,assessed,ok,1.0,,True,2.0,0.0,0.0,0.0,0.0,128,7.651097261001269,,
0.5,0.5,71.36,69.72,20260823,,0.44550326195977563,2845719165,6.0,False,core,False,4.0,113,0.12410019731192931,0.9432911494371351,,5.0,7.0,True,True,one_sample,123,830.0,0,50,50.0,0.5098039215686274,18.88455500462595,ok,1.023522662076879,20,0.00621702257606635,0.7076835197412372,True,,True,0.0,0.0,0.0,,True,2.0,0.0,0.016260162601626018,1.023522662076879,2.0,2.0,50,sinusoid,core:00123,False,False,assessed,ok,1.0,,True,2.0,0.0,0.0,0.0,0.0,128,5.309483129,,
1.0,0.5,0.6,123.22,20260823,,0.4810164845144863,2672440095,7.0,False,core,False,4.0,113,0.09793987745806362,0.7673410092546309,,5.0,7.0,True,False,one_sample,122,180.0,0,50,50.0,1.0,5.0,ok,0.004869339392955689,21,-0.01832830677653707,0.7061388674571342,True,,True,0.0,0.0,0.0,,True,2.0,0.0,0.01639344262295082,0.004869339392955689,2.0,1.0,50,sinusoid,core:00124,False,False,assessed,ok,1.0,,True,2.0,0.0,0.0,0.0,0.0,128,5.530328367000038,,
0.64,0.5,62.31999999999999,67.72,20260823,,0.44029123653037566,357569740,6.0,False,core,False,6.0,103,0.20577522359994185,0.9805459912057135,,5.0,7.0,True,True,one_sample,123,780.0,0,50,50.0,0.6470588235294118,15.472948320050886,ok,0.9202598936798582,22,0.002811759088494653,0.70784308133425,True,,True,0.0,0.0,0.0,,True,2.0,0.0,0.016260162601626018,0.9202598936798582,2.0,1.0,50,sinusoid,core:00125,False,False,assessed,ok,1.0,,True,2.0,0.0,0.0,0.0,0.0,128,4.6871300290004,,
0.0,0.5,151.07999999999998,64.62,20260823,,0.40467832547081184,315969451,5.0,False,core,False,5.0,108,0.19259242917106878,0.9638345764849713,,5.0,7.0,True,True,one_sample,124,1219.0,0,50,50.0,0.0196078431372549,76.8873206418653,ok,2.3379758588672233,23,-0.018601394437752793,0.706086405991611,True,,True,2.0,0.0,0.016129032258064516,,True,2.0,0.0,0.016129032258064516,2.3379758588672233,2.0,0.0,50,sinusoid,core:00126,False,False,assessed,ok,1.0,,True,2.0,0.0,0.0,0.0,0.0,128,5.5185055659985665,,
0.0,0.5,183.52,57.49,20260823,,0.40260287757582425,3225851581,5.0,False,core,False,7.0,98,0.30139868151187654,0.9870120488596509,,5.0,7.0,True,True,one_sample,124,1188.0,0,50,50.0,0.0196078431372549,74.08003091371387,ok,3.1922073404070272,24,-0.018336451767075983,0.7061373140463895,True,,True,1.0,0.0,0.008064516129032258,,True,2.0,0.0,0.016129032258064516,3.1922073404070272,2.0,0.0,50,sinusoid,core:00127,False,False,assessed,ok,1.0,,True,2.0,0.0,0.0,0.0,0.0,128,6.534080248000464,,
0.42,0.5,91.5,86.04,20260823,,0.44066030116480503,294607297,6.0,False,core,False,7.0,98,0.33819422256005116,0.998394871224207,,5.0,7.0,True,True,one_sample,123,859.0,0,50,50.0,0.43137254901960786,9.742954292717817,ok,1.0634588563458856,25,-0.01687700230679067,0.7064045918367751,True,,True,0.0,0.0,0.0,,True,2.0,0.0,0.016260162601626018,1.0634588563458856,2.0,0.0,50,sinusoid,core:00128,False,False,assessed,ok,1.0,,True,2.0,0.0,0.0,0.0,0.0,128,7.8439485389990296,,
0.0,0.5,172.54000000000002,56.22,20260823,,0.4108104453414037,3716328931,5.0,False,core,False,4.0,110,0.19273907202899468,0.9994769466935534,,6.0,7.0,True,True,one_sample,124,1218.0,0,50,50.0,0.0196078431372549,60.69616372049724,ok,3.069014585556742,26,-0.007728675948641364,0.7075740929873637,True,,True,2.0,0.0,0.016129032258064516,,True,2.0,0.0,0.016129032258064516,3.069014585556742,2.0,0.0,50,sinusoid,core:00129,False,False,assessed,ok,1.0,,True,2.0,0.0,0.0,0.0,0.0,128,5.989785247000327,,
0.0,0.5,175.88,61.86,20260823,,0.406022511184598,2836737456,5.0,False,core,False,5.0,108,0.19174682457578854,0.9634486189700415,,5.0,7.0,True,True,one_sample,124,1218.0,0,50,50.0,0.0196078431372549,73.1133355435946,ok,2.843194309731652,27,-0.017473632067084265,0.7062980168093252,True,,True,2.0,0.0,0.016129032258064516,,True,2.0,0.0,0.016129032258064516,2.843194309731652,2.0,1.0,50,sinusoid,core:00130,False,False,assessed,ok,1.0,,True,2.0,0.0,0.0,0.0,0.0,128,4.272556194999197,,
0.46,0.5,80.56,77.81,20260823,,0.44738320922675734,3951316766,6.0,False,core,False,4.0,113,0.17499414499150348,0.9998576735333945,,5.0,7.0,True,True,one_sample,123,849.0,0,50,50.0,0.49019607843137253,11.494942595453828,ok,1.0353425009638864,28,0.010144368443049001,0.7073499250007025,True,,True,0.0,0.0,0.0,,True,2.0,0.0,0.016260162601626018,1.0353425009638864,2.0,0.0,50,sinusoid,core:00131,False,False,assessed,ok,1.0,,True,2.0,0.0,0.0,0.0,0.0,128,4.8554870409989235,,
1.0,0.5,0.0,129.26,20260823,,0.483269782558324,2043839529,7.0,False,core,False,6.0,103,0.1849926392616346,0.9439775248037923,,5.0,7.0,True,True,one_sample,122,230.0,0,50,50.0,1.0,5.0,ok,0.0,29,-0.016016675929013277,0.7065517259814197,True,,True,0.0,0.0,0.0,,True,1.0,0.0,0.00819672131147541,0.0,1.0,1.0,50,sinusoid,core:00132,False,False,assessed,ok,1.0,,True,1.0,0.0,0.0,0.0,0.0,128,6.430618195001443,,
,,,,20260823,,,1663244733,13.0,True,core,True,13.0,56,,,insufficient divergence points,6.0,2.0,False,False,one_sample,0,,1,50,,,,,,0,0.6464104658796112,0.20946424741201883,False,,True,,,,,True,,,,,,,50,logistic_p4,core:00133,True,False,not_assessed_detector_failure,embedding_not_saturated,1.0,,False,,,,,,128,0.2331545870001719,,
,,,,20260823,,,510635992,13.0,True,core,True,13.0,56,,,insufficient divergence points,6.0,2.0,False,False,one_sample,0,,1,50,,,,,,1,0.6464104658796113,0.20946424741201883,False,,True,,,,,True,,,,,,,50,logistic_p4,core:00134,True,False,not_assessed_detector_failure,embedding_not_saturated,1.0,,False,,,,,,128,0.1952281280009629,,
,,,,20260823,,,1986142867,13.0,True,core,True,13.0,56,,,insufficient divergence points,6.0,2.0,False,False,one_sample,0,,1,50,,,,,,2,0.6464104658796113,0.20946424741201883,False,,True,,,,,True,,,,,,,50,logistic_p4,core:00135,True,False,not_assessed_detector_failure,embedding_not_saturated,1.0,,False,,,,,,128,0.19605328699981328,,
,,,,20260823,,,3365659271,13.0,True,core,True,13.0,56,,,insufficient divergence points,6.0,2.0,False,False,one_sample,0,,1,50,,,,,,3,0.6464104658796112,0.20946424741201883,False,,True,,,,,True,,,,,,,50,logistic_p4,core:00136,True,False,not_assessed_detector_failure,embedding_not_saturated,1.0,,False,,,,,,128,0.20591981600045983,,
,,,,20260823,,,1309174834,13.0,True,core,True,13.0,56,,,insufficient divergence points,6.0,2.0,False,False,one_sample,0,,1,50,,,,,,4,0.6464104658796113,0.20946424741201883,False,,True,,,,,True,,,,,,,50,logistic_p4,core:00137,True,False,not_assessed_detector_failure,embedding_not_saturated,1.0,,False,,,,,,128,0.21039102800023102,,
,,,,20260823,,,27916362,13.0,True,core,True,13.0,56,,,insufficient divergence points,6.0,2.0,False,False,one_sample,0,,1,50,,,,,,5,0.6464104658796112,0.20946424741201883,False,,True,,,,,True,,,,,,,50,logistic_p4,core:00138,True,False,not_assessed_detector_failure,embedding_not_saturated,1.0,,False,,,,,,128,0.20034818099884433,,
,,,,20260823,,,4185514160,13.0,True,core,True,13.0,56,,,insufficient divergence points,6.0,2.0,False,False,one_sample,0,,1,50,,,,,,6,0.6464104658796112,0.20946424741201883,False,,True,,,,,True,,,,,,,50,logistic_p4,core:00139,True,False,not_assessed_detector_failure,embedding_not_saturated,1.0,,False,,,,,,128,0.20379897500060906,,
,,,,20260823,,,3274189514,13.0,True,core,True,13.0,56,,,insufficient divergence points,6.0,2.0,False,False,one_sample,0,,1,50,,,,,,7,0.6464104658796112,0.20946424741201883,False,,True,,,,,True,,,,,,,50,logistic_p4,core:00140,True,False,not_assessed_detector_failure,embedding_not_saturated,1.0,,False,,,,,,128,0.20560488399860333,,
,,,,20260823,,,4056852784,13.0,True,core,True,13.0,56,,,insufficient divergence points,6.0,2.0,False,False,one_sample,0,,1,50,,,,,,8,0.6464104658796112,0.20946424741201883,False,,True,,,,,True,,,,,,,50,logistic_p4,core:00141,True,False,not_assessed_detector_failure,embedding_not_saturated,1.0,,False,,,,,,128,0.19327916899965203,,
,,,,20260823,,,4160890951,13.0,True,core,True,13.0,56,,,insufficient divergence points,6.0,2.0,False,False,one_sample,0,,1,50,,,,,,9,0.6464104658796112,0.20946424741201883,False,,True,,,,,True,,,,,,,50,logistic_p4,core:00142,True,False,not_assessed_detector_failure,embedding_not_saturated,1.0,,False,,,,,,128,0.19274587600011728,,
,,,,20260823,,,3258547291,13.0,True,core,True,13.0,56,,,insufficient divergence points,6.0,2.0,False,False,one_sample,0,,1,50,,,,,,10,0.6464104658796113,0.20946424741201883,False,,True,,,,,True,,,,,,,50,logistic_p4,core:00143,True,False,not_assessed_detector_failure,embedding_not_saturated,1.0,,False,,,,,,128,0.19187767799849098,,
,,,,20260823,,,1924754728,13.0,True,core,True,13.0,56,,,insufficient divergence points,6.0,2.0,False,False,one_sample,0,,1,50,,,,,,11,0.6464104658796112,0.20946424741201883,False,,True,,,,,True,,,,,,,50,logistic_p4,core:00144,True,False,not_assessed_detector_failure,embedding_not_saturated,1.0,,False,,,,,,128,0.25862124000013864,,
,,,,20260823,,,3992517432,13.0,True,core,True,13.0,56,,,insufficient divergence points,6.0,2.0,False,False,one_sample,0,,1,50,,,,,,12,0.6464104658796112,0.20946424741201883,False,,True,,,,,True,,,,,,,50,logistic_p4,core:00145,True,False,not_assessed_detector_failure,embedding_not_saturated,1.0,,False,,,,,,128,0.3626144790014223,,
,,,,20260823,,,729802198,13.0,True,core,True,13.0,56,,,insufficient divergence points,6.0,2.0,False,False,one_sample,0,,1,50,,,,,,13,0.6464104658796112,0.20946424741201883,False,,True,,,,,True,,,,,,,50,logistic_p4,core:00146,True,False,not_assessed_detector_failure,embedding_not_saturated,1.0,,False,,,,,,128,0.28778610699919227,,
,,,,20260823,,,623808123,13.0,True,core,True,13.0,56,,,insufficient divergence points,6.0,2.0,False,False,one_sample,0,,1,50,,,,,,14,0.6464104658796112,0.20946424741201883,False,,True,,,,,True,,,,,,,50,logistic_p4,core:00147,True,False,not_assessed_detector_failure,embedding_not_saturated,1.0,,False,,,,,,128,0.35364194700014195,,
,,,,20260823,,,2330774466,13.0,True,core,True,13.0,56,,,insufficient divergence points,6.0,2.0,False,False,one_sample,0,,1,50,,,,,,15,0.6464104658796112,0.20946424741201883,False,,True,,,,,True,,,,,,,50,logistic_p4,core:00148,True,False,not_assessed_detector_failure,embedding_not_saturated,1.0,,False,,,,,,128,0.3974986280009034,,
,,,,20260823,,,1026094862,13.0,True,core,True,13.0,56,,,insufficient divergence points,6.0,2.0,False,False,one_sample,0,,1,50,,,,,,16,0.6464104658796113,0.20946424741201883,False,,True,,,,,True,,,,,,,50,logistic_p4,core:00149,True,False,not_assessed_detector_failure,embedding_not_saturated,1.0,,False,,,,,,128,0.3738036300001113,,
,,,,20260823,,,1005847134,13.0,True,core,True,13.0,56,,,insufficient divergence points,6.0,2.0,False,False,one_sample,0,,1,50,,,,,,17,0.6464104658796112,0.20946424741201883,False,,True,,,,,True,,,,,,,50,logistic_p4,core:00150,True,False,not_assessed_detector_failure,embedding_not_saturated,1.0,,False,,,,,,128,0.4347478809995664,,
,,,,20260823,,,441296962,13.0,True,core,True,13.0,56,,,insufficient divergence points,6.0,2.0,False,False,one_sample,0,,1,50,,,,,,18,0.6464104658796113,0.20946424741201883,False,,True,,,,,True,,,,,,,50,logistic_p4,core:00151,True,False,not_assessed_detector_failure,embedding_not_saturated,1.0,,False,,,,,,128,0.34274585300045146,,
,,,,20260823,,,1772903087,13.0,True,core,True,13.0,56,,,insufficient divergence points,6.0,2.0,False,False,one_sample,0,,1,50,,,,,,19,0.6464104658796113,0.20946424741201883,False,,True,,,,,True,,,,,,,50,logistic_p4,core:00152,True,False,not_assessed_detector_failure,embedding_not_saturated,1.0,,False,,,,,,128,0.35388665500067873,,
,,,,20260823,,,2414906646,13.0,True,core,True,13.0,56,,,insufficient divergence points,6.0,2.0,False,False,one_sample,0,,1,50,,,,,,20,0.6464104658796112,0.20946424741201883,False,,True,,,,,True,,,,,,,50,logistic_p4,core:00153,True,False,not_assessed_detector_failure,embedding_not_saturated,1.0,,False,,,,,,128,0.41546441200080153,,
,,,,20260823,,,3101045232,13.0,True,core,True,13.0,56,,,insufficient divergence points,6.0,2.0,False,False,one_sample,0,,1,50,,,,,,21,0.6464104658796112,0.20946424741201883,False,,True,,,,,True,,,,,,,50,logistic_p4,core:00154,True,False,not_assessed_detector_failure,embedding_not_saturated,1.0,,False,,,,,,128,0.325108867000381,,
,,,,20260823,,,1679040279,13.0,True,core,True,13.0,56,,,insufficient divergence points,6.0,2.0,False,False,one_sample,0,,1,50,,,,,,22,0.6464104658796112,0.20946424741201883,False,,True,,,,,True,,,,,,,50,logistic_p4,core:00155,True,False,not_assessed_detector_failure,embedding_not_saturated,1.0,,False,,,,,,128,0.36584708800000953,,
,,,,20260823,,,1125658750,13.0,True,core,True,13.0,56,,,insufficient divergence points,6.0,2.0,False,False,one_sample,0,,1,50,,,,,,23,0.6464104658796113,0.20946424741201883,False,,True,,,,,True,,,,,,,50,logistic_p4,core:00156,True,False,not_assessed_detector_failure,embedding_not_saturated,1.0,,False,,,,,,128,0.3382814939996024,,
,,,,20260823,,,2079008838,13.0,True,core,True,13.0,56,,,insufficient divergence points,6.0,2.0,False,False,one_sample,0,,1,50,,,,,,24,0.6464104658796112,0.20946424741201883,False,,True,,,,,True,,,,,,,50,logistic_p4,core:00157,True,False,not_assessed_detector_failure,embedding_not_saturated,1.0,,False,,,,,,128,0.28951719399992726,,
,,,,20260823,,,1979203696,13.0,True,core,True,13.0,56,,,insufficient divergence points,6.0,2.0,False,False,one_sample,0,,1,50,,,,,,25,0.6464104658796113,0.20946424741201883,False,,True,,,,,True,,,,,,,50,logistic_p4,core:00158,True,False,not_assessed_detector_failure,embedding_not_saturated,1.0,,False,,,,,,128,0.35643626900127856,,
,,,,20260823,,,551440800,13.0,True,core,True,13.0,56,,,insufficient divergence points,6.0,2.0,False,False,one_sample,0,,1,50,,,,,,26,0.6464104658796113,0.20946424741201883,False,,True,,,,,True,,,,,,,50,logistic_p4,core:00159,True,False,not_assessed_detector_failure,embedding_not_saturated,1.0,,False,,,,,,128,0.30324051399838936,,
,,,,20260823,,,2986551950,13.0,True,core,True,13.0,56,,,insufficient divergence points,6.0,2.0,False,False,one_sample,0,,1,50,,,,,,27,0.6464104658796113,0.20946424741201883,False,,True,,,,,True,,,,,,,50,logistic_p4,core:00160,True,False,not_assessed_detector_failure,embedding_not_saturated,1.0,,False,,,,,,128,0.3396962810002151,,
,,,,20260823,,,1384342962,13.0,True,core,True,13.0,56,,,insufficient divergence points,6.0,2.0,False,False,one_sample,0,,1,50,,,,,,28,0.6464104658796113,0.20946424741201883,False,,True,,,,,True,,,,,,,50,logistic_p4,core:00161,True,False,not_assessed_detector_failure,embedding_not_saturated,1.0,,False,,,,,,128,0.40577122300055635,,
,,,,20260823,,,647016035,13.0,True,core,True,13.0,56,,,insufficient divergence points,6.0,2.0,False,False,one_sample,0,,1,50,,,,,,29,0.6464104658796112,0.20946424741201883,False,,True,,,,,True,,,,,,,50,logistic_p4,core:00162,True,False,not_assessed_detector_failure,embedding_not_saturated,1.0,,False,,,,,,128,0.4340225690011721,,
,,,,20260823,ValueError: Insufficient embedded points after reconstruction.,,754401071,,False,core,False,,0,,,analyze_segment raised,,,False,False,one_sample,0,,0,50,,,,,,0,0.5187137591590679,0.3445617593856179,False,,True,,,,,True,,,,,,,50,logistic,core:00163,True,False,not_assessed_detector_failure,analysis_error,,,False,,,,,,128,5.76360401599959,4.0,ok
0.0,0.5,553.78,59.8,20260823,,0.5974182806735395,4175879496,4.0,False,core,False,6.0,83,0.1551382579479921,0.5760982164654096,,9.0,4.0,True,False,one_sample,125,1231.0,0,50,50.0,0.0196078431372549,63.7954686804955,ok,9.260535117056856,1,0.4629843133259123,0.3646630370231471,True,,True,1.0,0.088,0.008,,True,2.0,0.296,0.016,9.260535117056856,2.0,2.0,50,logistic,core:00164,False,False,assessed,ok,1.0,,True,2.0,0.0,0.0,0.0,0.0,128,5.9359216619996005,,
0.0,0.5,238.57999999999998,34.239999999999995,20260823,,0.5997791116040292,1890576094,4.0,False,core,True,13.0,56,0.0700042997728021,0.4150871195171084,,6.0,4.0,True,False,one_sample,125,1232.0,0,50,50.0,0.0196078431372549,53.11385281618146,ok,6.967873831775702,2,0.5487546412567201,0.3303668521555614,True,,True,1.0,0.288,0.008,,True,1.0,0.288,0.008,6.967873831775702,1.0,1.0,50,logistic,core:00165,False,False,assessed,ok,1.0,,True,1.0,0.0,0.0,0.0,0.0,128,3.966861479999352,,
0.0,0.5,190.08,39.11,20260823,,0.6749329100074591,3910593458,4.0,False,core,True,13.0,56,0.07834119930188059,0.548614350933271,,6.0,4.0,True,False,one_sample,125,1229.0,0,50,50.0,0.0196078431372549,49.38738239234635,ok,4.860138072104322,3,0.5135524455419167,0.3465509108204052,True,,True,2.0,0.384,0.016,,True,3.0,0.392,0.024,4.860138072104322,3.0,3.0,50,logistic,core:00166,False,False,assessed,ok,1.0,,True,3.0,0.0,0.0,0.0,0.0,128,3.98162625400073,,
,,,,20260823,ValueError: Insufficient embedded points after reconstruction.,,2810527788,,False,core,False,,0,,,analyze_segment raised,,,False,False,one_sample,0,,0,50,,,,,,4,0.5567992529213438,0.3279442259176,False,,True,,,,,True,,,,,,,50,logistic,core:00167,True,False,not_assessed_detector_failure,analysis_error,,,False,,,,,,128,4.0243906319992675,4.0,ok
0.0,0.5,193.74,67.08,20260823,,2.093315504363389,96044262,7.0,False,core,False,6.0,88,0.16217134840743394,0.5725496508395052,,8.0,5.0,True,False,one_sample,122,1186.0,0,50,50.0,0.0196078431372549,42.25664827037862,ok,2.8881932021466907,5,0.4921075429458938,0.3562535023694117,True,,True,1.0,1.0,0.00819672131147541,,True,2.0,1.0,0.01639344262295082,2.8881932021466907,2.0,2.0,50,logistic,core:00168,False,False,assessed,ok,1.0,,True,2.0,0.0,0.0,0.0,0.0,128,6.1060597200012126,,
,,,,20260823,ValueError: Insufficient embedded points after reconstruction.,,2523211676,,False,core,False,,0,,,analyze_segment raised,,,False,False,one_sample,0,,0,50,,,,,,6,0.4791059302055922,0.36053905126695757,False,,True,,,,,True,,,,,,,50,logistic,core:00169,True,False,not_assessed_detector_failure,analysis_error,,,False,,,,,,128,7.021974928999043,4.0,ok
,,,,20260823,ValueError: Insufficient embedded points after reconstruction.,,3350022166,,False,core,False,,0,,,analyze_segment raised,,,False,False,one_sample,0,,0,50,,,,,,7,0.4763887422351274,0.36023197722317424,False,,True,,,,,True,,,,,,,50,logistic,core:00170,True,False,not_assessed_detector_failure,analysis_error,,,False,,,,,,128,6.87307963800049,4.0,ok
0.0,0.5,275.44,97.58,20260823,,3.269979159303678,834449439,11.0,False,core,False,10.0,74,0.07959802854630726,0.4767314368815555,,6.0,4.0,True,False,one_sample,118,1170.0,0,50,50.0,0.0196078431372549,6.032042337421124,ok,2.8227095716335313,8,0.49910215325415397,0.35661684758012546,True,,True,1.0,1.0,0.00847457627118644,,True,1.0,1.0,0.00847457627118644,2.8227095716335313,1.0,1.0,50,logistic,core:00171,False,False,assessed,ok,1.0,,True,1.0,0.0,0.0,0.0,0.0,128,8.993220731001202,,
0.0,0.5,220.16,85.27,20260823,,2.3438568537101245,3621995135,8.0,False,core,False,7.0,86,0.14251223427871804,0.6261814965417204,,7.0,4.0,True,False,one_sample,121,1200.0,0,50,50.0,0.0196078431372549,10.20934744017085,ok,2.581916265978656,9,0.5255390359049734,0.34421176051116914,True,,True,1.0,1.0,0.008264462809917356,,True,1.0,1.0,0.008264462809917356,2.581916265978656,1.0,1.0,50,logistic,core:00172,False,False,assessed,ok,1.0,,True,1.0,0.0,0.0,0.0,0.0,128,5.800674162999712,,
,,,,20260823,,,1383111860,13.0,True,core,False,10.0,74,0.10250865162520835,0.49035364584290475,,6.0,4.0,True,False,one_sample,0,,0,50,,,,,,10,0.4942745148503269,0.3552634489602419,False,,True,,,,,True,,,,,,,50,logistic,core:00173,True,False,not_assessed_detector_failure,embedding_not_saturated,1.0,,False,,,,,,128,0.2988290710000001,,
0.0,0.5,206.16,39.14,20260823,,0.6077169475594921,660453294,4.0,False,core,True,13.0,56,0.08247844537073623,0.5141510528398641,,6.0,3.0,True,False,one_sample,125,1232.0,0,50,50.0,0.0196078431372549,65.1944556896521,ok,5.267245784363822,11,0.540926277763359,0.33575941277668553,True,,True,2.0,0.384,0.016,,True,2.0,0.384,0.016,5.267245784363822,2.0,2.0,50,logistic,core:00174,False,False,assessed,ok,1.0,,True,2.0,0.0,0.0,0.0,0.0,128,4.058498899999904,,
,,,,20260823,ValueError: Insufficient embedded points after reconstruction.,,1683576527,,False,core,False,,0,,,analyze_segment raised,,,False,False,one_sample,0,,0,50,,,,,,12,0.4857385472363094,0.3598811595196835,False,,True,,,,,True,,,,,,,50,logistic,core:00175,True,False,not_assessed_detector_failure,analysis_error,,,False,,,,,,128,4.971507549000307,4.0,ok
0.0,0.5,141.04,34.45,20260823,,0.6645673264260619,2371136479,4.0,False,core,False,9.0,56,0.08766002028993859,0.44852798426172,,9.0,4.0,True,False,one_sample,125,1231.0,0,50,50.0,0.0196078431372549,81.87229184983772,ok,4.094049346879535,13,0.4988019693459169,0.3528014056403414,True,,True,3.0,0.384,0.024,,True,3.0,0.384,0.024,4.094049346879535,3.0,3.0,50,logistic,core:00176,False,False,assessed,ok,1.0,,True,3.0,0.0,0.0,0.0,0.0,128,7.40974426199864,,
0.0,0.48,293.0,39.78,20260823,,0.5957710092524539,2795912457,4.0,False,core,False,9.0,72,0.0874538707026132,0.4185717868145712,,7.0,4.0,True,False,one_sample,125,1234.0,0,50,50.0,0.0196078431372549,46.67193489260752,ok,7.365510306686777,14,0.5078679810928268,0.3523031813497228,True,,True,2.0,0.24,0.016,,True,2.0,0.24,0.016,7.365510306686777,2.0,2.0,50,logistic,core:00177,False,False,assessed,ok,1.0,,True,2.0,0.0,0.0,0.0,0.0,128,6.81065181699887,,
,,,,20260823,ValueError: Insufficient embedded points after reconstruction.,,1524837591,,False,core,False,,0,,,analyze_segment raised,,,False,False,one_sample,0,,0,50,,,,,,15,0.5170179671185129,0.3474330792473586,False,,True,,,,,True,,,,,,,50,logistic,core:00178,True,False,not_assessed_detector_failure,analysis_error,,,False,,,,,,128,4.11140223700022,4.0,ok
,,,,20260823,ValueError: Insufficient embedded points after reconstruction.,,1728034604,,False,core,False,,0,,,analyze_segment raised,,,False,False,one_sample,0,,0,50,,,,,,16,0.5087512738464333,0.3489086854736992,False,,True,,,,,True,,,,,,,50,logistic,core:00179,True,False,not_assessed_detector_failure,analysis_error,,,False,,,,,,128,3.9647836630010715,4.0,ok
,,,,20260823,ValueError: Insufficient embedded points after reconstruction.,,144774453,,False,core,False,,0,,,analyze_segment raised,,,False,False,one_sample,0,,0,50,,,,,,17,0.5290388525106319,0.34151666845233275,False,,True,,,,,True,,,,,,,50,logistic,core:00180,True,False,not_assessed_detector_failure,analysis_error,,,False,,,,,,128,4.06119051800124,4.0,ok
0.0,0.5,115.94,43.46,20260823,,0.6269844281087528,2384335457,4.0,False,core,True,13.0,56,0.06715382208849324,0.517513108042331,,6.0,4.0,True,False,one_sample,125,1228.0,0,50,50.0,0.0196078431372549,100.20157871034168,ok,2.6677404509894154,18,0.4888869601563422,0.3589508260468057,True,,True,1.0,0.28,0.008,,True,1.0,0.28,0.008,2.6677404509894154,1.0,1.0,50,logistic,core:00181,False,False,assessed,ok,1.0,,True,1.0,0.0,0.0,0.0,0.0,128,3.9929208270004892,,
0.0,0.5,334.34,38.09,20260823,,0.624198641345256,2856169570,4.0,False,core,False,11.0,68,0.06851116072477133,0.4109001792199445,,6.0,4.0,True,False,one_sample,125,1228.0,0,50,50.0,0.0196078431372549,60.23501602749764,ok,8.777631924389603,19,0.47335347620086393,0.3605255016102681,True,,True,1.0,0.08,0.008,,True,2.0,0.304,0.016,8.777631924389603,2.0,2.0,50,logistic,core:00182,False,False,assessed,ok,1.0,,True,2.0,0.0,0.0,0.0,0.0,128,5.025713020000694,,
0.0,0.5,694.88,49.230000000000004,20260823,,0.5960039827586859,3649312483,4.0,False,core,False,11.0,68,0.07867397136428407,0.44154025608776537,,6.0,4.0,True,False,one_sample,125,1231.0,0,50,50.0,0.0196078431372549,25.404856219972466,ok,14.114970546414787,20,0.46160203064949695,0.3627758205862964,True,,True,1.0,0.12,0.008,,True,2.0,0.272,0.016,14.114970546414787,2.0,2.0,50,logistic,core:00183,False,False,assessed,ok,1.0,,True,2.0,0.0,0.0,0.0,0.0,128,6.425198750999698,,
0.0,0.5,126.42,43.39,20260823,,,138966341,4.0,False,core,False,10.0,74,0.09960298107483365,0.5623160151112798,,6.0,4.0,True,False,one_sample,125,1224.0,0,50,50.0,0.0196078431372549,140.73914808599687,no_peaks,2.9135745563493893,21,0.4761821124453378,0.3613445827958773,True,,True,0.0,0.0,0.0,,True,0.0,0.0,0.0,2.9135745563493893,0.0,0.0,50,logistic,core:00184,False,True,assessed,no_peaks,1.0,,True,0.0,0.0,0.0,0.0,0.0,128,6.413991069999611,,
0.0,0.48,226.66,45.400000000000006,20260823,,0.6624315725749857,988879873,4.0,False,core,True,13.0,56,0.08162529876955398,0.5359288247787286,,6.0,4.0,True,False,one_sample,125,1234.0,0,50,50.0,0.0196078431372549,56.88302777470507,ok,4.992511013215858,22,0.5378147922283016,0.3375054027956734,True,,True,2.0,0.488,0.016,,True,2.0,0.488,0.016,4.992511013215858,2.0,2.0,50,logistic,core:00185,False,False,assessed,ok,1.0,,True,2.0,0.0,0.0,0.0,0.0,128,5.5084643849986605,,
0.0,0.5,241.4,39.95,20260823,,0.6312235025794872,2264326384,4.0,False,core,False,10.0,74,0.09351809836194497,0.5557192011634408,,6.0,4.0,True,False,one_sample,125,1231.0,0,50,50.0,0.0196078431372549,40.58280372456934,ok,6.042553191489361,23,0.5141476879152311,0.348269572663707,True,,True,2.0,0.44,0.016,,True,2.0,0.44,0.016,6.042553191489361,2.0,2.0,50,logistic,core:00186,False,False,assessed,ok,1.0,,True,2.0,0.0,0.0,0.0,0.0,128,4.133581736999986,,
0.0,0.5,176.95999999999998,41.699999999999996,20260823,,0.4640067123523025,3750170359,4.0,False,core,False,11.0,58,0.09551803125012774,0.6533136462020596,,7.0,3.0,True,False,one_sample,125,1237.0,0,50,50.0,0.0196078431372549,36.62814196641706,ok,4.2436450839328534,24,0.5767796649981536,0.31554200686505407,True,,True,1.0,0.152,0.008,,True,2.0,0.168,0.016,4.2436450839328534,2.0,2.0,50,logistic,core:00187,False,False,assessed,ok,1.0,,True,2.0,0.0,0.0,0.0,0.0,128,3.9945341029997508,,
,,,,20260823,ValueError: Insufficient embedded points after reconstruction.,,1884561841,,False,core,False,,0,,,analyze_segment raised,,,False,False,one_sample,0,,0,50,,,,,,25,0.47021225233444497,0.36239227929532664,False,,True,,,,,True,,,,,,,50,logistic,core:00188,True,False,not_assessed_detector_failure,analysis_error,,,False,,,,,,128,3.9683959530011634,4.0,ok
0.06,0.5,94.78,44.5,20260823,,1.083585102652528,3346332052,5.0,False,core,False,9.0,72,0.12381934990118221,0.5619406124816178,,7.0,4.0,True,False,one_sample,124,1211.0,0,50,50.0,0.0784313725490196,102.54008558754279,ok,2.129887640449438,26,0.4316959496377062,0.37262085667435974,True,,True,0.0,0.0,0.0,,True,1.0,0.47580645161290325,0.008064516129032258,2.129887640449438,1.0,1.0,50,logistic,core:00189,False,False,assessed,ok,1.0,,True,1.0,0.0,0.0,0.0,0.0,128,4.44185903899961,,
0.0,0.5,262.58,45.07,20260823,,0.5599672250620807,745541273,4.0,False,core,False,7.0,80,0.12399419265629417,0.478244114882738,,8.0,4.0,True,False,one_sample,125,1230.0,0,50,50.0,0.0196078431372549,69.3601811819557,ok,5.826048369203461,27,0.49705456682349813,0.3531529108975489,True,,True,2.0,0.224,0.016,,True,2.0,0.224,0.016,5.826048369203461,2.0,2.0,50,logistic,core:00190,False,False,assessed,ok,1.0,,True,2.0,0.0,0.0,0.0,0.0,128,5.993323367998528,,
,,,,20260823,ValueError: Insufficient embedded points after reconstruction.,,2633759157,,False,core,False,,0,,,analyze_segment raised,,,False,False,one_sample,0,,0,50,,,,,,28,0.48864869465114524,0.35858023139098455,False,,True,,,,,True,,,,,,,50,logistic,core:00191,True,False,not_assessed_detector_failure,analysis_error,,,False,,,,,,128,7.383977309000329,4.0,ok
0.0,0.5,361.44,43.43,20260823,,0.5668530288572468,1714170164,4.0,False,core,False,6.0,83,0.1710619155330011,0.60870303741329,,9.0,5.0,True,False,one_sample,125,1233.0,0,50,50.0,0.0196078431372549,79.92923987650808,ok,8.322357817177066,29,0.50232748849361,0.3526341153512957,True,,True,1.0,0.072,0.008,,True,2.0,0.224,0.016,8.322357817177066,2.0,2.0,50,logistic,core:00192,False,False,assessed,ok,1.0,,True,2.0,0.0,0.0,0.0,0.0,128,5.839538324000387,,
,,,,20260823,ValueError: Insufficient embedded points after reconstruction.,,962269927,,False,core,False,,0,,,analyze_segment raised,,,False,False,one_sample,0,,0,50,,,,,,0,0.27358650072045354,0.7122717104093752,False,,True,,,,,True,,,,,,,50,henon,core:00193,True,False,not_assessed_detector_failure,analysis_error,,,False,,,,,,128,4.3031795019996935,4.0,ok
,,,,20260823,ValueError: Insufficient embedded points after reconstruction.,,3585039096,,False,core,False,,0,,,analyze_segment raised,,,False,False,one_sample,0,,0,50,,,,,,1,0.2902586641722971,0.6979228740333329,False,,True,,,,,True,,,,,,,50,henon,core:00194,True,False,not_assessed_detector_failure,analysis_error,,,False,,,,,,128,4.1211551149990555,4.0,ok
,,,,20260823,ValueError: Insufficient embedded points after reconstruction.,,3650800702,,False,core,False,,0,,,analyze_segment raised,,,False,False,one_sample,0,,0,50,,,,,,2,0.23594498444735257,0.736131383830984,False,,True,,,,,True,,,,,,,50,henon,core:00195,True,False,not_assessed_detector_failure,analysis_error,,,False,,,,,,128,5.241687064999496,7.0,ok
,,,,20260823,ValueError: Insufficient embedded points after reconstruction.,,1936643628,,False,core,False,,0,,,analyze_segment raised,,,False,False,one_sample,0,,0,50,,,,,,3,0.26148960652877035,0.7236755092423399,False,,True,,,,,True,,,,,,,50,henon,core:00196,True,False,not_assessed_detector_failure,analysis_error,,,False,,,,,,128,4.225185474999307,4.0,ok
0.66,0.5,86.30000000000001,95.38,20260823,,1.1625206471171907,3032837989,7.0,False,core,False,6.0,98,0.12960558456653626,0.6263881723068756,,6.0,3.0,True,False,one_sample,122,1210.0,0,50,50.0,0.6666666666666666,5.0,ok,0.9048018452505768,4,0.22895390386217715,0.7451119276839979,True,,True,0.0,0.0,0.0,,True,1.0,1.0,0.00819672131147541,0.9048018452505768,1.0,1.0,50,henon,core:00197,False,False,assessed,ok,1.0,,True,1.0,0.0,0.0,0.0,0.0,128,8.660140732999935,,
,,,,20260823,ValueError: Insufficient embedded points after reconstruction.,,4084077046,,False,core,False,,0,,,analyze_segment raised,,,False,False,one_sample,0,,0,50,,,,,,5,0.25788394168963197,0.7262953952042752,False,,True,,,,,True,,,,,,,50,henon,core:00198,True,False,not_assessed_detector_failure,analysis_error,,,False,,,,,,128,7.696984059999522,4.0,ok
,,,,20260823,ValueError: Insufficient embedded points after reconstruction.,,2188338769,,False,core,False,,0,,,analyze_segment raised,,,False,False,one_sample,0,,0,50,,,,,,6,0.2622492600059333,0.7102162025905944,False,,True,,,,,True,,,,,,,50,henon,core:00199,True,False,not_assessed_detector_failure,analysis_error,,,False,,,,,,128,4.420066190001307,4.0,ok
,,,,20260823,ValueError: Insufficient embedded points after reconstruction.,,2414256732,,False,core,False,,0,,,analyze_segment raised,,,False,False,one_sample,0,,0,50,,,,,,7,0.23974406763785144,0.731876452155232,False,,True,,,,,True,,,,,,,50,henon,core:00200,True,False,not_assessed_detector_failure,analysis_error,,,False,,,,,,128,4.007084725000823,4.0,ok
,,,,20260823,ValueError: Insufficient embedded points after reconstruction.,,3667492385,,False,core,False,,0,,,analyze_segment raised,,,False,False,one_sample,0,,0,50,,,,,,8,0.27505327545750713,0.7066494020836807,False,,True,,,,,True,,,,,,,50,henon,core:00201,True,False,not_assessed_detector_failure,analysis_error,,,False,,,,,,128,5.644394413000555,8.0,ok
,,,,20260823,ValueError: Insufficient embedded points after reconstruction.,,3043712788,,False,core,False,,0,,,analyze_segment raised,,,False,False,one_sample,0,,0,50,,,,,,9,0.2718955472902777,0.7120550108441277,False,,True,,,,,True,,,,,,,50,henon,core:00202,True,False,not_assessed_detector_failure,analysis_error,,,False,,,,,,128,4.117242160999012,4.0,ok
0.0,0.5,388.96000000000004,69.87,20260823,,0.4430746765802137,1869564707,4.0,False,core,False,8.0,79,0.13457385924082632,0.7118673432790298,,7.0,3.0,True,False,one_sample,125,1240.0,0,50,50.0,0.0196078431372549,6.907677117300655,ok,5.5669099756691,10,0.24612421853009084,0.7324095243484395,True,,True,1.0,0.32,0.008,,True,1.0,0.32,0.008,5.5669099756691,1.0,1.0,50,henon,core:00203,False,False,assessed,ok,1.0,,True,1.0,0.0,0.0,0.0,0.0,128,5.866997872000866,,
,,,,20260823,ValueError: Insufficient embedded points after reconstruction.,,2209858330,,False,core,False,,0,,,analyze_segment raised,,,False,False,one_sample,0,,0,50,,,,,,11,0.2200319871424713,0.7459691744672728,False,,True,,,,,True,,,,,,,50,henon,core:00204,True,False,not_assessed_detector_failure,analysis_error,,,False,,,,,,128,6.5648012929996185,5.0,ok
,,,,20260823,ValueError: Insufficient embedded points after reconstruction.,,3893091127,,False,core,False,,0,,,analyze_segment raised,,,False,False,one_sample,0,,0,50,,,,,,12,0.2911008934695478,0.6947398326517273,False,,True,,,,,True,,,,,,,50,henon,core:00205,True,False,not_assessed_detector_failure,analysis_error,,,False,,,,,,128,9.368533861001197,10.0,ok
,,,,20260823,ValueError: Insufficient embedded points after reconstruction.,,3299432649,,False,core,False,,0,,,analyze_segment raised,,,False,False,one_sample,0,,0,50,,,,,,13,0.2880725173982669,0.6965214617480215,False,,True,,,,,True,,,,,,,50,henon,core:00206,True,False,not_assessed_detector_failure,analysis_error,,,False,,,,,,128,5.421237201000622,4.0,ok
0.0,0.5,197.4,76.41,20260823,,0.6191014256281244,1259788060,5.0,False,core,False,8.0,79,0.1001359918652295,0.5692803530189741,,7.0,3.0,True,False,one_sample,124,1230.0,0,50,50.0,0.0196078431372549,5.0,ok,2.583431488025128,14,0.2749599579181615,0.7065775985628693,True,,True,1.0,0.28225806451612906,0.008064516129032258,,True,3.0,0.43548387096774194,0.024193548387096774,2.583431488025128,3.0,3.0,50,henon,core:00207,False,False,assessed,ok,1.0,,True,3.0,0.0,0.0,0.0,0.0,128,4.452478715000325,,
,,,,20260823,ValueError: Insufficient embedded points after reconstruction.,,2445946477,,False,core,False,,0,,,analyze_segment raised,,,False,False,one_sample,0,,0,50,,,,,,15,0.24277136040217606,0.7302004274051388,False,,True,,,,,True,,,,,,,50,henon,core:00208,True,False,not_assessed_detector_failure,analysis_error,,,False,,,,,,128,4.000604838998697,4.0,ok
,,,,20260823,ValueError: Insufficient embedded points after reconstruction.,,2902653271,,False,core,False,,0,,,analyze_segment raised,,,False,False,one_sample,0,,0,50,,,,,,16,0.2913777279961757,0.6973277433031709,False,,True,,,,,True,,,,,,,50,henon,core:00209,True,False,not_assessed_detector_failure,analysis_error,,,False,,,,,,128,4.574194454000462,4.0,ok
,,,,20260823,ValueError: Insufficient embedded points after reconstruction.,,2731211692,,False,core,False,,0,,,analyze_segment raised,,,False,False,one_sample,0,,0,50,,,,,,17,0.290802906811366,0.6958428533614386,False,,True,,,,,True,,,,,,,50,henon,core:00210,True,False,not_assessed_detector_failure,analysis_error,,,False,,,,,,128,5.722460252000019,4.0,ok
0.98,0.5,38.03999999999999,101.53999999999999,20260823,,1.0831672197884707,3014607246,8.0,False,core,False,7.0,74,0.14949438786619743,0.740178892421935,,9.0,3.0,True,False,one_sample,121,1200.0,0,50,50.0,0.9803921568627451,5.0,ok,0.374630687413827,18,0.2630607139750416,0.7177416175701865,True,,True,0.0,0.0,0.0,,True,1.0,0.9917355371900827,0.008264462809917356,0.374630687413827,1.0,1.0,50,henon,core:00211,False,False,assessed,ok,1.0,,True,1.0,0.0,0.0,0.0,0.0,128,9.16554662999988,,
,,,,20260823,ValueError: Insufficient embedded points after reconstruction.,,438084064,,False,core,False,,0,,,analyze_segment raised,,,False,False,one_sample,0,,0,50,,,,,,19,0.2799252196503553,0.7016955361728818,False,,True,,,,,True,,,,,,,50,henon,core:00212,True,False,not_assessed_detector_failure,analysis_error,,,False,,,,,,128,7.999660597000911,8.0,ok
,,,,20260823,ValueError: Insufficient embedded points after reconstruction.,,269778473,,False,core,False,,0,,,analyze_segment raised,,,False,False,one_sample,0,,0,50,,,,,,20,0.26926476447593684,0.715314159692271,False,,True,,,,,True,,,,,,,50,henon,core:00213,True,False,not_assessed_detector_failure,analysis_error,,,False,,,,,,128,7.05724710100003,10.0,ok
,,,,20260823,ValueError: Insufficient embedded points after reconstruction.,,1466059289,,False,core,False,,0,,,analyze_segment raised,,,False,False,one_sample,0,,0,50,,,,,,21,0.27294575472069077,0.710890290673531,False,,True,,,,,True,,,,,,,50,henon,core:00214,True,False,not_assessed_detector_failure,analysis_error,,,False,,,,,,128,6.591977379999662,9.0,ok
0.0,0.5,266.02,61.31,20260823,,0.5143210249232666,4061674443,4.0,False,core,False,11.0,68,0.07206570277453817,0.4814886356128938,,6.0,3.0,True,False,one_sample,125,1239.0,0,50,50.0,0.0196078431372549,8.753070693271738,ok,4.338933289838525,22,0.25352999034111895,0.7248282214682099,True,,True,1.0,0.384,0.008,,True,1.0,0.384,0.008,4.338933289838525,1.0,1.0,50,henon,core:00215,False,False,assessed,ok,1.0,,True,1.0,0.0,0.0,0.0,0.0,128,6.262323106999247,,
,,,,20260823,ValueError: Insufficient embedded points after reconstruction.,,1154780658,,False,core,False,,0,,,analyze_segment raised,,,False,False,one_sample,0,,0,50,,,,,,23,0.28768344259182943,0.6982613366437874,False,,True,,,,,True,,,,,,,50,henon,core:00216,True,False,not_assessed_detector_failure,analysis_error,,,False,,,,,,128,8.005257601000267,5.0,ok
,,,,20260823,ValueError: Insufficient embedded points after reconstruction.,,2179913259,,False,core,False,,0,,,analyze_segment raised,,,False,False,one_sample,0,,0,50,,,,,,24,0.22983656317413742,0.7419939221079505,False,,True,,,,,True,,,,,,,50,henon,core:00217,True,False,not_assessed_detector_failure,analysis_error,,,False,,,,,,128,5.407231548999334,4.0,ok
,,,,20260823,ValueError: Insufficient embedded points after reconstruction.,,29041067,,False,core,False,,0,,,analyze_segment raised,,,False,False,one_sample,0,,0,50,,,,,,25,0.2363950126424184,0.7348747221158198,False,,True,,,,,True,,,,,,,50,henon,core:00218,True,False,not_assessed_detector_failure,analysis_error,,,False,,,,,,128,5.889477496000836,8.0,ok
,,,,20260823,ValueError: Insufficient embedded points after reconstruction.,,2755607269,,False,core,False,,0,,,analyze_segment raised,,,False,False,one_sample,0,,0,50,,,,,,26,0.2031992419039893,0.7640190414054971,False,,True,,,,,True,,,,,,,50,henon,core:00219,True,False,not_assessed_detector_failure,analysis_error,,,False,,,,,,128,4.919300113000645,6.0,ok
,,,,20260823,ValueError: Insufficient embedded points after reconstruction.,,3498144085,,False,core,False,,0,,,analyze_segment raised,,,False,False,one_sample,0,,0,50,,,,,,27,0.23777875437165558,0.7338450369321212,False,,True,,,,,True,,,,,,,50,henon,core:00220,True,False,not_assessed_detector_failure,analysis_error,,,False,,,,,,128,4.162517805998505,4.0,ok
,,,,20260823,ValueError: Insufficient embedded points after reconstruction.,,3945774649,,False,core,False,,0,,,analyze_segment raised,,,False,False,one_sample,0,,0,50,,,,,,28,0.2618858324876767,0.7119087864279656,False,,True,,,,,True,,,,,,,50,henon,core:00221,True,False,not_assessed_detector_failure,analysis_error,,,False,,,,,,128,4.493162274999122,4.0,ok
0.0,0.5,273.24,54.55,20260823,,0.4674081930558135,3068690075,4.0,False,core,False,10.0,56,0.06953454592912253,0.4621411009950359,,8.0,3.0,True,False,one_sample,125,1240.0,0,50,50.0,0.0196078431372549,14.13089658533042,ok,5.008982584784602,29,0.2148460155227199,0.7412129204926012,True,,True,1.0,0.24,0.008,,True,1.0,0.24,0.008,5.008982584784602,1.0,1.0,50,henon,core:00222,False,False,assessed,ok,1.0,,True,1.0,0.0,0.0,0.0,0.0,128,6.706616636000035,,
,,,,20260823,,,3621926890,,False,core,True,13.0,244,,,insufficient divergence points,1.0,1.0,False,False,one_sample,0,,1,50,,,,,,0,0.5305204496007931,0.0,False,,True,,,,,True,,,,,,,50,constant,core:00223,True,False,not_assessed_detector_failure,constant_data,,,False,,,,,,256,0.9655021529997612,,
,,,,20260823,,,736445568,,False,core,True,13.0,244,,,insufficient divergence points,1.0,1.0,False,False,one_sample,0,,1,50,,,,,,1,0.7916239737358363,1.1102230246251565e-16,False,,True,,,,,True,,,,,,,50,constant,core:00224,True,False,not_assessed_detector_failure,constant_data,,,False,,,,,,256,0.45378016399990884,,
,,,,20260823,,,3186670729,,False,core,True,13.0,244,,,insufficient divergence points,1.0,1.0,False,False,one_sample,0,,1,50,,,,,,2,1.4111591753847708,4.440892098500626e-16,False,,True,,,,,True,,,,,,,50,constant,core:00225,True,False,not_assessed_detector_failure,constant_data,,,False,,,,,,256,0.5917180919987004,,
0.54,0.5,260.24,279.2,20260823,,1.4596203951365463,3525481314,9.0,False,core,False,8.0,235,0.097744395555435,0.22365208159030914,,3.0,4.0,True,False,one_sample,248,2470.0,0,50,50.0,0.5490196078431373,5.0,ok,0.9320916905444127,0,0.04240132271432731,0.9500136492507664,True,,True,0.0,0.0,0.0,,True,2.0,1.0,0.008064516129032258,0.9320916905444127,2.0,2.0,50,white_noise,core:00226,False,False,assessed,ok,1.0,,True,2.0,0.0,0.0,0.0,0.0,256,14.25180877999992,,
0.84,0.5,184.38,266.29999999999995,20260823,,1.3673806528529848,448579287,9.0,False,core,False,10.0,220,0.04839144208351271,0.08100907650941847,,4.0,4.0,True,False,one_sample,248,2470.0,0,50,50.0,0.8431372549019608,5.0,ok,0.6923770184003005,1,-0.013439247826775483,1.062744994669898,True,,True,0.0,0.0,0.0,,True,1.0,1.0,0.004032258064516129,0.6923770184003005,1.0,1.0,50,white_noise,core:00227,False,False,assessed,ok,1.0,,True,1.0,0.0,0.0,0.0,0.0,256,16.687486585999068,,
0.86,0.5,137.32,251.20000000000005,20260823,,1.1586056407954113,2708556317,8.0,False,core,False,9.0,224,0.059900079559573625,0.08369634813143667,,4.0,4.0,True,False,one_sample,249,2480.0,0,50,50.0,0.8627450980392157,5.0,ok,0.5466560509554139,2,-0.12572416578275175,1.0638951678035085,True,,True,0.0,0.0,0.0,,True,2.0,1.0,0.008032128514056224,0.5466560509554139,2.0,2.0,50,white_noise,core:00228,False,False,assessed,ok,1.0,,True,2.0,0.0,0.0,0.0,0.0,256,14.84075532099996,,
0.0,0.5,648.28,277.9,20260823,,1.274375135304471,3863378471,9.0,False,core,False,8.0,221,0.027972831920045776,0.01878210967223637,,5.0,4.0,True,False,one_sample,248,2470.0,0,50,50.0,0.0196078431372549,5.0,ok,2.3327815761065134,3,0.0013375503175751119,0.8309968640030182,True,,True,1.0,1.0,0.004032258064516129,,True,2.0,1.0,0.008064516129032258,2.3327815761065134,2.0,2.0,50,white_noise,core:00229,False,False,assessed,ok,1.0,,True,2.0,0.0,0.0,0.0,0.0,256,16.690255237999736,,
,,,,20260823,,,1199871569,13.0,True,core,False,7.0,202,0.12494917363463683,0.39587136010236157,,9.0,4.0,True,False,one_sample,0,,0,50,,,,,,4,-0.09891547418189556,1.0657706402532392,False,,True,,,,,True,,,,,,,50,white_noise,core:00230,True,False,not_assessed_detector_failure,embedding_not_saturated,1.0,,False,,,,,,256,0.6915442070003337,,
0.34,0.5,331.12,261.74,20260823,,0.8825403851622821,2441100079,7.0,False,core,True,13.0,208,0.041924240714303056,0.0705277721828288,,4.0,4.0,True,False,one_sample,250,2490.0,0,50,50.0,0.35294117647058826,5.0,ok,1.2650722090624282,5,-0.11943963698437123,0.9297283722371191,True,,True,0.0,0.0,0.0,,True,1.0,1.0,0.004,1.2650722090624282,1.0,1.0,50,white_noise,core:00231,False,False,assessed,ok,1.0,,True,1.0,0.0,0.0,0.0,0.0,256,14.685332220999044,,
0.9,0.5,162.46000000000004,320.78999999999996,20260823,,1.4375306456526866,3503171991,10.0,False,core,True,13.0,220,0.07787073852024372,0.221358736174604,,3.0,4.0,True,False,one_sample,247,2460.0,0,50,50.0,0.9019607843137255,5.0,ok,0.5064372330808319,6,-0.02201952765349155,1.0232705044678327,True,,True,0.0,0.0,0.0,,True,2.0,1.0,0.008097165991902834,0.5064372330808319,2.0,2.0,50,white_noise,core:00232,False,False,assessed,ok,1.0,,True,2.0,0.0,0.0,0.0,0.0,256,18.080383616999825,,
0.58,0.5,294.5,322.96000000000004,20260823,,1.5103929577044475,3880835121,11.0,False,core,False,11.0,196,0.09841657719223558,0.43452714114559565,,6.0,4.0,True,False,one_sample,246,2450.0,0,50,50.0,0.5882352941176471,5.0,ok,0.9118776319048798,7,-0.06737707883293743,0.9794903042599591,True,,True,0.0,0.0,0.0,,True,1.0,1.0,0.0040650406504065045,0.9118776319048798,1.0,1.0,50,white_noise,core:00233,False,False,assessed,ok,1.0,,True,1.0,0.0,0.0,0.0,0.0,256,18.90527239900075,,
0.02,0.5,609.84,341.62,20260823,,1.2648677476067753,4059865634,9.0,False,core,True,13.0,160,0.07732049946399243,0.41287884100589134,,8.0,4.0,True,False,one_sample,248,2470.0,0,50,50.0,0.0392156862745098,5.0,ok,1.785141385164803,8,-0.0033818114275893964,1.032838768968139,True,,True,1.0,1.0,0.004032258064516129,,True,2.0,1.0,0.008064516129032258,1.785141385164803,2.0,2.0,50,white_noise,core:00234,False,False,assessed,ok,1.0,,True,2.0,0.0,0.0,0.0,0.0,256,17.14268344500124,,
0.92,0.5,141.08000000000004,306.27000000000004,20260823,,1.5613567024385777,1387367435,10.0,False,core,True,13.0,220,0.06951933049246674,0.19802191663600965,,3.0,4.0,True,False,one_sample,247,2460.0,0,50,50.0,0.9215686274509803,5.0,ok,0.4606393051882327,9,0.049260071357297,0.9702214647330504,True,,True,0.0,0.0,0.0,,True,2.0,1.0,0.008097165991902834,0.4606393051882327,2.0,2.0,50,white_noise,core:00235,False,False,assessed,ok,1.0,,True,2.0,0.0,0.0,0.0,0.0,256,18.662328676999095,,
0.84,0.5,158.51999999999998,230.95999999999998,20260823,,1.048830525927259,2794683157,7.0,False,core,False,10.0,193,0.08516951713247575,0.3769448621180215,,7.0,4.0,True,False,one_sample,250,2490.0,0,50,50.0,0.8431372549019608,5.0,ok,0.6863526151714583,10,-0.05609580297697533,0.9115408713602312,True,,True,0.0,0.0,0.0,,True,2.0,1.0,0.008,0.6863526151714583,2.0,2.0,50,white_noise,core:00236,False,False,assessed,ok,1.0,,True,2.0,0.0,0.0,0.0,0.0,256,14.043623307999951,,
0.46,0.5,239.01999999999998,225.64,20260823,,1.071541074134374,3966354353,8.0,False,core,False,10.0,211,0.019258326451791343,0.013339474322354938,,5.0,4.0,True,False,one_sample,249,2480.0,0,50,50.0,0.47058823529411764,5.0,ok,1.0592979968090763,11,0.08029779189606041,0.9731665745169045,True,,True,0.0,0.0,0.0,,True,1.0,1.0,0.004016064257028112,1.0592979968090763,1.0,1.0,50,white_noise,core:00237,False,False,assessed,ok,1.0,,True,1.0,0.0,0.0,0.0,0.0,256,15.193339610999828,,
0.1,0.5,512.14,299.67,20260823,,1.3148959787375896,194681585,11.0,False,core,False,10.0,229,0.08818562638321523,0.22185071129996425,,3.0,4.0,True,False,one_sample,246,2450.0,0,50,50.0,0.11764705882352941,5.0,ok,1.7090132479060298,12,0.061526507167892125,1.0483843572650442,True,,True,0.0,0.0,0.0,,True,1.0,1.0,0.0040650406504065045,1.7090132479060298,1.0,1.0,50,white_noise,core:00238,False,False,assessed,ok,1.0,,True,1.0,0.0,0.0,0.0,0.0,256,18.741749151000477,,
0.04,0.5,561.4200000000001,264.5,20260823,,1.0701863661458637,771772561,8.0,False,core,True,13.0,184,0.07702305681452946,0.39093428794203877,,6.0,4.0,True,False,one_sample,249,2480.0,0,50,50.0,0.058823529411764705,5.0,ok,2.1225708884688093,13,-0.04385439724710702,1.004139773587261,True,,True,1.0,1.0,0.004016064257028112,,True,2.0,1.0,0.008032128514056224,2.1225708884688093,2.0,2.0,50,white_noise,core:00239,False,False,assessed,ok,1.0,,True,2.0,0.0,0.0,0.0,0.0,256,14.51492200299981,,
,,,,20260823,,,2770550060,13.0,True,core,False,9.0,216,0.0196929578525639,0.00990902126643911,,5.0,4.0,True,False,one_sample,0,,0,50,,,,,,14,-0.14537666107560204,1.064440754837932,False,,True,,,,,True,,,,,,,50,white_noise,core:00240,True,False,not_assessed_detector_failure,embedding_not_saturated,1.0,,False,,,,,,256,0.6644676270007039,,
0.12,0.5,526.96,349.48,20260823,,1.4534593479181792,2353907072,10.0,False,core,True,13.0,172,0.08619773720306263,0.47696119653836977,,7.0,4.0,True,False,one_sample,247,2460.0,0,50,50.0,0.13725490196078433,5.0,ok,1.5078402197550647,15,-0.073449927554751,1.0620098157909041,True,,True,0.0,0.0,0.0,,True,1.0,1.0,0.004048582995951417,1.5078402197550647,1.0,1.0,50,white_noise,core:00241,False,False,assessed,ok,1.0,,True,1.0,0.0,0.0,0.0,0.0,256,17.710204052000336,,
0.96,0.5,135.53999999999996,316.77,20260823,,1.3670486176034906,3143255291,10.0,False,core,False,9.0,200,0.11543133871702571,0.433584395163791,,7.0,4.0,True,False,one_sample,247,2460.0,0,50,50.0,0.9607843137254902,5.0,ok,0.42788142816554586,16,-0.018720293913958033,0.9879109079176702,True,,True,0.0,0.0,0.0,,True,1.0,1.0,0.004048582995951417,0.42788142816554586,1.0,1.0,50,white_noise,core:00242,False,False,assessed,ok,1.0,,True,1.0,0.0,0.0,0.0,0.0,256,17.491265141999975,,
0.5,0.5,257.22,257.82000000000005,20260823,,1.4607627247483892,371273942,9.0,False,core,False,9.0,232,0.09702783016056023,0.23509079063435023,,3.0,4.0,True,False,one_sample,248,2470.0,0,50,50.0,0.5098039215686274,5.0,ok,0.997672794973237,17,0.03271970157060881,0.9482821476412375,True,,True,0.0,0.0,0.0,,True,2.0,1.0,0.008064516129032258,0.997672794973237,2.0,2.0,50,white_noise,core:00243,False,False,assessed,ok,1.0,,True,2.0,0.0,0.0,0.0,0.0,256,16.58110781399955,,
1.0,0.5,73.44000000000005,274.31,20260823,,1.3890990550919844,4106010254,10.0,False,core,False,8.0,228,0.06868941572756215,0.09853415108823327,,4.0,3.0,True,False,one_sample,247,2460.0,0,50,50.0,1.0,5.0,ok,0.2677262950676244,18,-0.003783604196108268,0.9989158805971559,True,,True,0.0,0.0,0.0,,True,1.0,1.0,0.004048582995951417,0.2677262950676244,1.0,1.0,50,white_noise,core:00244,False,False,assessed,ok,1.0,,True,1.0,0.0,0.0,0.0,0.0,256,17.579382404999706,,
0.22,0.5,414.34,264.42999999999995,20260823,,1.4387289585524266,985429714,9.0,False,core,False,8.0,228,0.06562792621420674,0.10453929245037774,,4.0,4.0,True,False,one_sample,248,2470.0,0,50,50.0,0.23529411764705882,5.0,ok,1.5669175207049126,19,0.09214336427725256,0.9292296351211575,True,,True,0.0,0.0,0.0,,True,1.0,1.0,0.004032258064516129,1.5669175207049126,1.0,1.0,50,white_noise,core:00245,False,False,assessed,ok,1.0,,True,1.0,0.0,0.0,0.0,0.0,256,15.663690822999342,,
0.88,0.5,184.14,263.96000000000004,20260823,,1.1764710004851675,1112045265,8.0,False,core,False,10.0,220,0.05132619783624673,0.07154947563796232,,4.0,4.0,True,False,one_sample,249,2480.0,0,50,50.0,0.8823529411764706,5.0,ok,0.6976056978330049,20,-0.03192376781852471,0.9501484053309711,True,,True,0.0,0.0,0.0,,True,1.0,1.0,0.004016064257028112,0.6976056978330049,1.0,1.0,50,white_noise,core:00246,False,False,assessed,ok,1.0,,True,1.0,0.0,0.0,0.0,0.0,256,14.483628866999425,,
0.1,0.5,490.65999999999997,324.08,20260823,,1.1222002278099585,670497574,8.0,False,core,False,6.0,241,0.12268494352563862,0.272714246945871,,3.0,4.0,True,False,one_sample,249,2480.0,0,50,50.0,0.11764705882352941,5.0,ok,1.5140088866946433,21,0.07509314819543939,1.0531897129983319,True,,True,0.0,0.0,0.0,,True,2.0,1.0,0.008032128514056224,1.5140088866946433,2.0,2.0,50,white_noise,core:00247,False,False,assessed,ok,1.0,,True,2.0,0.0,0.0,0.0,0.0,256,12.184632750999299,,
0.86,0.5,195.06,279.03,20260823,,1.4888677051001504,1699222924,9.0,False,core,False,11.0,216,0.04727109395933899,0.07718521196697081,,4.0,4.0,True,False,one_sample,248,2470.0,0,50,50.0,0.8627450980392157,5.0,ok,0.699064616707881,22,-0.0840672798525332,0.9882795334429678,True,,True,0.0,0.0,0.0,,True,1.0,1.0,0.004032258064516129,0.699064616707881,1.0,1.0,50,white_noise,core:00248,False,False,assessed,ok,1.0,,True,1.0,0.0,0.0,0.0,0.0,256,14.297775555998669,,
,,,,20260823,,,1769767991,13.0,True,core,False,8.0,228,0.0586222195893005,0.07827611390908185,,4.0,4.0,True,False,one_sample,0,,0,50,,,,,,23,0.02049424217728172,1.0123069635442448,False,,True,,,,,True,,,,,,,50,white_noise,core:00249,True,False,not_assessed_detector_failure,embedding_not_saturated,1.0,,False,,,,,,256,1.1931230720001622,,
0.14,0.5,419.1,234.75,20260823,,1.090529841044038,3011541328,8.0,False,core,False,11.0,206,0.0034756423734395208,0.0004134141282349235,,5.0,4.0,True,False,one_sample,249,2480.0,0,50,50.0,0.1568627450980392,5.0,ok,1.7853035143769969,24,-0.05936313714267766,0.9902116743747182,True,,True,0.0,0.0,0.0,,True,2.0,1.0,0.008032128514056224,1.7853035143769969,2.0,2.0,50,white_noise,core:00250,False,False,assessed,ok,1.0,,True,2.0,0.0,0.0,0.0,0.0,256,13.876242245998583,,
0.24,0.5,434.54,312.41999999999996,20260823,,1.3591425947272513,2988018410,10.0,False,core,True,13.0,172,0.0755161712646448,0.3785283805126929,,7.0,4.0,True,False,one_sample,247,2460.0,0,50,50.0,0.2549019607843137,5.0,ok,1.3908840663209785,25,-0.06355827912552978,1.0343008327867087,True,,True,0.0,0.0,0.0,,True,2.0,1.0,0.008097165991902834,1.3908840663209785,2.0,2.0,50,white_noise,core:00251,False,False,assessed,ok,1.0,,True,2.0,0.0,0.0,0.0,0.0,256,16.793480783000632,,
0.4,0.5,279.91999999999996,258.41999999999996,20260823,,1.4685677598104263,1795940492,10.0,False,core,False,8.0,214,0.12179910012362476,0.41874574643909646,,6.0,4.0,True,False,one_sample,247,2460.0,0,50,50.0,0.4117647058823529,5.0,ok,1.0831978948997756,26,-0.059324076530442624,0.9951172308581382,True,,True,0.0,0.0,0.0,,True,1.0,1.0,0.004048582995951417,1.0831978948997756,1.0,1.0,50,white_noise,core:00252,False,False,assessed,ok,1.0,,True,1.0,0.0,0.0,0.0,0.0,256,17.567786028001137,,
0.44,0.5,308.5,286.71,20260823,,1.157826262545377,3972747218,9.0,False,core,False,6.0,231,0.04668860176919725,0.036472486874720045,,5.0,4.0,True,False,one_sample,248,2470.0,0,50,50.0,0.45098039215686275,5.0,ok,1.0760001395137946,27,-0.010082565891103543,1.0367550207433922,True,,True,0.0,0.0,0.0,,True,1.0,1.0,0.004032258064516129,1.0760001395137946,1.0,1.0,50,white_noise,core:00253,False,False,assessed,ok,1.0,,True,1.0,0.0,0.0,0.0,0.0,256,15.320292127000357,,
0.94,0.5,151.67999999999995,355.40999999999997,20260823,,1.2971974461662685,222680484,9.0,False,core,False,8.0,228,0.06458293197156488,0.09558995345088184,,4.0,4.0,True,False,one_sample,248,2470.0,0,50,50.0,0.9411764705882353,5.0,ok,0.4267747108972735,28,-0.055281116097804894,1.0553093870625603,True,,True,0.0,0.0,0.0,,True,3.0,1.0,0.012096774193548387,0.4267747108972735,3.0,3.0,50,white_noise,core:00254,False,False,assessed,ok,1.0,,True,3.0,0.0,0.0,0.0,0.0,256,16.08206384299956,,
,,,,20260823,,,3595221444,13.0,True,core,True,13.0,172,0.08147654143291908,0.4482300503759984,,7.0,4.0,True,False,one_sample,0,,0,50,,,,,,29,0.0815940162228808,1.0238416975686746,False,,True,,,,,True,,,,,,,50,white_noise,core:00255,True,False,not_assessed_detector_failure,embedding_not_saturated,1.0,,False,,,,,,256,1.0875482610008476,,
0.98,0.5,78.60000000000002,382.6,20260823,,1.2057142180336418,2316799955,10.0,False,core,False,9.0,224,0.05841661966773291,0.08294657098550895,,4.0,4.0,True,False,one_sample,247,2460.0,0,50,50.0,0.9803921568627451,5.0,ok,0.2054364871928908,30,0.01598439594594875,1.0713642926880969,True,,True,0.0,0.0,0.0,,True,1.0,1.0,0.004048582995951417,0.2054364871928908,1.0,1.0,50,white_noise,core:00256,False,False,assessed,ok,1.0,,True,1.0,0.0,0.0,0.0,0.0,256,16.84574943000007,,
0.9,0.5,145.60000000000002,279.2,20260823,,1.2628340782936618,438396130,8.0,False,core,False,8.0,214,0.12928743628693531,0.46555682385109776,,6.0,4.0,True,False,one_sample,249,2480.0,0,50,50.0,0.9019607843137255,5.0,ok,0.5214899713467049,31,-0.049841828616670275,0.9950450413334742,True,,True,0.0,0.0,0.0,,True,3.0,1.0,0.012048192771084338,0.5214899713467049,3.0,3.0,50,white_noise,core:00257,False,False,assessed,ok,1.0,,True,3.0,0.0,0.0,0.0,0.0,256,14.765494876999583,,
0.34,0.5,312.46,270.62,20260823,,1.0833620865486133,4001575028,7.0,False,core,False,8.0,228,0.06125495507639283,0.08855000324621953,,4.0,4.0,True,False,one_sample,250,2490.0,0,50,50.0,0.35294117647058826,5.0,ok,1.154607937329096,32,-0.0014776201965004225,1.0301341763751537,True,,True,0.0,0.0,0.0,,True,2.0,1.0,0.008,1.154607937329096,2.0,2.0,50,white_noise,core:00258,False,False,assessed,ok,1.0,,True,2.0,0.0,0.0,0.0,0.0,256,14.108355435000703,,
0.62,0.5,213.4,237.36,20260823,,1.0360320804933467,2011218321,7.0,False,core,False,8.0,214,0.10884822106972175,0.37870216443122584,,6.0,5.0,True,False,one_sample,250,2490.0,0,50,50.0,0.6274509803921569,5.0,ok,0.8990562858105831,33,0.12829078881785877,1.0669877261320089,True,,True,0.0,0.0,0.0,,True,3.0,1.0,0.012,0.8990562858105831,3.0,3.0,50,white_noise,core:00259,False,False,assessed,ok,1.0,,True,3.0,0.0,0.0,0.0,0.0,256,13.436542243000076,,
0.18,0.5,407.15999999999997,296.08000000000004,20260823,,1.1461981759829645,2749220014,9.0,False,core,False,9.0,208,0.11090707806085974,0.43850622699757336,,6.0,4.0,True,False,one_sample,248,2470.0,0,50,50.0,0.19607843137254902,5.0,ok,1.3751688732774923,34,-0.011304648161225745,0.9730031568677693,True,,True,0.0,0.0,0.0,,True,2.0,1.0,0.008064516129032258,1.3751688732774923,2.0,2.0,50,white_noise,core:00260,False,False,assessed,ok,1.0,,True,2.0,0.0,0.0,0.0,0.0,256,16.300632758000575,,
0.68,0.5,254.98000000000002,314.53,20260823,,1.360868353833048,365556872,10.0,False,core,False,9.0,208,0.10555705331573627,0.4305352030182663,,6.0,4.0,True,False,one_sample,247,2460.0,0,50,50.0,0.6862745098039216,5.0,ok,0.8106698884049217,35,-0.007868681453420116,0.9133578808975112,True,,True,0.0,0.0,0.0,,True,1.0,1.0,0.004048582995951417,0.8106698884049217,1.0,1.0,50,white_noise,core:00261,False,False,assessed,ok,1.0,,True,1.0,0.0,0.0,0.0,0.0,256,17.346757097999216,,
1.0,0.5,82.82000000000005,251.64000000000001,20260823,,1.1369326151597603,2588375961,8.0,False,core,False,8.0,228,0.06213918633270776,0.08976052198762574,,4.0,4.0,True,False,one_sample,249,2480.0,0,50,50.0,1.0,5.0,ok,0.3291209664600224,36,-0.027876896866622328,0.9836785563071462,True,,True,0.0,0.0,0.0,,True,2.0,1.0,0.008032128514056224,0.3291209664600224,2.0,2.0,50,white_noise,core:00262,False,False,assessed,ok,1.0,,True,2.0,0.0,0.0,0.0,0.0,256,14.82005810100054,,
0.34,0.5,355.42,285.29999999999995,20260823,,1.2897652779085504,404641273,9.0,False,core,False,7.0,238,0.10047956226749892,0.24500184681877968,,3.0,3.0,True,False,one_sample,248,2470.0,0,50,50.0,0.35294117647058826,5.0,ok,1.2457763757448304,37,-0.08913025200839016,1.0345346597491296,True,,True,0.0,0.0,0.0,,True,1.0,1.0,0.004032258064516129,1.2457763757448304,1.0,1.0,50,white_noise,core:00263,False,False,assessed,ok,1.0,,True,1.0,0.0,0.0,0.0,0.0,256,15.349276835000637,,
0.54,0.5,221.78,241.10999999999999,20260823,,0.7477401666297541,826299201,6.0,False,core,True,13.0,220,0.0746648883509181,0.20540813818255965,,3.0,5.0,True,False,one_sample,251,2500.0,0,50,50.0,0.5490196078431373,5.0,ok,0.9198291236365145,38,-0.14243066736029478,0.9486708500627347,True,,True,0.0,0.0,0.0,,True,3.0,1.0,0.01195219123505976,0.9198291236365145,3.0,3.0,50,white_noise,core:00264,False,False,assessed,ok,1.0,,True,3.0,0.0,0.0,0.0,0.0,256,11.615690792999885,,
0.58,0.5,254.86,282.87,20260823,,1.488236581208867,169387759,9.0,False,core,False,8.0,228,0.06413467064220862,0.08959610760430459,,4.0,4.0,True,False,one_sample,248,2470.0,0,50,50.0,0.5882352941176471,5.0,ok,0.9009792484180013,39,0.037679392792632604,0.9986802630032456,True,,True,0.0,0.0,0.0,,True,3.0,1.0,0.012096774193548387,0.9009792484180013,3.0,3.0,50,white_noise,core:00265,False,False,assessed,ok,1.0,,True,3.0,0.0,0.0,0.0,0.0,256,24.452765511001417,,
0.52,0.5,266.0,281.34000000000003,20260823,,1.2362497995075326,2071736284,8.0,False,core,False,8.0,228,0.06356500824658709,0.08892015648778806,,4.0,4.0,True,False,one_sample,249,2480.0,0,50,50.0,0.5294117647058824,5.0,ok,0.9454752257055519,40,0.005866034558927461,0.9431935596786482,True,,True,0.0,0.0,0.0,,True,2.0,1.0,0.008032128514056224,0.9454752257055519,2.0,2.0,50,white_noise,core:00266,False,False,assessed,ok,1.0,,True,2.0,0.0,0.0,0.0,0.0,256,23.468532830000186,,
0.84,0.5,198.05999999999995,324.42,20260823,,1.403794165055498,1645124031,10.0,False,core,False,9.0,232,0.09254870838880114,0.23266523861821176,,3.0,4.0,True,False,one_sample,247,2460.0,0,50,50.0,0.8431372549019608,5.0,ok,0.6105049010541889,41,-0.014920930754255803,0.9995365067064552,True,,True,0.0,0.0,0.0,,True,2.0,1.0,0.008097165991902834,0.6105049010541889,2.0,2.0,50,white_noise,core:00267,False,False,assessed,ok,1.0,,True,2.0,0.0,0.0,0.0,0.0,256,18.1801170130002,,
,,,,20260823,,,164639666,13.0,True,core,False,7.0,232,0.07288618129165524,0.10047502620694648,,4.0,4.0,True,False,one_sample,0,,0,50,,,,,,42,-0.03434534362972164,0.9505062916674389,False,,True,,,,,True,,,,,,,50,white_noise,core:00268,True,False,not_assessed_detector_failure,embedding_not_saturated,1.0,,False,,,,,,256,0.8492040940000152,,
0.3,0.5,385.88,237.6,20260823,,1.4619603972276631,429372196,10.0,False,core,False,10.0,220,0.053759679635090686,0.08417598718297326,,4.0,4.0,True,False,one_sample,247,2460.0,0,50,50.0,0.3137254901960784,5.0,ok,1.624074074074074,43,0.010783104726900913,0.9845570747850042,True,,True,0.0,0.0,0.0,,True,2.0,1.0,0.008097165991902834,1.624074074074074,2.0,2.0,50,white_noise,core:00269,False,False,assessed,ok,1.0,,True,2.0,0.0,0.0,0.0,0.0,256,17.82704948100036,,
0.94,0.5,147.96,279.09000000000003,20260823,,1.3840994474245125,4054123511,9.0,False,core,False,9.0,232,0.09027207196018684,0.23536487916086601,,3.0,4.0,True,False,one_sample,248,2470.0,0,50,50.0,0.9411764705882353,5.0,ok,0.5301515640116091,44,0.0479836770689296,0.9202153693967051,True,,True,0.0,0.0,0.0,,True,3.0,1.0,0.012096774193548387,0.5301515640116091,3.0,3.0,50,white_noise,core:00270,False,False,assessed,ok,1.0,,True,3.0,0.0,0.0,0.0,0.0,256,14.518225595000331,,
0.32,0.5,417.53999999999996,350.62,20260823,,1.4825459684627353,1338353977,11.0,False,core,False,7.0,226,0.02495867220047743,0.012776273359063506,,5.0,4.0,True,False,one_sample,246,2450.0,0,50,50.0,0.3333333333333333,5.0,ok,1.1908619017740003,45,0.04827054779592116,1.0552432522313127,True,,True,0.0,0.0,0.0,,True,2.0,1.0,0.008130081300813009,1.1908619017740003,2.0,2.0,50,white_noise,core:00271,False,False,assessed,ok,1.0,,True,2.0,0.0,0.0,0.0,0.0,256,18.523070814000675,,
0.32,0.5,347.4,265.98,20260823,,1.2515894316104077,1184220628,8.0,False,core,False,8.0,235,0.10359693499008757,0.24972245717060437,,3.0,4.0,True,False,one_sample,249,2480.0,0,50,50.0,0.3333333333333333,5.0,ok,1.3061132415971124,46,-0.021122530256084036,1.0146628686088182,True,,True,0.0,0.0,0.0,,True,2.0,1.0,0.008032128514056224,1.3061132415971124,2.0,2.0,50,white_noise,core:00272,False,False,assessed,ok,1.0,,True,2.0,0.0,0.0,0.0,0.0,256,13.139719763999892,,
0.12,0.5,345.08000000000004,206.10000000000002,20260823,,0.867923049514226,3386831124,6.0,False,core,False,8.0,235,0.09942238328061019,0.2428549092248895,,3.0,4.0,True,False,one_sample,251,2500.0,0,50,50.0,0.13725490196078433,5.0,ok,1.6743328481319748,47,0.10541949460329283,0.9716142689354814,True,,True,0.0,0.0,0.0,,True,1.0,1.0,0.00398406374501992,1.6743328481319748,1.0,1.0,50,white_noise,core:00273,False,False,assessed,ok,1.0,,True,1.0,0.0,0.0,0.0,0.0,256,10.48288990400033,,
0.66,0.5,224.70000000000005,260.93,20260823,,0.9661384483254123,3882508920,7.0,False,core,False,9.0,208,0.1074269129679362,0.4359808161104567,,6.0,4.0,True,False,one_sample,250,2490.0,0,50,50.0,0.6666666666666666,5.0,ok,0.8611505001341357,48,-0.017062505254754393,1.0041431053618353,True,,True,0.0,0.0,0.0,,True,2.0,1.0,0.008,0.8611505001341357,2.0,2.0,50,white_noise,core:00274,False,False,assessed,ok,1.0,,True,2.0,0.0,0.0,0.0,0.0,256,14.012659578000239,,
,,,,20260823,,,1918787548,13.0,True,core,False,11.0,216,0.04809949592570709,0.07888611086549724,,4.0,4.0,True,False,one_sample,0,,0,50,,,,,,49,0.06584791904475845,0.9361475951647099,False,,True,,,,,True,,,,,,,50,white_noise,core:00275,True,False,not_assessed_detector_failure,embedding_not_saturated,1.0,,False,,,,,,256,1.2361784519998764,,
0.56,0.5,266.22,295.06,20260823,,1.275744683704282,1684925648,9.0,False,core,False,9.0,224,0.05560748306610149,0.07935391595065955,,4.0,4.0,True,False,one_sample,248,2470.0,0,50,50.0,0.5686274509803921,5.0,ok,0.9022571680336203,50,0.0005895655065414653,0.9891394489797377,True,,True,0.0,0.0,0.0,,True,1.0,1.0,0.004032258064516129,0.9022571680336203,1.0,1.0,50,white_noise,core:00276,False,False,assessed,ok,1.0,,True,1.0,0.0,0.0,0.0,0.0,256,15.150900390999595,,
0.28,0.5,315.98,255.60000000000002,20260823,,1.1455393156763356,190599578,8.0,False,core,False,8.0,214,0.12369712415344443,0.4327175644006771,,6.0,4.0,True,False,one_sample,249,2480.0,0,50,50.0,0.3137254901960784,5.0,ok,1.23622848200313,51,-0.11440534805956398,0.9376815287823088,True,,True,0.0,0.0,0.0,,True,2.0,1.0,0.008032128514056224,1.23622848200313,2.0,2.0,50,white_noise,core:00277,False,False,assessed,ok,1.0,,True,2.0,0.0,0.0,0.0,0.0,256,15.337629755998933,,
0.56,0.5,337.2,375.70000000000005,20260823,,1.2924380125523292,2418794178,10.0,False,core,True,13.0,112,0.07592814621977911,0.4040212258270114,,12.0,4.0,True,False,one_sample,247,2460.0,0,50,50.0,0.5686274509803921,5.0,ok,0.8975246207080115,52,0.07180469885830654,1.0520810663765556,True,,True,0.0,0.0,0.0,,True,2.0,1.0,0.008097165991902834,0.8975246207080115,2.0,2.0,50,white_noise,core:00278,False,False,assessed,ok,1.0,,True,2.0,0.0,0.0,0.0,0.0,256,22.55291300999852,,
1.0,0.5,104.58,268.18,20260823,,1.4168044280531855,4080073639,10.0,False,core,False,11.0,196,0.09052021506297266,0.41552394922257996,,6.0,4.0,True,False,one_sample,247,2460.0,0,50,50.0,1.0,5.0,ok,0.3899619658438362,53,0.07037200014586048,0.9977107826010584,True,,True,0.0,0.0,0.0,,True,1.0,1.0,0.004048582995951417,0.3899619658438362,1.0,1.0,50,white_noise,core:00279,False,False,assessed,ok,1.0,,True,1.0,0.0,0.0,0.0,0.0,256,22.673577625999314,,
0.1,0.5,472.72,267.06,20260823,,0.9980317693036707,2564969810,8.0,False,core,False,8.0,235,0.10608338489854979,0.23736578834968203,,3.0,4.0,True,False,one_sample,249,2480.0,0,50,50.0,0.11764705882352941,5.0,ok,1.7700891185501386,54,-0.0967268743699245,1.0419019255753876,True,,True,0.0,0.0,0.0,,True,2.0,1.0,0.008032128514056224,1.7700891185501386,2.0,2.0,50,white_noise,core:00280,False,False,assessed,ok,1.0,,True,2.0,0.0,0.0,0.0,0.0,256,15.141401008000685,,
0.94,0.5,155.16000000000003,270.2,20260823,,1.370815606903578,1467952290,9.0,False,core,True,13.0,220,0.07203767403204692,0.20452027373532555,,3.0,4.0,True,False,one_sample,248,2470.0,0,50,50.0,0.9411764705882353,5.0,ok,0.5742413027387122,55,0.015980012890789794,1.0087245377251064,True,,True,0.0,0.0,0.0,,True,2.0,1.0,0.008064516129032258,0.5742413027387122,2.0,2.0,50,white_noise,core:00281,False,False,assessed,ok,1.0,,True,2.0,0.0,0.0,0.0,0.0,256,17.762577952000356,,
1.0,0.5,56.019999999999996,278.82,20260823,,1.3455498254401566,3406537836,10.0,False,core,False,7.0,214,0.12278944228086507,0.4153503394692294,,7.0,4.0,True,False,one_sample,247,2460.0,0,50,50.0,1.0,5.0,ok,0.20091815508213184,56,-0.02509227543043322,0.9956635048259748,True,,True,0.0,0.0,0.0,,True,1.0,1.0,0.004048582995951417,0.20091815508213184,1.0,1.0,50,white_noise,core:00282,False,False,assessed,ok,1.0,,True,1.0,0.0,0.0,0.0,0.0,256,19.075037477001388,,
0.8,0.5,205.14,313.73,20260823,,1.031475635236606,2083250953,8.0,False,core,False,9.0,232,0.08402632791350359,0.2094331991388707,,3.0,4.0,True,False,one_sample,249,2480.0,0,50,50.0,0.803921568627451,5.0,ok,0.6538743505562107,57,0.008629282998515342,0.9601560546793161,True,,True,0.0,0.0,0.0,,True,2.0,1.0,0.008032128514056224,0.6538743505562107,2.0,2.0,50,white_noise,core:00283,False,False,assessed,ok,1.0,,True,2.0,0.0,0.0,0.0,0.0,256,15.161068061999686,,
0.86,0.5,168.83999999999997,259.76,20260823,,1.17209060778869,1363687626,8.0,False,core,False,9.0,224,0.05164846243878583,0.06965002219764937,,4.0,4.0,True,False,one_sample,249,2480.0,0,50,50.0,0.8627450980392157,5.0,ok,0.649984601170311,58,-0.01231002389918933,1.0101326836728404,True,,True,0.0,0.0,0.0,,True,3.0,1.0,0.012048192771084338,0.649984601170311,3.0,3.0,50,white_noise,core:00284,False,False,assessed,ok,1.0,,True,3.0,0.0,0.0,0.0,0.0,256,14.917402790000779,,
,,,,20260823,,,2383932005,13.0,True,core,True,13.0,172,0.08383114737645357,0.4774710502604559,,7.0,4.0,True,False,one_sample,0,,0,50,,,,,,59,0.021808045281296838,0.9946023434706278,False,,True,,,,,True,,,,,,,50,white_noise,core:00285,True,False,not_assessed_detector_failure,embedding_not_saturated,1.0,,False,,,,,,256,0.6910623229996418,,
0.2,0.5,447.82000000000005,338.45000000000005,20260823,,1.4030965934489186,801089082,11.0,False,core,False,9.0,192,0.11247854934329789,0.4196785085686018,,8.0,4.0,True,False,one_sample,246,2450.0,0,50,50.0,0.21568627450980393,5.0,ok,1.3231496528290736,60,0.11208869837083374,1.0376817840627228,True,,True,0.0,0.0,0.0,,True,1.0,1.0,0.0040650406504065045,1.3231496528290736,1.0,1.0,50,white_noise,core:00286,False,False,assessed,ok,1.0,,True,1.0,0.0,0.0,0.0,0.0,256,19.25357998399886,,
0.82,0.5,199.56,321.06,20260823,,1.1015280446592335,2993475701,8.0,False,core,False,8.0,228,0.06912498206504326,0.10450386970190584,,4.0,4.0,True,False,one_sample,249,2480.0,0,50,50.0,0.8235294117647058,5.0,ok,0.6215660624182395,61,-0.042955898563347014,1.0331006849518811,True,,True,0.0,0.0,0.0,,True,2.0,1.0,0.008032128514056224,0.6215660624182395,2.0,2.0,50,white_noise,core:00287,False,False,assessed,ok,1.0,,True,2.0,0.0,0.0,0.0,0.0,256,15.39046038699962,,
0.22,0.5,390.6,282.43,20260823,,0.9640944014958621,2958551132,7.0,False,core,False,9.0,232,0.0944755465762005,0.21555348097425064,,3.0,4.0,True,False,one_sample,250,2490.0,0,50,50.0,0.23529411764705882,5.0,ok,1.382997556916758,62,0.011487777284099762,1.0512682379454477,True,,True,0.0,0.0,0.0,,True,2.0,1.0,0.008,1.382997556916758,2.0,2.0,50,white_noise,core:00288,False,False,assessed,ok,1.0,,True,2.0,0.0,0.0,0.0,0.0,256,13.377465982999638,,
0.8,0.5,221.10000000000002,323.59000000000003,20260823,,1.148242277696208,1448032277,9.0,False,core,True,13.0,208,0.04170205473037028,0.08635670277370566,,4.0,4.0,True,False,one_sample,248,2470.0,0,50,50.0,0.803921568627451,5.0,ok,0.6832720417812664,63,-0.04522528494640951,1.0297864927955045,True,,True,0.0,0.0,0.0,,True,1.0,1.0,0.004032258064516129,0.6832720417812664,1.0,1.0,50,white_noise,core:00289,False,False,assessed,ok,1.0,,True,1.0,0.0,0.0,0.0,0.0,256,15.741203782999946,,
0.62,0.5,316.36,345.48,20260823,,1.386577915433421,3610000650,10.0,False,core,True,13.0,136,0.0889670817214891,0.5774218861313087,,10.0,4.0,True,False,one_sample,247,2460.0,0,50,50.0,0.6274509803921569,5.0,ok,0.9157114738913975,64,0.05439979188470054,1.0465708952689208,True,,True,0.0,0.0,0.0,,True,2.0,1.0,0.008097165991902834,0.9157114738913975,2.0,2.0,50,white_noise,core:00290,False,False,assessed,ok,1.0,,True,2.0,0.0,0.0,0.0,0.0,256,15.999115595001058,,
0.02,0.5,496.32000000000005,218.03000000000003,20260823,,1.0753716136230507,1095578812,7.0,False,core,True,13.0,220,0.0671994035107731,0.19126448626683545,,3.0,4.0,True,False,one_sample,250,2490.0,0,50,50.0,0.0392156862745098,5.0,ok,2.2763839838554327,65,0.0031014411418876717,0.9656374718729185,True,,True,1.0,1.0,0.004,,True,2.0,1.0,0.008,2.2763839838554327,2.0,2.0,50,white_noise,core:00291,False,False,assessed,ok,1.0,,True,2.0,0.0,0.0,0.0,0.0,256,12.770249588000297,,
0.42,0.5,302.0,292.90999999999997,20260823,,1.7294842626744882,3620387638,10.0,False,core,True,13.0,184,0.09339734262041659,0.4842220782594402,,6.0,4.0,True,False,one_sample,247,2460.0,0,50,50.0,0.43137254901960786,5.0,ok,1.0310334232358063,66,0.06976128172433585,1.0022653259745389,True,,True,0.0,0.0,0.0,,True,4.0,1.0,0.016194331983805668,1.0310334232358063,4.0,4.0,50,white_noise,core:00292,False,False,assessed,ok,1.0,,True,4.0,0.0,0.0,0.0,0.0,256,18.97671731199989,,
0.1,0.5,449.26,288.72,20260823,,1.5760060358525738,881391253,10.0,False,core,False,9.0,232,0.09712033081436595,0.23625026450084474,,3.0,4.0,True,False,one_sample,247,2460.0,0,50,50.0,0.11764705882352941,5.0,ok,1.5560404544195066,67,-0.08787269272272918,0.9666851662560848,True,,True,0.0,0.0,0.0,,True,2.0,1.0,0.008097165991902834,1.5560404544195066,2.0,2.0,50,white_noise,core:00293,False,False,assessed,ok,1.0,,True,2.0,0.0,0.0,0.0,0.0,256,19.791546659000232,,
,,,,20260823,,,1351495000,13.0,True,core,False,9.0,224,0.05812966778359402,0.08941318327410253,,4.0,4.0,True,False,one_sample,0,,0,50,,,,,,68,0.12765155393103317,0.9480138470525491,False,,True,,,,,True,,,,,,,50,white_noise,core:00294,True,False,not_assessed_detector_failure,embedding_not_saturated,1.0,,False,,,,,,256,1.2384538700007397,,
0.62,0.5,253.65999999999997,307.4,20260823,,1.4508463902171838,2383485661,9.0,False,core,False,10.0,229,0.083944239287995,0.21653615960223616,,3.0,4.0,True,False,one_sample,248,2470.0,0,50,50.0,0.6274509803921569,5.0,ok,0.8251789199739752,69,0.059867835118268146,0.9937776161818745,True,,True,0.0,0.0,0.0,,True,1.0,1.0,0.004032258064516129,0.8251789199739752,1.0,1.0,50,white_noise,core:00295,False,False,assessed,ok,1.0,,True,1.0,0.0,0.0,0.0,0.0,256,15.045003238999925,,
0.18,0.5,438.22,296.09,20260823,,0.8180678353562237,2235870299,7.0,False,core,True,13.0,220,0.0746027965195801,0.22042244905016484,,3.0,4.0,True,False,one_sample,250,2490.0,0,50,50.0,0.19607843137254902,5.0,ok,1.4800229659900708,70,-0.038826299418765954,0.9813224762791105,True,,True,0.0,0.0,0.0,,True,2.0,0.995,0.008,1.4800229659900708,2.0,2.0,50,white_noise,core:00296,False,False,assessed,ok,1.0,,True,2.0,0.0,0.0,0.0,0.0,256,11.830067341999893,,
,,,,20260823,,,1140737331,13.0,True,core,False,9.0,200,0.09827814124156507,0.38925605967936383,,7.0,4.0,True,False,one_sample,0,,0,50,,,,,,71,-0.06027163619831398,0.974517659074125,False,,True,,,,,True,,,,,,,50,white_noise,core:00297,True,False,not_assessed_detector_failure,embedding_not_saturated,1.0,,False,,,,,,256,1.1159895710006822,,
0.12,0.5,406.86,273.86,20260823,,1.2343608720616563,2892255079,9.0,False,core,False,8.0,207,0.11724339201765134,0.4590681557744659,,7.0,4.0,True,False,one_sample,248,2470.0,0,50,50.0,0.13725490196078433,5.0,ok,1.4856496019864165,72,0.13957801542532328,0.9952627985615028,True,,True,0.0,0.0,0.0,,True,1.0,1.0,0.004032258064516129,1.4856496019864165,1.0,1.0,50,white_noise,core:00298,False,False,assessed,ok,1.0,,True,1.0,0.0,0.0,0.0,0.0,256,15.889072001999011,,
0.82,0.5,164.33999999999997,239.20000000000002,20260823,,0.8203710625674165,3703511230,6.0,False,core,False,9.0,224,0.05796695945378045,0.09253582413656414,,4.0,4.0,True,False,one_sample,251,2500.0,0,50,50.0,0.8235294117647058,5.0,ok,0.6870401337792641,73,0.12132856744284551,0.9786632617999905,True,,True,0.0,0.0,0.0,,True,1.0,1.0,0.00398406374501992,0.6870401337792641,1.0,1.0,50,white_noise,core:00299,False,False,assessed,ok,1.0,,True,1.0,0.0,0.0,0.0,0.0,256,11.93080233800174,,
0.28,0.5,326.22,265.91,20260823,,1.120556997449624,430968224,8.0,False,core,False,11.0,216,0.04664764015643512,0.06683827894668226,,4.0,5.0,True,False,one_sample,249,2480.0,0,50,50.0,0.29411764705882354,5.0,ok,1.2268060622014967,74,0.10202165647599455,1.019898130440824,True,,True,0.0,0.0,0.0,,True,3.0,1.0,0.012048192771084338,1.2268060622014967,3.0,3.0,50,white_noise,core:00300,False,False,assessed,ok,1.0,,True,3.0,0.0,0.0,0.0,0.0,256,14.910705431000679,,
,,,,20260823,,,3045374128,13.0,True,core,False,9.0,192,0.10860909165319113,0.4407052065483009,,8.0,4.0,True,False,one_sample,0,,0,50,,,,,,75,0.00853297511988976,0.910436664667554,False,,True,,,,,True,,,,,,,50,white_noise,core:00301,True,False,not_assessed_detector_failure,embedding_not_saturated,1.0,,False,,,,,,256,0.9576111089991173,,
0.44,0.5,321.22,287.63,20260823,,1.5060715592135154,2403487374,9.0,False,core,False,9.0,232,0.08931646796180098,0.22606975472372415,,3.0,4.0,True,False,one_sample,248,2470.0,0,50,50.0,0.45098039215686275,5.0,ok,1.1167819768452527,76,-0.07793256458709613,0.9611238744488017,True,,True,0.0,0.0,0.0,,True,1.0,1.0,0.004032258064516129,1.1167819768452527,1.0,1.0,50,white_noise,core:00302,False,False,assessed,ok,1.0,,True,1.0,0.0,0.0,0.0,0.0,256,16.018929875999675,,
0.22,0.5,345.38,242.9,20260823,,1.3327961339296257,4235412389,8.0,False,core,False,10.0,220,0.050910019582832526,0.07228511165565887,,4.0,4.0,True,False,one_sample,249,2480.0,0,50,50.0,0.23529411764705882,5.0,ok,1.4219020172910661,77,-0.02184183955235276,0.9579656994760822,True,,True,0.0,0.0,0.0,,True,2.0,1.0,0.008032128514056224,1.4219020172910661,2.0,2.0,50,white_noise,core:00303,False,False,assessed,ok,1.0,,True,2.0,0.0,0.0,0.0,0.0,256,15.297499336000328,,
0.04,0.5,514.3,194.38,20260823,,0.9056890131326766,82194793,6.0,False,core,False,6.0,241,0.12812159171154025,0.2682575350014751,,3.0,4.0,True,False,one_sample,251,2500.0,0,50,50.0,0.058823529411764705,5.0,ok,2.64584833830641,78,0.023077842091714037,1.0223906663019091,True,,True,1.0,1.0,0.00398406374501992,,True,4.0,1.0,0.01593625498007968,2.64584833830641,4.0,4.0,50,white_noise,core:00304,False,False,assessed,ok,1.0,,True,4.0,0.0,0.0,0.0,0.0,256,13.327979572999539,,
0.3,0.5,308.44,241.78,20260823,,1.4287865898076348,2094608444,9.0,False,core,False,9.0,224,0.058384428901215514,0.08599526747499664,,4.0,4.0,True,False,one_sample,248,2470.0,0,50,50.0,0.3137254901960784,5.0,ok,1.275705186533212,79,0.05968477237985316,0.9579652620303468,True,,True,0.0,0.0,0.0,,True,2.0,1.0,0.008064516129032258,1.275705186533212,2.0,2.0,50,white_noise,core:00305,False,False,assessed,ok,1.0,,True,2.0,0.0,0.0,0.0,0.0,256,16.710356375999254,,
0.06,0.5,681.74,346.69000000000005,20260823,,1.4775378790932439,2444684614,10.0,False,core,True,13.0,220,0.06967482107791736,0.20572479514490005,,3.0,4.0,True,False,one_sample,247,2460.0,0,50,50.0,0.0784313725490196,5.0,ok,1.9664253367561797,80,0.03529840081746548,0.9895159591387955,True,,True,0.0,0.0,0.0,,True,2.0,1.0,0.008097165991902834,1.9664253367561797,2.0,2.0,50,white_noise,core:00306,False,False,assessed,ok,1.0,,True,2.0,0.0,0.0,0.0,0.0,256,20.894734495000193,,
0.86,0.5,216.18,300.14,20260823,,1.2865418627521656,2287140203,9.0,False,core,False,7.0,232,0.07293115493694959,0.09821327512813549,,4.0,4.0,True,False,one_sample,248,2470.0,0,50,50.0,0.8627450980392157,5.0,ok,0.7202638768574666,81,-0.03578599921236793,0.9502704143357513,True,,True,0.0,0.0,0.0,,True,2.0,1.0,0.008064516129032258,0.7202638768574666,2.0,2.0,50,white_noise,core:00307,False,False,assessed,ok,1.0,,True,2.0,0.0,0.0,0.0,0.0,256,19.44877752499997,,
0.24,0.5,298.15999999999997,232.6,20260823,,0.978236711119304,3419888195,7.0,False,core,False,8.0,221,0.02807859230935718,0.018271711953214198,,5.0,4.0,True,False,one_sample,250,2490.0,0,50,50.0,0.2549019607843137,5.0,ok,1.2818572656921754,82,-0.012901833832532334,1.01503916415377,True,,True,0.0,0.0,0.0,,True,1.0,1.0,0.004,1.2818572656921754,1.0,1.0,50,white_noise,core:00308,False,False,assessed,ok,1.0,,True,1.0,0.0,0.0,0.0,0.0,256,15.663956047999818,,
0.38,0.5,272.26,242.7,20260823,,1.0124687608753526,3186600359,7.0,False,core,False,8.0,235,0.10021488260403104,0.23232902840178193,,3.0,4.0,True,False,one_sample,250,2490.0,0,50,50.0,0.39215686274509803,5.0,ok,1.1217964565306964,83,-0.042716507813123826,0.9426649208904598,True,,True,0.0,0.0,0.0,,True,2.0,1.0,0.008,1.1217964565306964,2.0,2.0,50,white_noise,core:00309,False,False,assessed,ok,1.0,,True,2.0,0.0,0.0,0.0,0.0,256,15.22839772799989,,
0.0,0.5,651.88,340.92,20260823,,1.4258313515315633,26427294,10.0,False,core,False,8.0,207,0.12055062129114726,0.424012420984197,,7.0,4.0,True,False,one_sample,247,2460.0,0,50,50.0,0.0196078431372549,5.0,ok,1.9121201454886776,84,-0.029804823599955923,0.9339753626103082,True,,True,1.0,1.0,0.004048582995951417,,True,2.0,1.0,0.008097165991902834,1.9121201454886776,2.0,2.0,50,white_noise,core:00310,False,False,assessed,ok,1.0,,True,2.0,0.0,0.0,0.0,0.0,256,20.149413515000106,,
1.0,0.5,102.13999999999999,353.78999999999996,20260823,,1.3869415661681992,2418459598,11.0,False,core,False,9.0,224,0.05912057999268954,0.09066363889229578,,4.0,4.0,True,False,one_sample,246,2450.0,0,50,50.0,1.0,5.0,ok,0.28870233754487123,85,0.05069485510776762,1.0129477088701888,True,,True,0.0,0.0,0.0,,True,1.0,1.0,0.0040650406504065045,0.28870233754487123,1.0,1.0,50,white_noise,core:00311,False,False,assessed,ok,1.0,,True,1.0,0.0,0.0,0.0,0.0,256,21.392705033999846,,
0.48,0.5,343.26,329.52,20260823,,1.5768238286078364,675017956,11.0,False,core,False,7.0,232,0.07311767401244758,0.09910908090644943,,4.0,4.0,True,False,one_sample,246,2450.0,0,50,50.0,0.49019607843137253,5.0,ok,1.0416970138383104,86,0.011554322416899776,0.9792405324994261,True,,True,0.0,0.0,0.0,,True,1.0,1.0,0.0040650406504065045,1.0416970138383104,1.0,1.0,50,white_noise,core:00312,False,False,assessed,ok,1.0,,True,1.0,0.0,0.0,0.0,0.0,256,22.74466191099964,,
0.4,0.5,341.05999999999995,306.74,20260823,,1.5343208897105747,1122867979,10.0,False,core,False,11.0,226,0.07997017023264938,0.21605704293197303,,3.0,4.0,True,False,one_sample,247,2460.0,0,50,50.0,0.4117647058823529,5.0,ok,1.1118862880615503,87,0.019208264473565773,0.9852379584846515,True,,True,0.0,0.0,0.0,,True,1.0,1.0,0.004048582995951417,1.1118862880615503,1.0,1.0,50,white_noise,core:00313,False,False,assessed,ok,1.0,,True,1.0,0.0,0.0,0.0,0.0,256,20.504368204000002,,
0.3,0.5,364.08000000000004,258.82000000000005,20260823,,1.0158715713714923,328406477,8.0,False,core,True,13.0,172,0.0868460434274926,0.4446126882975172,,7.0,4.0,True,False,one_sample,249,2480.0,0,50,50.0,0.3137254901960784,5.0,ok,1.4066919094351285,88,-0.026945097248634284,1.0113297675446595,True,,True,0.0,0.0,0.0,,True,1.0,1.0,0.004016064257028112,1.4066919094351285,1.0,1.0,50,white_noise,core:00314,False,False,assessed,ok,1.0,,True,1.0,0.0,0.0,0.0,0.0,256,16.466737579000437,,
0.58,0.5,221.24,245.16,20260823,,1.0403023211345963,364981128,7.0,False,core,False,7.0,238,0.10930166444444422,0.26716686512318244,,3.0,4.0,True,False,one_sample,250,2490.0,0,50,50.0,0.5882352941176471,5.0,ok,0.9024310654266602,89,0.11493968639195837,0.9632043732455423,True,,True,0.0,0.0,0.0,,True,1.0,1.0,0.004,0.9024310654266602,1.0,1.0,50,white_noise,core:00315,False,False,assessed,ok,1.0,,True,1.0,0.0,0.0,0.0,0.0,256,15.520217370999944,,
0.76,0.5,196.16000000000003,277.04999999999995,20260823,,1.3542381386268831,2758069792,9.0,False,core,True,13.0,220,0.06906052538462157,0.18033429195735817,,3.0,4.0,True,False,one_sample,248,2470.0,0,50,50.0,0.7647058823529411,5.0,ok,0.7080310413282803,90,0.17293991322530927,0.9495130518604611,True,,True,0.0,0.0,0.0,,True,2.0,1.0,0.008064516129032258,0.7080310413282803,2.0,2.0,50,white_noise,core:00316,False,False,assessed,ok,1.0,,True,2.0,0.0,0.0,0.0,0.0,256,17.991282755000157,,
0.24,0.5,507.62,319.12,20260823,,1.7499726989673534,2460170054,11.0,False,core,True,13.0,220,0.07154074415511093,0.2054339295118961,,3.0,4.0,True,False,one_sample,246,2450.0,0,50,50.0,0.2549019607843137,5.0,ok,1.5906868889445975,91,-0.034300833890626097,1.023924242353499,True,,True,0.0,0.0,0.0,,True,2.0,1.0,0.008130081300813009,1.5906868889445975,2.0,2.0,50,white_noise,core:00317,False,False,assessed,ok,1.0,,True,2.0,0.0,0.0,0.0,0.0,256,21.066398633000063,,
0.36,0.5,343.28,284.75,20260823,,1.312695732329979,3905738408,8.0,False,core,True,13.0,136,0.07435362924137964,0.40920041135026697,,10.0,4.0,True,False,one_sample,249,2480.0,0,50,50.0,0.37254901960784315,5.0,ok,1.205548726953468,92,0.02288138532873675,1.1027748724662896,True,,True,0.0,0.0,0.0,,True,2.0,1.0,0.008032128514056224,1.205548726953468,2.0,2.0,50,white_noise,core:00318,False,False,assessed,ok,1.0,,True,2.0,0.0,0.0,0.0,0.0,256,16.661289097999997,,
0.32,0.5,404.08,339.6,20260823,,1.3608175878119426,3353930600,11.0,False,core,False,8.0,235,0.10020139927369799,0.22813910582205654,,3.0,4.0,True,False,one_sample,246,2450.0,0,50,50.0,0.3333333333333333,5.0,ok,1.1898704358068315,93,0.06781451149884246,1.0054225897717715,True,,True,0.0,0.0,0.0,,True,2.0,1.0,0.008130081300813009,1.1898704358068315,2.0,2.0,50,white_noise,core:00319,False,False,assessed,ok,1.0,,True,2.0,0.0,0.0,0.0,0.0,256,23.64853064199997,,
0.52,0.5,298.82000000000005,318.52,20260823,,1.3740194080150587,2050236287,10.0,False,core,False,10.0,220,0.046695860554790816,0.06594673234978499,,4.0,4.0,True,False,one_sample,247,2460.0,0,50,50.0,0.5294117647058824,5.0,ok,0.9381514504583701,94,-0.012118393818606552,0.9220490288171055,True,,True,0.0,0.0,0.0,,True,2.0,1.0,0.008097165991902834,0.9381514504583701,2.0,2.0,50,white_noise,core:00320,False,False,assessed,ok,1.0,,True,2.0,0.0,0.0,0.0,0.0,256,20.236601442999927,,
0.32,0.5,315.68,244.51,20260823,,1.5793080298788864,1729218197,9.0,False,core,False,10.0,211,0.017071146191031835,0.00924599107627877,,5.0,4.0,True,False,one_sample,248,2470.0,0,50,50.0,0.3333333333333333,5.0,ok,1.2910719397979633,95,-0.03255663368177057,0.9520110781687331,True,,True,0.0,0.0,0.0,,True,2.0,1.0,0.008064516129032258,1.2910719397979633,2.0,2.0,50,white_noise,core:00321,False,False,assessed,ok,1.0,,True,2.0,0.0,0.0,0.0,0.0,256,18.81438534200015,,
0.46,0.5,349.98,326.76,20260823,,1.6346695125425907,2618494047,10.0,False,core,False,7.0,226,0.038753233726734074,0.02983884385075042,,5.0,4.0,True,False,one_sample,247,2460.0,0,50,50.0,0.47058823529411764,5.0,ok,1.0710613294160853,96,-0.02657408185526007,1.0194840118050523,True,,True,0.0,0.0,0.0,,True,3.0,1.0,0.012145748987854251,1.0710613294160853,3.0,3.0,50,white_noise,core:00322,False,False,assessed,ok,1.0,,True,3.0,0.0,0.0,0.0,0.0,256,20.09289852799975,,
0.18,0.5,377.78,213.53999999999996,20260823,,1.073407308541531,4264074858,8.0,False,core,False,9.0,224,0.0562993455526992,0.09119784515033158,,4.0,4.0,True,False,one_sample,249,2480.0,0,50,50.0,0.19607843137254902,5.0,ok,1.7691299054041398,97,0.00021214797852181846,0.8958796214009713,True,,True,0.0,0.0,0.0,,True,1.0,1.0,0.004016064257028112,1.7691299054041398,1.0,1.0,50,white_noise,core:00323,False,False,assessed,ok,1.0,,True,1.0,0.0,0.0,0.0,0.0,256,14.957648023999809,,
0.0,0.5,919.98,344.2,20260823,,1.2859421565452787,929273380,10.0,False,core,False,11.0,196,0.0867196063452213,0.4026108046020155,,6.0,4.0,True,False,one_sample,247,2460.0,0,50,50.0,0.0196078431372549,5.0,ok,2.672806507844277,98,-0.02770314005197571,0.9224385431986829,True,,True,1.0,1.0,0.004048582995951417,,True,3.0,1.0,0.012145748987854251,2.672806507844277,3.0,3.0,50,white_noise,core:00324,False,False,assessed,ok,1.0,,True,3.0,0.0,0.0,0.0,0.0,256,19.034243022999817,,
,,,,20260823,,,208022807,13.0,True,core,True,13.0,208,0.03765785169607514,0.06580993314582573,,4.0,4.0,True,False,one_sample,0,,0,50,,,,,,99,-0.05711854848040642,1.047873570816904,False,,True,,,,,True,,,,,,,50,white_noise,core:00325,True,False,not_assessed_detector_failure,embedding_not_saturated,1.0,,False,,,,,,256,1.8654667869996047,,
0.84,0.5,276.34000000000003,409.05,20260823,,1.0527164138906318,3449695920,10.0,False,core,False,11.0,196,0.05630580529469657,0.5375176271745192,,6.0,17.0,True,False,one_sample,247,2460.0,0,50,50.0,0.8431372549019608,90.57070319243105,ok,0.6755653343112089,0,0.5311308321918263,1.5960461500562142,True,,True,0.0,0.0,0.0,,True,5.0,1.0,0.020242914979757085,0.6755653343112089,5.0,5.0,50,ar1,core:00326,False,False,assessed,ok,1.0,,True,5.0,0.0,0.0,0.0,0.0,256,20.374395827999706,,
0.02,0.5,734.6600000000001,345.52,20260823,,0.8686396105245027,328817794,8.0,False,core,False,11.0,186,0.09634527249592968,0.6341669007299565,,7.0,13.0,True,False,one_sample,249,2480.0,0,50,50.0,0.0392156862745098,5.0,ok,2.126244501041908,1,0.7876581767241337,1.4397908130900092,True,,True,1.0,0.915,0.004016064257028112,,True,3.0,1.0,0.012048192771084338,2.126244501041908,3.0,3.0,50,ar1,core:00327,False,False,assessed,ok,1.0,,True,3.0,0.0,0.0,0.0,0.0,256,16.729788119000204,,
0.12,0.5,635.52,405.65,20260823,,1.061045058872805,957466035,10.0,False,core,True,13.0,184,0.05734817977586767,0.3996500622896607,,6.0,11.0,True,False,one_sample,247,2460.0,0,50,50.0,0.13725490196078433,5.0,ok,1.566670775298903,2,0.18134504666726245,1.5827553863190509,True,,True,0.0,0.0,0.0,,True,2.0,0.97,0.008097165991902834,1.566670775298903,2.0,2.0,50,ar1,core:00328,False,False,assessed,ok,1.0,,True,2.0,0.0,0.0,0.0,0.0,256,21.20227253699977,,
0.16,0.5,431.06,275.28000000000003,20260823,,0.8467512071122075,267006191,7.0,False,core,False,10.0,220,0.03393176831331238,0.0970696870401192,,4.0,13.0,True,False,one_sample,250,2490.0,0,50,50.0,0.17647058823529413,93.83493625296376,ok,1.565896541702993,3,0.3376993839226277,1.6696289022120427,True,,True,0.0,0.0,0.0,,True,5.0,1.0,0.02,1.565896541702993,5.0,5.0,50,ar1,core:00329,False,False,assessed,ok,1.0,,True,5.0,0.0,0.0,0.0,0.0,256,15.632973038000273,,
0.62,0.5,253.64,318.23,20260823,,0.9329343019960851,3019163817,8.0,False,core,False,9.0,224,0.043934052390649445,0.08988517126347995,,4.0,10.0,True,False,one_sample,249,2480.0,0,50,50.0,0.6274509803921569,5.0,ok,0.79703359205606,4,-0.5991726978032549,1.5918604197832795,True,,True,0.0,0.0,0.0,,True,3.0,0.97,0.012048192771084338,0.79703359205606,3.0,3.0,50,ar1,core:00330,False,False,assessed,ok,1.0,,True,3.0,0.0,0.0,0.0,0.0,256,14.853769641999861,,
0.88,0.5,305.26,476.69,20260823,,1.081397782901564,900358149,11.0,False,core,True,13.0,172,0.0758777132523355,0.6525320262443308,,7.0,13.0,True,False,one_sample,246,2450.0,0,50,50.0,0.8823529411764706,5.0,ok,0.6403742474144622,5,0.09119269586679707,1.7756193404633813,True,,True,0.0,0.0,0.0,,True,5.0,1.0,0.02032520325203252,0.6403742474144622,5.0,5.0,50,ar1,core:00331,False,False,assessed,ok,1.0,,True,5.0,0.0,0.0,0.0,0.0,256,21.62101883000014,,
0.18,0.5,375.44,279.37,20260823,,0.7010616390141204,1594156400,6.0,False,core,False,8.0,214,0.07591808143538926,0.3989783879592066,,6.0,15.0,True,False,one_sample,251,2500.0,0,50,50.0,0.19607843137254902,77.33518665761775,ok,1.3438808748255002,6,0.12679187454896174,1.6173478912834012,True,,True,0.0,0.0,0.0,,True,5.0,0.98,0.0199203187250996,1.3438808748255002,5.0,4.0,50,ar1,core:00332,False,False,assessed,ok,1.0,,True,5.0,0.0,0.0,0.0,0.0,256,12.6176370459998,,
0.54,0.5,359.76,396.31,20260823,,0.8546027997442602,2999556384,10.0,False,core,False,11.0,196,0.07283501687654274,0.4039709412427396,,6.0,11.0,True,False,one_sample,247,2460.0,0,50,50.0,0.5490196078431373,5.0,ok,0.9077742171532386,7,0.18180730888077784,1.397657007500105,True,,True,0.0,0.0,0.0,,True,2.0,0.935,0.008097165991902834,0.9077742171532386,2.0,2.0,50,ar1,core:00333,False,False,assessed,ok,1.0,,True,2.0,0.0,0.0,0.0,0.0,256,19.010862408999856,,
,,,,20260823,,,1487837963,13.0,True,core,False,10.0,193,0.08218450710298351,0.6783121375925569,,7.0,15.0,True,False,one_sample,0,,0,50,,,,,,8,0.02363133844930767,1.6666221994904051,False,,True,,,,,True,,,,,,,50,ar1,core:00334,True,False,not_assessed_detector_failure,embedding_not_saturated,1.0,,False,,,,,,256,0.7783508410002469,,
0.24,0.5,468.96,346.96,20260823,,0.8221362027695143,2344754203,8.0,False,core,False,9.0,200,0.08722727953951823,0.4607458330403299,,7.0,10.0,True,False,one_sample,249,2480.0,0,50,50.0,0.2549019607843137,5.0,ok,1.3516255476135577,9,0.23570574976289682,1.5371670425413655,True,,True,0.0,0.0,0.0,,True,4.0,1.0,0.01606425702811245,1.3516255476135577,4.0,4.0,50,ar1,core:00335,False,False,assessed,ok,1.0,,True,4.0,0.0,0.0,0.0,0.0,256,17.08822565499986,,
0.44,0.5,416.94,380.1,20260823,,0.9486621594524277,57965051,10.0,False,core,False,7.0,220,0.09370440990945195,0.5165224938045692,,6.0,18.0,True,False,one_sample,247,2460.0,0,50,50.0,0.45098039215686275,25.794712762418364,ok,1.0969218626677188,10,-0.77583691966413,1.663096729244638,True,,True,0.0,0.0,0.0,,True,5.0,1.0,0.020242914979757085,1.0969218626677188,5.0,5.0,50,ar1,core:00336,False,False,assessed,ok,1.0,,True,5.0,0.0,0.0,0.0,0.0,256,19.13528418099986,,
,,,,20260823,,,4101375760,13.0,True,core,False,10.0,184,0.09866950916241554,0.6698999574170116,,8.0,8.0,True,False,one_sample,0,,0,50,,,,,,11,0.42086510598172455,1.4122292988859204,False,,True,,,,,True,,,,,,,50,ar1,core:00337,True,False,not_assessed_detector_failure,embedding_not_saturated,1.0,,False,,,,,,256,0.8473023299998204,,
0.2,0.5,489.6,357.1,20260823,,0.8380675009206004,3733861811,9.0,False,core,False,9.0,216,0.024044443415903935,0.05660133254608668,,5.0,14.0,True,False,one_sample,248,2470.0,0,50,50.0,0.21568627450980393,34.375458544162626,ok,1.3710445253430412,12,0.005555430014591745,2.056820757437366,True,,True,0.0,0.0,0.0,,True,4.0,0.995,0.016129032258064516,1.3710445253430412,4.0,4.0,50,ar1,core:00338,False,False,assessed,ok,1.0,,True,4.0,0.0,0.0,0.0,0.0,256,18.16951793399994,,
0.34,0.5,483.98,434.5,20260823,,0.9030135777654928,3910555912,10.0,False,core,False,10.0,193,0.07497505791780894,0.48445694954413354,,7.0,13.0,True,False,one_sample,247,2460.0,0,50,50.0,0.35294117647058826,5.524712154050191,ok,1.1138780207134638,13,-0.21440945318585763,1.6886470556054358,True,,True,0.0,0.0,0.0,,True,4.0,1.0,0.016194331983805668,1.1138780207134638,4.0,4.0,50,ar1,core:00339,False,False,assessed,ok,1.0,,True,4.0,0.0,0.0,0.0,0.0,256,18.990782659999695,,
0.72,0.5,249.1,311.69,20260823,,0.6435595296482604,1609175748,7.0,False,core,False,6.0,211,0.15655587983598512,0.7122216397106613,,9.0,14.0,True,False,one_sample,250,2490.0,0,50,50.0,0.7254901960784313,5.0,ok,0.7991915043793513,14,-0.05210750872857012,1.7856205830281868,True,,True,0.0,0.0,0.0,,True,4.0,0.98,0.016,0.7991915043793513,4.0,4.0,50,ar1,core:00340,False,False,assessed,ok,1.0,,True,4.0,0.0,0.0,0.0,0.0,256,15.60625356499986,,
0.28,0.5,484.15999999999997,415.31,20260823,,0.8621278012126983,892420764,9.0,False,core,False,9.0,192,0.1055891346559086,0.7448952910556483,,8.0,13.0,True,False,one_sample,248,2470.0,0,50,50.0,0.29411764705882354,24.95887124514561,ok,1.1657797789602946,15,0.2487193257332023,1.6548846570690765,True,,True,0.0,0.0,0.0,,True,4.0,1.0,0.016129032258064516,1.1657797789602946,4.0,4.0,50,ar1,core:00341,False,False,assessed,ok,1.0,,True,4.0,0.0,0.0,0.0,0.0,256,18.060455907000232,,
0.06,0.5,630.02,366.85,20260823,,0.8140035849581666,590556299,9.0,False,core,False,6.0,226,0.11368785138534597,0.5399617792746478,,6.0,14.0,True,False,one_sample,248,2470.0,0,50,50.0,0.0784313725490196,5.0,ok,1.717377674798964,16,0.8198269682581156,1.8143025960541812,True,,True,0.0,0.0,0.0,,True,4.0,0.995,0.016129032258064516,1.717377674798964,4.0,4.0,50,ar1,core:00342,False,False,assessed,ok,1.0,,True,4.0,0.0,0.0,0.0,0.0,256,17.739173213999948,,
0.66,0.5,320.46,390.39,20260823,,0.9699353641898506,703048608,9.0,False,core,False,10.0,220,0.03979210344467295,0.25551403898786695,,4.0,19.0,True,False,one_sample,248,2470.0,0,50,50.0,0.6666666666666666,5.0,ok,0.8208714362560516,17,0.04345559629723364,1.821057830738956,True,,True,0.0,0.0,0.0,,True,5.0,1.0,0.020161290322580645,0.8208714362560516,5.0,5.0,50,ar1,core:00343,False,False,assessed,ok,1.0,,True,5.0,0.0,0.0,0.0,0.0,256,18.572494393999932,,
0.22,0.5,466.16,371.08000000000004,20260823,,0.8657052191702366,3756785086,9.0,False,core,False,8.0,221,0.019138852043567304,0.018250061127701667,,5.0,9.0,True,False,one_sample,248,2470.0,0,50,50.0,0.23529411764705882,5.0,ok,1.2562250727605906,18,-0.010704665429115474,1.4843487995274136,True,,True,0.0,0.0,0.0,,True,2.0,1.0,0.008064516129032258,1.2562250727605906,2.0,2.0,50,ar1,core:00344,False,False,assessed,ok,1.0,,True,2.0,0.0,0.0,0.0,0.0,256,18.15097647499988,,
0.68,0.5,273.3,329.12,20260823,,0.7557992895902157,3447613388,8.0,False,core,False,9.0,200,0.09691652539350519,0.5673179071731913,,7.0,17.0,True,False,one_sample,249,2480.0,0,50,50.0,0.6862745098039216,7.153455901648603,ok,0.8303962080700049,19,-0.133551843363519,1.7777564232584184,True,,True,0.0,0.0,0.0,,True,3.0,1.0,0.012048192771084338,0.8303962080700049,3.0,3.0,50,ar1,core:00345,False,False,assessed,ok,1.0,,True,3.0,0.0,0.0,0.0,0.0,256,16.244733801000166,,
0.36,0.5,394.18,353.90999999999997,20260823,,1.0235623015823752,1604532220,9.0,False,core,False,9.0,208,0.06897552067747668,0.43897128296356325,,6.0,14.0,True,False,one_sample,248,2470.0,0,50,50.0,0.37254901960784315,151.3044098410061,ok,1.1137859907886187,20,0.059820755021601814,1.6327095273768735,True,,True,0.0,0.0,0.0,,True,4.0,1.0,0.016129032258064516,1.1137859907886187,4.0,4.0,50,ar1,core:00346,False,False,assessed,ok,1.0,,True,4.0,0.0,0.0,0.0,0.0,256,17.654340128000058,,
0.28,0.5,486.68,374.40999999999997,20260823,,0.9265650072892262,906868566,10.0,False,core,False,7.0,190,0.1479596525583434,0.7953586387363916,,11.0,14.0,True,False,one_sample,247,2460.0,0,50,50.0,0.29411764705882354,5.0,ok,1.2998584439518177,21,0.42232869531298256,1.7442963071584219,True,,True,0.0,0.0,0.0,,True,3.0,1.0,0.012145748987854251,1.2998584439518177,3.0,3.0,50,ar1,core:00347,False,False,assessed,ok,1.0,,True,3.0,0.0,0.0,0.0,0.0,256,21.605006585999945,,
0.2,0.5,462.72,324.4,20260823,,0.858067549783031,2326446593,8.0,False,core,True,13.0,172,0.06890784155965496,0.685497006465611,,7.0,14.0,True,False,one_sample,249,2480.0,0,50,50.0,0.21568627450980393,19.755862232125143,ok,1.4263871763255243,22,0.3402901427534506,1.7570234943289014,True,,True,0.0,0.0,0.0,,True,4.0,1.0,0.01606425702811245,1.4263871763255243,4.0,4.0,50,ar1,core:00348,False,False,assessed,ok,1.0,,True,4.0,0.0,0.0,0.0,0.0,256,19.160578609999902,,
0.76,0.5,274.84000000000003,324.05,20260823,,1.1344285854448153,397801268,9.0,False,core,True,13.0,148,0.08846076483011686,0.7518850140802478,,9.0,11.0,True,False,one_sample,248,2470.0,0,50,50.0,0.7843137254901961,64.23596047250014,ok,0.8481407190248419,23,0.5214117993682638,1.646434295506582,True,,True,0.0,0.0,0.0,,True,6.0,1.0,0.024193548387096774,0.8481407190248419,6.0,6.0,50,ar1,core:00349,False,False,assessed,ok,1.0,,True,6.0,0.0,0.0,0.0,0.0,256,19.016361742999834,,
0.3,0.5,253.32,225.06,20260823,,0.4835647518997543,4030666970,5.0,False,core,False,9.0,208,0.07351220707122669,0.488612404234151,,6.0,14.0,True,False,one_sample,252,2510.0,0,50,50.0,0.3137254901960784,167.50182497931286,ok,1.125566515595841,24,0.2633393334149465,1.7456505239424513,True,,True,0.0,0.0,0.0,,True,3.0,0.98,0.011904761904761904,1.125566515595841,3.0,1.0,50,ar1,core:00350,False,False,assessed,ok,1.0,,True,3.0,0.0,0.0,0.0,0.0,256,13.351415137999993,,
0.3,0.5,416.15999999999997,371.18,20260823,,1.2381380500529253,3891635605,11.0,False,core,False,10.0,202,0.07013989122136191,0.41682973827982084,,6.0,12.0,True,False,one_sample,246,2450.0,0,50,50.0,0.3137254901960784,5.0,ok,1.1211810981195107,25,-0.21538560927897366,1.6633611682933758,True,,True,0.0,0.0,0.0,,True,4.0,1.0,0.016260162601626018,1.1211810981195107,4.0,4.0,50,ar1,core:00351,False,False,assessed,ok,1.0,,True,4.0,0.0,0.0,0.0,0.0,256,21.971200339000006,,
0.04,0.5,614.26,266.93,20260823,,0.6975845448047183,3868390770,7.0,False,core,True,13.0,148,0.06607607678899516,0.7499747858558097,,9.0,15.0,True,False,one_sample,250,2490.0,0,50,50.0,0.058823529411764705,135.51832970001232,ok,2.301202562469561,26,0.3772973868751998,1.6563681217426287,True,,True,1.0,0.825,0.004,,True,4.0,1.0,0.016,2.301202562469561,4.0,4.0,50,ar1,core:00352,False,False,assessed,ok,1.0,,True,4.0,0.0,0.0,0.0,0.0,256,15.948065958999905,,
0.14,0.5,431.52,295.38,20260823,,0.7372487384321673,2053983700,7.0,False,core,False,8.0,221,0.03181417428175038,0.04169745665778657,,5.0,11.0,True,False,one_sample,250,2490.0,0,50,50.0,0.1568627450980392,6.188728306395685,ok,1.4608978265285395,27,0.12555675800503635,1.5078776930502396,True,,True,0.0,0.0,0.0,,True,5.0,1.0,0.02,1.4608978265285395,5.0,5.0,50,ar1,core:00353,False,False,assessed,ok,1.0,,True,5.0,0.0,0.0,0.0,0.0,256,13.553860817999976,,
0.04,0.5,630.2,362.14,20260823,,0.7330266940058593,3495262068,9.0,False,core,False,8.0,207,0.08800962397512715,0.5765648614734991,,7.0,19.0,True,False,one_sample,248,2470.0,0,50,50.0,0.058823529411764705,38.170646365001225,ok,1.740210968133871,28,-0.2226526768418864,1.8432617144533254,True,,True,1.0,0.9,0.004032258064516129,,True,3.0,0.99,0.012096774193548387,1.740210968133871,3.0,3.0,50,ar1,core:00354,False,False,assessed,ok,1.0,,True,3.0,0.0,0.0,0.0,0.0,256,18.265026458000193,,
0.32,0.5,474.0,404.65999999999997,20260823,,1.11417570002846,1212659152,11.0,False,core,False,9.0,184,0.10643219610009827,0.7745019234215164,,9.0,16.0,True,False,one_sample,246,2450.0,0,50,50.0,0.3333333333333333,5.0,ok,1.171353729056492,29,-0.3851258144793012,1.5851799516321032,True,,True,0.0,0.0,0.0,,True,3.0,1.0,0.012195121951219513,1.171353729056492,3.0,3.0,50,ar1,core:00355,False,False,assessed,ok,1.0,,True,3.0,0.0,0.0,0.0,0.0,256,23.793621525000162,,
0.0,0.5,1042.2,499.15999999999997,20260823,,0.9170177443806161,218236948,11.0,False,core,False,8.0,214,0.08122730945540117,0.3734435484165005,,6.0,15.0,True,False,one_sample,246,2450.0,0,50,50.0,0.0196078431372549,5.0,ok,2.08790768491065,30,-0.5682372531520722,1.6473508057787176,True,,True,1.0,0.95,0.0040650406504065045,,True,3.0,1.0,0.012195121951219513,2.08790768491065,3.0,3.0,50,ar1,core:00356,False,False,assessed,ok,1.0,,True,3.0,0.0,0.0,0.0,0.0,256,20.672604761000002,,
0.22,0.5,530.92,419.13,20260823,,0.9609363023437515,1653298077,10.0,False,core,False,8.0,207,0.11902771201969081,0.700494033789399,,7.0,12.0,True,False,one_sample,247,2460.0,0,50,50.0,0.23529411764705882,5.0,ok,1.2667191563476725,31,0.009840109482640857,1.5077928267350589,True,,True,0.0,0.0,0.0,,True,4.0,1.0,0.016194331983805668,1.2667191563476725,4.0,4.0,50,ar1,core:00357,False,False,assessed,ok,1.0,,True,4.0,0.0,0.0,0.0,0.0,256,19.584632347000024,,
0.04,0.5,541.6800000000001,297.65,20260823,,0.6683304732049296,3792587743,7.0,False,core,False,6.0,216,0.1442564551928793,0.641345111953753,,8.0,13.0,True,False,one_sample,250,2490.0,0,50,50.0,0.058823529411764705,5.0,ok,1.819855535024358,32,-0.10119611889077634,1.694454954987891,True,,True,1.0,0.845,0.004,,True,4.0,0.975,0.016,1.819855535024358,4.0,4.0,50,ar1,core:00358,False,False,assessed,ok,1.0,,True,4.0,0.0,0.0,0.0,0.0,256,14.825399905999802,,
0.08,0.5,632.1800000000001,388.91999999999996,20260823,,1.1443283970747058,3544501888,10.0,False,core,False,8.0,221,0.026349519737380332,0.040611386393801574,,5.0,11.0,True,False,one_sample,247,2460.0,0,50,50.0,0.09803921568627451,10.923738228438879,ok,1.625475676231616,33,0.15518112986658605,1.6446148400157323,True,,True,0.0,0.0,0.0,,True,4.0,1.0,0.016194331983805668,1.625475676231616,4.0,4.0,50,ar1,core:00359,False,False,assessed,ok,1.0,,True,4.0,0.0,0.0,0.0,0.0,256,19.71727747900013,,
0.9,0.5,241.24,345.55,20260823,,0.8767803761724047,2832613098,8.0,False,core,False,10.0,193,0.09673152331842315,0.5882333780349913,,7.0,12.0,True,False,one_sample,249,2480.0,0,50,50.0,0.9019607843137255,5.0,ok,0.698133410504992,34,0.008831931948741866,1.51732988273877,True,,True,0.0,0.0,0.0,,True,3.0,1.0,0.012048192771084338,0.698133410504992,3.0,3.0,50,ar1,core:00360,False,False,assessed,ok,1.0,,True,3.0,0.0,0.0,0.0,0.0,256,17.050949014999787,,
,,,,20260823,,,2907792430,13.0,True,core,False,9.0,200,0.09254634272850819,0.6104530505499913,,7.0,14.0,True,False,one_sample,0,,0,50,,,,,,35,0.02013232538097981,1.8506755748265329,False,,True,,,,,True,,,,,,,50,ar1,core:00361,True,False,not_assessed_detector_failure,embedding_not_saturated,1.0,,False,,,,,,256,1.134886454000025,,
0.34,0.5,371.7,284.73,20260823,,0.6757606340807908,2916924334,7.0,False,core,False,9.0,184,0.10677684615360324,0.607749710274265,,9.0,9.0,True,False,one_sample,250,2490.0,0,50,50.0,0.35294117647058826,5.954109903599328,ok,1.305447265830787,36,-0.07346175795979261,1.5774918549154946,True,,True,0.0,0.0,0.0,,True,4.0,0.995,0.016,1.305447265830787,4.0,4.0,50,ar1,core:00362,False,False,assessed,ok,1.0,,True,4.0,0.0,0.0,0.0,0.0,256,13.159118475000014,,
0.48,0.5,402.62,392.23,20260823,,0.8993479098932604,2731279643,9.0,False,core,True,13.0,172,0.08148743288284316,0.6068642717260837,,7.0,11.0,True,False,one_sample,248,2470.0,0,50,50.0,0.49019607843137253,7.835124019056619,ok,1.0264895596971164,37,-0.365435290798388,1.5829561153685077,True,,True,0.0,0.0,0.0,,True,5.0,1.0,0.020161290322580645,1.0264895596971164,5.0,5.0,50,ar1,core:00363,False,False,assessed,ok,1.0,,True,5.0,0.0,0.0,0.0,0.0,256,18.271668022000085,,
0.18,0.5,410.02,296.08,20260823,,0.6069572520480575,4277871563,7.0,False,core,False,8.0,214,0.06697169962316782,0.3083464222242347,,6.0,15.0,True,False,one_sample,250,2490.0,0,50,50.0,0.19607843137254902,5.0,ok,1.3848284247500675,38,-0.010515979388919572,1.7839401270862312,True,,True,0.0,0.0,0.0,,True,4.0,0.98,0.016,1.3848284247500675,4.0,4.0,50,ar1,core:00364,False,False,assessed,ok,1.0,,True,4.0,0.0,0.0,0.0,0.0,256,14.438513585000237,,
0.4,0.5,407.22,391.98,20260823,,0.9733795738347625,1344233584,9.0,False,core,False,7.0,226,0.03481941694908685,0.0512394891823571,,5.0,14.0,True,False,one_sample,248,2470.0,0,50,50.0,0.4117647058823529,12.194918793365101,ok,1.0388795346701363,39,0.6496364738193465,1.5678770362379533,True,,True,0.0,0.0,0.0,,True,3.0,1.0,0.012096774193548387,1.0388795346701363,3.0,3.0,50,ar1,core:00365,False,False,assessed,ok,1.0,,True,3.0,0.0,0.0,0.0,0.0,256,17.71811840600003,,
0.18,0.5,505.41999999999996,375.15,20260823,,0.8237233392344956,2869279313,9.0,False,core,False,10.0,193,0.07510062799636727,0.5710290379632494,,7.0,12.0,True,False,one_sample,248,2470.0,0,50,50.0,0.19607843137254902,5.0,ok,1.3472477675596428,40,-0.03392002649570125,1.6224970278464625,True,,True,0.0,0.0,0.0,,True,5.0,1.0,0.020161290322580645,1.3472477675596428,5.0,5.0,50,ar1,core:00366,False,False,assessed,ok,1.0,,True,5.0,0.0,0.0,0.0,0.0,256,17.78779426600022,,
0.82,0.5,183.66,291.22,20260823,,0.6417850567991357,1704659510,6.0,False,core,False,9.0,184,0.0891448069231493,0.6026807410287912,,9.0,16.0,True,False,one_sample,251,2500.0,0,50,50.0,0.8235294117647058,148.52197962992264,ok,0.6306572350800081,41,-0.28663670369218847,1.537004710746318,True,,True,0.0,0.0,0.0,,True,2.0,0.935,0.00796812749003984,0.6306572350800081,2.0,2.0,50,ar1,core:00367,False,False,assessed,ok,1.0,,True,2.0,0.0,0.0,0.0,0.0,256,10.615460545999667,,
0.18,0.5,488.26,343.59,20260823,,0.8440598204509894,1697017250,9.0,False,core,True,13.0,172,0.07653783456269397,0.7491792081836937,,7.0,13.0,True,False,one_sample,248,2470.0,0,50,50.0,0.19607843137254902,5.0,ok,1.4210541633924154,42,0.1187840753695397,1.59611957529303,True,,True,0.0,0.0,0.0,,True,3.0,1.0,0.012096774193548387,1.4210541633924154,3.0,3.0,50,ar1,core:00368,False,False,assessed,ok,1.0,,True,3.0,0.0,0.0,0.0,0.0,256,17.82420071300021,,
0.66,0.5,327.46,384.30999999999995,20260823,,1.1391680834018874,2549843691,11.0,False,core,False,10.0,202,0.047937670344101645,0.4025366463736183,,6.0,20.0,True,False,one_sample,246,2450.0,0,50,50.0,0.6666666666666666,5.0,ok,0.8520725456012074,43,0.21346827780544458,1.7879676667532725,True,,True,0.0,0.0,0.0,,True,4.0,1.0,0.016260162601626018,0.8520725456012074,4.0,3.0,50,ar1,core:00369,False,False,assessed,ok,1.0,,True,4.0,0.0,0.0,0.0,0.0,256,23.26309186499975,,
,,,,20260823,,,1748507989,13.0,True,core,False,9.0,184,0.09327881702811174,0.7959774979242792,,9.0,14.0,True,False,one_sample,0,,0,50,,,,,,44,-0.42604026981756177,2.0057861252623863,False,,True,,,,,True,,,,,,,50,ar1,core:00370,True,False,not_assessed_detector_failure,embedding_not_saturated,1.0,,False,,,,,,256,0.8051127690000612,,
0.4,0.5,411.68,383.99,20260823,,1.2836692544387307,3495992519,10.0,False,core,False,7.0,232,0.058002095696003377,0.14697118518203933,,4.0,11.0,True,False,one_sample,247,2460.0,0,50,50.0,0.4117647058823529,83.12272765612417,ok,1.0721112528972108,45,-0.038107989633645103,1.5063955498308461,True,,True,0.0,0.0,0.0,,True,4.0,1.0,0.016194331983805668,1.0721112528972108,4.0,4.0,50,ar1,core:00371,False,False,assessed,ok,1.0,,True,4.0,0.0,0.0,0.0,0.0,256,19.6186437260003,,
0.84,0.5,242.78,370.40999999999997,20260823,,0.9912886198144906,963844549,10.0,False,core,False,9.0,176,0.09962526781654507,0.6446381580375583,,10.0,13.0,True,False,one_sample,247,2460.0,0,50,50.0,0.8431372549019608,103.14871805512817,ok,0.6554358683620853,46,0.4920190470272541,1.6830260736298153,True,,True,0.0,0.0,0.0,,True,4.0,1.0,0.016194331983805668,0.6554358683620853,4.0,4.0,50,ar1,core:00372,False,False,assessed,ok,1.0,,True,4.0,0.0,0.0,0.0,0.0,256,20.119445174999782,,
0.98,0.5,183.42,296.95000000000005,20260823,,0.802710318332859,2400351358,7.0,False,core,False,9.0,184,0.10383295932574713,0.6870445069830335,,9.0,12.0,True,False,one_sample,250,2490.0,0,50,50.0,0.9803921568627451,297.36487104213495,ok,0.6176797440646572,47,-0.0813870244678764,1.5605150126659015,True,,True,0.0,0.0,0.0,,True,1.0,0.8,0.004,0.6176797440646572,1.0,1.0,50,ar1,core:00373,False,False,assessed,ok,1.0,,True,1.0,0.0,0.0,0.0,0.0,256,15.686494709999806,,
,,,,20260823,,,2023883774,13.0,True,core,False,8.0,214,0.08074238556205413,0.38968805500434167,,6.0,13.0,True,False,one_sample,0,,0,50,,,,,,48,-0.30885830825864424,1.7885677602935701,False,,True,,,,,True,,,,,,,50,ar1,core:00374,True,False,not_assessed_detector_failure,embedding_not_saturated,1.0,,False,,,,,,256,1.6050921729997754,,
0.98,0.5,140.18,252.71,20260823,,0.9443963919502789,1967145954,7.0,False,core,True,13.0,172,0.06993668223978405,0.5658298936267483,,7.0,9.0,True,False,one_sample,250,2490.0,0,50,50.0,0.9803921568627451,276.47882528863175,ok,0.5547069763760832,49,0.16070433598039868,1.2868143797875888,True,,True,0.0,0.0,0.0,,True,2.0,0.975,0.008,0.5547069763760832,2.0,2.0,50,ar1,core:00375,False,False,assessed,ok,1.0,,True,2.0,0.0,0.0,0.0,0.0,256,13.121190779999779,,
0.02,0.5,911.02,378.23,20260823,,0.9061539980967445,3466297359,9.0,False,core,False,10.0,193,0.08201721608662649,0.586210286756899,,7.0,13.0,True,False,one_sample,248,2470.0,0,50,50.0,0.0392156862745098,5.0,ok,2.4086402453533564,50,-0.17096442983277357,1.5795776663814713,True,,True,1.0,0.96,0.004032258064516129,,True,3.0,1.0,0.012096774193548387,2.4086402453533564,3.0,3.0,50,ar1,core:00376,False,False,assessed,ok,1.0,,True,3.0,0.0,0.0,0.0,0.0,256,17.980139168000278,,
,,,,20260823,,,730133069,13.0,True,core,False,7.0,202,0.09887741505450554,0.5605261908747812,,9.0,15.0,True,False,one_sample,0,,0,50,,,,,,51,-0.0946375420174949,1.5345261339131078,False,,True,,,,,True,,,,,,,50,ar1,core:00377,True,False,not_assessed_detector_failure,embedding_not_saturated,1.0,,False,,,,,,256,1.2590810229999079,,
0.42,0.5,351.64,323.47,20260823,,0.9595383233661038,1351806551,8.0,False,core,False,8.0,214,0.1030467310472332,0.45852575843470367,,6.0,11.0,True,False,one_sample,249,2480.0,0,50,50.0,0.43137254901960786,5.0,ok,1.0870869014128048,52,-0.22867502950501561,1.344287434282908,True,,True,0.0,0.0,0.0,,True,4.0,1.0,0.01606425702811245,1.0870869014128048,4.0,4.0,50,ar1,core:00378,False,False,assessed,ok,1.0,,True,4.0,0.0,0.0,0.0,0.0,256,15.422431306999897,,
0.62,0.5,354.28,403.55,20260823,,0.8857797953008852,2110997009,9.0,False,core,False,9.0,184,0.09804820121926357,0.7744194825715445,,9.0,14.0,True,False,one_sample,248,2470.0,0,50,50.0,0.6274509803921569,116.68685410606561,ok,0.8779085615165406,53,0.010919367231849525,1.8838224131253947,True,,True,0.0,0.0,0.0,,True,4.0,1.0,0.016129032258064516,0.8779085615165406,4.0,4.0,50,ar1,core:00379,False,False,assessed,ok,1.0,,True,4.0,0.0,0.0,0.0,0.0,256,17.821417162000216,,
0.3,0.5,435.92,380.69,20260823,,1.0324726330515333,1222933740,10.0,False,core,False,10.0,193,0.0836711337944312,0.6576930949280996,,7.0,14.0,True,False,one_sample,247,2460.0,0,50,50.0,0.3137254901960784,5.0,ok,1.1450786729359848,54,-0.10623839707548277,1.6026979128295975,True,,True,0.0,0.0,0.0,,True,4.0,1.0,0.016194331983805668,1.1450786729359848,4.0,4.0,50,ar1,core:00380,False,False,assessed,ok,1.0,,True,4.0,0.0,0.0,0.0,0.0,256,20.136935555000036,,
0.94,0.5,214.78,365.85,20260823,,0.9088242719078431,1739692268,9.0,False,core,False,6.0,216,0.14668386877292075,0.6496813237920396,,8.0,13.0,True,False,one_sample,248,2470.0,0,50,50.0,0.9411764705882353,48.501190552351844,ok,0.5870712040453737,55,0.42746243328351285,1.5198542353010613,True,,True,0.0,0.0,0.0,,True,6.0,1.0,0.024193548387096774,0.5870712040453737,6.0,6.0,50,ar1,core:00381,False,False,assessed,ok,1.0,,True,6.0,0.0,0.0,0.0,0.0,256,18.09875786900011,,
0.14,0.5,447.12,294.58000000000004,20260823,,0.9496359381144859,3549711058,8.0,False,core,False,7.0,226,0.0480986611995768,0.09580196816028952,,5.0,14.0,True,False,one_sample,249,2480.0,0,50,50.0,0.1568627450980392,11.450474472187397,ok,1.517821983841401,56,-0.4347139166791965,1.5857448554992626,True,,True,0.0,0.0,0.0,,True,3.0,1.0,0.012048192771084338,1.517821983841401,3.0,3.0,50,ar1,core:00382,False,False,assessed,ok,1.0,,True,3.0,0.0,0.0,0.0,0.0,256,16.09787425500008,,
0.98,0.5,188.16,308.76,20260823,,1.168372504843203,3427190027,9.0,False,core,False,7.0,226,0.03156154247464992,0.02770038549251319,,5.0,10.0,True,False,one_sample,248,2470.0,0,50,50.0,0.9803921568627451,5.0,ok,0.6094053633890401,57,-0.09669888250274182,1.2983648051312673,True,,True,0.0,0.0,0.0,,True,4.0,1.0,0.016129032258064516,0.6094053633890401,4.0,4.0,50,ar1,core:00383,False,False,assessed,ok,1.0,,True,4.0,0.0,0.0,0.0,0.0,256,18.006591796000066,,
0.1,0.5,576.16,351.75,20260823,,1.0214398497230721,896642244,9.0,False,core,False,7.0,202,0.12017965433138303,0.6622694227364907,,9.0,13.0,True,False,one_sample,248,2470.0,0,50,50.0,0.11764705882352941,66.42749445071715,ok,1.6379815209665955,58,0.27273321263067174,1.8127910268282188,True,,True,0.0,0.0,0.0,,True,5.0,1.0,0.020161290322580645,1.6379815209665955,5.0,5.0,50,ar1,core:00384,False,False,assessed,ok,1.0,,True,5.0,0.0,0.0,0.0,0.0,256,18.153931425999872,,
0.28,0.5,442.08,342.82,20260823,,0.957899267580603,2567538310,9.0,False,core,True,13.0,196,0.005060206481127352,0.002341363141463937,,5.0,12.0,True,False,one_sample,248,2470.0,0,50,50.0,0.29411764705882354,5.0,ok,1.2895397001341813,59,-0.3567622178610391,1.450578832009596,True,,True,0.0,0.0,0.0,,True,4.0,1.0,0.016129032258064516,1.2895397001341813,4.0,4.0,50,ar1,core:00385,False,False,assessed,ok,1.0,,True,4.0,0.0,0.0,0.0,0.0,256,18.42273584700024,,
0.36,0.5,423.18,366.56000000000006,20260823,,0.7706852845024029,1858345493,9.0,False,core,False,8.0,186,0.09878326889054606,0.620654735206024,,10.0,17.0,True,False,one_sample,248,2470.0,0,50,50.0,0.37254901960784315,5.0,ok,1.1544631165429942,60,0.20031910665329689,1.5759366897071438,True,,True,0.0,0.0,0.0,,True,3.0,0.95,0.012096774193548387,1.1544631165429942,3.0,3.0,50,ar1,core:00386,False,False,assessed,ok,1.0,,True,3.0,0.0,0.0,0.0,0.0,256,18.65899624099984,,
0.38,0.5,366.72,324.22,20260823,,0.8158105131836014,3681465892,8.0,False,core,False,10.0,220,0.03354308917152372,0.12460809176192889,,4.0,17.0,True,False,one_sample,249,2480.0,0,50,50.0,0.39215686274509803,14.653645693447675,ok,1.131083831965949,61,-0.10213951946489097,1.8338804086713094,True,,True,0.0,0.0,0.0,,True,5.0,1.0,0.020080321285140562,1.131083831965949,5.0,5.0,50,ar1,core:00387,False,False,assessed,ok,1.0,,True,5.0,0.0,0.0,0.0,0.0,256,16.5376001970003,,
,,,,20260823,,,2912921711,13.0,True,core,False,11.0,206,0.012602363798838223,0.01384105198189478,,5.0,11.0,True,False,one_sample,0,,0,50,,,,,,62,0.10854293029757624,1.5435538822105834,False,,True,,,,,True,,,,,,,50,ar1,core:00388,True,False,not_assessed_detector_failure,embedding_not_saturated,1.0,,False,,,,,,256,0.9818950710000536,,
0.44,0.5,378.68,352.5,20260823,,0.8244709771399875,1476541312,8.0,False,core,True,13.0,124,0.04685029257081025,0.6148928978498069,,11.0,19.0,True,False,one_sample,249,2480.0,0,50,50.0,0.45098039215686275,219.8620036347313,ok,1.0742695035460994,63,0.4785305463248679,1.8484253689332195,True,,True,0.0,0.0,0.0,,True,3.0,0.995,0.012048192771084338,1.0742695035460994,3.0,3.0,50,ar1,core:00389,False,False,assessed,ok,1.0,,True,3.0,0.0,0.0,0.0,0.0,256,16.805695944000036,,
0.04,0.5,604.76,313.35,20260823,,0.7802216843502001,1230997978,8.0,False,core,False,10.0,193,0.07820929489699595,0.642684484461904,,7.0,17.0,True,False,one_sample,249,2480.0,0,50,50.0,0.058823529411764705,9.953916804811117,ok,1.9299824477421412,64,-0.7838604440393756,1.6811563876067495,True,,True,1.0,0.905,0.004016064257028112,,True,4.0,1.0,0.01606425702811245,1.9299824477421412,4.0,4.0,50,ar1,core:00390,False,False,assessed,ok,1.0,,True,4.0,0.0,0.0,0.0,0.0,256,15.296635893999792,,
0.12,0.5,380.34000000000003,233.34,20260823,,0.7127200069392539,1210161274,6.0,False,core,False,11.0,196,0.06368758927776452,0.5211980738172279,,6.0,12.0,True,False,one_sample,251,2500.0,0,50,50.0,0.13725490196078433,137.14285044403437,ok,1.6299820005142711,65,-0.2754913176151474,1.8347089786849993,True,,True,0.0,0.0,0.0,,True,2.0,0.885,0.00796812749003984,1.6299820005142711,2.0,2.0,50,ar1,core:00391,False,False,assessed,ok,1.0,,True,2.0,0.0,0.0,0.0,0.0,256,14.685137347999898,,
0.46,0.5,404.68,375.55,20260823,,1.1321276118972654,1542234517,10.0,False,core,False,8.0,200,0.13062077701668684,0.6729486555138502,,8.0,9.0,True,False,one_sample,247,2460.0,0,50,50.0,0.47058823529411764,5.0,ok,1.0775662361869258,66,-0.3385861773223259,1.5037942265036417,True,,True,0.0,0.0,0.0,,True,2.0,1.0,0.008097165991902834,1.0775662361869258,2.0,2.0,50,ar1,core:00392,False,False,assessed,ok,1.0,,True,2.0,0.0,0.0,0.0,0.0,256,19.49903154499998,,
0.5,0.5,384.82,384.44,20260823,,0.7839316171750473,1291809958,9.0,False,core,False,11.0,176,0.08305353961946678,0.7003200449821985,,8.0,14.0,True,False,one_sample,248,2470.0,0,50,50.0,0.5098039215686274,5.0,ok,1.0009884507335345,67,0.3469870217359765,1.6873813079529658,True,,True,0.0,0.0,0.0,,True,3.0,0.965,0.012096774193548387,1.0009884507335345,3.0,3.0,50,ar1,core:00393,False,False,assessed,ok,1.0,,True,3.0,0.0,0.0,0.0,0.0,256,18.294936207999854,,
0.02,0.5,962.1,380.87,20260823,,0.772324659112045,2992376831,10.0,False,core,False,10.0,175,0.12271963415829902,0.7928427195825883,,9.0,12.0,True,False,one_sample,247,2460.0,0,50,50.0,0.0392156862745098,5.0,ok,2.5260587602068947,68,-0.42278221688949275,1.533709920562042,True,,True,1.0,0.935,0.004048582995951417,,True,3.0,0.96,0.012145748987854251,2.5260587602068947,3.0,3.0,50,ar1,core:00394,False,False,assessed,ok,1.0,,True,3.0,0.0,0.0,0.0,0.0,256,21.09399471000006,,
0.76,0.5,281.32,363.8,20260823,,0.7918515558721299,1565631669,8.0,False,core,False,7.0,214,0.12619215037246376,0.5628716438502233,,7.0,15.0,True,False,one_sample,249,2480.0,0,50,50.0,0.7647058823529411,55.15627227538276,ok,0.7732820230896096,69,-0.06992613146802076,1.7183346333850282,True,,True,0.0,0.0,0.0,,True,5.0,1.0,0.020080321285140562,0.7732820230896096,5.0,5.0,50,ar1,core:00395,False,False,assessed,ok,1.0,,True,5.0,0.0,0.0,0.0,0.0,256,16.379489270999784,,
0.24,0.5,345.6,264.28999999999996,20260823,,0.8675364800632223,2467370889,7.0,False,core,False,8.0,214,0.1017351727634995,0.42522099569228333,,6.0,12.0,True,False,one_sample,250,2490.0,0,50,50.0,0.2549019607843137,100.06983515839332,ok,1.3076544704680468,70,0.46428600087657823,1.3921611426028278,True,,True,0.0,0.0,0.0,,True,4.0,0.99,0.016,1.3076544704680468,4.0,4.0,50,ar1,core:00396,False,False,assessed,ok,1.0,,True,4.0,0.0,0.0,0.0,0.0,256,12.645899237999856,,
0.42,0.5,307.22,256.03,20260823,,0.6776744406263139,1233180134,6.0,False,core,False,6.0,236,0.07481885780872007,0.19835645944689073,,4.0,17.0,True,False,one_sample,251,2500.0,0,50,50.0,0.43137254901960786,142.82799769877474,ok,1.1999375073233607,71,-0.07918223214654668,1.6849181754851246,True,,True,0.0,0.0,0.0,,True,4.0,1.0,0.01593625498007968,1.1999375073233607,4.0,3.0,50,ar1,core:00397,False,False,assessed,ok,1.0,,True,4.0,0.0,0.0,0.0,0.0,256,11.712023381000108,,
0.18,0.5,612.1800000000001,388.51,20260823,,1.0755905846932903,2343120757,10.0,False,core,False,8.0,221,0.02870330556785468,0.06418582721438792,,5.0,12.0,True,False,one_sample,247,2460.0,0,50,50.0,0.19607843137254902,5.0,ok,1.5757123368767858,72,-0.12870166095819704,1.7043935841549267,True,,True,0.0,0.0,0.0,,True,4.0,1.0,0.016194331983805668,1.5757123368767858,4.0,4.0,50,ar1,core:00398,False,False,assessed,ok,1.0,,True,4.0,0.0,0.0,0.0,0.0,256,19.770863542999905,,
0.2,0.5,466.54,364.48,20260823,,1.0962853834096942,2470007850,9.0,False,core,False,11.0,196,0.06227920280993494,0.4751137969228201,,6.0,13.0,True,False,one_sample,248,2470.0,0,50,50.0,0.21568627450980393,94.39031379481716,ok,1.2800153643546972,73,0.02568102407091853,1.5961452730591874,True,,True,0.0,0.0,0.0,,True,5.0,1.0,0.020161290322580645,1.2800153643546972,5.0,5.0,50,ar1,core:00399,False,False,assessed,ok,1.0,,True,5.0,0.0,0.0,0.0,0.0,256,17.468722022999827,,
0.82,0.5,249.42,347.3,20260823,,0.8520238390596734,1560503628,9.0,False,core,False,10.0,220,0.03534266815276137,0.16449406098469432,,4.0,14.0,True,False,one_sample,248,2470.0,0,50,50.0,0.8235294117647058,18.393053385997312,ok,0.7181687302044342,74,0.11447339069153531,1.8221522757388828,True,,True,0.0,0.0,0.0,,True,3.0,0.985,0.012096774193548387,0.7181687302044342,3.0,3.0,50,ar1,core:00400,False,False,assessed,ok,1.0,,True,3.0,0.0,0.0,0.0,0.0,256,18.358116791000157,,
0.54,0.5,320.46000000000004,337.8,20260823,,0.8598610165184973,4192918366,8.0,False,core,False,7.0,202,0.1349295284368627,0.6954373335574584,,9.0,11.0,True,False,one_sample,249,2480.0,0,50,50.0,0.5490196078431373,5.0,ok,0.9486678507992896,75,-0.30854815190979235,1.451121182039248,True,,True,0.0,0.0,0.0,,True,4.0,1.0,0.01606425702811245,0.9486678507992896,4.0,4.0,50,ar1,core:00401,False,False,assessed,ok,1.0,,True,4.0,0.0,0.0,0.0,0.0,256,16.036227275999863,,
,,,,20260823,,,1106743041,13.0,True,core,False,9.0,192,0.10185678214292673,0.6959316258942938,,8.0,13.0,True,False,one_sample,0,,0,50,,,,,,76,0.12050146557299209,1.6903346474119356,False,,True,,,,,True,,,,,,,50,ar1,core:00402,True,False,not_assessed_detector_failure,embedding_not_saturated,1.0,,False,,,,,,256,1.2713200719999804,,
0.02,0.5,498.32,256.78,20260823,,0.8031049437982103,2709030907,7.0,False,core,False,9.0,216,0.02660861574866549,0.05722454848387326,,5.0,13.0,True,False,one_sample,250,2490.0,0,50,50.0,0.0392156862745098,5.0,ok,1.9406495833008803,77,-0.11151635444936234,1.5020783674126381,True,,True,1.0,0.705,0.004,,True,4.0,1.0,0.016,1.9406495833008803,4.0,4.0,50,ar1,core:00403,False,False,assessed,ok,1.0,,True,4.0,0.0,0.0,0.0,0.0,256,15.308978520999972,,
,,,,20260823,,,1102944492,13.0,True,core,False,7.0,232,0.06250776040514522,0.14190033498135124,,4.0,10.0,True,False,one_sample,0,,0,50,,,,,,78,0.13612298133445166,1.3802679449449375,False,,True,,,,,True,,,,,,,50,ar1,core:00404,True,False,not_assessed_detector_failure,embedding_not_saturated,1.0,,False,,,,,,256,1.6014808650002124,,
0.8,0.5,312.5,388.88,20260823,,0.7705735568498033,2907084149,9.0,False,core,False,9.0,176,0.10998530014675986,0.8043935962237116,,10.0,15.0,True,False,one_sample,248,2470.0,0,50,50.0,0.803921568627451,5.471967038189663,ok,0.803589796338202,79,0.6138669117510732,2.240072459720712,True,,True,0.0,0.0,0.0,,True,4.0,0.985,0.016129032258064516,0.803589796338202,4.0,4.0,50,ar1,core:00405,False,False,assessed,ok,1.0,,True,4.0,0.0,0.0,0.0,0.0,256,17.32721812400041,,
0.0,0.5,1179.94,387.73,20260823,,1.074134460250561,2324160599,10.0,False,core,True,13.0,196,0.01223765328828942,0.013723617982491998,,5.0,13.0,True,False,one_sample,247,2460.0,0,50,50.0,0.0196078431372549,5.0,ok,3.0432001650633174,80,0.2619099528654923,1.5420082631977168,True,,True,1.0,0.965,0.004048582995951417,,True,3.0,1.0,0.012145748987854251,3.0432001650633174,3.0,3.0,50,ar1,core:00406,False,False,assessed,ok,1.0,,True,3.0,0.0,0.0,0.0,0.0,256,19.20919968499993,,
0.86,0.5,297.1,433.87,20260823,,1.1205625068115233,1645432611,11.0,False,core,False,11.0,216,0.02969126186918721,0.11482072935184551,,4.0,15.0,True,False,one_sample,246,2450.0,0,50,50.0,0.8627450980392157,8.920939940516291,ok,0.6847673266185724,81,0.26593849085524585,1.6185869325239997,True,,True,0.0,0.0,0.0,,True,5.0,1.0,0.02032520325203252,0.6847673266185724,5.0,5.0,50,ar1,core:00407,False,False,assessed,ok,1.0,,True,5.0,0.0,0.0,0.0,0.0,256,23.35805951500015,,
,,,,20260823,,,3273031687,13.0,True,core,False,6.0,216,0.12470577701743497,0.5911194585144204,,8.0,16.0,True,False,one_sample,0,,0,50,,,,,,82,-0.439112313090568,1.5822984872609083,False,,True,,,,,True,,,,,,,50,ar1,core:00408,True,False,not_assessed_detector_failure,embedding_not_saturated,1.0,,False,,,,,,256,0.8139689330000692,,
0.82,0.5,208.68,334.71000000000004,20260823,,0.8945021525954743,1826258710,8.0,False,core,False,9.0,208,0.08356737239106606,0.48656982645726987,,6.0,10.0,True,False,one_sample,249,2480.0,0,50,50.0,0.8235294117647058,53.99321976635983,ok,0.6234650891816796,83,-0.13475570701396813,1.4497329084751869,True,,True,0.0,0.0,0.0,,True,4.0,1.0,0.01606425702811245,0.6234650891816796,4.0,4.0,50,ar1,core:00409,False,False,assessed,ok,1.0,,True,4.0,0.0,0.0,0.0,0.0,256,16.82890860200041,,
0.1,0.5,612.26,329.04999999999995,20260823,,1.1336676935321086,4223904879,9.0,False,core,False,8.0,228,0.050194000586931374,0.17265918284304127,,4.0,11.0,True,False,one_sample,248,2470.0,0,50,50.0,0.11764705882352941,137.767585784442,ok,1.8606898647621943,84,-0.14730489878715378,1.4188983380184148,True,,True,0.0,0.0,0.0,,True,5.0,1.0,0.020161290322580645,1.8606898647621943,5.0,5.0,50,ar1,core:00410,False,False,assessed,ok,1.0,,True,5.0,0.0,0.0,0.0,0.0,256,17.373319489000096,,
0.84,0.5,210.56,312.28,20260823,,0.9511046234913805,363621230,8.0,False,core,True,13.0,136,0.08210062382260291,0.7206136613786227,,10.0,14.0,True,False,one_sample,249,2480.0,0,50,50.0,0.8431372549019608,53.18729463819451,ok,0.6742666837453568,85,0.1112276163707821,1.5736318000871599,True,,True,0.0,0.0,0.0,,True,4.0,1.0,0.01606425702811245,0.6742666837453568,4.0,4.0,50,ar1,core:00411,False,False,assessed,ok,1.0,,True,4.0,0.0,0.0,0.0,0.0,256,16.553141940000387,,
,,,,20260823,,,4228277204,13.0,True,core,False,9.0,200,0.10177957893799555,0.609012885090886,,7.0,11.0,True,False,one_sample,0,,0,50,,,,,,86,0.014419430654879953,1.4117080981095018,False,,True,,,,,True,,,,,,,50,ar1,core:00412,True,False,not_assessed_detector_failure,embedding_not_saturated,1.0,,False,,,,,,256,1.4987584410000636,,
0.04,0.5,692.1,344.84000000000003,20260823,,0.9496701234598315,2168737499,9.0,False,core,True,13.0,184,0.050045654053314965,0.3967441556971437,,6.0,14.0,True,False,one_sample,248,2470.0,0,50,50.0,0.058823529411764705,70.85149685213023,ok,2.007017747361095,87,0.19577603738245508,1.7553430873488556,True,,True,1.0,0.865,0.004032258064516129,,True,3.0,1.0,0.012096774193548387,2.007017747361095,3.0,3.0,50,ar1,core:00413,False,False,assessed,ok,1.0,,True,3.0,0.0,0.0,0.0,0.0,256,17.492641315000128,,
0.72,0.5,260.58,296.57,20260823,,0.7321794381678827,2270098133,7.0,False,core,True,13.0,160,0.07067938515648856,0.6849510615825796,,8.0,13.0,True,False,one_sample,250,2490.0,0,50,50.0,0.7254901960784313,83.61734313396691,ok,0.8786458508952355,88,0.8763740987196073,1.652954480523575,True,,True,0.0,0.0,0.0,,True,5.0,1.0,0.02,0.8786458508952355,5.0,5.0,50,ar1,core:00414,False,False,assessed,ok,1.0,,True,5.0,0.0,0.0,0.0,0.0,256,14.852495054999963,,
0.84,0.5,270.14,367.78999999999996,20260823,,1.0113391455227743,3946099520,10.0,False,core,False,11.0,186,0.07228268320641154,0.5510781937724217,,7.0,13.0,True,False,one_sample,247,2460.0,0,50,50.0,0.8431372549019608,28.301658069492635,ok,0.7344952282552544,89,0.39450203264108435,1.774198407413739,True,,True,0.0,0.0,0.0,,True,3.0,1.0,0.012145748987854251,0.7344952282552544,3.0,3.0,50,ar1,core:00415,False,False,assessed,ok,1.0,,True,3.0,0.0,0.0,0.0,0.0,256,19.80530963000001,,
0.24,0.5,467.86,365.72,20260823,,0.9791899155446769,712207114,9.0,False,core,False,10.0,193,0.08308419769945777,0.5644210224614503,,7.0,11.0,True,False,one_sample,248,2470.0,0,50,50.0,0.2549019607843137,5.0,ok,1.2792846986765831,90,-0.43522257383892005,1.4861116831430516,True,,True,0.0,0.0,0.0,,True,3.0,1.0,0.012096774193548387,1.2792846986765831,3.0,3.0,50,ar1,core:00416,False,False,assessed,ok,1.0,,True,3.0,0.0,0.0,0.0,0.0,256,16.987427930000194,,
0.38,0.5,358.04,305.22,20260823,,1.1260276648804224,1861748783,9.0,False,core,False,10.0,220,0.04213394009511918,0.1306914526538474,,4.0,11.0,True,False,one_sample,248,2470.0,0,50,50.0,0.39215686274509803,20.041394548262055,ok,1.1730555009501342,91,0.5096208346290344,1.280586076665931,True,,True,0.0,0.0,0.0,,True,4.0,1.0,0.016129032258064516,1.1730555009501342,4.0,4.0,50,ar1,core:00417,False,False,assessed,ok,1.0,,True,4.0,0.0,0.0,0.0,0.0,256,17.98328093500004,,
0.56,0.5,242.52,266.53999999999996,20260823,,0.8438061263329513,2148565525,7.0,False,core,False,9.0,216,0.018308647341389022,0.01919349140495319,,5.0,14.0,True,False,one_sample,250,2490.0,0,50,50.0,0.5686274509803921,149.89131188321036,ok,0.9098821940421702,92,0.08083186903109556,1.4815535672358964,True,,True,0.0,0.0,0.0,,True,4.0,1.0,0.016,0.9098821940421702,4.0,4.0,50,ar1,core:00418,False,False,assessed,ok,1.0,,True,4.0,0.0,0.0,0.0,0.0,256,13.239989768000214,,
0.46,0.5,349.48,326.89,20260823,,0.75286408830886,3735173547,8.0,False,core,True,13.0,136,0.07922039546230054,0.7367906926226016,,10.0,15.0,True,False,one_sample,249,2480.0,0,50,50.0,0.47058823529411764,5.0,ok,1.0691058154119124,93,0.1527050800120037,1.726637501066955,True,,True,0.0,0.0,0.0,,True,5.0,1.0,0.020080321285140562,1.0691058154119124,5.0,5.0,50,ar1,core:00419,False,False,assessed,ok,1.0,,True,5.0,0.0,0.0,0.0,0.0,256,16.20383891499978,,
,,,,20260823,,,1325113300,13.0,True,core,False,10.0,211,0.019604668481255322,0.03166894425992639,,5.0,13.0,True,False,one_sample,0,,0,50,,,,,,94,0.38182261007299945,1.5689164248691732,False,,True,,,,,True,,,,,,,50,ar1,core:00420,True,False,not_assessed_detector_failure,embedding_not_saturated,1.0,,False,,,,,,256,1.620659952999631,,
0.5,0.5,346.88,347.15,20260823,,0.8980111881421061,2580662158,8.0,False,core,True,13.0,172,0.06387380439908615,0.6934463018534609,,7.0,16.0,True,False,one_sample,249,2480.0,0,50,50.0,0.5098039215686274,13.257024613635208,ok,0.999222238225551,95,0.22351510953278003,1.7879375866540004,True,,True,0.0,0.0,0.0,,True,2.0,0.89,0.008032128514056224,0.999222238225551,2.0,2.0,50,ar1,core:00421,False,False,assessed,ok,1.0,,True,2.0,0.0,0.0,0.0,0.0,256,14.53644005399974,,
0.16,0.5,334.32,269.67,20260823,,0.8723261235922476,3623887173,7.0,False,core,False,10.0,193,0.0716874874075709,0.5892564173678339,,7.0,14.0,True,False,one_sample,250,2490.0,0,50,50.0,0.17647058823529413,105.96155998385014,ok,1.2397374568917565,96,-0.19685122340417419,1.5848443781562782,True,,True,0.0,0.0,0.0,,True,4.0,1.0,0.016,1.2397374568917565,4.0,4.0,50,ar1,core:00422,False,False,assessed,ok,1.0,,True,4.0,0.0,0.0,0.0,0.0,256,15.478820897000332,,
0.78,0.5,238.04000000000002,320.78,20260823,,0.6987732652833968,1085617634,7.0,False,core,False,9.0,216,0.021875948042490344,0.0287383791483804,,5.0,12.0,True,False,one_sample,250,2490.0,0,50,50.0,0.7843137254901961,136.3343943370598,ok,0.7420662136043396,97,-0.15123278977942772,1.568471763102531,True,,True,0.0,0.0,0.0,,True,2.0,0.93,0.008,0.7420662136043396,2.0,2.0,50,ar1,core:00423,False,False,assessed,ok,1.0,,True,2.0,0.0,0.0,0.0,0.0,256,15.044229825000002,,
0.18,0.5,474.32,304.37,20260823,,0.759834503753824,575623270,8.0,False,core,False,8.0,207,0.09328648610618728,0.6705031177651417,,7.0,17.0,True,False,one_sample,249,2480.0,0,50,50.0,0.19607843137254902,5.0,ok,1.5583664618720636,98,-0.17325422567980872,1.6275250159815202,True,,True,0.0,0.0,0.0,,True,4.0,0.995,0.01606425702811245,1.5583664618720636,4.0,4.0,50,ar1,core:00424,False,False,assessed,ok,1.0,,True,4.0,0.0,0.0,0.0,0.0,256,16.67074505699975,,
0.26,0.5,423.84000000000003,344.87,20260823,,1.1228449446952151,4023010756,9.0,False,core,False,9.0,200,0.09668914354769169,0.6403608889932231,,7.0,13.0,True,False,one_sample,248,2470.0,0,50,50.0,0.27450980392156865,70.38884557135276,ok,1.2289848348653116,99,-0.011880579300377364,1.7189885813277057,True,,True,0.0,0.0,0.0,,True,5.0,1.0,0.020161290322580645,1.2289848348653116,5.0,5.0,50,ar1,core:00425,False,False,assessed,ok,1.0,,True,5.0,0.0,0.0,0.0,0.0,256,17.8549451519998,,
0.0,0.5,273.4,87.26999999999998,20260823,,0.22245884412531014,4088714788,6.0,False,core,False,6.0,231,0.007534804012476815,0.03400204722558031,,5.0,7.0,True,False,one_sample,251,2409.0,0,50,50.0,0.0196078431372549,35.01280103445027,ok,3.1328062335281315,0,0.0009392021447077268,0.7066815889449608,True,,True,2.0,0.0,0.00796812749003984,,True,2.0,0.0,0.00796812749003984,3.1328062335281315,2.0,1.0,50,sinusoid,core:00426,False,False,assessed,ok,1.0,,True,2.0,0.0,0.0,0.0,0.0,256,12.716155913999955,,
0.02,0.5,194.8,90.45000000000002,20260823,,0.2236369730880834,119048771,6.0,False,core,False,6.0,231,0.009693480659038323,0.04085201571213892,,5.0,7.0,True,False,one_sample,251,2297.0,0,50,50.0,0.0392156862745098,20.13448321213596,ok,2.153676064123825,1,0.0019275994727322512,0.7077567273718053,True,,True,2.0,0.0,0.00796812749003984,,True,2.0,0.0,0.00796812749003984,2.153676064123825,2.0,1.0,50,sinusoid,core:00427,False,False,assessed,ok,1.0,,True,2.0,0.0,0.0,0.0,0.0,256,14.475987642000291,,
1.0,0.5,2.76,104.54,20260823,,0.2412820625691381,2395865321,7.0,False,core,False,6.0,231,0.005113483612729854,0.006147700451910598,,5.0,7.0,True,False,one_sample,250,1669.0,0,50,50.0,1.0,12.979684521770677,ok,0.026401377463171987,2,-0.001957629685381372,0.7078009624365293,True,,True,0.0,0.0,0.0,,True,1.0,0.0,0.004,0.026401377463171987,1.0,1.0,50,sinusoid,core:00428,False,False,assessed,ok,1.0,,True,1.0,0.0,0.0,0.0,0.0,256,12.92052552899986,,
0.0,0.5,234.33999999999997,87.35000000000002,20260823,,0.22258554903950284,3860230488,6.0,False,core,False,5.0,236,0.012059296818428723,0.04288809388663373,,5.0,7.0,True,False,one_sample,251,2420.0,0,50,50.0,0.0196078431372549,37.95619075679646,ok,2.682770463651974,3,0.00014679213549797197,0.7063547428086344,True,,True,2.0,0.0,0.00796812749003984,,True,2.0,0.0,0.00796812749003984,2.682770463651974,2.0,1.0,50,sinusoid,core:00429,False,False,assessed,ok,1.0,,True,2.0,0.0,0.0,0.0,0.0,256,12.237349855000048,,
0.0,0.5,263.3,88.94,20260823,,0.22160746863205183,589583586,6.0,False,core,False,7.0,226,0.004143846910122935,0.006327624031292833,,5.0,7.0,True,False,one_sample,251,2470.0,0,50,50.0,0.0196078431372549,29.42602492887906,ok,2.9604227569147743,4,0.001446685867160142,0.7071412062646352,True,,True,2.0,0.0,0.00796812749003984,,True,2.0,0.0,0.00796812749003984,2.9604227569147743,2.0,1.0,50,sinusoid,core:00430,False,False,assessed,ok,1.0,,True,2.0,0.0,0.0,0.0,0.0,256,14.391005598999982,,
1.0,0.5,3.3,99.86,20260823,,0.24129200014949662,673356614,7.0,False,core,False,5.0,236,0.01549138548295224,0.045924873326668614,,5.0,7.0,True,False,one_sample,250,1919.0,0,50,50.0,1.0,14.208064778558018,ok,0.03304626477067895,5,-0.0014453418793017349,0.7071397313010229,True,,True,0.0,0.0,0.0,,True,1.0,0.0,0.004,0.03304626477067895,1.0,1.0,50,sinusoid,core:00431,False,False,assessed,ok,1.0,,True,1.0,0.0,0.0,0.0,0.0,256,13.397015256000032,,
1.0,0.5,1.6,99.60999999999999,20260823,,0.24106168251623344,1540414723,7.0,False,core,False,6.0,231,0.013743194997975994,0.03775505324301831,,5.0,7.0,True,False,one_sample,250,1679.0,0,50,50.0,1.0,10.49787156623827,ok,0.01606264431282,6,-0.001379919749640546,0.7070695875724776,True,,True,0.0,0.0,0.0,,True,1.0,0.0,0.004,0.01606264431282,1.0,1.0,50,sinusoid,core:00432,False,False,assessed,ok,1.0,,True,1.0,0.0,0.0,0.0,0.0,256,15.31583125799989,,
0.0,0.5,231.14,96.83,20260823,,0.22220707988297905,1557694084,6.0,False,core,False,6.0,231,0.010879058206686427,0.054105019405223165,,5.0,7.0,True,False,one_sample,251,2379.0,0,50,50.0,0.0196078431372549,29.7356759705496,ok,2.3870701228957967,7,-0.0017388224747132315,0.7074942588370389,True,,True,2.0,0.0,0.00796812749003984,,True,2.0,0.0,0.00796812749003984,2.3870701228957967,2.0,0.0,50,sinusoid,core:00433,False,False,assessed,ok,1.0,,True,2.0,0.0,0.0,0.0,0.0,256,14.35707549000017,,
0.0,0.5,256.66,87.35,20260823,,0.22186890642439128,1677996225,6.0,False,core,False,7.0,226,0.011421077639026238,0.07731756434605241,,5.0,7.0,True,False,one_sample,251,2390.0,0,50,50.0,0.0196078431372549,36.906364988181615,ok,2.9382942186605616,8,0.0004545810090038054,0.7064250567856964,True,,True,2.0,0.0,0.00796812749003984,,True,2.0,0.0,0.00796812749003984,2.9382942186605616,2.0,1.0,50,sinusoid,core:00434,False,False,assessed,ok,1.0,,True,2.0,0.0,0.0,0.0,0.0,256,11.656835908000176,,
0.0,0.5,211.01999999999998,89.58,20260823,,0.22175441957358558,1144221897,6.0,False,core,False,4.0,241,0.016577895537971083,0.09178933533026468,,5.0,7.0,True,False,one_sample,251,2339.0,0,50,50.0,0.0196078431372549,29.689638014332274,ok,2.3556597454789014,9,-0.0004498685578668664,0.7064234377559971,True,,True,2.0,0.0,0.00796812749003984,,True,2.0,0.0,0.00796812749003984,2.3556597454789014,2.0,2.0,50,sinusoid,core:00435,False,False,assessed,ok,1.0,,True,2.0,0.0,0.0,0.0,0.0,256,14.652006797000013,,
0.0,0.5,187.44,79.95,20260823,,0.20213163170783965,1095294952,5.0,False,core,False,4.0,241,0.015128300951448216,0.0696867277369293,,5.0,7.0,True,False,one_sample,252,2504.0,0,50,50.0,0.0196078431372549,139.699860256711,ok,2.3444652908067543,10,0.001379191517377941,0.7070688250258507,True,,True,2.0,0.0,0.007936507936507936,,True,2.0,0.0,0.007936507936507936,2.3444652908067543,2.0,1.0,50,sinusoid,core:00436,False,False,assessed,ok,1.0,,True,2.0,0.0,0.0,0.0,0.0,256,12.317869069000153,,
0.0,0.5,239.26,88.78,20260823,,0.2212574352045171,1620144116,6.0,False,core,False,7.0,220,0.0415382233705803,0.4247529670233282,,6.0,7.0,True,False,one_sample,251,2457.0,0,50,50.0,0.0196078431372549,25.87584519455882,ok,2.694976346023879,11,-0.00197687700313752,0.7078296722086447,True,,True,2.0,0.0,0.00796812749003984,,True,2.0,0.0,0.00796812749003984,2.694976346023879,2.0,1.0,50,sinusoid,core:00437,False,False,assessed,ok,1.0,,True,2.0,0.0,0.0,0.0,0.0,256,11.09884166899974,,
0.0,0.5,260.02,88.52000000000001,20260823,,0.2219612508769872,2831439768,6.0,False,core,False,6.0,231,0.009303218747342896,0.0396373979851351,,5.0,7.0,True,False,one_sample,251,2388.0,0,50,50.0,0.0196078431372549,29.453033720839123,ok,2.9374152733845453,12,0.0018124231474183211,0.7075933872947052,True,,True,2.0,0.0,0.00796812749003984,,True,2.0,0.0,0.00796812749003984,2.9374152733845453,2.0,1.0,50,sinusoid,core:00438,False,False,assessed,ok,1.0,,True,2.0,0.0,0.0,0.0,0.0,256,14.510949346000416,,
1.0,0.5,1.96,106.64,20260823,,0.24131308751240696,2900428322,7.0,False,core,False,5.0,236,0.0048603073458012335,0.011196878754469841,,5.0,7.0,True,False,one_sample,250,1530.0,0,50,50.0,1.0,11.297667513690637,ok,0.01837959489872468,13,0.0004961744915022506,0.7064400782619629,True,,True,0.0,0.0,0.0,,True,1.0,0.0,0.004,0.01837959489872468,1.0,1.0,50,sinusoid,core:00439,False,False,assessed,ok,1.0,,True,1.0,0.0,0.0,0.0,0.0,256,14.876470372999393,,
0.74,0.5,51.53999999999999,77.2,20260823,,0.15814647891777323,2530164483,3.0,False,core,False,6.0,231,0.007133358316783065,0.022600210885104333,,5.0,7.0,True,False,one_sample,254,2488.0,0,50,50.0,0.7450980392156863,150.91904077990682,ok,0.6676165803108807,14,-0.0016820902319036046,0.707420644769123,True,,True,0.0,0.0,0.0,,True,2.0,0.075,0.007874015748031496,0.6676165803108807,2.0,1.0,50,sinusoid,core:00440,False,False,assessed,ok,1.0,,True,2.0,0.0,0.0,0.0,0.0,256,8.078246263999972,,
0.0,0.5,250.86,86.73,20260823,,0.22380242661271002,1479027582,6.0,False,core,False,4.0,241,0.008237428869157853,0.019340138721931632,,5.0,7.0,True,False,one_sample,251,2400.0,0,50,50.0,0.0196078431372549,24.317802123784002,ok,2.8924247665167764,15,0.0013135310742613052,0.7070017217781003,True,,True,2.0,0.0,0.00796812749003984,,True,2.0,0.0,0.00796812749003984,2.8924247665167764,2.0,1.0,50,sinusoid,core:00441,False,False,assessed,ok,1.0,,True,2.0,0.0,0.0,0.0,0.0,256,14.172278203000133,,
0.0,0.5,231.7,95.62,20260823,,0.22348363938526372,1910522289,6.0,False,core,False,6.0,231,0.008833475267545358,0.023002468715592528,,5.0,7.0,True,False,one_sample,251,2260.0,0,50,50.0,0.0196078431372549,36.101429714737144,ok,2.4231332357247437,16,0.0016798532270814875,0.707417791980005,True,,True,2.0,0.0,0.00796812749003984,,True,2.0,0.0,0.00796812749003984,2.4231332357247437,2.0,1.0,50,sinusoid,core:00442,False,False,assessed,ok,1.0,,True,2.0,0.0,0.0,0.0,0.0,256,14.35880297299991,,
1.0,0.5,0.0,110.91999999999996,20260823,,0.273889375541195,2260813531,9.0,False,core,False,5.0,236,0.008419987736864075,0.030975322410844663,,5.0,7.0,True,False,one_sample,248,730.0,0,50,50.0,1.0,5.0,ok,0.0,17,-0.0016598572217455983,0.7073924597714556,True,,True,0.0,0.0,0.0,,True,1.0,0.0,0.004032258064516129,0.0,1.0,0.0,50,sinusoid,core:00443,False,False,assessed,ok,1.0,,True,0.0,1.0,0.0,0.0,0.0,256,17.683332429000075,,
1.0,0.5,0.84,96.75999999999999,20260823,,0.24167386816123473,3012431818,7.0,False,core,False,6.0,231,0.0058950998897409745,0.011082599863071696,,5.0,7.0,True,False,one_sample,250,1539.0,0,50,50.0,1.0,12.745583209949116,ok,0.0086812732534105,18,-0.0006313295562820915,0.7064979606593988,True,,True,0.0,0.0,0.0,,True,1.0,0.0,0.004,0.0086812732534105,1.0,0.0,50,sinusoid,core:00444,False,False,assessed,ok,1.0,,True,1.0,0.0,0.0,0.0,0.0,256,15.167707200000223,,
0.0,0.5,268.72,89.52000000000001,20260823,,0.2206737827335939,1568843487,6.0,False,core,False,4.0,241,0.010798847942496229,0.014761339409450791,,5.0,7.0,True,False,one_sample,251,2390.0,0,50,50.0,0.0196078431372549,40.294702902908995,ok,3.001787310098302,19,0.0005691256955052959,0.7064695977799247,True,,True,2.0,0.0,0.00796812749003984,,True,2.0,0.0,0.00796812749003984,3.001787310098302,2.0,2.0,50,sinusoid,core:00445,False,False,assessed,ok,1.0,,True,2.0,0.0,0.0,0.0,0.0,256,12.760082327999953,,
0.0,0.5,255.62,92.4,20260823,,0.22378827079944852,4142027523,6.0,False,core,False,6.0,231,0.008712841782008136,0.019939720910493564,,5.0,7.0,True,False,one_sample,251,2459.0,0,50,50.0,0.0196078431372549,33.73117158428823,ok,2.7664502164502163,20,-0.0013775889666345614,0.7070671483774502,True,,True,2.0,0.0,0.00796812749003984,,True,2.0,0.0,0.00796812749003984,2.7664502164502163,2.0,1.0,50,sinusoid,core:00446,False,False,assessed,ok,1.0,,True,2.0,0.0,0.0,0.0,0.0,256,12.13321238699973,,
0.0,0.5,268.56,90.94,20260823,,0.22126645902899028,3439521254,6.0,False,core,False,7.0,220,0.029437288763332126,0.3912617591818468,,6.0,7.0,True,False,one_sample,251,2499.0,0,50,50.0,0.0196078431372549,33.072672824443686,ok,2.953155926984825,21,-0.0017995700811964596,0.7075757811402369,True,,True,2.0,0.0,0.00796812749003984,,True,2.0,0.0,0.00796812749003984,2.953155926984825,2.0,0.0,50,sinusoid,core:00447,False,False,assessed,ok,1.0,,True,2.0,0.0,0.0,0.0,0.0,256,12.188717564000399,,
0.0,0.5,245.82,82.69,20260823,,0.2212751405683858,1475474321,6.0,False,core,False,7.0,220,0.034995732290618475,0.4653335427789447,,6.0,7.0,True,False,one_sample,251,2469.0,0,50,50.0,0.0196078431372549,42.817258748737345,ok,2.97278993832386,22,0.0015723534316231594,0.7072851626103626,True,,True,2.0,0.0,0.00796812749003984,,True,2.0,0.0,0.00796812749003984,2.97278993832386,2.0,0.0,50,sinusoid,core:00448,False,False,assessed,ok,1.0,,True,2.0,0.0,0.0,0.0,0.0,256,12.406684700999904,,
1.0,0.5,1.7000000000000002,94.71000000000001,20260823,,0.24118689159275475,447166218,7.0,False,core,False,6.0,231,0.009853604616518291,0.02531353230810618,,5.0,7.0,True,False,one_sample,250,1779.0,0,50,50.0,1.0,14.838470349221026,ok,0.017949530144652098,23,-0.001597771048609812,0.7073157326788604,True,,True,0.0,0.0,0.0,,True,1.0,0.0,0.004,0.017949530144652098,1.0,1.0,50,sinusoid,core:00449,False,False,assessed,ok,1.0,,True,1.0,0.0,0.0,0.0,0.0,256,15.662132194999685,,
0.0,0.5,232.07999999999998,93.88,20260823,,0.22203270725866325,1809152374,6.0,False,core,False,6.0,231,0.010893676593102851,0.02673423080174131,,5.0,7.0,True,False,one_sample,251,2366.0,0,50,50.0,0.0196078431372549,36.04648347352482,ok,2.472092032381764,24,0.0009563828074061406,0.7066939553875341,True,,True,2.0,0.0,0.00796812749003984,,True,2.0,0.0,0.00796812749003984,2.472092032381764,2.0,1.0,50,sinusoid,core:00450,False,False,assessed,ok,1.0,,True,2.0,0.0,0.0,0.0,0.0,256,14.678829853000025,,
0.0,0.5,249.66000000000003,88.60999999999999,20260823,,0.22249994000938816,2351015354,6.0,False,core,False,4.0,241,0.013734582343100566,0.030294766863307232,,5.0,7.0,True,False,one_sample,251,2370.0,0,50,50.0,0.0196078431372549,35.943470676506685,ok,2.8175149531655577,25,0.001997922728463695,0.7078613846629709,True,,True,2.0,0.0,0.00796812749003984,,True,2.0,0.0,0.00796812749003984,2.8175149531655577,2.0,0.0,50,sinusoid,core:00451,False,False,assessed,ok,1.0,,True,2.0,0.0,0.0,0.0,0.0,256,14.342730617000598,,
0.0,0.5,215.76,80.75999999999999,20260823,,0.20152454114330073,532346263,5.0,False,core,False,8.0,214,0.016062071427387196,0.31594187046716604,,6.0,7.0,True,False,one_sample,252,2505.0,0,50,50.0,0.0196078431372549,165.711005720952,ok,2.671619613670134,26,0.0019427850008134281,0.7077790108183337,True,,True,2.0,0.0,0.007936507936507936,,True,2.0,0.0,0.007936507936507936,2.671619613670134,2.0,0.0,50,sinusoid,core:00452,False,False,assessed,ok,1.0,,True,2.0,0.0,0.0,0.0,0.0,256,12.941762991999894,,
0.0,0.5,201.8,77.38999999999999,20260823,,0.2032082758716684,2293809429,5.0,False,core,False,4.0,241,0.012796883064347545,0.053944214389199274,,5.0,7.0,True,False,one_sample,252,2506.0,0,50,50.0,0.0196078431372549,131.31582607112205,ok,2.6075720377309737,27,-0.0006894006788439669,0.7065270908732899,True,,True,2.0,0.0,0.007936507936507936,,True,2.0,0.0,0.007936507936507936,2.6075720377309737,2.0,0.0,50,sinusoid,core:00453,False,False,assessed,ok,1.0,,True,2.0,0.0,0.0,0.0,0.0,256,9.632865005000895,,
1.0,0.5,1.1400000000000001,92.98000000000002,20260823,,0.24117205114910453,816825594,7.0,False,core,False,6.0,231,0.011039528314204105,0.034413835128346615,,5.0,7.0,True,False,one_sample,250,1630.0,0,50,50.0,1.0,8.467421539112106,ok,0.012260701226070122,28,-0.0013649976883827377,0.7070540426013844,True,,True,0.0,0.0,0.0,,True,1.0,0.0,0.004,0.012260701226070122,1.0,1.0,50,sinusoid,core:00454,False,False,assessed,ok,1.0,,True,1.0,0.0,0.0,0.0,0.0,256,12.750545328999578,,
0.0,0.5,187.2,93.77,20260823,,0.2234111425547215,1156303206,6.0,False,core,False,6.0,231,0.01264910424679469,0.03792573423248857,,5.0,7.0,True,False,one_sample,251,2127.0,0,50,50.0,0.0196078431372549,24.983132091855126,ok,1.9963741068572038,29,0.0016781367425312693,0.7074156055620564,True,,True,2.0,0.0,0.00796812749003984,,True,2.0,0.0,0.00796812749003984,1.9963741068572038,2.0,0.0,50,sinusoid,core:00455,False,False,assessed,ok,1.0,,True,2.0,0.0,0.0,0.0,0.0,256,14.354198039999574,,
,,,,20260823,,,2383048620,13.0,True,core,True,13.0,184,,,insufficient divergence points,6.0,2.0,False,False,one_sample,0,,1,50,,,,,,0,0.6464104658796112,0.20946424741201883,False,,True,,,,,True,,,,,,,50,logistic_p4,core:00456,True,False,not_assessed_detector_failure,embedding_not_saturated,1.0,,False,,,,,,256,1.0258233009999458,,
,,,,20260823,,,3267146804,13.0,True,core,True,13.0,184,,,insufficient divergence points,6.0,2.0,False,False,one_sample,0,,1,50,,,,,,1,0.6464104658796112,0.20946424741201883,False,,True,,,,,True,,,,,,,50,logistic_p4,core:00457,True,False,not_assessed_detector_failure,embedding_not_saturated,1.0,,False,,,,,,256,1.2725900790001106,,
,,,,20260823,,,57754213,13.0,True,core,True,13.0,184,,,insufficient divergence points,6.0,2.0,False,False,one_sample,0,,1,50,,,,,,2,0.6464104658796112,0.20946424741201883,False,,True,,,,,True,,,,,,,50,logistic_p4,core:00458,True,False,not_assessed_detector_failure,embedding_not_saturated,1.0,,False,,,,,,256,1.352290962000552,,
,,,,20260823,,,251017390,13.0,True,core,True,13.0,184,,,insufficient divergence points,6.0,2.0,False,False,one_sample,0,,1,50,,,,,,3,0.6464104658796112,0.20946424741201883,False,,True,,,,,True,,,,,,,50,logistic_p4,core:00459,True,False,not_assessed_detector_failure,embedding_not_saturated,1.0,,False,,,,,,256,1.2235679820005316,,
,,,,20260823,,,2483238930,13.0,True,core,True,13.0,184,,,insufficient divergence points,6.0,2.0,False,False,one_sample,0,,1,50,,,,,,4,0.6464104658796112,0.20946424741201883,False,,True,,,,,True,,,,,,,50,logistic_p4,core:00460,True,False,not_assessed_detector_failure,embedding_not_saturated,1.0,,False,,,,,,256,1.0320337690000088,,
,,,,20260823,,,2263545952,13.0,True,core,True,13.0,184,,,insufficient divergence points,6.0,2.0,False,False,one_sample,0,,1,50,,,,,,5,0.6464104658796113,0.20946424741201883,False,,True,,,,,True,,,,,,,50,logistic_p4,core:00461,True,False,not_assessed_detector_failure,embedding_not_saturated,1.0,,False,,,,,,256,0.6342296630000419,,
,,,,20260823,,,2570611586,13.0,True,core,True,13.0,184,,,insufficient divergence points,6.0,2.0,False,False,one_sample,0,,1,50,,,,,,6,0.6464104658796112,0.20946424741201883,False,,True,,,,,True,,,,,,,50,logistic_p4,core:00462,True,False,not_assessed_detector_failure,embedding_not_saturated,1.0,,False,,,,,,256,0.630301344000145,,
,,,,20260823,,,2029875574,13.0,True,core,True,13.0,184,,,insufficient divergence points,6.0,2.0,False,False,one_sample,0,,1,50,,,,,,7,0.6464104658796113,0.20946424741201883,False,,True,,,,,True,,,,,,,50,logistic_p4,core:00463,True,False,not_assessed_detector_failure,embedding_not_saturated,1.0,,False,,,,,,256,0.605685751999772,,
,,,,20260823,,,3121198761,13.0,True,core,True,13.0,184,,,insufficient divergence points,6.0,2.0,False,False,one_sample,0,,1,50,,,,,,8,0.6464104658796112,0.20946424741201883,False,,True,,,,,True,,,,,,,50,logistic_p4,core:00464,True,False,not_assessed_detector_failure,embedding_not_saturated,1.0,,False,,,,,,256,0.6618759809998664,,
,,,,20260823,,,1790240667,13.0,True,core,True,13.0,184,,,insufficient divergence points,6.0,2.0,False,False,one_sample,0,,1,50,,,,,,9,0.6464104658796113,0.20946424741201883,False,,True,,,,,True,,,,,,,50,logistic_p4,core:00465,True,False,not_assessed_detector_failure,embedding_not_saturated,1.0,,False,,,,,,256,0.621225369000058,,
,,,,20260823,,,519244883,13.0,True,core,True,13.0,184,,,insufficient divergence points,6.0,2.0,False,False,one_sample,0,,1,50,,,,,,10,0.6464104658796112,0.20946424741201883,False,,True,,,,,True,,,,,,,50,logistic_p4,core:00466,True,False,not_assessed_detector_failure,embedding_not_saturated,1.0,,False,,,,,,256,0.6761095330002718,,
,,,,20260823,,,3824818305,13.0,True,core,True,13.0,184,,,insufficient divergence points,6.0,2.0,False,False,one_sample,0,,1,50,,,,,,11,0.6464104658796112,0.20946424741201883,False,,True,,,,,True,,,,,,,50,logistic_p4,core:00467,True,False,not_assessed_detector_failure,embedding_not_saturated,1.0,,False,,,,,,256,0.6215222979999453,,
,,,,20260823,,,2940315705,13.0,True,core,True,13.0,184,,,insufficient divergence points,6.0,2.0,False,False,one_sample,0,,1,50,,,,,,12,0.6464104658796113,0.20946424741201883,False,,True,,,,,True,,,,,,,50,logistic_p4,core:00468,True,False,not_assessed_detector_failure,embedding_not_saturated,1.0,,False,,,,,,256,0.6164968810007849,,
,,,,20260823,,,1903236571,13.0,True,core,True,13.0,184,,,insufficient divergence points,6.0,2.0,False,False,one_sample,0,,1,50,,,,,,13,0.6464104658796113,0.20946424741201883,False,,True,,,,,True,,,,,,,50,logistic_p4,core:00469,True,False,not_assessed_detector_failure,embedding_not_saturated,1.0,,False,,,,,,256,0.617954959000599,,
,,,,20260823,,,2920906182,13.0,True,core,True,13.0,184,,,insufficient divergence points,6.0,2.0,False,False,one_sample,0,,1,50,,,,,,14,0.6464104658796113,0.20946424741201883,False,,True,,,,,True,,,,,,,50,logistic_p4,core:00470,True,False,not_assessed_detector_failure,embedding_not_saturated,1.0,,False,,,,,,256,0.6382702149994657,,
,,,,20260823,,,1310159136,13.0,True,core,True,13.0,184,,,insufficient divergence points,6.0,2.0,False,False,one_sample,0,,1,50,,,,,,15,0.6464104658796112,0.20946424741201883,False,,True,,,,,True,,,,,,,50,logistic_p4,core:00471,True,False,not_assessed_detector_failure,embedding_not_saturated,1.0,,False,,,,,,256,0.6672459800001889,,
,,,,20260823,,,813096075,13.0,True,core,True,13.0,184,,,insufficient divergence points,6.0,2.0,False,False,one_sample,0,,1,50,,,,,,16,0.6464104658796113,0.20946424741201883,False,,True,,,,,True,,,,,,,50,logistic_p4,core:00472,True,False,not_assessed_detector_failure,embedding_not_saturated,1.0,,False,,,,,,256,0.5914390540001477,,
,,,,20260823,,,1754597433,13.0,True,core,True,13.0,184,,,insufficient divergence points,6.0,2.0,False,False,one_sample,0,,1,50,,,,,,17,0.6464104658796113,0.20946424741201883,False,,True,,,,,True,,,,,,,50,logistic_p4,core:00473,True,False,not_assessed_detector_failure,embedding_not_saturated,1.0,,False,,,,,,256,0.6511614749997534,,
,,,,20260823,,,4023133611,13.0,True,core,True,13.0,184,,,insufficient divergence points,6.0,2.0,False,False,one_sample,0,,1,50,,,,,,18,0.6464104658796113,0.20946424741201883,False,,True,,,,,True,,,,,,,50,logistic_p4,core:00474,True,False,not_assessed_detector_failure,embedding_not_saturated,1.0,,False,,,,,,256,0.6527679239998179,,
,,,,20260823,,,4027601296,13.0,True,core,True,13.0,184,,,insufficient divergence points,6.0,2.0,False,False,one_sample,0,,1,50,,,,,,19,0.6464104658796113,0.20946424741201883,False,,True,,,,,True,,,,,,,50,logistic_p4,core:00475,True,False,not_assessed_detector_failure,embedding_not_saturated,1.0,,False,,,,,,256,0.6403126390005127,,
,,,,20260823,,,3136605291,13.0,True,core,True,13.0,184,,,insufficient divergence points,6.0,2.0,False,False,one_sample,0,,1,50,,,,,,20,0.6464104658796112,0.20946424741201883,False,,True,,,,,True,,,,,,,50,logistic_p4,core:00476,True,False,not_assessed_detector_failure,embedding_not_saturated,1.0,,False,,,,,,256,0.5922087290000491,,
,,,,20260823,,,1472794575,13.0,True,core,True,13.0,184,,,insufficient divergence points,6.0,2.0,False,False,one_sample,0,,1,50,,,,,,21,0.6464104658796112,0.20946424741201883,False,,True,,,,,True,,,,,,,50,logistic_p4,core:00477,True,False,not_assessed_detector_failure,embedding_not_saturated,1.0,,False,,,,,,256,0.6763741270005994,,
,,,,20260823,,,1593093220,13.0,True,core,True,13.0,184,,,insufficient divergence points,6.0,2.0,False,False,one_sample,0,,1,50,,,,,,22,0.6464104658796113,0.20946424741201883,False,,True,,,,,True,,,,,,,50,logistic_p4,core:00478,True,False,not_assessed_detector_failure,embedding_not_saturated,1.0,,False,,,,,,256,0.6190225290001763,,
,,,,20260823,,,2495614802,13.0,True,core,True,13.0,184,,,insufficient divergence points,6.0,2.0,False,False,one_sample,0,,1,50,,,,,,23,0.6464104658796112,0.20946424741201883,False,,True,,,,,True,,,,,,,50,logistic_p4,core:00479,True,False,not_assessed_detector_failure,embedding_not_saturated,1.0,,False,,,,,,256,0.6469570389999717,,
,,,,20260823,,,2288220956,13.0,True,core,True,13.0,184,,,insufficient divergence points,6.0,2.0,False,False,one_sample,0,,1,50,,,,,,24,0.6464104658796112,0.20946424741201883,False,,True,,,,,True,,,,,,,50,logistic_p4,core:00480,True,False,not_assessed_detector_failure,embedding_not_saturated,1.0,,False,,,,,,256,0.6251971589999812,,
,,,,20260823,,,1092129575,13.0,True,core,True,13.0,184,,,insufficient divergence points,6.0,2.0,False,False,one_sample,0,,1,50,,,,,,25,0.6464104658796112,0.20946424741201883,False,,True,,,,,True,,,,,,,50,logistic_p4,core:00481,True,False,not_assessed_detector_failure,embedding_not_saturated,1.0,,False,,,,,,256,0.6368113870003071,,
,,,,20260823,,,3266090308,13.0,True,core,True,13.0,184,,,insufficient divergence points,6.0,2.0,False,False,one_sample,0,,1,50,,,,,,26,0.6464104658796112,0.20946424741201883,False,,True,,,,,True,,,,,,,50,logistic_p4,core:00482,True,False,not_assessed_detector_failure,embedding_not_saturated,1.0,,False,,,,,,256,0.5860400949995892,,
,,,,20260823,,,1434537710,13.0,True,core,True,13.0,184,,,insufficient divergence points,6.0,2.0,False,False,one_sample,0,,1,50,,,,,,27,0.6464104658796113,0.20946424741201883,False,,True,,,,,True,,,,,,,50,logistic_p4,core:00483,True,False,not_assessed_detector_failure,embedding_not_saturated,1.0,,False,,,,,,256,0.6675437829999282,,
,,,,20260823,,,2289621542,13.0,True,core,True,13.0,184,,,insufficient divergence points,6.0,2.0,False,False,one_sample,0,,1,50,,,,,,28,0.6464104658796113,0.20946424741201883,False,,True,,,,,True,,,,,,,50,logistic_p4,core:00484,True,False,not_assessed_detector_failure,embedding_not_saturated,1.0,,False,,,,,,256,0.6953039800000624,,
,,,,20260823,,,1430571690,13.0,True,core,True,13.0,184,,,insufficient divergence points,6.0,2.0,False,False,one_sample,0,,1,50,,,,,,29,0.6464104658796113,0.20946424741201883,False,,True,,,,,True,,,,,,,50,logistic_p4,core:00485,True,False,not_assessed_detector_failure,embedding_not_saturated,1.0,,False,,,,,,256,0.8003681250002046,,
0.0,0.5,653.9,67.84,20260823,,0.30365343868910166,1949141757,4.0,False,core,False,10.0,166,0.10809988761529628,0.551713576044488,,10.0,4.0,True,False,one_sample,253,2501.0,0,50,50.0,0.0196078431372549,88.61287120227792,ok,9.638856132075471,0,0.5045120837424588,0.35191512060372365,True,,True,2.0,0.1,0.007905138339920948,,True,2.0,0.1,0.007905138339920948,9.638856132075471,2.0,2.0,50,logistic,core:00486,False,False,assessed,ok,1.0,,True,2.0,0.0,0.0,0.0,0.0,256,12.338809438999306,,
0.0,0.5,531.98,68.6,20260823,,0.28964932455008896,1652537900,4.0,False,core,False,10.0,193,0.11660588832496258,0.5359361649055694,,7.0,4.0,True,False,one_sample,253,2494.0,0,50,50.0,0.0196078431372549,83.67248262229653,ok,7.754810495626823,1,0.4970143639040308,0.35534225087337623,True,,True,2.0,0.09,0.007905138339920948,,True,2.0,0.09,0.007905138339920948,7.754810495626823,2.0,2.0,50,logistic,core:00487,False,False,assessed,ok,1.0,,True,2.0,0.0,0.0,0.0,0.0,256,12.3477549979998,,
0.0,0.5,820.8199999999999,79.35,20260823,,0.28034263899611733,292278060,4.0,False,core,True,13.0,148,0.08633712154399134,0.5000923941128738,,9.0,4.0,True,False,one_sample,253,2500.0,0,50,50.0,0.0196078431372549,76.2294770179101,ok,10.344297416509137,2,0.46574693414237245,0.3638037286337183,True,,True,1.0,0.06,0.003952569169960474,,True,2.0,0.105,0.007905138339920948,10.344297416509137,2.0,2.0,50,logistic,core:00488,False,False,assessed,ok,1.0,,True,2.0,0.0,0.0,0.0,0.0,256,10.774996025999826,,
0.0,0.5,549.34,72.47,20260823,,0.27297822620090767,1341124623,4.0,False,core,True,13.0,172,0.08966219212142508,0.4947158182300747,,7.0,4.0,True,False,one_sample,253,2490.0,0,50,50.0,0.0196078431372549,124.65819187599166,ok,7.580240099351457,3,0.4584166412783344,0.36536853478661335,True,,True,2.0,0.085,0.007905138339920948,,True,2.0,0.085,0.007905138339920948,7.580240099351457,2.0,2.0,50,logistic,core:00489,False,False,assessed,ok,1.0,,True,2.0,0.0,0.0,0.0,0.0,256,10.88840196900037,,
0.0,0.5,623.18,79.53999999999999,20260823,,0.3106923348501237,3611326506,4.0,False,core,False,8.0,200,0.1467553234098611,0.5927310923481651,,8.0,4.0,True,False,one_sample,253,2504.0,0,50,50.0,0.0196078431372549,125.49070129158102,ok,7.834800100578326,4,0.4931282413270283,0.35521505827648336,True,,True,1.0,0.065,0.003952569169960474,,True,2.0,0.095,0.007905138339920948,7.834800100578326,2.0,2.0,50,logistic,core:00490,False,False,assessed,ok,1.0,,True,2.0,0.0,0.0,0.0,0.0,256,10.339277442999446,,
0.0,0.5,483.7,75.66,20260823,,0.32069185987414206,2937350216,4.0,False,core,False,8.0,172,0.14198936954295932,0.5926625652449269,,12.0,4.0,True,False,one_sample,253,2506.0,0,50,50.0,0.0196078431372549,122.15908271293348,ok,6.393074279672218,5,0.5220463263472181,0.34487478185791914,True,,True,2.0,0.09,0.007905138339920948,,True,2.0,0.09,0.007905138339920948,6.393074279672218,2.0,2.0,50,logistic,core:00491,False,False,assessed,ok,1.0,,True,2.0,0.0,0.0,0.0,0.0,256,10.15073871200002,,
0.0,0.5,415.08000000000004,62.81,20260823,,0.3128118660620098,2625739459,4.0,False,core,False,9.0,192,0.11830519451771764,0.5402221112391219,,8.0,4.0,True,False,one_sample,253,2506.0,0,50,50.0,0.0196078431372549,146.14705877006043,ok,6.608501830918644,6,0.5277029648775322,0.34198680690114075,True,,True,2.0,0.085,0.007905138339920948,,True,2.0,0.085,0.007905138339920948,6.608501830918644,2.0,2.0,50,logistic,core:00492,False,False,assessed,ok,1.0,,True,2.0,0.0,0.0,0.0,0.0,256,12.235201856000458,,
0.0,0.5,851.72,80.69,20260823,,0.3115519147349413,3175003209,4.0,False,core,False,10.0,121,0.0988279797258185,0.5056316449455285,,15.0,5.0,True,False,one_sample,253,2514.0,0,50,50.0,0.0196078431372549,46.47204891562913,ok,10.555459164704425,7,0.5101759034752217,0.3499812320418511,True,,True,2.0,0.135,0.007905138339920948,,True,2.0,0.135,0.007905138339920948,10.555459164704425,2.0,2.0,50,logistic,core:00493,False,False,assessed,ok,1.0,,True,2.0,0.0,0.0,0.0,0.0,256,12.582531246999679,,
0.0,0.5,922.86,78.52,20260823,,0.3192201066045725,855530592,4.0,False,core,True,13.0,172,0.0983135454444903,0.5413038548044824,,7.0,4.0,True,False,one_sample,253,2517.0,0,50,50.0,0.0196078431372549,5.0,ok,11.753183902190525,8,0.5052972843494565,0.3520818457014146,True,,True,2.0,0.165,0.007905138339920948,,True,2.0,0.165,0.007905138339920948,11.753183902190525,2.0,2.0,50,logistic,core:00494,False,False,assessed,ok,1.0,,True,2.0,0.0,0.0,0.0,0.0,256,8.733462473000145,,
0.0,0.5,371.98,65.28999999999999,20260823,,0.31316185351296805,1137966784,4.0,False,core,False,8.0,186,0.15133218435890342,0.6268218459023158,,10.0,4.0,True,False,one_sample,253,2498.0,0,50,50.0,0.0196078431372549,131.11720785767605,ok,5.697350283351203,9,0.5128953576299096,0.3481558831400561,True,,True,2.0,0.105,0.007905138339920948,,True,2.0,0.105,0.007905138339920948,5.697350283351203,2.0,2.0,50,logistic,core:00495,False,False,assessed,ok,1.0,,True,2.0,0.0,0.0,0.0,0.0,256,8.599400815999616,,
0.0,0.5,678.58,81.36,20260823,,0.34052343143163083,155083518,4.0,False,core,False,7.0,220,0.17015106717618225,0.5919271330068185,,6.0,4.0,True,False,one_sample,253,2507.0,0,50,50.0,0.0196078431372549,81.51706343489899,ok,8.34046214355949,10,0.5101262331766295,0.34847902882144616,True,,True,2.0,0.125,0.007905138339920948,,True,2.0,0.125,0.007905138339920948,8.34046214355949,2.0,2.0,50,logistic,core:00496,False,False,assessed,ok,1.0,,True,2.0,0.0,0.0,0.0,0.0,256,12.296265622000647,,
0.0,0.5,1064.92,81.16,20260823,,0.34193642085674675,1643540681,4.0,False,core,False,10.0,166,0.10511161361073963,0.4040410818986123,,10.0,4.0,True,False,one_sample,253,2502.0,0,50,50.0,0.0196078431372549,51.081036382134116,ok,13.121241991128636,11,0.4885366808137147,0.35740624226202594,True,,True,2.0,0.12,0.007905138339920948,,True,2.0,0.12,0.007905138339920948,13.121241991128636,2.0,2.0,50,logistic,core:00497,False,False,assessed,ok,1.0,,True,2.0,0.0,0.0,0.0,0.0,256,12.844845577000342,,
0.0,0.5,829.32,75.96000000000001,20260823,,0.3370437232303379,1760545983,4.0,False,core,False,8.0,214,0.13908931681061515,0.5510846108398602,,6.0,4.0,True,False,one_sample,253,2510.0,0,50,50.0,0.0196078431372549,53.372277870888055,ok,10.917851500789888,12,0.5090666934611214,0.34906328815746257,True,,True,2.0,0.15,0.007905138339920948,,True,2.0,0.15,0.007905138339920948,10.917851500789888,2.0,2.0,50,logistic,core:00498,False,False,assessed,ok,1.0,,True,2.0,0.0,0.0,0.0,0.0,256,9.14276551399962,,
0.0,0.5,1143.46,98.87,20260823,,0.2759249210566666,1200119167,4.0,False,core,False,7.0,208,0.16851988793110342,0.5829910752766508,,8.0,4.0,True,False,one_sample,253,2508.0,0,50,50.0,0.0196078431372549,55.30521812517084,ok,11.565287751593,13,0.47753034735954225,0.3610260424795139,True,,True,1.0,0.08,0.003952569169960474,,True,2.0,0.095,0.007905138339920948,11.565287751593,2.0,2.0,50,logistic,core:00499,False,False,assessed,ok,1.0,,True,2.0,0.0,0.0,0.0,0.0,256,10.077518793999843,,
0.0,0.5,532.88,63.49,20260823,,0.30683235090341887,1080202061,4.0,False,core,False,10.0,202,0.11327198830442778,0.5228193923207286,,6.0,4.0,True,False,one_sample,253,2498.0,0,50,50.0,0.0196078431372549,206.50546628209594,ok,8.393132776815246,14,0.4858763175684304,0.35734700160361405,True,,True,2.0,0.08,0.007905138339920948,,True,2.0,0.08,0.007905138339920948,8.393132776815246,2.0,2.0,50,logistic,core:00500,False,False,assessed,ok,1.0,,True,2.0,0.0,0.0,0.0,0.0,256,11.912190494999777,,
0.0,0.5,898.86,78.46000000000001,20260823,,0.3110792366296389,3156448767,4.0,False,core,False,8.0,214,0.140047435803994,0.5154738424268723,,6.0,4.0,True,False,one_sample,253,2506.0,0,50,50.0,0.0196078431372549,78.20247722694613,ok,11.456283456538362,15,0.46731483272093116,0.3634627847325097,True,,True,1.0,0.07,0.003952569169960474,,True,2.0,0.095,0.007905138339920948,11.456283456538362,2.0,2.0,50,logistic,core:00501,False,False,assessed,ok,1.0,,True,2.0,0.0,0.0,0.0,0.0,256,11.100770478999948,,
0.02,0.5,591.04,150.15999999999997,20260823,,0.24658950270577296,1458145094,4.0,False,core,False,8.0,207,0.15149524602757863,0.5910591307354633,,7.0,5.0,True,False,one_sample,253,2308.0,0,50,50.0,0.0392156862745098,5.0,ok,3.936068193926479,16,0.40482369802348894,0.372596880798331,True,,True,1.0,0.155,0.003952569169960474,,True,2.0,0.19,0.007905138339920948,3.936068193926479,2.0,2.0,50,logistic,core:00502,False,False,assessed,ok,1.0,,True,2.0,0.0,0.0,0.0,0.0,256,10.53579163700033,,
0.0,0.5,406.8,55.599999999999994,20260823,,0.28398422169097387,842987019,4.0,False,core,False,8.0,200,0.1516194143862865,0.6090440858658794,,8.0,4.0,True,False,one_sample,253,2493.0,0,50,50.0,0.0196078431372549,150.86591069388786,ok,7.316546762589929,17,0.48002424016175105,0.3587273801560719,True,,True,2.0,0.08,0.007905138339920948,,True,2.0,0.08,0.007905138339920948,7.316546762589929,2.0,2.0,50,logistic,core:00503,False,False,assessed,ok,1.0,,True,2.0,0.0,0.0,0.0,0.0,256,12.305551587999616,,
0.0,0.5,509.28,75.02,20260823,,0.3065496349165935,3573163102,4.0,False,core,False,11.0,186,0.10683676708003627,0.5561973029200187,,7.0,4.0,True,False,one_sample,253,2502.0,0,50,50.0,0.0196078431372549,118.00605295897971,ok,6.788589709410823,18,0.5223098082156662,0.3437921009227581,True,,True,2.0,0.075,0.007905138339920948,,True,2.0,0.075,0.007905138339920948,6.788589709410823,2.0,2.0,50,logistic,core:00504,False,False,assessed,ok,1.0,,True,2.0,0.0,0.0,0.0,0.0,256,10.81503890499971,,
0.0,0.5,350.08,62.12,20260823,,0.34121663259209656,368305781,4.0,False,core,False,9.0,176,0.12461059327930353,0.5740430615104963,,10.0,4.0,True,False,one_sample,253,2503.0,0,50,50.0,0.0196078431372549,159.06753698094198,ok,5.6355441081777204,19,0.519767685276729,0.34549456342360463,True,,True,2.0,0.1,0.007905138339920948,,True,2.0,0.1,0.007905138339920948,5.6355441081777204,2.0,2.0,50,logistic,core:00505,False,False,assessed,ok,1.0,,True,2.0,0.0,0.0,0.0,0.0,256,8.864815363999696,,
0.0,0.5,918.88,80.28,20260823,,0.2957293709947785,745135004,4.0,False,core,False,10.0,175,0.11528054864253111,0.5902790763382735,,9.0,5.0,True,False,one_sample,253,2515.0,0,50,50.0,0.0196078431372549,9.950291776158277,ok,11.445939212755356,20,0.526586402965344,0.3425358154027492,True,,True,2.0,0.17,0.007905138339920948,,True,2.0,0.17,0.007905138339920948,11.445939212755356,2.0,2.0,50,logistic,core:00506,False,False,assessed,ok,1.0,,True,2.0,0.0,0.0,0.0,0.0,256,12.389020167000126,,
0.0,0.5,896.5,97.21000000000001,20260823,,0.3039129130406595,2237865140,4.0,False,core,False,6.0,226,0.1968508298807798,0.595303822144285,,6.0,4.0,True,False,one_sample,253,2517.0,0,50,50.0,0.0196078431372549,5.0,ok,9.22230223228063,21,0.5070597103813786,0.35107835882543836,True,,True,2.0,0.17,0.007905138339920948,,True,2.0,0.17,0.007905138339920948,9.22230223228063,2.0,2.0,50,logistic,core:00507,False,False,assessed,ok,1.0,,True,2.0,0.0,0.0,0.0,0.0,256,12.576042658000006,,
0.0,0.5,609.74,65.93,20260823,,0.31882698094101325,407955920,4.0,False,core,False,8.0,207,0.16030106144782064,0.6250972604302297,,7.0,4.0,True,False,one_sample,253,2498.0,0,50,50.0,0.0196078431372549,95.49413387156707,ok,9.24829364477476,22,0.5003550250033446,0.35396774853180957,True,,True,2.0,0.105,0.007905138339920948,,True,2.0,0.105,0.007905138339920948,9.24829364477476,2.0,2.0,50,logistic,core:00508,False,False,assessed,ok,1.0,,True,2.0,0.0,0.0,0.0,0.0,256,8.775610474000132,,
0.0,0.5,872.34,81.86,20260823,,0.30234426888547106,4003317703,4.0,False,core,False,10.0,166,0.11211607571417327,0.599994614306522,,10.0,4.0,True,False,one_sample,253,2505.0,0,50,50.0,0.0196078431372549,83.03642669128536,ok,10.656486684583436,23,0.5154442593814046,0.3464172573764943,True,,True,2.0,0.125,0.007905138339920948,,True,2.0,0.125,0.007905138339920948,10.656486684583436,2.0,2.0,50,logistic,core:00509,False,False,assessed,ok,1.0,,True,2.0,0.0,0.0,0.0,0.0,256,8.684997237000061,,
0.0,0.5,668.94,69.85,20260823,,0.27663571428332595,2713073067,4.0,False,core,False,10.0,166,0.11951487379222578,0.5157716278420001,,10.0,4.0,True,False,one_sample,253,2481.0,0,50,50.0,0.0196078431372549,124.19585347395102,ok,9.57680744452398,24,0.4629618974538492,0.36357649147172394,True,,True,1.0,0.05,0.003952569169960474,,True,2.0,0.065,0.007905138339920948,9.57680744452398,2.0,2.0,50,logistic,core:00510,False,False,assessed,ok,1.0,,True,2.0,0.0,0.0,0.0,0.0,256,12.285985597000035,,
0.0,0.5,1233.3600000000001,63.730000000000004,20260823,,0.28258928438251807,165118891,4.0,False,core,False,7.0,202,0.16778982597824352,0.6163426002690546,,9.0,4.0,True,False,one_sample,253,2516.0,0,50,50.0,0.0196078431372549,27.41203434444048,ok,19.352895025890476,25,0.5100345598037747,0.3498429543804035,True,,True,2.0,0.13,0.007905138339920948,,True,2.0,0.13,0.007905138339920948,19.352895025890476,2.0,2.0,50,logistic,core:00511,False,False,assessed,ok,1.0,,True,2.0,0.0,0.0,0.0,0.0,256,12.441198958000314,,
0.0,0.5,709.04,71.75999999999999,20260823,,0.3411788206697106,2921005077,4.0,False,core,False,11.0,166,0.09033549181562107,0.3582254923967919,,9.0,4.0,True,False,one_sample,253,2491.0,0,50,50.0,0.0196078431372549,88.41679617640267,ok,9.880713489409143,26,0.48665228691701146,0.3592459633154786,True,,True,2.0,0.135,0.007905138339920948,,True,2.0,0.135,0.007905138339920948,9.880713489409143,2.0,2.0,50,logistic,core:00512,False,False,assessed,ok,1.0,,True,2.0,0.0,0.0,0.0,0.0,256,9.175345392000054,,
0.0,0.5,701.38,61.68,20260823,,0.3143967292529787,1518783019,4.0,False,core,False,10.0,202,0.13448315381041384,0.603201890102607,,6.0,4.0,True,False,one_sample,253,2505.0,0,50,50.0,0.0196078431372549,88.36166677172515,ok,11.371271076523994,27,0.5109158856439429,0.3488688307883876,True,,True,2.0,0.1,0.007905138339920948,,True,2.0,0.1,0.007905138339920948,11.371271076523994,2.0,2.0,50,logistic,core:00513,False,False,assessed,ok,1.0,,True,2.0,0.0,0.0,0.0,0.0,256,11.273187408000013,,
0.0,0.5,1000.1,80.44999999999999,20260823,,0.325509306766705,2556668425,4.0,False,core,False,8.0,186,0.16957101883396966,0.6652909397133706,,10.0,4.0,True,False,one_sample,253,2503.0,0,50,50.0,0.0196078431372549,61.169430561450035,ok,12.431323803604725,28,0.4746876005863097,0.36159018451221925,True,,True,2.0,0.13,0.007905138339920948,,True,2.0,0.13,0.007905138339920948,12.431323803604725,2.0,2.0,50,logistic,core:00514,False,False,assessed,ok,1.0,,True,2.0,0.0,0.0,0.0,0.0,256,11.763157432000298,,
0.0,0.5,376.58,63.39,20260823,,0.28151100796413175,4188589604,4.0,False,core,False,10.0,166,0.11243856966969513,0.5600784672855381,,10.0,4.0,True,False,one_sample,253,2502.0,0,50,50.0,0.0196078431372549,134.7678428407628,ok,5.9406846505758,29,0.48948539713483324,0.35584688462567443,True,,True,2.0,0.085,0.007905138339920948,,True,2.0,0.085,0.007905138339920948,5.9406846505758,2.0,2.0,50,logistic,core:00515,False,False,assessed,ok,1.0,,True,2.0,0.0,0.0,0.0,0.0,256,10.134161322000182,,
0.0,0.5,519.9200000000001,85.58000000000001,20260823,,0.2390281876934247,493659376,4.0,False,core,False,10.0,157,0.11394341748863863,0.6507893500563638,,11.0,3.0,True,False,one_sample,253,2517.0,0,50,50.0,0.0196078431372549,9.356526376735458,ok,6.075251226922178,0,0.26445474078243325,0.7185357572222877,True,,True,1.0,0.095,0.003952569169960474,,True,2.0,0.095,0.007905138339920948,6.075251226922178,2.0,2.0,50,henon,core:00516,False,False,assessed,ok,1.0,,True,2.0,0.0,0.0,0.0,0.0,256,11.478127210000821,,
0.0,0.5,1006.14,91.98,20260823,,0.26050325061876867,216778323,4.0,False,core,False,8.0,193,0.13176082343710394,0.6819843530905143,,9.0,3.0,True,False,one_sample,253,2518.0,0,50,50.0,0.0196078431372549,7.887498315069472,ok,10.938682322243965,1,0.2527486479696773,0.7223541927573707,True,,True,1.0,0.135,0.003952569169960474,,True,1.0,0.135,0.003952569169960474,10.938682322243965,1.0,1.0,50,henon,core:00517,False,False,assessed,ok,1.0,,True,1.0,0.0,0.0,0.0,0.0,256,13.24554739299947,,
0.0,0.5,519.76,109.85,20260823,,0.36552730758062596,378400350,5.0,False,core,False,9.0,160,0.12051152307789269,0.6031889050829331,,12.0,3.0,True,False,one_sample,252,2509.0,0,50,50.0,0.0196078431372549,8.465265310181262,ok,4.731543013199818,2,0.24984904705355496,0.7265451466103804,True,,True,1.0,0.09,0.003968253968253968,,True,1.0,0.09,0.003968253968253968,4.731543013199818,1.0,1.0,50,henon,core:00518,False,False,assessed,ok,1.0,,True,1.0,0.0,0.0,0.0,0.0,256,11.036342190000141,,
0.0,0.5,527.5,80.13,20260823,,0.22695378395372284,1663362928,4.0,False,core,False,9.0,168,0.13745801894149667,0.6748538521097447,,11.0,3.0,True,False,one_sample,253,2518.0,0,50,50.0,0.0196078431372549,25.49662869124317,ok,6.583052539623113,3,0.2665077431498841,0.7160010131097019,True,,True,1.0,0.12,0.003952569169960474,,True,1.0,0.12,0.003952569169960474,6.583052539623113,1.0,1.0,50,henon,core:00519,False,False,assessed,ok,1.0,,True,1.0,0.0,0.0,0.0,0.0,256,8.690969014000075,,
0.0,0.5,509.0,90.41999999999999,20260823,,0.2314915372365285,1537020589,4.0,False,core,False,8.0,193,0.14764127439370037,0.6736310832466557,,9.0,3.0,True,False,one_sample,253,2517.0,0,50,50.0,0.0196078431372549,11.055577141464642,ok,5.6292855562928565,4,0.27326953666795517,0.7119034544832478,True,,True,1.0,0.1,0.003952569169960474,,True,1.0,0.1,0.003952569169960474,5.6292855562928565,1.0,1.0,50,henon,core:00520,False,False,assessed,ok,1.0,,True,1.0,0.0,0.0,0.0,0.0,256,12.516508781999619,,
0.0,0.5,640.4,83.50000000000001,20260823,,0.20797046019308818,1462996361,4.0,False,core,True,13.0,88,0.08006411878557,0.6273102890277984,,14.0,3.0,True,False,one_sample,253,2519.0,0,50,50.0,0.0196078431372549,14.602344741009986,ok,7.66946107784431,5,0.2691515922049937,0.712861049268508,True,,True,1.0,0.06,0.003952569169960474,,True,1.0,0.06,0.003952569169960474,7.66946107784431,1.0,1.0,50,henon,core:00521,False,False,assessed,ok,1.0,,True,1.0,0.0,0.0,0.0,0.0,256,12.39303038700018,,
0.0,0.5,482.76,85.25999999999999,20260823,,0.24457808133532472,1666659224,4.0,False,core,False,9.0,176,0.12225820256476189,0.6408867364790931,,10.0,3.0,True,False,one_sample,253,2518.0,0,50,50.0,0.0196078431372549,22.812458062207256,ok,5.662209711470796,6,0.2602605484673193,0.7214353954212712,True,,True,1.0,0.115,0.003952569169960474,,True,1.0,0.115,0.003952569169960474,5.662209711470796,1.0,1.0,50,henon,core:00522,False,False,assessed,ok,1.0,,True,1.0,0.0,0.0,0.0,0.0,256,9.527386288999878,,
0.0,0.5,601.72,88.72000000000003,20260823,,0.21831958621581476,1523205322,4.0,False,core,False,10.0,166,0.12136507499133069,0.6991610160780419,,10.0,3.0,True,False,one_sample,253,2519.0,0,50,50.0,0.0196078431372549,15.881579334653903,ok,6.782236248872857,7,0.2846654480937584,0.7006114265734719,True,,True,1.0,0.105,0.003952569169960474,,True,1.0,0.105,0.003952569169960474,6.782236248872857,1.0,1.0,50,henon,core:00523,False,False,assessed,ok,1.0,,True,1.0,0.0,0.0,0.0,0.0,256,10.30642504699972,,
0.0,0.5,531.6800000000001,91.13999999999999,20260823,,0.25749578817479524,273461635,4.0,False,core,False,11.0,146,0.1108015418799495,0.673837086103545,,11.0,4.0,True,False,one_sample,253,2519.0,0,50,50.0,0.0196078431372549,20.315045625319513,ok,5.833662497256969,8,0.2056592609701639,0.7509055557482693,True,,True,1.0,0.075,0.003952569169960474,,True,1.0,0.075,0.003952569169960474,5.833662497256969,1.0,1.0,50,henon,core:00524,False,False,assessed,ok,1.0,,True,1.0,0.0,0.0,0.0,0.0,256,11.769193307999558,,
0.0,0.5,578.1600000000001,93.86000000000001,20260823,,0.24730240268005424,1502100350,4.0,False,core,False,9.0,168,0.14014640568442613,0.7188267192741653,,11.0,3.0,True,False,one_sample,253,2520.0,0,50,50.0,0.0196078431372549,15.18213603251125,ok,6.159812486682292,9,0.2652435749098716,0.7149448840965194,True,,True,1.0,0.125,0.003952569169960474,,True,1.0,0.125,0.003952569169960474,6.159812486682292,1.0,1.0,50,henon,core:00525,False,False,assessed,ok,1.0,,True,1.0,0.0,0.0,0.0,0.0,256,11.18762630999936,,
0.0,0.5,617.6600000000001,83.66000000000001,20260823,,0.24958012456130418,2679122804,4.0,False,core,False,11.0,156,0.10802324856090649,0.629457934319404,,10.0,3.0,True,False,one_sample,253,2516.0,0,50,50.0,0.0196078431372549,16.24771215715685,ok,7.382978723404255,10,0.2232420775372898,0.7402290236537015,True,,True,1.0,0.145,0.003952569169960474,,True,1.0,0.145,0.003952569169960474,7.382978723404255,1.0,1.0,50,henon,core:00526,False,False,assessed,ok,1.0,,True,1.0,0.0,0.0,0.0,0.0,256,12.056602538999869,,
0.0,0.5,315.1,138.54,20260823,,0.680422960562694,3697673766,7.0,False,core,False,6.0,201,0.18100949634833546,0.7001216628529612,,11.0,3.0,True,False,one_sample,250,2490.0,0,50,50.0,0.0196078431372549,5.0,ok,2.274433376642125,11,0.2645419397638122,0.7191565611614339,True,,True,0.0,0.0,0.0,,True,1.0,0.325,0.004,2.274433376642125,1.0,1.0,50,henon,core:00527,False,False,assessed,ok,1.0,,True,1.0,0.0,0.0,0.0,0.0,256,15.482820573000026,,
0.0,0.5,554.8399999999999,86.37000000000002,20260823,,0.27153045448126145,732492722,4.0,False,core,False,8.0,200,0.13057598965940279,0.6488915173293556,,8.0,3.0,True,False,one_sample,253,2516.0,0,50,50.0,0.0196078431372549,24.938345562773513,ok,6.423989811277061,12,0.25290757530085917,0.7223997984614621,True,,True,1.0,0.13,0.003952569169960474,,True,1.0,0.13,0.003952569169960474,6.423989811277061,1.0,1.0,50,henon,core:00528,False,False,assessed,ok,1.0,,True,1.0,0.0,0.0,0.0,0.0,256,9.334906418999708,,
0.0,0.5,514.64,84.75,20260823,,0.26123685670538516,2650272499,4.0,False,core,False,10.0,166,0.11240761392193184,0.6057298954429369,,10.0,3.0,True,False,one_sample,253,2517.0,0,50,50.0,0.0196078431372549,21.200142048930246,ok,6.072448377581121,13,0.2377845406748651,0.7354252259286074,True,,True,1.0,0.105,0.003952569169960474,,True,1.0,0.105,0.003952569169960474,6.072448377581121,1.0,1.0,50,henon,core:00529,False,False,assessed,ok,1.0,,True,1.0,0.0,0.0,0.0,0.0,256,10.222381117000623,,
0.0,0.5,514.04,82.96000000000001,20260823,,0.22961523722159694,2582023415,4.0,False,core,True,13.0,64,0.07272121562874179,0.5692034335629231,,16.0,3.0,True,False,one_sample,253,2517.0,0,50,50.0,0.0196078431372549,21.71671858054804,ok,6.196239151398263,14,0.20927247329744525,0.7559577402533573,True,,True,1.0,0.075,0.003952569169960474,,True,1.0,0.075,0.003952569169960474,6.196239151398263,1.0,1.0,50,henon,core:00530,False,False,assessed,ok,1.0,,True,1.0,0.0,0.0,0.0,0.0,256,12.211980656999913,,
0.0,0.48,529.9,99.89999999999998,20260823,,0.24634230007798313,2534286796,4.0,False,core,False,10.0,148,0.11639471296873061,0.6116993578487082,,12.0,3.0,True,False,one_sample,253,2518.0,0,50,50.0,0.0196078431372549,14.363956208822195,ok,5.304304304304305,15,0.25214131546791774,0.724231669894058,True,,True,1.0,0.14,0.003952569169960474,,True,1.0,0.14,0.003952569169960474,5.304304304304305,1.0,1.0,50,henon,core:00531,False,False,assessed,ok,1.0,,True,1.0,0.0,0.0,0.0,0.0,256,11.009976474999348,,
0.0,0.5,354.38,91.22,20260823,,0.32874351186356204,2578131799,5.0,False,core,True,13.0,52,0.07487205273813426,0.6694396987597055,,17.0,3.0,True,False,one_sample,252,2510.0,0,50,50.0,0.0196078431372549,11.768373119005352,ok,3.8848936636702476,16,0.25179176294730243,0.7266582703008558,True,,True,1.0,0.04,0.003968253968253968,,True,3.0,0.05,0.011904761904761904,3.8848936636702476,3.0,3.0,50,henon,core:00532,False,False,assessed,ok,1.0,,True,3.0,0.0,0.0,0.0,0.0,256,10.135496600999431,,
0.0,0.5,597.38,88.29999999999998,20260823,,0.2630185047106997,1990281096,4.0,False,core,False,7.0,172,0.17307493148508707,0.723619033776564,,14.0,3.0,True,False,one_sample,253,2512.0,0,50,50.0,0.0196078431372549,26.487362966207563,ok,6.7653454133635345,17,0.24404080916078857,0.7298244750280033,True,,True,1.0,0.085,0.003952569169960474,,True,1.0,0.085,0.003952569169960474,6.7653454133635345,1.0,1.0,50,henon,core:00533,False,False,assessed,ok,1.0,,True,1.0,0.0,0.0,0.0,0.0,256,12.204740854000192,,
0.0,0.5,467.22,95.38,20260823,,0.2540289921439965,2053305126,4.0,False,core,False,11.0,156,0.10618043892785992,0.6302932408363995,,10.0,3.0,True,False,one_sample,253,2519.0,0,50,50.0,0.0196078431372549,16.739832350545328,ok,4.8985112182847566,18,0.25732295715735876,0.7222871292038034,True,,True,1.0,0.09,0.003952569169960474,,True,1.0,0.09,0.003952569169960474,4.8985112182847566,1.0,1.0,50,henon,core:00534,False,False,assessed,ok,1.0,,True,1.0,0.0,0.0,0.0,0.0,256,14.437813746999382,,
0.0,0.5,532.4200000000001,89.97,20260823,,0.23266586802043854,1511984254,4.0,False,core,True,13.0,112,0.08947287099143823,0.5662001721010428,,12.0,3.0,True,False,one_sample,253,2518.0,0,50,50.0,0.0196078431372549,13.776449757385981,ok,5.917750361231523,19,0.26247988417391827,0.7158439269731581,True,,True,1.0,0.125,0.003952569169960474,,True,1.0,0.125,0.003952569169960474,5.917750361231523,1.0,1.0,50,henon,core:00535,False,False,assessed,ok,1.0,,True,1.0,0.0,0.0,0.0,0.0,256,12.635416339000585,,
0.0,0.5,530.72,115.35999999999999,20260823,,0.5420191480606309,3364347009,6.0,False,core,False,11.0,156,0.10621506675761656,0.6405401949008547,,10.0,3.0,True,False,one_sample,251,2500.0,0,50,50.0,0.0196078431372549,8.753789436248685,ok,4.6005547850208055,20,0.2513452482334824,0.7257350857631296,True,,True,1.0,0.145,0.00398406374501992,,True,1.0,0.145,0.00398406374501992,4.6005547850208055,1.0,1.0,50,henon,core:00536,False,False,assessed,ok,1.0,,True,1.0,0.0,0.0,0.0,0.0,256,15.279695238000386,,
0.0,0.5,458.92,115.59000000000002,20260823,,0.3569155076945567,4081926746,5.0,False,core,True,13.0,148,0.09933668282521327,0.6388877942016127,,9.0,3.0,True,False,one_sample,252,2510.0,0,50,50.0,0.0196078431372549,11.882621938571903,ok,3.970239640107275,21,0.2505427710702309,0.7233613526586662,True,,True,1.0,0.105,0.003968253968253968,,True,1.0,0.105,0.003968253968253968,3.970239640107275,1.0,1.0,50,henon,core:00537,False,False,assessed,ok,1.0,,True,1.0,0.0,0.0,0.0,0.0,256,12.416256759000134,,
0.0,0.5,736.56,90.18,20260823,,0.23121236731395253,3999581070,4.0,False,core,False,8.0,172,0.15118745085764687,0.7446718898267579,,12.0,3.0,True,False,one_sample,253,2520.0,0,50,50.0,0.0196078431372549,5.0,ok,8.16766467065868,22,0.27584554399592387,0.7120205454226262,True,,True,1.0,0.15,0.003952569169960474,,True,2.0,0.15,0.007905138339920948,8.16766467065868,2.0,2.0,50,henon,core:00538,False,False,assessed,ok,1.0,,True,2.0,0.0,0.0,0.0,0.0,256,9.710460131000218,,
0.0,0.5,581.14,93.65,20260823,,0.25801573960569224,1569788839,4.0,False,core,False,11.0,126,0.09417246060921039,0.5761856635148674,,13.0,3.0,True,False,one_sample,253,2517.0,0,50,50.0,0.0196078431372549,18.700242533943268,ok,6.205445808862787,23,0.24332985290751336,0.7299718053340404,True,,True,1.0,0.115,0.003952569169960474,,True,1.0,0.115,0.003952569169960474,6.205445808862787,1.0,1.0,50,henon,core:00539,False,False,assessed,ok,1.0,,True,1.0,0.0,0.0,0.0,0.0,256,11.542388142000163,,
0.0,0.5,549.94,87.45,20260823,,0.2451773804580576,3026696393,4.0,False,core,False,11.0,146,0.10212449345386236,0.6407359420610585,,11.0,3.0,True,False,one_sample,253,2519.0,0,50,50.0,0.0196078431372549,20.605078133550222,ok,6.288622069754146,24,0.23477066260108115,0.7346319983276965,True,,True,1.0,0.095,0.003952569169960474,,True,1.0,0.095,0.003952569169960474,6.288622069754146,1.0,1.0,50,henon,core:00540,False,False,assessed,ok,1.0,,True,1.0,0.0,0.0,0.0,0.0,256,11.207475866000095,,
0.0,0.5,429.92,93.51000000000002,20260823,,0.2459396554776594,2378322099,4.0,False,core,False,7.0,178,0.1752942489580469,0.7636758455534756,,13.0,3.0,True,False,one_sample,253,2518.0,0,50,50.0,0.0196078431372549,31.45117989008385,ok,4.5975831461875725,25,0.25996943620098656,0.7206111982120664,True,,True,1.0,0.105,0.003952569169960474,,True,1.0,0.105,0.003952569169960474,4.5975831461875725,1.0,1.0,50,henon,core:00541,False,False,assessed,ok,1.0,,True,1.0,0.0,0.0,0.0,0.0,256,9.60868564700013,,
0.0,0.5,1282.46,84.38,20260823,,0.27684265560825755,2208778284,4.0,False,core,False,7.0,178,0.14055698262357147,0.6008506968932275,,13.0,3.0,True,False,one_sample,253,2520.0,0,50,50.0,0.0196078431372549,5.0,ok,15.198625266650867,26,0.27670648324119573,0.7072847797541597,True,,True,1.0,0.215,0.003952569169960474,,True,1.0,0.215,0.003952569169960474,15.198625266650867,1.0,1.0,50,henon,core:00542,False,False,assessed,ok,1.0,,True,1.0,0.0,0.0,0.0,0.0,256,11.776095976999386,,
0.0,0.5,446.22,100.26000000000002,20260823,,0.2363865856590753,2446859969,4.0,False,core,False,11.0,96,0.1022538566405816,0.6734221797586816,,16.0,3.0,True,False,one_sample,253,2519.0,0,50,50.0,0.0196078431372549,29.9824448820576,ok,4.450628366247755,27,0.2429454882963043,0.7301732189713616,True,,True,1.0,0.09,0.003952569169960474,,True,1.0,0.09,0.003952569169960474,4.450628366247755,1.0,1.0,50,henon,core:00543,False,False,assessed,ok,1.0,,True,1.0,0.0,0.0,0.0,0.0,256,12.52793947400005,,
0.0,0.5,532.24,95.89000000000001,20260823,,0.2415718730800544,955981557,4.0,False,core,False,8.0,179,0.13578875527516607,0.6337754729390646,,11.0,3.0,True,False,one_sample,253,2517.0,0,50,50.0,0.0196078431372549,16.52200773091297,ok,5.550526645114193,28,0.257270621411468,0.7206180519285789,True,,True,1.0,0.11,0.003952569169960474,,True,1.0,0.11,0.003952569169960474,5.550526645114193,1.0,1.0,50,henon,core:00544,False,False,assessed,ok,1.0,,True,1.0,0.0,0.0,0.0,0.0,256,9.692436520000228,,
0.0,0.5,584.76,83.4,20260823,,0.23430953767892887,874063825,4.0,False,core,False,9.0,176,0.12144484413360489,0.6235067804312646,,10.0,3.0,True,False,one_sample,253,2518.0,0,50,50.0,0.0196078431372549,19.119961869860035,ok,7.011510791366906,29,0.2610878335909278,0.7194381866739806,True,,True,1.0,0.115,0.003952569169960474,,True,1.0,0.115,0.003952569169960474,7.011510791366906,1.0,1.0,50,henon,core:00545,False,False,assessed,ok,1.0,,True,1.0,0.0,0.0,0.0,0.0,256,8.598340337999616,,
,,,,20260823,,,1413287065,,False,core,True,13.0,500,,,insufficient divergence points,1.0,1.0,False,False,one_sample,0,,1,50,,,,,,0,1.3773813347884467,4.440892098500626e-16,False,,True,,,,,True,,,,,,,50,constant,core:00546,True,False,not_assessed_detector_failure,constant_data,,,False,,,,,,512,0.7704707220000273,,
,,,,20260823,,,2508222165,,False,core,True,13.0,500,,,insufficient divergence points,1.0,1.0,False,False,one_sample,0,,1,50,,,,,,1,1.1290555198453445,2.220446049250313e-16,False,,True,,,,,True,,,,,,,50,constant,core:00547,True,False,not_assessed_detector_failure,constant_data,,,False,,,,,,512,0.7203978269999425,,
,,,,20260823,,,1109628126,,False,core,True,13.0,500,,,insufficient divergence points,1.0,1.0,False,False,one_sample,0,,1,50,,,,,,2,0.9154763875244568,1.1102230246251565e-16,False,,True,,,,,True,,,,,,,50,constant,core:00548,True,False,not_assessed_detector_failure,constant_data,,,False,,,,,,512,0.6855793189997712,,
0.06,0.5,886.0999999999999,409.69999999999993,20260823,,0.9229046537717709,2071745167,9.0,False,core,False,9.0,480,0.0675417914178112,0.09940302324300232,,4.0,4.0,True,False,one_sample,504,5030.0,0,50,50.0,0.0784313725490196,5.0,ok,2.1628020502806935,0,0.020855128694224866,0.9537033649530133,True,,True,0.0,0.0,0.0,,True,1.0,1.0,0.001984126984126984,2.1628020502806935,1.0,1.0,50,white_noise,core:00549,False,False,assessed,ok,1.0,,True,1.0,0.0,0.0,0.0,0.0,512,34.939567372000056,,
0.32,0.5,518.4200000000001,392.27000000000004,20260823,,1.2395595233384815,3135499924,10.0,False,core,False,10.0,476,0.05538096774195176,0.07856831988183532,,4.0,4.0,True,False,one_sample,503,5020.0,0,50,50.0,0.3333333333333333,5.0,ok,1.3215897213653862,1,-0.03799335554366741,0.9403855551541423,True,,True,0.0,0.0,0.0,,True,2.0,1.0,0.003976143141153081,1.3215897213653862,2.0,2.0,50,white_noise,core:00550,False,False,assessed,ok,1.0,,True,2.0,0.0,0.0,0.0,0.0,512,37.67477786499967,,
0.04,0.5,788.92,382.79999999999995,20260823,,1.2020794928599203,434106462,9.0,False,core,False,9.0,488,0.09956354384208889,0.2361602218557457,,3.0,4.0,True,False,one_sample,504,5030.0,0,50,50.0,0.058823529411764705,5.0,ok,2.060919540229885,2,-0.023773200055215535,0.9982135817395547,True,,True,0.0,0.0,0.0,,True,1.0,1.0,0.001984126984126984,2.060919540229885,1.0,1.0,50,white_noise,core:00551,False,False,assessed,ok,1.0,,True,1.0,0.0,0.0,0.0,0.0,512,34.348038006000024,,
0.26,0.5,656.4000000000001,461.94000000000005,20260823,,1.3410673372504802,3667009141,10.0,False,core,False,11.0,482,0.09358166615422611,0.2094200575736046,,3.0,4.0,True,False,one_sample,503,5020.0,0,50,50.0,0.27450980392156865,5.0,ok,1.420963761527471,3,0.02327530324614694,1.0153909339807983,True,,True,0.0,0.0,0.0,,True,2.0,1.0,0.003976143141153081,1.420963761527471,2.0,2.0,50,white_noise,core:00552,False,False,assessed,ok,1.0,,True,2.0,0.0,0.0,0.0,0.0,512,36.832174486999975,,
0.04,0.5,672.68,369.85999999999996,20260823,,0.8959889514864918,1917030113,7.0,False,core,False,11.0,452,0.10489925523276332,0.4200665690783578,,6.0,4.0,True,False,one_sample,506,5050.0,0,50,50.0,0.058823529411764705,5.0,ok,1.8187422267885147,4,-0.012277630917602967,1.0021721709898317,True,,True,1.0,1.0,0.001976284584980237,,True,1.0,1.0,0.001976284584980237,1.8187422267885147,1.0,1.0,50,white_noise,core:00553,False,False,assessed,ok,1.0,,True,1.0,0.0,0.0,0.0,0.0,512,28.648234001000674,,
0.04,0.5,741.82,409.05000000000007,20260823,,1.0967117806656075,1645824943,9.0,False,core,False,8.0,484,0.07383897362176169,0.10823224286723643,,4.0,4.0,True,False,one_sample,504,5030.0,0,50,50.0,0.058823529411764705,5.0,ok,1.8135191296907467,5,0.019514243755827318,0.9839565780387219,True,,True,1.0,1.0,0.001984126984126984,,True,2.0,1.0,0.003968253968253968,1.8135191296907467,2.0,2.0,50,white_noise,core:00554,False,False,assessed,ok,1.0,,True,2.0,0.0,0.0,0.0,0.0,512,34.02775225299956,,
0.06,0.5,914.4000000000001,374.11,20260823,,1.258634722413705,3832366183,10.0,False,core,False,10.0,449,0.10566897035392651,0.396165344868167,,7.0,4.0,True,False,one_sample,503,5020.0,0,50,50.0,0.0784313725490196,5.0,ok,2.444200903477587,6,0.026655512033268,1.0538681660057827,True,,True,0.0,0.0,0.0,,True,1.0,1.0,0.0019880715705765406,2.444200903477587,1.0,1.0,50,white_noise,core:00555,False,False,assessed,ok,1.0,,True,1.0,0.0,0.0,0.0,0.0,512,37.95783060800022,,
0.94,0.5,160.33999999999992,361.09,20260823,,0.8711101368283862,710301347,8.0,False,core,False,9.0,488,0.10166485600877143,0.22935109238610418,,3.0,4.0,True,False,one_sample,505,5040.0,0,50,50.0,0.9411764705882353,5.0,ok,0.4440444210584617,7,-0.03033953066818388,0.9673813770082579,True,,True,0.0,0.0,0.0,,True,1.0,1.0,0.0019801980198019802,0.4440444210584617,1.0,1.0,50,white_noise,core:00556,False,False,assessed,ok,1.0,,True,1.0,0.0,0.0,0.0,0.0,512,31.615559138000208,,
0.04,0.5,788.26,407.40999999999997,20260823,,1.2404611032874913,1220071266,10.0,False,core,False,11.0,472,0.05204407400969978,0.07725137607778254,,4.0,4.0,True,False,one_sample,503,5020.0,0,50,50.0,0.058823529411764705,5.0,ok,1.9348076875874427,8,0.07030767019294024,0.9848726352672654,True,,True,1.0,1.0,0.0019880715705765406,,True,1.0,1.0,0.0019880715705765406,1.9348076875874427,1.0,1.0,50,white_noise,core:00557,False,False,assessed,ok,1.0,,True,1.0,0.0,0.0,0.0,0.0,512,37.28353149600025,,
0.18,0.5,604.6600000000001,445.11,20260823,,1.1606848322622703,4150907601,10.0,False,core,False,7.0,494,0.12445625734985757,0.24116320484295295,,3.0,4.0,True,False,one_sample,503,5020.0,0,50,50.0,0.19607843137254902,5.0,ok,1.3584507200467302,9,0.05173149113078229,0.9667905875082226,True,,True,0.0,0.0,0.0,,True,1.0,1.0,0.0019880715705765406,1.3584507200467302,1.0,1.0,50,white_noise,core:00558,False,False,assessed,ok,1.0,,True,1.0,0.0,0.0,0.0,0.0,512,36.92588281099961,,
0.06,0.5,706.3,401.22,20260823,,1.144929308350482,2831544600,9.0,False,core,False,8.0,491,0.1085320583262159,0.24303871269194177,,3.0,4.0,True,False,one_sample,504,5030.0,0,50,50.0,0.0784313725490196,5.0,ok,1.7603808384427493,10,0.014819894493979673,1.0072902173320604,True,,True,0.0,0.0,0.0,,True,1.0,1.0,0.001984126984126984,1.7603808384427493,1.0,1.0,50,white_noise,core:00559,False,False,assessed,ok,1.0,,True,1.0,0.0,0.0,0.0,0.0,512,36.722923325999545,,
0.04,0.5,908.9000000000001,377.6,20260823,,1.2008234049511293,3991440511,9.0,False,core,True,13.0,476,0.07943031930232936,0.21318033924680813,,3.0,4.0,True,False,one_sample,504,5030.0,0,50,50.0,0.058823529411764705,5.0,ok,2.407044491525424,11,-0.006750845039869604,0.9794307691393791,True,,True,1.0,1.0,0.001984126984126984,,True,2.0,1.0,0.003968253968253968,2.407044491525424,2.0,2.0,50,white_noise,core:00560,False,False,assessed,ok,1.0,,True,2.0,0.0,0.0,0.0,0.0,512,36.822387014000014,,
0.06,0.5,762.92,438.64,20260823,,0.874646066681505,483717695,8.0,False,core,False,9.0,488,0.10635267022901909,0.2390476020392477,,3.0,4.0,True,False,one_sample,505,5040.0,0,50,50.0,0.0784313725490196,5.0,ok,1.7392850629217582,12,-0.01716254693438359,0.9568051200241713,True,,True,0.0,0.0,0.0,,True,1.0,1.0,0.0019801980198019802,1.7392850629217582,1.0,1.0,50,white_noise,core:00561,False,False,assessed,ok,1.0,,True,1.0,0.0,0.0,0.0,0.0,512,32.70437797900013,,
0.6,0.5,290.52,315.85999999999996,20260823,,0.9146439863666672,548499075,8.0,False,core,False,9.0,480,0.06185746113862569,0.08503793589182218,,4.0,4.0,True,False,one_sample,505,5040.0,0,50,50.0,0.6078431372549019,5.0,ok,0.9197745836763124,13,-0.009826807042952735,0.9817680595114209,True,,True,0.0,0.0,0.0,,True,1.0,1.0,0.0019801980198019802,0.9197745836763124,1.0,1.0,50,white_noise,core:00562,False,False,assessed,ok,1.0,,True,1.0,0.0,0.0,0.0,0.0,512,32.69256099099948,,
0.96,0.5,154.89999999999998,427.04999999999995,20260823,,1.0399065635341493,1926432866,11.0,False,core,False,9.0,488,0.10326576080711825,0.22741990829712866,,3.0,4.0,True,False,one_sample,502,5010.0,0,50,50.0,0.9607843137254902,5.0,ok,0.36272099285797915,14,-0.013619575506432585,1.0690308350515552,True,,True,0.0,0.0,0.0,,True,1.0,1.0,0.00199203187250996,0.36272099285797915,1.0,1.0,50,white_noise,core:00563,False,False,assessed,ok,1.0,,True,1.0,0.0,0.0,0.0,0.0,512,40.13213745400026,,
0.28,0.5,431.29999999999995,370.81,20260823,,0.9616009518965538,292014864,8.0,False,core,False,10.0,458,0.11045825252209857,0.402445446434162,,6.0,4.0,True,False,one_sample,505,5040.0,0,50,50.0,0.29411764705882354,5.0,ok,1.1631293654432189,15,-0.03771732485683508,1.004633537126072,True,,True,0.0,0.0,0.0,,True,3.0,1.0,0.005940594059405941,1.1631293654432189,3.0,3.0,50,white_noise,core:00564,False,False,assessed,ok,1.0,,True,3.0,0.0,0.0,0.0,0.0,512,31.83186983899941,,
0.5,0.5,479.46000000000004,479.45,20260823,,1.116976113383433,3502272800,10.0,False,core,False,11.0,472,0.053600692059867755,0.07750049791432112,,4.0,4.0,True,False,one_sample,503,5020.0,0,50,50.0,0.5098039215686274,5.0,ok,1.0000208572322453,16,0.007785917235107007,0.96625302511605,True,,True,0.0,0.0,0.0,,True,1.0,1.0,0.0019880715705765406,1.0000208572322453,1.0,1.0,50,white_noise,core:00565,False,False,assessed,ok,1.0,,True,1.0,0.0,0.0,0.0,0.0,512,36.382856978000746,,
0.48,0.5,405.6,393.89000000000004,20260823,,1.064827751998501,1902969848,8.0,False,core,True,13.0,452,0.010976739699174858,0.003936682533817959,,5.0,4.0,True,False,one_sample,505,5040.0,0,50,50.0,0.49019607843137253,5.0,ok,1.029729112188682,17,0.04133503605021338,0.9710673553267168,True,,True,0.0,0.0,0.0,,True,1.0,1.0,0.0019801980198019802,1.029729112188682,1.0,1.0,50,white_noise,core:00566,False,False,assessed,ok,1.0,,True,1.0,0.0,0.0,0.0,0.0,512,31.678434553000443,,
0.16,0.5,549.8199999999999,356.92,20260823,,0.8859800208691202,3518102835,8.0,False,core,False,8.0,491,0.11353559226853771,0.2342111424554636,,3.0,4.0,True,False,one_sample,505,5040.0,0,50,50.0,0.17647058823529413,5.0,ok,1.54045724532108,18,-0.04709533031212546,1.0329675151507334,True,,True,0.0,0.0,0.0,,True,1.0,1.0,0.0019801980198019802,1.54045724532108,1.0,1.0,50,white_noise,core:00567,False,False,assessed,ok,1.0,,True,1.0,0.0,0.0,0.0,0.0,512,30.436939581999468,,
0.98,0.5,113.34000000000003,441.8399999999999,20260823,,1.0909998508251153,1221889450,10.0,False,core,True,13.0,464,0.04418296566408896,0.07548250405452817,,4.0,4.0,True,False,one_sample,503,5020.0,0,50,50.0,0.9803921568627451,5.0,ok,0.2565181966322652,19,0.00035836041505648945,1.0106761593796114,True,,True,0.0,0.0,0.0,,True,2.0,1.0,0.003976143141153081,0.2565181966322652,2.0,2.0,50,white_noise,core:00568,False,False,assessed,ok,1.0,,True,2.0,0.0,0.0,0.0,0.0,512,37.54697229999965,,
,,,,20260823,,,2736138863,13.0,True,core,False,11.0,472,0.05040505944955247,0.0704156074309551,,4.0,4.0,True,False,one_sample,0,,0,50,,,,,,20,-0.017226008277937487,1.0844597716957671,False,,True,,,,,True,,,,,,,50,white_noise,core:00569,True,False,not_assessed_detector_failure,embedding_not_saturated,1.0,,False,,,,,,512,3.63014789799945,,
0.14,0.5,595.1,458.21000000000004,20260823,,1.1725837209978989,1518221436,9.0,False,core,False,7.0,494,0.12640803213086757,0.24678602322417775,,3.0,4.0,True,False,one_sample,504,5030.0,0,50,50.0,0.1568627450980392,5.0,ok,1.2987494816787062,21,0.007090599147198302,1.001096638438682,True,,True,0.0,0.0,0.0,,True,4.0,1.0,0.007936507936507936,1.2987494816787062,4.0,4.0,50,white_noise,core:00570,False,False,assessed,ok,1.0,,True,4.0,0.0,0.0,0.0,0.0,512,33.44382850599959,,
0.16,0.5,607.68,392.84999999999997,20260823,,0.802674201366467,126886803,8.0,False,core,False,11.0,472,0.05059682165459669,0.06793942761347149,,4.0,4.0,True,False,one_sample,505,5040.0,0,50,50.0,0.17647058823529413,5.0,ok,1.5468499427262314,22,-0.06682925341298802,0.9868784923781917,True,,True,0.0,0.0,0.0,,True,1.0,1.0,0.0019801980198019802,1.5468499427262314,1.0,1.0,50,white_noise,core:00571,False,False,assessed,ok,1.0,,True,1.0,0.0,0.0,0.0,0.0,512,32.16555917599999,,
0.3,0.5,571.2,388.18,20260823,,1.1972630224985994,2709806819,10.0,False,core,False,9.0,480,0.06317163227201028,0.08883173650984955,,4.0,4.0,True,False,one_sample,503,5020.0,0,50,50.0,0.3137254901960784,5.0,ok,1.471482302024834,23,-0.009619529000952746,1.031661780227971,True,,True,0.0,0.0,0.0,,True,1.0,1.0,0.0019880715705765406,1.471482302024834,1.0,1.0,50,white_noise,core:00572,False,False,assessed,ok,1.0,,True,1.0,0.0,0.0,0.0,0.0,512,37.43529332600065,,
0.64,0.5,289.22,328.32,20260823,,1.1510020761852295,3685351631,8.0,False,core,False,9.0,456,0.12138240482215168,0.43601612647242927,,7.0,4.0,True,False,one_sample,505,5040.0,0,50,50.0,0.6470588235294118,5.0,ok,0.8809088693957116,24,0.061266629968570976,0.9481421130502731,True,,True,0.0,0.0,0.0,,True,1.0,1.0,0.0019801980198019802,0.8809088693957116,1.0,1.0,50,white_noise,core:00573,False,False,assessed,ok,1.0,,True,1.0,0.0,0.0,0.0,0.0,512,29.343135914000413,,
0.94,0.5,208.46000000000004,465.79999999999995,20260823,,1.3117809529738595,3336293822,10.0,False,core,False,9.0,480,0.06426463336695729,0.08306106865863083,,4.0,4.0,True,False,one_sample,503,5020.0,0,50,50.0,0.9411764705882353,5.0,ok,0.4475311292400173,25,-0.06079767302072309,1.025765621032636,True,,True,0.0,0.0,0.0,,True,2.0,1.0,0.003976143141153081,0.4475311292400173,2.0,2.0,50,white_noise,core:00574,False,False,assessed,ok,1.0,,True,2.0,0.0,0.0,0.0,0.0,512,37.08639334700001,,
0.08,0.5,787.26,452.18000000000006,20260823,,1.2950153800337163,428156085,10.0,False,core,False,11.0,462,0.016212770422377322,0.008130939754993793,,5.0,4.0,True,False,one_sample,503,5020.0,0,50,50.0,0.09803921568627451,5.0,ok,1.7410323322570656,26,-0.002718811210605375,0.988366582041189,True,,True,0.0,0.0,0.0,,True,2.0,1.0,0.003976143141153081,1.7410323322570656,2.0,2.0,50,white_noise,core:00575,False,False,assessed,ok,1.0,,True,2.0,0.0,0.0,0.0,0.0,512,36.09814727699995,,
0.68,0.5,318.94,363.62,20260823,,1.03963621690544,1957177375,8.0,False,core,False,9.0,488,0.10228650849925935,0.2319599597700006,,3.0,4.0,True,False,one_sample,505,5040.0,0,50,50.0,0.6862745098039216,5.0,ok,0.877124470601177,27,-0.05248333036734638,0.976238360277834,True,,True,0.0,0.0,0.0,,True,2.0,1.0,0.0039603960396039604,0.877124470601177,2.0,2.0,50,white_noise,core:00576,False,False,assessed,ok,1.0,,True,2.0,0.0,0.0,0.0,0.0,512,29.939837163999982,,
0.94,0.5,245.27999999999997,438.24,20260823,,1.0668278997723668,3481476856,8.0,False,core,False,10.0,431,0.10965999438801792,0.4332346505911714,,9.0,4.0,True,False,one_sample,505,5040.0,0,50,50.0,0.9411764705882353,5.0,ok,0.5596933187294633,28,0.05737932884939761,1.0744051563624655,True,,True,0.0,0.0,0.0,,True,2.0,1.0,0.0039603960396039604,0.5596933187294633,2.0,2.0,50,white_noise,core:00577,False,False,assessed,ok,1.0,,True,2.0,0.0,0.0,0.0,0.0,512,28.34262689300067,,
0.56,0.5,373.29999999999995,390.15999999999997,20260823,,0.9254617416405209,1365463445,8.0,False,core,False,9.0,480,0.06384198788400731,0.09640346442330705,,4.0,4.0,True,False,one_sample,505,5040.0,0,50,50.0,0.5686274509803921,5.0,ok,0.9567869591962271,29,-0.010976775465921768,0.9858108034910793,True,,True,0.0,0.0,0.0,,True,1.0,1.0,0.0019801980198019802,0.9567869591962271,1.0,1.0,50,white_noise,core:00578,False,False,assessed,ok,1.0,,True,1.0,0.0,0.0,0.0,0.0,512,31.36460225600058,,
0.16,0.5,794.08,437.05999999999995,20260823,,1.2727387853412677,1915564456,10.0,False,core,False,9.0,464,0.12450613669873994,0.44804992292786805,,6.0,4.0,True,False,one_sample,503,5020.0,0,50,50.0,0.17647058823529413,5.0,ok,1.8168672493479159,30,-0.0074404780356865305,1.007709376649002,True,,True,0.0,0.0,0.0,,True,2.0,1.0,0.003976143141153081,1.8168672493479159,2.0,2.0,50,white_noise,core:00579,False,False,assessed,ok,1.0,,True,2.0,0.0,0.0,0.0,0.0,512,36.36574517600002,,
0.76,0.5,229.26,307.34000000000003,20260823,,1.0198708264293652,1115422173,8.0,False,core,False,8.0,477,0.02663876366350699,0.013950876472496931,,5.0,4.0,True,False,one_sample,505,5040.0,0,50,50.0,0.7647058823529411,5.0,ok,0.7459491117329341,31,-0.042456371958133746,1.0002338152097714,True,,True,0.0,0.0,0.0,,True,2.0,1.0,0.0039603960396039604,0.7459491117329341,2.0,2.0,50,white_noise,core:00580,False,False,assessed,ok,1.0,,True,2.0,0.0,0.0,0.0,0.0,512,31.267735069000082,,
0.44,0.5,400.98,364.63000000000005,20260823,,1.0264637983455134,3012957279,8.0,False,core,False,10.0,485,0.09391051051696321,0.21157935509575987,,3.0,4.0,True,False,one_sample,505,5040.0,0,50,50.0,0.45098039215686275,5.0,ok,1.0996900968104653,32,-0.09102651001812417,0.9734261366064308,True,,True,0.0,0.0,0.0,,True,2.0,1.0,0.0039603960396039604,1.0996900968104653,2.0,2.0,50,white_noise,core:00581,False,False,assessed,ok,1.0,,True,2.0,0.0,0.0,0.0,0.0,512,30.545692228999542,,
0.92,0.5,199.22000000000003,402.43000000000006,20260823,,0.803081822943075,3969724946,7.0,False,core,False,10.0,467,0.022043299059890692,0.012204458014142938,,5.0,4.0,True,False,one_sample,506,5050.0,0,50,50.0,0.9215686274509803,5.0,ok,0.49504261610714906,33,-0.008525181567505785,0.9923141792388392,True,,True,0.0,0.0,0.0,,True,3.0,1.0,0.005928853754940711,0.49504261610714906,3.0,3.0,50,white_noise,core:00582,False,False,assessed,ok,1.0,,True,3.0,0.0,0.0,0.0,0.0,512,26.686704892999842,,
0.74,0.5,258.4200000000001,397.05,20260823,,1.0960751480487687,657780301,9.0,False,core,False,9.0,480,0.058888169001624725,0.0793731694898917,,4.0,4.0,True,False,one_sample,504,5030.0,0,50,50.0,0.7450980392156863,5.0,ok,0.6508500188893088,34,0.014042111017989299,0.983055823731102,True,,True,0.0,0.0,0.0,,True,1.0,1.0,0.001984126984126984,0.6508500188893088,1.0,1.0,50,white_noise,core:00583,False,False,assessed,ok,1.0,,True,1.0,0.0,0.0,0.0,0.0,512,33.578545825999754,,
0.34,0.5,487.70000000000005,401.08000000000004,20260823,,0.969244563208329,449484918,9.0,False,core,False,10.0,467,0.020544807250685325,0.011167949482246198,,5.0,4.0,True,False,one_sample,504,5030.0,0,50,50.0,0.35294117647058826,5.0,ok,1.2159668893986237,35,0.05383794483014833,0.9192270206451856,True,,True,0.0,0.0,0.0,,True,1.0,1.0,0.001984126984126984,1.2159668893986237,1.0,1.0,50,white_noise,core:00584,False,False,assessed,ok,1.0,,True,1.0,0.0,0.0,0.0,0.0,512,33.96088926599987,,
0.08,0.5,956.9,452.82000000000005,20260823,,1.3182740262799486,4274508659,10.0,False,core,False,8.0,470,0.1266375849045842,0.3911098845113873,,6.0,4.0,True,False,one_sample,503,5020.0,0,50,50.0,0.09803921568627451,5.0,ok,2.113201713705225,36,-0.05791795731284864,1.032273018086666,True,,True,0.0,0.0,0.0,,True,2.0,1.0,0.003976143141153081,2.113201713705225,2.0,2.0,50,white_noise,core:00585,False,False,assessed,ok,1.0,,True,2.0,0.0,0.0,0.0,0.0,512,36.32064307099972,,
0.28,0.5,525.8,366.92,20260823,,1.0411833014424854,1904149709,9.0,False,core,False,11.0,482,0.08735380145969465,0.22374664443090742,,3.0,4.0,True,False,one_sample,504,5030.0,0,50,50.0,0.29411764705882354,5.0,ok,1.4330099204186197,37,0.03563125618577823,1.0157389045646605,True,,True,0.0,0.0,0.0,,True,2.0,1.0,0.003968253968253968,1.4330099204186197,2.0,2.0,50,white_noise,core:00586,False,False,assessed,ok,1.0,,True,2.0,0.0,0.0,0.0,0.0,512,33.69972366899947,,
0.9,0.5,197.08000000000004,366.61000000000007,20260823,,0.883152707426238,3554553957,7.0,False,core,False,7.0,464,0.14578417518996328,0.4295268302009736,,8.0,4.0,True,False,one_sample,506,5050.0,0,50,50.0,0.9019607843137255,5.0,ok,0.5375739887073457,38,0.021203147565040714,0.9852958576917764,True,,True,0.0,0.0,0.0,,True,1.0,1.0,0.001976284584980237,0.5375739887073457,1.0,1.0,50,white_noise,core:00587,False,False,assessed,ok,1.0,,True,1.0,0.0,0.0,0.0,0.0,512,29.13491321499987,,
0.48,0.5,388.20000000000005,384.91999999999996,20260823,,1.0574342355786372,1482552165,8.0,False,core,False,10.0,458,0.10522650874904477,0.39678360170176763,,6.0,4.0,True,False,one_sample,505,5040.0,0,50,50.0,0.49019607843137253,5.0,ok,1.0085212511690744,39,0.008800951893140542,0.9822567322866361,True,,True,0.0,0.0,0.0,,True,1.0,1.0,0.0019801980198019802,1.0085212511690744,1.0,1.0,50,white_noise,core:00588,False,False,assessed,ok,1.0,,True,1.0,0.0,0.0,0.0,0.0,512,31.825088118000167,,
0.02,0.5,1006.6199999999999,374.20000000000005,20260823,,0.8956022340833847,3716758562,8.0,False,core,False,9.0,480,0.06233696676743919,0.08606824617606301,,4.0,4.0,True,False,one_sample,505,5040.0,0,50,50.0,0.0392156862745098,5.0,ok,2.690058792089791,40,0.015714327342741245,0.9948672375924481,True,,True,1.0,1.0,0.0019801980198019802,,True,1.0,1.0,0.0019801980198019802,2.690058792089791,1.0,1.0,50,white_noise,core:00589,False,False,assessed,ok,1.0,,True,1.0,0.0,0.0,0.0,0.0,512,28.018995566999365,,
0.6,0.5,404.38,469.52,20260823,,1.2080704398874942,3713593600,11.0,False,core,False,9.0,440,0.12205796289177359,0.44362570727446815,,9.0,4.0,True,False,one_sample,502,5010.0,0,50,50.0,0.6078431372549019,5.0,ok,0.8612625660248765,41,-0.005110086149064556,1.0250338179371346,True,,True,0.0,0.0,0.0,,True,1.0,1.0,0.00199203187250996,0.8612625660248765,1.0,1.0,50,white_noise,core:00590,False,False,assessed,ok,1.0,,True,1.0,0.0,0.0,0.0,0.0,512,38.898362029000054,,
0.94,0.5,224.2,392.15999999999997,20260823,,0.8608493153663452,387484756,8.0,False,core,False,11.0,472,0.055235326844464326,0.07756809569220458,,4.0,4.0,True,False,one_sample,505,5040.0,0,50,50.0,0.9411764705882353,5.0,ok,0.5717054263565892,42,0.061767957916843884,0.9938453470514241,True,,True,0.0,0.0,0.0,,True,1.0,1.0,0.0019801980198019802,0.5717054263565892,1.0,1.0,50,white_noise,core:00591,False,False,assessed,ok,1.0,,True,1.0,0.0,0.0,0.0,0.0,512,31.29816124700028,,
0.22,0.5,503.03999999999996,360.63,20260823,,1.0327144098102425,2972034226,8.0,False,core,False,10.0,458,0.11148559540950134,0.4452817785168235,,6.0,4.0,True,False,one_sample,505,5040.0,0,50,50.0,0.23529411764705882,5.0,ok,1.3948922718575825,43,-0.06848187366086521,0.9868199785773706,True,,True,0.0,0.0,0.0,,True,2.0,1.0,0.0039603960396039604,1.3948922718575825,2.0,2.0,50,white_noise,core:00592,False,False,assessed,ok,1.0,,True,2.0,0.0,0.0,0.0,0.0,512,31.716881893999926,,
0.42,0.5,539.74,433.32000000000005,20260823,,1.0601605659536886,2967585788,9.0,False,core,False,11.0,472,0.05353236327762963,0.08051600915198742,,4.0,4.0,True,False,one_sample,504,5030.0,0,50,50.0,0.43137254901960786,5.0,ok,1.2455921720668326,44,0.06103567193705938,1.0270911901186606,True,,True,0.0,0.0,0.0,,True,3.0,1.0,0.005952380952380952,1.2455921720668326,3.0,3.0,50,white_noise,core:00593,False,False,assessed,ok,1.0,,True,3.0,0.0,0.0,0.0,0.0,512,33.668523634999474,,
0.52,0.5,440.22,459.89000000000004,20260823,,0.9235737539112305,1382208044,9.0,False,core,False,9.0,472,0.023988010914493367,0.013161673850409117,,5.0,4.0,True,False,one_sample,504,5030.0,0,50,50.0,0.5294117647058824,5.0,ok,0.9572289025636564,45,0.005746304737928493,1.0126070187202896,True,,True,0.0,0.0,0.0,,True,1.0,1.0,0.001984126984126984,0.9572289025636564,1.0,1.0,50,white_noise,core:00594,False,False,assessed,ok,1.0,,True,1.0,0.0,0.0,0.0,0.0,512,33.51309452299938,,
0.7,0.5,306.55999999999995,394.74,20260823,,0.9764246322307208,3550555658,9.0,False,core,False,10.0,458,0.1141608717534116,0.46199013503234143,,6.0,4.0,True,False,one_sample,504,5030.0,0,50,50.0,0.7058823529411765,5.0,ok,0.7766124537670364,46,-0.041272279315367005,0.9847830791059652,True,,True,0.0,0.0,0.0,,True,1.0,1.0,0.001984126984126984,0.7766124537670364,1.0,1.0,50,white_noise,core:00595,False,False,assessed,ok,1.0,,True,1.0,0.0,0.0,0.0,0.0,512,34.15764169000067,,
0.66,0.5,314.82,464.62,20260823,,1.4143305523804215,3969220420,10.0,False,core,False,11.0,482,0.08929050584859675,0.22101364405757806,,3.0,4.0,True,False,one_sample,503,5020.0,0,50,50.0,0.6666666666666666,5.0,ok,0.6775859842451896,47,0.0786116490770293,1.044553272172315,True,,True,0.0,0.0,0.0,,True,1.0,1.0,0.0019880715705765406,0.6775859842451896,1.0,1.0,50,white_noise,core:00596,False,False,assessed,ok,1.0,,True,1.0,0.0,0.0,0.0,0.0,512,35.955756973999996,,
0.3,0.5,483.0,377.39,20260823,,1.1101612723657905,2512330516,9.0,False,core,False,8.0,470,0.12269280389320186,0.4141585491625587,,6.0,4.0,True,False,one_sample,504,5030.0,0,50,50.0,0.3137254901960784,5.0,ok,1.2798431330983864,48,-0.02020962291049529,1.0203318862915052,True,,True,0.0,0.0,0.0,,True,2.0,1.0,0.003968253968253968,1.2798431330983864,2.0,2.0,50,white_noise,core:00597,False,False,assessed,ok,1.0,,True,2.0,0.0,0.0,0.0,0.0,512,33.85670544700042,,
0.48,0.5,322.53999999999996,319.13,20260823,,0.9527358394410526,2113417732,7.0,False,core,False,10.0,422,0.10695202562443404,0.4071813830672394,,10.0,4.0,True,False,one_sample,506,5050.0,0,50,50.0,0.5098039215686274,5.0,ok,1.0106853006611725,49,-0.02129452896859738,0.9738339433801668,True,,True,0.0,0.0,0.0,,True,1.0,1.0,0.001976284584980237,1.0106853006611725,1.0,1.0,50,white_noise,core:00598,False,False,assessed,ok,1.0,,True,1.0,0.0,0.0,0.0,0.0,512,26.851971750999837,,
0.4,0.5,502.3,427.15999999999997,20260823,,0.6283005070971639,4135720321,8.0,False,core,False,9.0,424,0.13478311499920356,0.7856079846280255,,11.0,13.0,True,False,one_sample,505,5040.0,0,50,50.0,0.4117647058823529,179.35297061519805,ok,1.1759059837063397,0,-0.17760372501744875,1.617814603228088,True,,True,0.0,0.0,0.0,,True,5.0,0.985,0.009900990099009901,1.1759059837063397,5.0,5.0,50,ar1,core:00599,False,False,assessed,ok,1.0,,True,5.0,0.0,0.0,0.0,0.0,512,29.605778952000037,,
0.54,0.5,520.1,525.9499999999999,20260823,,0.9407244531068867,3364887415,10.0,False,core,False,8.0,463,0.13959534747694183,0.6015660098701501,,7.0,11.0,True,False,one_sample,503,5020.0,0,50,50.0,0.5490196078431373,113.69400376112658,ok,0.9888772697024434,1,-0.22299950523655276,1.4867523334233457,True,,True,0.0,0.0,0.0,,True,3.0,1.0,0.005964214711729622,0.9888772697024434,3.0,3.0,50,ar1,core:00600,False,False,assessed,ok,1.0,,True,3.0,0.0,0.0,0.0,0.0,512,36.114836842999466,,
0.82,0.5,351.9,508.25,20260823,,0.7877279590376662,2831086374,10.0,False,core,False,7.0,434,0.16863743915686033,0.7793605698101704,,13.0,14.0,True,False,one_sample,503,5020.0,0,50,50.0,0.8235294117647058,5.0,ok,0.6923757993113625,2,-0.3452339648460342,1.685414051366182,True,,True,0.0,0.0,0.0,,True,4.0,1.0,0.007952286282306162,0.6923757993113625,4.0,4.0,50,ar1,core:00601,False,False,assessed,ok,1.0,,True,4.0,0.0,0.0,0.0,0.0,512,36.682630172000245,,
0.16,0.5,711.68,493.39000000000004,20260823,,0.8157695035475745,3109876745,10.0,False,core,False,9.0,472,0.03122249804345976,0.05928232045435877,,5.0,12.0,True,False,one_sample,503,5020.0,0,50,50.0,0.17647058823529413,29.36912617963124,ok,1.4424289101927479,3,0.008514468058495497,1.5701612200130126,True,,True,0.0,0.0,0.0,,True,3.0,1.0,0.005964214711729622,1.4424289101927479,3.0,3.0,50,ar1,core:00602,False,False,assessed,ok,1.0,,True,3.0,0.0,0.0,0.0,0.0,512,36.171991444000014,,
0.48,0.5,481.62,465.37,20260823,,0.9614610132217446,2607078973,9.0,False,core,False,7.0,476,0.12153119461818285,0.4242999274552368,,6.0,10.0,True,False,one_sample,504,5030.0,0,50,50.0,0.49019607843137253,144.62003070442958,ok,1.0349184519844425,4,0.035954624484705114,1.5405323422496984,True,,True,0.0,0.0,0.0,,True,3.0,1.0,0.005952380952380952,1.0349184519844425,3.0,3.0,50,ar1,core:00603,False,False,assessed,ok,1.0,,True,3.0,0.0,0.0,0.0,0.0,512,32.66107346700028,,
1.0,0.5,209.7,532.97,20260823,,0.6691057862993159,433602908,8.0,False,core,False,8.0,449,0.14281983926906097,0.7296299228324488,,9.0,13.0,True,False,one_sample,505,5040.0,0,50,50.0,1.0,64.4248188269281,ok,0.39345554158770657,5,0.24899073221821236,1.5769740219747235,True,,True,0.0,0.0,0.0,,True,5.0,1.0,0.009900990099009901,0.39345554158770657,5.0,5.0,50,ar1,core:00604,False,False,assessed,ok,1.0,,True,5.0,0.0,0.0,0.0,0.0,512,31.767102048999732,,
0.72,0.5,324.5,391.52,20260823,,0.5283182579770389,1319396686,7.0,False,core,True,13.0,392,0.10186030548567934,0.7752258705587383,,10.0,14.0,True,False,one_sample,506,5050.0,0,50,50.0,0.7254901960784313,58.41796380746825,ok,0.8288210053126277,6,0.3821790119976989,1.693269874872939,True,,True,0.0,0.0,0.0,,True,3.0,0.93,0.005928853754940711,0.8288210053126277,3.0,3.0,50,ar1,core:00605,False,False,assessed,ok,1.0,,True,3.0,0.0,0.0,0.0,0.0,512,28.92667571899983,,
0.42,0.5,423.02,391.97,20260823,,0.6095134846416195,596068842,7.0,False,core,False,10.0,449,0.09440583024769147,0.5625704087266945,,7.0,14.0,True,False,one_sample,506,5050.0,0,50,50.0,0.43137254901960786,153.78938230810647,ok,1.0792152460647497,7,0.005199636345195394,1.684068349447988,True,,True,0.0,0.0,0.0,,True,4.0,1.0,0.007905138339920948,1.0792152460647497,4.0,4.0,50,ar1,core:00606,False,False,assessed,ok,1.0,,True,4.0,0.0,0.0,0.0,0.0,512,28.113335574999837,,
0.2,0.5,799.96,676.36,20260823,,0.9296134465441643,167710957,11.0,False,core,True,13.0,368,0.09200035048154064,0.7690383287606406,,12.0,13.0,True,False,one_sample,502,5010.0,0,50,50.0,0.21568627450980393,5.007350882770097,ok,1.1827429179726774,8,0.4132994899003154,1.6340841847725445,True,,True,0.0,0.0,0.0,,True,3.0,1.0,0.00597609561752988,1.1827429179726774,3.0,3.0,50,ar1,core:00607,False,False,assessed,ok,1.0,,True,3.0,0.0,0.0,0.0,0.0,512,39.234817726000074,,
0.36,0.5,596.46,530.1600000000001,20260823,,0.903145603830089,3662075932,10.0,False,core,True,13.0,404,0.08150855319594524,0.6953240268153859,,9.0,16.0,True,False,one_sample,503,5020.0,0,50,50.0,0.37254901960784315,355.1305438438846,ok,1.1250565866908102,9,-0.15094714754889554,1.7039210537026175,True,,True,0.0,0.0,0.0,,True,4.0,1.0,0.007952286282306162,1.1250565866908102,4.0,4.0,50,ar1,core:00608,False,False,assessed,ok,1.0,,True,4.0,0.0,0.0,0.0,0.0,512,36.075629488999766,,
0.24,0.5,721.42,560.5,20260823,,0.6957980170634497,3701381765,9.0,False,core,True,13.0,416,0.08043705205733279,0.7453079533657379,,8.0,16.0,True,False,one_sample,504,5030.0,0,50,50.0,0.2549019607843137,60.944785998691074,ok,1.287100802854594,10,0.2618972793792246,1.8205681705240764,True,,True,0.0,0.0,0.0,,True,4.0,0.995,0.007936507936507936,1.287100802854594,4.0,4.0,50,ar1,core:00609,False,False,assessed,ok,1.0,,True,4.0,0.0,0.0,0.0,0.0,512,34.01029917199958,,
0.96,0.5,243.74,492.73,20260823,,0.6799479306977542,1508803416,9.0,False,core,False,9.0,448,0.11438879189337123,0.7618145765937895,,8.0,15.0,True,False,one_sample,504,5030.0,0,50,50.0,0.9607843137254902,5.0,ok,0.49467253871288536,11,-0.20352671943942593,1.8986378292031645,True,,True,0.0,0.0,0.0,,True,4.0,0.985,0.007936507936507936,0.49467253871288536,4.0,4.0,50,ar1,core:00610,False,False,assessed,ok,1.0,,True,4.0,0.0,0.0,0.0,0.0,512,33.368058910999935,,
0.72,0.5,333.88,422.03999999999996,20260823,,0.7603280712884083,1211151639,8.0,False,core,False,10.0,413,0.10421088228643774,0.717387592209987,,11.0,14.0,True,False,one_sample,505,5040.0,0,50,50.0,0.7254901960784313,309.8989423428068,ok,0.7911098474078287,12,0.06853222727057849,1.5771323275669984,True,,True,0.0,0.0,0.0,,True,5.0,0.995,0.009900990099009901,0.7911098474078287,5.0,5.0,50,ar1,core:00611,False,False,assessed,ok,1.0,,True,5.0,0.0,0.0,0.0,0.0,512,31.529411737999908,,
0.04,0.5,670.04,417.03999999999996,20260823,,0.5815576751190434,2107324923,7.0,False,core,False,9.0,464,0.0861882413943211,0.44269948421002614,,6.0,12.0,True,False,one_sample,506,5050.0,0,50,50.0,0.058823529411764705,60.339196215866494,ok,1.6066564358334932,13,0.16043060796210093,1.5980552734069349,True,,True,1.0,0.845,0.001976284584980237,,True,4.0,1.0,0.007905138339920948,1.6066564358334932,4.0,4.0,50,ar1,core:00612,False,False,assessed,ok,1.0,,True,4.0,0.0,0.0,0.0,0.0,512,28.044094789000155,,
0.36,0.5,673.52,606.3,20260823,,0.8995472384720682,3579947783,10.0,False,core,False,11.0,432,0.11121092354378964,0.6956679252027826,,8.0,11.0,True,False,one_sample,503,5020.0,0,50,50.0,0.37254901960784315,5.0,ok,1.110869206663368,14,0.15623592355892557,1.4711476945263662,True,,True,0.0,0.0,0.0,,True,3.0,1.0,0.005964214711729622,1.110869206663368,3.0,3.0,50,ar1,core:00613,False,False,assessed,ok,1.0,,True,3.0,0.0,0.0,0.0,0.0,512,35.84552058400004,,
0.18,0.5,810.96,570.6600000000001,20260823,,0.7490207792774277,3277797508,10.0,False,core,False,11.0,422,0.10484291013059484,0.8078497701726585,,9.0,16.0,True,False,one_sample,503,5020.0,0,50,50.0,0.19607843137254902,5.0,ok,1.4210913678898116,15,0.0684744335292009,1.728998364444438,True,,True,0.0,0.0,0.0,,True,5.0,1.0,0.009940357852882704,1.4210913678898116,5.0,5.0,50,ar1,core:00614,False,False,assessed,ok,1.0,,True,5.0,0.0,0.0,0.0,0.0,512,36.389771877000385,,
0.9,0.5,309.74,522.5799999999999,20260823,,0.8229554122885143,3133275963,10.0,False,core,True,13.0,440,0.07693267364697554,0.41278078138871943,,6.0,12.0,True,False,one_sample,503,5020.0,0,50,50.0,0.9019607843137255,5.0,ok,0.5927130774235525,16,-0.13327991974642756,1.4077263424835864,True,,True,0.0,0.0,0.0,,True,3.0,0.99,0.005964214711729622,0.5927130774235525,3.0,3.0,50,ar1,core:00615,False,False,assessed,ok,1.0,,True,3.0,0.0,0.0,0.0,0.0,512,35.8370821970002,,
,,,,20260823,,,1980950746,13.0,True,core,False,9.0,448,0.1171934543552062,0.6447655387283084,,8.0,14.0,True,False,one_sample,0,,0,50,,,,,,17,-0.09095278092049784,1.7083351515548215,False,,True,,,,,True,,,,,,,50,ar1,core:00616,True,False,not_assessed_detector_failure,embedding_not_saturated,1.0,,False,,,,,,512,1.8880718079999497,,
0.3,0.5,706.66,575.44,20260823,,0.8236277105505184,1202575106,11.0,False,core,False,8.0,463,0.12011177535450304,0.652233958542836,,7.0,13.0,True,False,one_sample,502,5010.0,0,50,50.0,0.3137254901960784,5.0,ok,1.2280341999165854,18,0.12030533227737064,1.745877801153069,True,,True,0.0,0.0,0.0,,True,3.0,0.975,0.00597609561752988,1.2280341999165854,3.0,3.0,50,ar1,core:00617,False,False,assessed,ok,1.0,,True,3.0,0.0,0.0,0.0,0.0,512,41.61535817599997,,
0.82,0.5,362.38,451.4,20260823,,0.7835806453396599,1694470588,9.0,False,core,False,10.0,431,0.10252461206399138,0.670659244741142,,9.0,14.0,True,False,one_sample,504,5030.0,0,50,50.0,0.8235294117647058,247.33149904774874,ok,0.80279131590607,19,0.5679766925424277,1.748577958813839,True,,True,0.0,0.0,0.0,,True,5.0,1.0,0.00992063492063492,0.80279131590607,5.0,5.0,50,ar1,core:00618,False,False,assessed,ok,1.0,,True,5.0,0.0,0.0,0.0,0.0,512,33.93060408299971,,
0.76,0.5,348.5,431.20000000000005,20260823,,0.7180017568626377,2117341661,8.0,False,core,False,8.0,456,0.13346550238277033,0.6501182290801825,,8.0,13.0,True,False,one_sample,505,5040.0,0,50,50.0,0.7647058823529411,115.39751967504594,ok,0.8082096474953617,20,0.09603827850203465,1.5770103301967806,True,,True,0.0,0.0,0.0,,True,3.0,0.985,0.005940594059405941,0.8082096474953617,3.0,3.0,50,ar1,core:00619,False,False,assessed,ok,1.0,,True,3.0,0.0,0.0,0.0,0.0,512,29.752677217999917,,
0.38,0.5,431.74,402.44,20260823,,0.5877232275144246,184894639,7.0,False,core,False,11.0,442,0.10265817716024968,0.5874258200162459,,7.0,11.0,True,False,one_sample,506,5050.0,0,50,50.0,0.39215686274509803,35.45639488825461,ok,1.0728058841069477,21,-0.5400079139075503,1.7499204786129852,True,,True,0.0,0.0,0.0,,True,5.0,0.97,0.009881422924901186,1.0728058841069477,5.0,5.0,50,ar1,core:00620,False,False,assessed,ok,1.0,,True,5.0,0.0,0.0,0.0,0.0,512,28.006723827000314,,
0.5,0.5,495.72,504.63,20260823,,0.7607157032006258,2621564537,10.0,False,core,False,11.0,412,0.11264941873510484,0.7613028081616623,,10.0,14.0,True,False,one_sample,503,5020.0,0,50,50.0,0.5098039215686274,83.64954942412731,ok,0.9823434991974318,22,0.518872056017537,1.6945600588266447,True,,True,0.0,0.0,0.0,,True,3.0,1.0,0.005964214711729622,0.9823434991974318,3.0,3.0,50,ar1,core:00621,False,False,assessed,ok,1.0,,True,3.0,0.0,0.0,0.0,0.0,512,36.294524178000756,,
0.94,0.5,323.05999999999995,451.25,20260823,,0.6116065522151811,593975359,8.0,False,core,False,9.0,424,0.12045579154621855,0.720817350258205,,11.0,12.0,True,False,one_sample,505,5040.0,0,50,50.0,0.9411764705882353,6.628527963701657,ok,0.71592243767313,23,0.04718326324861932,1.562137410438405,True,,True,0.0,0.0,0.0,,True,2.0,0.95,0.0039603960396039604,0.71592243767313,2.0,2.0,50,ar1,core:00622,False,False,assessed,ok,1.0,,True,2.0,0.0,0.0,0.0,0.0,512,29.59329398600039,,
0.22,0.5,502.9,387.21000000000004,20260823,,0.7190489126753123,3083307123,7.0,False,core,False,9.0,456,0.09973810247035081,0.5428520007893933,,7.0,12.0,True,False,one_sample,506,5050.0,0,50,50.0,0.23529411764705882,232.76693751611654,ok,1.298778440639446,24,0.09676680008465087,1.610832749013801,True,,True,0.0,0.0,0.0,,True,3.0,0.965,0.005928853754940711,1.298778440639446,3.0,3.0,50,ar1,core:00623,False,False,assessed,ok,1.0,,True,3.0,0.0,0.0,0.0,0.0,512,29.571077827999943,,
0.66,0.5,387.28,443.59000000000003,20260823,,0.6698141637212242,1186110443,8.0,False,core,False,7.0,464,0.14509393060540193,0.6615943507194292,,8.0,12.0,True,False,one_sample,505,5040.0,0,50,50.0,0.6666666666666666,8.628451279716456,ok,0.8730584548795057,25,-0.29157283207959284,1.6183698227807948,True,,True,0.0,0.0,0.0,,True,4.0,1.0,0.007920792079207921,0.8730584548795057,4.0,4.0,50,ar1,core:00624,False,False,assessed,ok,1.0,,True,4.0,0.0,0.0,0.0,0.0,512,31.575216708999505,,
0.04,0.5,808.54,418.68,20260823,,0.684821100950632,2096595164,7.0,False,core,False,8.0,463,0.12589746783917108,0.6285963121916336,,7.0,13.0,True,False,one_sample,506,5050.0,0,50,50.0,0.058823529411764705,158.7212167939214,ok,1.9311646125919555,26,-0.16436859757973163,1.700309221629664,True,,True,1.0,0.82,0.001976284584980237,,True,4.0,0.985,0.007905138339920948,1.9311646125919555,4.0,4.0,50,ar1,core:00625,False,False,assessed,ok,1.0,,True,4.0,0.0,0.0,0.0,0.0,512,27.739111013000183,,
0.64,0.5,392.6,487.82000000000005,20260823,,0.796142876898862,1543432905,8.0,False,core,False,8.0,477,0.030928217218801436,0.041537535158345684,,5.0,12.0,True,False,one_sample,505,5040.0,0,50,50.0,0.6470588235294118,179.99926352138698,ok,0.8048050510434176,27,0.0033614886636580132,1.574895099867547,True,,True,0.0,0.0,0.0,,True,5.0,1.0,0.009900990099009901,0.8048050510434176,5.0,5.0,50,ar1,core:00626,False,False,assessed,ok,1.0,,True,5.0,0.0,0.0,0.0,0.0,512,31.935975137999776,,
0.72,0.5,444.72,529.13,20260823,,0.7736730950079438,1167820026,9.0,False,core,False,7.0,470,0.14921987142186108,0.6220082934310877,,7.0,12.0,True,False,one_sample,504,5030.0,0,50,50.0,0.7254901960784313,58.19914933311503,ok,0.8404739855990022,28,-0.3251201845971397,1.622374520126802,True,,True,0.0,0.0,0.0,,True,4.0,1.0,0.007936507936507936,0.8404739855990022,4.0,4.0,50,ar1,core:00627,False,False,assessed,ok,1.0,,True,4.0,0.0,0.0,0.0,0.0,512,33.13919761099987,,
0.92,0.5,298.0,550.63,20260823,,0.7212150534726864,4038293245,9.0,False,core,False,9.0,456,0.11641110076019302,0.5847559462220575,,7.0,12.0,True,False,one_sample,504,5030.0,0,50,50.0,0.9215686274509803,5.0,ok,0.541198263806912,29,0.18556098995650233,1.6562530769767918,True,,True,0.0,0.0,0.0,,True,3.0,0.975,0.005952380952380952,0.541198263806912,3.0,3.0,50,ar1,core:00628,False,False,assessed,ok,1.0,,True,3.0,0.0,0.0,0.0,0.0,512,33.75622104199829,,
0.3,0.5,785.74,584.22,20260823,,1.119937232988931,1558514282,11.0,False,core,False,8.0,435,0.12098528616936034,0.6494953577676488,,11.0,14.0,True,False,one_sample,502,5010.0,0,50,50.0,0.3137254901960784,42.184394678368086,ok,1.3449385505460272,30,0.2236299903279942,1.6356171062057234,True,,True,0.0,0.0,0.0,,True,4.0,1.0,0.00796812749003984,1.3449385505460272,4.0,4.0,50,ar1,core:00629,False,False,assessed,ok,1.0,,True,4.0,0.0,0.0,0.0,0.0,512,41.50359924600161,,
0.86,0.5,344.91999999999996,511.26000000000005,20260823,,0.7401037547931507,116076338,9.0,False,core,False,9.0,456,0.10609589377241754,0.6371168098779194,,7.0,14.0,True,False,one_sample,504,5030.0,0,50,50.0,0.8627450980392157,77.95158889886466,ok,0.6746469506708914,31,-0.10029687497700862,1.746051983247229,True,,True,0.0,0.0,0.0,,True,5.0,1.0,0.00992063492063492,0.6746469506708914,5.0,5.0,50,ar1,core:00630,False,False,assessed,ok,1.0,,True,5.0,0.0,0.0,0.0,0.0,512,32.85833332199945,,
0.36,0.5,503.4,442.83,20260823,,0.6267563994574441,262010546,8.0,False,core,False,10.0,458,0.07511409768876205,0.4771358619097096,,6.0,15.0,True,False,one_sample,505,5040.0,0,50,50.0,0.37254901960784315,9.883542620606471,ok,1.1367793509924802,32,-0.13571444364289234,1.747070506979578,True,,True,0.0,0.0,0.0,,True,3.0,0.975,0.005940594059405941,1.1367793509924802,3.0,3.0,50,ar1,core:00631,False,False,assessed,ok,1.0,,True,3.0,0.0,0.0,0.0,0.0,512,29.22559030299999,,
0.18,0.5,621.3199999999999,453.15999999999997,20260823,,0.7765770739299024,929094240,8.0,False,core,False,10.0,422,0.10852923168865242,0.6444813342319524,,10.0,12.0,True,False,one_sample,505,5040.0,0,50,50.0,0.19607843137254902,130.63258611508746,ok,1.3710830611704474,33,-0.163617248808763,1.561996233686108,True,,True,0.0,0.0,0.0,,True,4.0,1.0,0.007920792079207921,1.3710830611704474,4.0,4.0,50,ar1,core:00632,False,False,assessed,ok,1.0,,True,4.0,0.0,0.0,0.0,0.0,512,28.861639946999276,,
0.14,0.5,792.28,526.74,20260823,,0.8721986606290617,3986800536,10.0,False,core,False,10.0,449,0.11414064731797541,0.6044830010487678,,7.0,12.0,True,False,one_sample,503,5020.0,0,50,50.0,0.1568627450980392,5.0,ok,1.504119679538292,34,-0.05935883168427908,1.5935822040774559,True,,True,0.0,0.0,0.0,,True,3.0,1.0,0.005964214711729622,1.504119679538292,3.0,3.0,50,ar1,core:00633,False,False,assessed,ok,1.0,,True,3.0,0.0,0.0,0.0,0.0,512,35.97413376199984,,
0.06,0.5,658.72,414.82,20260823,,0.5331723549938657,3862338526,7.0,False,core,False,8.0,442,0.14509293963855885,0.7621643916496719,,10.0,14.0,True,False,one_sample,506,5050.0,0,50,50.0,0.0784313725490196,7.03243020297806,ok,1.5879658647124055,35,-0.5322754432905854,1.6442452128262726,True,,True,0.0,0.0,0.0,,True,4.0,0.98,0.007905138339920948,1.5879658647124055,4.0,4.0,50,ar1,core:00634,False,False,assessed,ok,1.0,,True,4.0,0.0,0.0,0.0,0.0,512,30.010455018000357,,
0.88,0.5,366.36,509.42,20260823,,0.7504691325440563,1028106023,9.0,False,core,False,9.0,440,0.11991742951434103,0.6980366546334253,,9.0,14.0,True,False,one_sample,504,5030.0,0,50,50.0,0.8823529411764706,6.494841769989417,ok,0.7191708217188175,36,-0.3458347187580239,1.7385575146921985,True,,True,0.0,0.0,0.0,,True,4.0,1.0,0.007936507936507936,0.7191708217188175,4.0,4.0,50,ar1,core:00635,False,False,assessed,ok,1.0,,True,4.0,0.0,0.0,0.0,0.0,512,33.73378201500054,,
0.36,0.5,555.02,422.9,20260823,,0.6903192593644872,1609562237,8.0,False,core,False,9.0,456,0.12239770481840079,0.6343092901524225,,7.0,13.0,True,False,one_sample,505,5040.0,0,50,50.0,0.37254901960784315,5.0,ok,1.3124142823362497,37,-0.036731932562311,1.5714655292412114,True,,True,0.0,0.0,0.0,,True,4.0,1.0,0.007920792079207921,1.3124142823362497,4.0,4.0,50,ar1,core:00636,False,False,assessed,ok,1.0,,True,4.0,0.0,0.0,0.0,0.0,512,31.97596985599921,,
0.1,0.5,827.44,526.1800000000001,20260823,,0.6803166532341259,504071376,9.0,False,core,False,9.0,456,0.12314601341061508,0.6356454294276017,,7.0,11.0,True,False,one_sample,504,5030.0,0,50,50.0,0.11764705882352941,5.0,ok,1.5725417157626667,38,0.2000022505400092,1.5255050452947523,True,,True,0.0,0.0,0.0,,True,3.0,1.0,0.005952380952380952,1.5725417157626667,3.0,3.0,50,ar1,core:00637,False,False,assessed,ok,1.0,,True,3.0,0.0,0.0,0.0,0.0,512,33.88977604700085,,
0.98,0.5,250.18,542.4000000000001,20260823,,0.9737594423624507,2716431705,10.0,False,core,False,9.0,440,0.12156127563048919,0.6422844069170265,,9.0,11.0,True,False,one_sample,503,5020.0,0,50,50.0,0.9803921568627451,155.06088207333278,ok,0.4612463126843657,39,0.16026984848689774,1.5862025309305676,True,,True,0.0,0.0,0.0,,True,4.0,1.0,0.007952286282306162,0.4612463126843657,4.0,4.0,50,ar1,core:00638,False,False,assessed,ok,1.0,,True,4.0,0.0,0.0,0.0,0.0,512,35.749521132000154,,
0.7,0.5,366.32,415.24,20260823,,0.6351847001914126,2660510657,8.0,False,core,False,11.0,432,0.11487922387466647,0.7566388620304796,,8.0,13.0,True,False,one_sample,505,5040.0,0,50,50.0,0.7058823529411765,217.3620909281667,ok,0.8821886138136981,40,0.13008225348734806,1.6548771621519618,True,,True,0.0,0.0,0.0,,True,3.0,0.98,0.005940594059405941,0.8821886138136981,3.0,3.0,50,ar1,core:00639,False,False,assessed,ok,1.0,,True,3.0,0.0,0.0,0.0,0.0,512,29.172668043000158,,
0.22,0.5,649.1600000000001,491.08,20260823,,0.8157177054432606,3242567488,9.0,False,core,False,10.0,458,0.08384722081178764,0.4272706727900675,,6.0,13.0,True,False,one_sample,504,5030.0,0,50,50.0,0.23529411764705882,90.69987456600427,ok,1.3219027449702698,41,0.18757086194316663,1.6271228910850255,True,,True,0.0,0.0,0.0,,True,4.0,1.0,0.007936507936507936,1.3219027449702698,4.0,4.0,50,ar1,core:00640,False,False,assessed,ok,1.0,,True,4.0,0.0,0.0,0.0,0.0,512,34.293025056998886,,
0.68,0.5,422.76,493.57,20260823,,0.5971481519644855,2716277812,8.0,False,core,False,9.0,440,0.1299576333252116,0.7060282284752888,,9.0,12.0,True,False,one_sample,505,5040.0,0,50,50.0,0.6862745098039216,74.14371509532708,ok,0.8565350406224042,42,-0.33537231426625885,1.6211851380154252,True,,True,0.0,0.0,0.0,,True,3.0,0.995,0.005940594059405941,0.8565350406224042,3.0,3.0,50,ar1,core:00641,False,False,assessed,ok,1.0,,True,3.0,0.0,0.0,0.0,0.0,512,31.03504490600062,,
0.18,0.5,749.98,530.24,20260823,,0.7670292158900114,704043407,9.0,False,core,False,9.0,424,0.13304625001344472,0.7032319590886309,,11.0,12.0,True,False,one_sample,504,5030.0,0,50,50.0,0.19607843137254902,427.9202406389305,ok,1.4144161134580568,43,-0.1038560066866411,1.6575768447100243,True,,True,0.0,0.0,0.0,,True,2.0,0.95,0.003968253968253968,1.4144161134580568,2.0,2.0,50,ar1,core:00642,False,False,assessed,ok,1.0,,True,2.0,0.0,0.0,0.0,0.0,512,33.61586411499957,,
0.52,0.5,353.36,365.11,20260823,,0.6260072395463278,1226603916,7.0,False,core,False,8.0,442,0.14738067044276706,0.7697758795130453,,10.0,15.0,True,False,one_sample,506,5050.0,0,50,50.0,0.5294117647058824,118.79806574548455,ok,0.9678179178877598,44,0.44523235978710135,1.7120848125080856,True,,True,0.0,0.0,0.0,,True,4.0,0.975,0.007905138339920948,0.9678179178877598,4.0,4.0,50,ar1,core:00643,False,False,assessed,ok,1.0,,True,4.0,0.0,0.0,0.0,0.0,512,29.66954257100042,,
0.62,0.5,455.26,551.86,20260823,,0.6987280276856564,1308022882,9.0,False,core,False,9.0,448,0.12155605059235942,0.725076117219436,,8.0,13.0,True,False,one_sample,504,5030.0,0,50,50.0,0.6274509803921569,5.518614287105338,ok,0.824955604682347,45,0.04760391200916453,1.710699332549868,True,,True,0.0,0.0,0.0,,True,6.0,1.0,0.011904761904761904,0.824955604682347,6.0,6.0,50,ar1,core:00644,False,False,assessed,ok,1.0,,True,6.0,0.0,0.0,0.0,0.0,512,34.255966533999526,,
0.42,0.5,585.96,561.13,20260823,,0.8076806485976328,125962153,10.0,False,core,False,9.0,432,0.12581172947988956,0.7877883723802005,,10.0,14.0,True,False,one_sample,503,5020.0,0,50,50.0,0.43137254901960786,5.0,ok,1.0442499955447044,46,-0.2901972671211541,1.7668816081406307,True,,True,0.0,0.0,0.0,,True,4.0,1.0,0.007952286282306162,1.0442499955447044,4.0,4.0,50,ar1,core:00645,False,False,assessed,ok,1.0,,True,4.0,0.0,0.0,0.0,0.0,512,36.20813926499977,,
0.78,0.5,276.48,390.61,20260823,,0.5799425050394886,1814967269,7.0,False,core,False,7.0,464,0.1413325621439841,0.6402157444414603,,8.0,14.0,True,False,one_sample,506,5050.0,0,50,50.0,0.7843137254901961,21.57566635651918,ok,0.7078159801336371,47,0.2378804762153268,1.7679132789255987,True,,True,0.0,0.0,0.0,,True,3.0,0.96,0.005928853754940711,0.7078159801336371,3.0,3.0,50,ar1,core:00646,False,False,assessed,ok,1.0,,True,3.0,0.0,0.0,0.0,0.0,512,27.948396838999543,,
0.28,0.5,617.56,458.31,20260823,,0.9042052632244673,3326479936,9.0,False,core,False,7.0,458,0.15164528172396333,0.724682496972373,,9.0,14.0,True,False,one_sample,504,5030.0,0,50,50.0,0.29411764705882354,397.7670192011948,ok,1.347472234950143,48,-0.024169142468701624,1.7245154723409506,True,,True,0.0,0.0,0.0,,True,3.0,1.0,0.005952380952380952,1.347472234950143,3.0,3.0,50,ar1,core:00647,False,False,assessed,ok,1.0,,True,3.0,0.0,0.0,0.0,0.0,512,34.66556936899906,,
0.62,0.5,448.02,491.24,20260823,,0.7424142805585492,2428867898,8.0,False,core,False,7.0,458,0.14831406874885564,0.6872910229007785,,9.0,13.0,True,False,one_sample,505,5040.0,0,50,50.0,0.6274509803921569,7.588193044347836,ok,0.912018565263415,49,0.06063700986153608,1.5249491046254093,True,,True,0.0,0.0,0.0,,True,5.0,1.0,0.009900990099009901,0.912018565263415,5.0,5.0,50,ar1,core:00648,False,False,assessed,ok,1.0,,True,5.0,0.0,0.0,0.0,0.0,512,30.149172624998755,,
0.0,0.5,520.14,180.32999999999998,20260823,,1.0550390652694801e-13,2432035125,6.0,False,core,False,6.0,487,0.011912330094081398,0.014995400152867377,,5.0,7.0,True,False,one_sample,507,4797.0,0,50,50.0,0.0196078431372549,80.97462925608596,ok,2.8843786391615374,0,0.0018373512862811352,0.7076358539756452,True,,True,2.0,0.0,0.0039447731755424065,,True,2.0,0.0,0.0039447731755424065,2.8843786391615374,2.0,2.0,50,sinusoid,core:00649,False,False,assessed,ok,1.0,,True,2.0,0.0,0.0,0.0,0.0,512,23.97813949800002,,
0.0,0.5,492.32000000000005,161.58000000000004,20260823,,8.340985960810715e-14,552849258,6.0,False,core,False,10.0,458,0.02693836727456927,0.4163496496780815,,6.0,7.0,True,False,one_sample,507,4419.0,0,50,50.0,0.0196078431372549,35.229750995667075,ok,3.04691174650328,1,0.0019492324197473657,0.7077888001306503,True,,True,2.0,0.0,0.0039447731755424065,,True,2.0,0.0,0.0039447731755424065,3.04691174650328,2.0,1.0,50,sinusoid,core:00650,False,False,assessed,ok,1.0,,True,2.0,0.0,0.0,0.0,0.0,512,26.412337766001656,,
0.02,0.5,354.29999999999995,160.9,20260823,,1.1687042033528665e-13,2650674092,6.0,False,core,False,8.0,470,0.024730878087827417,0.5288723533510906,,6.0,7.0,True,False,one_sample,507,4260.0,0,50,50.0,0.0392156862745098,59.20139266869319,ok,2.2019888129272838,2,0.0001624427947133399,0.7064254536715495,True,,True,2.0,0.0,0.0039447731755424065,,True,2.0,0.0,0.0039447731755424065,2.2019888129272838,2.0,2.0,50,sinusoid,core:00651,False,False,assessed,ok,1.0,,True,2.0,0.0,0.0,0.0,0.0,512,27.591594638999595,,
1.0,0.5,0.38,181.12,20260823,,9.954140180904338e-14,3754553421,9.0,False,core,False,7.0,482,0.009849858506604957,0.017916295279051364,,5.0,7.0,True,False,one_sample,504,2190.0,0,50,50.0,1.0,5.0,ok,0.0020980565371024737,3,-0.0017271678031695048,0.7074940324871836,True,,True,0.0,0.0,0.0,,True,1.0,0.0,0.001984126984126984,0.0020980565371024737,1.0,0.0,50,sinusoid,core:00652,False,False,assessed,ok,1.0,,True,0.0,1.0,0.0,0.0,0.0,512,32.067476902000635,,
1.0,0.5,3.34,229.39,20260823,,9.399319308737539e-14,586577752,8.0,False,core,False,6.0,487,0.012347979421985787,0.02285475489849209,,5.0,7.0,True,False,one_sample,505,2710.0,0,50,50.0,1.0,6.619152991233232,ok,0.014560355726056061,4,-0.001557728840690679,0.7072930006589294,True,,True,0.0,0.0,0.0,,True,1.0,0.0,0.0019801980198019802,0.014560355726056061,1.0,1.0,50,sinusoid,core:00653,False,False,assessed,ok,1.0,,True,0.0,1.0,0.0,0.0,0.0,512,27.79106371799935,,
0.0,0.5,439.0,155.25,20260823,,1.0875513136961797e-13,2470133237,6.0,False,core,False,6.0,487,0.014211129366694119,0.022157911914811756,,5.0,7.0,True,False,one_sample,507,4479.0,0,50,50.0,0.0196078431372549,46.96314081250354,ok,2.8276972624798713,5,-0.0019366437848721413,0.7077711413694308,True,,True,2.0,0.0,0.0039447731755424065,,True,2.0,0.0,0.0039447731755424065,2.8276972624798713,2.0,2.0,50,sinusoid,core:00654,False,False,assessed,ok,1.0,,True,2.0,0.0,0.0,0.0,0.0,512,26.307635981000203,,
0.0,0.5,516.16,159.61,20260823,,8.225707498098759e-14,420479776,6.0,False,core,False,7.0,482,0.005739673687370669,0.004805329024604621,,5.0,7.0,True,False,one_sample,507,4779.0,0,50,50.0,0.0196078431372549,66.64497679146163,ok,3.2338825888102245,6,-0.001162485885626955,0.7069045121690186,True,,True,2.0,0.0,0.0039447731755424065,,True,2.0,0.0,0.0039447731755424065,3.2338825888102245,2.0,2.0,50,sinusoid,core:00655,False,False,assessed,ok,1.0,,True,2.0,0.0,0.0,0.0,0.0,512,27.186108973000955,,
0.0,0.5,519.78,159.54,20260823,,8.525057212042392e-14,561783569,6.0,False,core,False,8.0,470,0.0350453784091526,0.32191007320055975,,6.0,7.0,True,False,one_sample,507,4706.0,0,50,50.0,0.0196078431372549,51.701469348833015,ok,3.257991726212862,7,0.000654490484219658,0.7065708232956555,True,,True,2.0,0.0,0.0039447731755424065,,True,2.0,0.0,0.0039447731755424065,3.257991726212862,2.0,2.0,50,sinusoid,core:00656,False,False,assessed,ok,1.0,,True,2.0,0.0,0.0,0.0,0.0,512,24.20666285200059,,
0.0,0.5,490.5,173.25,20260823,,1.0363244206201309e-13,3395948833,6.0,False,core,False,9.0,472,0.0060839081340233825,0.007003967703200664,,5.0,7.0,True,False,one_sample,507,4867.0,0,50,50.0,0.0196078431372549,62.33908067563247,ok,2.831168831168831,8,-0.0010298531127064282,0.7067994077449747,True,,True,2.0,0.0,0.0039447731755424065,,True,2.0,0.0,0.0039447731755424065,2.831168831168831,2.0,2.0,50,sinusoid,core:00657,False,False,assessed,ok,1.0,,True,2.0,0.0,0.0,0.0,0.0,512,24.299922569000046,,
1.0,0.5,3.0600000000000005,195.38,20260823,,8.670319535883195e-14,602101411,7.0,False,core,False,7.0,482,0.010964425020452051,0.02258167634961128,,5.0,7.0,True,False,one_sample,506,3230.0,0,50,50.0,1.0,14.203141702872848,ok,0.015661787286313855,9,0.0018872485406527858,0.7077029530846216,True,,True,0.0,0.0,0.0,,True,1.0,0.0,0.001976284584980237,0.015661787286313855,1.0,1.0,50,sinusoid,core:00658,False,False,assessed,ok,1.0,,True,1.0,0.0,0.0,0.0,0.0,512,29.05379632399854,,
0.0,0.5,517.32,159.23000000000002,20260823,,8.461315575505476e-14,1417953398,6.0,False,core,False,7.0,482,0.013545915036445347,0.021166408506721024,,5.0,7.0,True,False,one_sample,507,4748.0,0,50,50.0,0.0196078431372549,64.24452454592577,ok,3.248885260315267,10,-0.0019144085021547443,0.7077402291911952,True,,True,2.0,0.0,0.0039447731755424065,,True,2.0,0.0,0.0039447731755424065,3.248885260315267,2.0,2.0,50,sinusoid,core:00659,False,False,assessed,ok,1.0,,True,2.0,0.0,0.0,0.0,0.0,512,27.09019930499926,,
0.0,0.5,463.29999999999995,162.23999999999998,20260823,,8.950871212745615e-14,3513439014,6.0,False,core,False,7.0,482,0.00915202344250824,0.01050379506011656,,5.0,7.0,True,False,one_sample,507,4588.0,0,50,50.0,0.0196078431372549,62.51308980885125,ok,2.855645956607495,11,0.001928728929642515,0.7077600971304786,True,,True,2.0,0.0,0.0039447731755424065,,True,2.0,0.0,0.0039447731755424065,2.855645956607495,2.0,2.0,50,sinusoid,core:00660,False,False,assessed,ok,1.0,,True,2.0,0.0,0.0,0.0,0.0,512,24.379921134999677,,
0.0,0.5,535.52,163.23000000000002,20260823,,8.213536151402023e-14,1665764181,6.0,False,core,False,7.0,482,0.003973713848305454,0.0022976243288050924,,5.0,7.0,True,False,one_sample,507,4915.0,0,50,50.0,0.0196078431372549,56.15475009163405,ok,3.280769466397108,12,0.001205354088209821,0.7069411986878682,True,,True,2.0,0.0,0.0039447731755424065,,True,2.0,0.0,0.0039447731755424065,3.280769466397108,2.0,2.0,50,sinusoid,core:00661,False,False,assessed,ok,1.0,,True,2.0,0.0,0.0,0.0,0.0,512,24.06958503900023,,
0.0,0.5,483.52,169.59000000000003,20260823,,1.1526061705740824e-13,3439582248,6.0,False,core,False,7.0,476,0.026531598269759836,0.4465629438304858,,6.0,7.0,True,False,one_sample,507,4746.0,0,50,50.0,0.0196078431372549,71.71644447431757,ok,2.8511115042160498,13,0.0007378495203905818,0.7066127914908085,True,,True,2.0,0.0,0.0039447731755424065,,True,2.0,0.0,0.0039447731755424065,2.8511115042160498,2.0,2.0,50,sinusoid,core:00662,False,False,assessed,ok,1.0,,True,2.0,0.0,0.0,0.0,0.0,512,27.345199598999898,,
0.0,0.5,359.42,141.48000000000002,20260823,,9.672334863288858e-14,3123507136,5.0,False,core,False,10.0,467,0.007621315898007315,0.023271658005589613,,5.0,7.0,True,False,one_sample,508,5067.0,0,50,50.0,0.0196078431372549,324.09755293596794,ok,2.540429742719819,14,-0.0017897590685967534,0.7075735240062136,True,,True,2.0,0.0,0.003937007874015748,,True,2.0,0.0,0.003937007874015748,2.540429742719819,2.0,1.0,50,sinusoid,core:00663,False,False,assessed,ok,1.0,,True,2.0,0.0,0.0,0.0,0.0,512,22.978273781000098,,
0.0,0.5,526.94,176.67,20260823,,1.0110562551045571e-13,352027276,6.0,False,core,False,6.0,487,0.0055191437969940955,0.0055001235029158435,,5.0,7.0,True,False,one_sample,507,4839.0,0,50,50.0,0.0196078431372549,80.3896628397561,ok,2.9826229693779367,15,-0.0006165189251079884,0.7065533711928231,True,,True,2.0,0.0,0.0039447731755424065,,True,2.0,0.0,0.0039447731755424065,2.9826229693779367,2.0,2.0,50,sinusoid,core:00664,False,False,assessed,ok,1.0,,True,2.0,0.0,0.0,0.0,0.0,512,24.194284938001147,,
1.0,0.5,0.78,150.89,20260823,,1.1090043443638318e-13,3348327604,9.0,False,core,False,7.0,482,0.005364349145826131,0.00315858404743663,,5.0,7.0,True,False,one_sample,504,2080.0,0,50,50.0,1.0,6.031323594444176,ok,0.005169328650009942,16,-0.0014023707403662995,0.7071268573794561,True,,True,0.0,0.0,0.0,,True,1.0,0.0,0.001984126984126984,0.005169328650009942,1.0,1.0,50,sinusoid,core:00665,False,False,assessed,ok,1.0,,True,0.0,1.0,0.0,0.0,0.0,512,32.91943355500007,,
0.0,0.5,557.46,172.11,20260823,,1.0167375221541695e-13,2858534358,6.0,False,core,False,7.0,482,0.0076703989972122435,0.009963919018944223,,5.0,7.0,True,False,one_sample,507,4777.0,0,50,50.0,0.0196078431372549,60.97816007950203,ok,3.2389750740805296,17,0.000604974894188922,0.7065482720608325,True,,True,2.0,0.0,0.0039447731755424065,,True,2.0,0.0,0.0039447731755424065,3.2389750740805296,2.0,2.0,50,sinusoid,core:00666,False,False,assessed,ok,1.0,,True,2.0,0.0,0.0,0.0,0.0,512,27.775629413999923,,
0.0,0.5,625.68,168.84000000000003,20260823,,1.2255192118331648e-13,1616989827,6.0,False,core,False,6.0,487,0.011297074455945882,0.01853535073435253,,5.0,7.0,True,False,one_sample,507,4776.0,0,50,50.0,0.0196078431372549,67.37781090745419,ok,3.7057569296375257,18,-0.001740559539293609,0.7075108029405072,True,,True,2.0,0.0,0.0039447731755424065,,True,2.0,0.0,0.0039447731755424065,3.7057569296375257,2.0,2.0,50,sinusoid,core:00667,False,False,assessed,ok,1.0,,True,2.0,0.0,0.0,0.0,0.0,512,27.259063843999684,,
1.0,0.5,3.06,176.95000000000005,20260823,,8.741650815202457e-14,3710359740,7.0,False,core,False,7.0,482,0.009457505068291376,0.017330591512891957,,5.0,7.0,True,False,one_sample,506,3600.0,0,50,50.0,1.0,19.076212075114928,ok,0.017293020627295843,19,0.001819769346709972,0.7076126376082047,True,,True,0.0,0.0,0.0,,True,1.0,0.0,0.001976284584980237,0.017293020627295843,1.0,1.0,50,sinusoid,core:00668,False,False,assessed,ok,1.0,,True,1.0,0.0,0.0,0.0,0.0,512,26.1049308620004,,
1.0,0.5,1.0,180.63000000000005,20260823,,1.0457268745082232e-13,1122761779,9.0,False,core,False,7.0,482,0.01175923872618838,0.016601800597099148,,5.0,7.0,True,False,one_sample,504,1950.0,0,50,50.0,1.0,5.0,ok,0.005536178929302993,20,0.00139848617494255,0.7071229261522706,True,,True,0.0,0.0,0.0,,True,1.0,0.0,0.001984126984126984,0.005536178929302993,1.0,1.0,50,sinusoid,core:00669,False,False,assessed,ok,1.0,,True,1.0,0.0,0.0,0.0,0.0,512,32.27017070000147,,
1.0,0.5,1.7800000000000002,174.18000000000006,20260823,,1.3316356933867035e-13,3059413840,7.0,False,core,False,6.0,487,0.00823203121486639,0.014352098320197015,,5.0,7.0,True,False,one_sample,506,3249.0,0,50,50.0,1.0,23.64380762780778,ok,0.010219313354001605,21,0.0018949468438014348,0.7077134648495575,True,,True,0.0,0.0,0.0,,True,1.0,0.0,0.001976284584980237,0.010219313354001605,1.0,1.0,50,sinusoid,core:00670,False,False,assessed,ok,1.0,,True,1.0,0.0,0.0,0.0,0.0,512,29.094433034000758,,
1.0,0.5,4.5600000000000005,177.76,20260823,,8.839695045004603e-14,1192717078,7.0,False,core,False,7.0,482,0.009185403481940286,0.01536404666661595,,5.0,7.0,True,False,one_sample,506,3709.0,0,50,50.0,1.0,26.437599362564136,ok,0.025652565256525657,22,0.0017948866205931384,0.707580161033491,True,,True,0.0,0.0,0.0,,True,1.0,0.0,0.001976284584980237,0.025652565256525657,1.0,1.0,50,sinusoid,core:00671,False,False,assessed,ok,1.0,,True,1.0,0.0,0.0,0.0,0.0,512,27.09076632199867,,
1.0,0.5,2.5,177.62,20260823,,8.79643228524898e-14,466294766,7.0,False,core,False,7.0,476,0.04163285346843819,0.5234177564640977,,6.0,7.0,True,False,one_sample,506,3680.0,0,50,50.0,1.0,16.05457289513015,ok,0.014074991555005066,23,-0.0018258882249786359,0.7076206921444351,True,,True,0.0,0.0,0.0,,True,1.0,0.0,0.001976284584980237,0.014074991555005066,1.0,1.0,50,sinusoid,core:00672,False,False,assessed,ok,1.0,,True,1.0,0.0,0.0,0.0,0.0,512,26.54089993299931,,
0.0,0.5,451.48,163.51,20260823,,1.0678910352639891e-13,839748486,6.0,False,core,False,9.0,472,0.004293877415426156,0.0043673033851674425,,5.0,7.0,True,False,one_sample,507,4636.0,0,50,50.0,0.0196078431372549,80.19433364543268,ok,2.7611766864411966,24,0.0018715129203327116,0.707681599288979,True,,True,2.0,0.0,0.0039447731755424065,,True,2.0,0.0,0.0039447731755424065,2.7611766864411966,2.0,2.0,50,sinusoid,core:00673,False,False,assessed,ok,1.0,,True,2.0,0.0,0.0,0.0,0.0,512,26.52116763899903,,
0.0,0.5,453.96000000000004,159.40000000000003,20260823,,1.0322101031730863e-13,2064375307,6.0,False,core,False,6.0,487,0.008587760968467896,0.00916713382413692,,5.0,7.0,True,False,one_sample,507,4604.0,0,50,50.0,0.0196078431372549,64.92012921322706,ok,2.847929736511919,25,-0.0016402883233142766,0.7073883702715367,True,,True,2.0,0.0,0.0039447731755424065,,True,2.0,0.0,0.0039447731755424065,2.847929736511919,2.0,2.0,50,sinusoid,core:00674,False,False,assessed,ok,1.0,,True,2.0,0.0,0.0,0.0,0.0,512,26.85694382099973,,
1.0,0.5,0.1200000000000001,185.06,20260823,,1.0050815163437596e-13,1639254766,9.0,False,core,False,7.0,482,0.012310162455051695,0.02159032068023481,,5.0,7.0,True,False,one_sample,504,2820.0,0,50,50.0,1.0,5.0,ok,0.0006484383443207615,26,-0.0016231352546747548,0.7073681515138273,True,,True,0.0,0.0,0.0,,True,1.0,0.0,0.001984126984126984,0.0006484383443207615,1.0,1.0,50,sinusoid,core:00675,False,False,assessed,ok,1.0,,True,1.0,0.0,0.0,0.0,0.0,512,31.88848717899964,,
0.0,0.5,507.91999999999996,179.84999999999997,20260823,,8.290073592609774e-14,3993154483,6.0,False,core,False,7.0,482,0.005767167988141018,0.004943710506214227,,5.0,7.0,True,False,one_sample,507,4827.0,0,50,50.0,0.0196078431372549,64.70902393495003,ok,2.824131220461496,27,-0.0010765982696220762,0.7068350013399538,True,,True,2.0,0.0,0.0039447731755424065,,True,2.0,0.0,0.0039447731755424065,2.824131220461496,2.0,2.0,50,sinusoid,core:00676,False,False,assessed,ok,1.0,,True,2.0,0.0,0.0,0.0,0.0,512,24.176536861001296,,
0.0,0.5,479.38,165.17,20260823,,1.1519572484712392e-13,2229423533,6.0,False,core,False,5.0,492,0.013955316314097129,0.022450881869215955,,5.0,7.0,True,False,one_sample,507,4705.0,0,50,50.0,0.0196078431372549,60.563244305353486,ok,2.9023430405037236,28,-0.0016809694678591967,0.7074371695902104,True,,True,2.0,0.0,0.0039447731755424065,,True,2.0,0.0,0.0039447731755424065,2.9023430405037236,2.0,2.0,50,sinusoid,core:00677,False,False,assessed,ok,1.0,,True,2.0,0.0,0.0,0.0,0.0,512,27.794663380998827,,
1.0,0.5,1.46,175.94000000000005,20260823,,8.78495660014489e-14,267742965,7.0,False,core,False,7.0,482,0.00752205359497115,0.009586462019420039,,5.0,7.0,True,False,one_sample,506,3100.0,0,50,50.0,1.0,16.347145613976526,ok,0.00829828350574059,29,-0.0018884052880165352,0.7077045298609826,True,,True,0.0,0.0,0.0,,True,1.0,0.0,0.001976284584980237,0.00829828350574059,1.0,1.0,50,sinusoid,core:00678,False,False,assessed,ok,1.0,,True,1.0,0.0,0.0,0.0,0.0,512,28.82444725700043,,
,,,,20260823,,,2452021902,13.0,True,core,True,13.0,440,,,insufficient divergence points,6.0,2.0,False,False,one_sample,0,,1,50,,,,,,0,0.6464104658796113,0.20946424741201883,False,,True,,,,,True,,,,,,,50,logistic_p4,core:00679,True,False,not_assessed_detector_failure,embedding_not_saturated,1.0,,False,,,,,,512,1.6962835419999465,,
,,,,20260823,,,2937471083,13.0,True,core,True,13.0,440,,,insufficient divergence points,6.0,2.0,False,False,one_sample,0,,1,50,,,,,,1,0.6464104658796113,0.20946424741201883,False,,True,,,,,True,,,,,,,50,logistic_p4,core:00680,True,False,not_assessed_detector_failure,embedding_not_saturated,1.0,,False,,,,,,512,1.663062699000875,,
,,,,20260823,,,2868093507,13.0,True,core,True,13.0,440,,,insufficient divergence points,6.0,2.0,False,False,one_sample,0,,1,50,,,,,,2,0.6464104658796113,0.20946424741201883,False,,True,,,,,True,,,,,,,50,logistic_p4,core:00681,True,False,not_assessed_detector_failure,embedding_not_saturated,1.0,,False,,,,,,512,1.599683147000178,,
,,,,20260823,,,1307958619,13.0,True,core,True,13.0,440,,,insufficient divergence points,6.0,2.0,False,False,one_sample,0,,1,50,,,,,,3,0.6464104658796113,0.20946424741201883,False,,True,,,,,True,,,,,,,50,logistic_p4,core:00682,True,False,not_assessed_detector_failure,embedding_not_saturated,1.0,,False,,,,,,512,1.6881230210001377,,
,,,,20260823,,,1095458692,13.0,True,core,True,13.0,440,,,insufficient divergence points,6.0,2.0,False,False,one_sample,0,,1,50,,,,,,4,0.6464104658796113,0.20946424741201883,False,,True,,,,,True,,,,,,,50,logistic_p4,core:00683,True,False,not_assessed_detector_failure,embedding_not_saturated,1.0,,False,,,,,,512,1.5606493499999488,,
,,,,20260823,,,3456893714,13.0,True,core,True,13.0,440,,,insufficient divergence points,6.0,2.0,False,False,one_sample,0,,1,50,,,,,,5,0.6464104658796112,0.20946424741201883,False,,True,,,,,True,,,,,,,50,logistic_p4,core:00684,True,False,not_assessed_detector_failure,embedding_not_saturated,1.0,,False,,,,,,512,1.5884899140000925,,
,,,,20260823,,,2013364688,13.0,True,core,True,13.0,440,,,insufficient divergence points,6.0,2.0,False,False,one_sample,0,,1,50,,,,,,6,0.6464104658796112,0.20946424741201883,False,,True,,,,,True,,,,,,,50,logistic_p4,core:00685,True,False,not_assessed_detector_failure,embedding_not_saturated,1.0,,False,,,,,,512,1.5759259480000765,,
,,,,20260823,,,3495236602,13.0,True,core,True,13.0,440,,,insufficient divergence points,6.0,2.0,False,False,one_sample,0,,1,50,,,,,,7,0.6464104658796113,0.20946424741201883,False,,True,,,,,True,,,,,,,50,logistic_p4,core:00686,True,False,not_assessed_detector_failure,embedding_not_saturated,1.0,,False,,,,,,512,2.0943941910009016,,
,,,,20260823,,,551029920,13.0,True,core,True,13.0,440,,,insufficient divergence points,6.0,2.0,False,False,one_sample,0,,1,50,,,,,,8,0.6464104658796112,0.20946424741201883,False,,True,,,,,True,,,,,,,50,logistic_p4,core:00687,True,False,not_assessed_detector_failure,embedding_not_saturated,1.0,,False,,,,,,512,2.6910744950000662,,
,,,,20260823,,,1424846485,13.0,True,core,True,13.0,440,,,insufficient divergence points,6.0,2.0,False,False,one_sample,0,,1,50,,,,,,9,0.6464104658796112,0.20946424741201883,False,,True,,,,,True,,,,,,,50,logistic_p4,core:00688,True,False,not_assessed_detector_failure,embedding_not_saturated,1.0,,False,,,,,,512,2.335654769998655,,
,,,,20260823,,,1085117404,13.0,True,core,True,13.0,440,,,insufficient divergence points,6.0,2.0,False,False,one_sample,0,,1,50,,,,,,10,0.6464104658796113,0.20946424741201883,False,,True,,,,,True,,,,,,,50,logistic_p4,core:00689,True,False,not_assessed_detector_failure,embedding_not_saturated,1.0,,False,,,,,,512,2.4969633769997017,,
,,,,20260823,,,1840126070,13.0,True,core,True,13.0,440,,,insufficient divergence points,6.0,2.0,False,False,one_sample,0,,1,50,,,,,,11,0.6464104658796112,0.20946424741201883,False,,True,,,,,True,,,,,,,50,logistic_p4,core:00690,True,False,not_assessed_detector_failure,embedding_not_saturated,1.0,,False,,,,,,512,2.907431040001029,,
,,,,20260823,,,1106876140,13.0,True,core,True,13.0,440,,,insufficient divergence points,6.0,2.0,False,False,one_sample,0,,1,50,,,,,,12,0.6464104658796113,0.20946424741201883,False,,True,,,,,True,,,,,,,50,logistic_p4,core:00691,True,False,not_assessed_detector_failure,embedding_not_saturated,1.0,,False,,,,,,512,2.75598239700048,,
,,,,20260823,,,1992838869,13.0,True,core,True,13.0,440,,,insufficient divergence points,6.0,2.0,False,False,one_sample,0,,1,50,,,,,,13,0.6464104658796112,0.20946424741201883,False,,True,,,,,True,,,,,,,50,logistic_p4,core:00692,True,False,not_assessed_detector_failure,embedding_not_saturated,1.0,,False,,,,,,512,2.001337202000286,,
,,,,20260823,,,2973376168,13.0,True,core,True,13.0,440,,,insufficient divergence points,6.0,2.0,False,False,one_sample,0,,1,50,,,,,,14,0.6464104658796112,0.20946424741201883,False,,True,,,,,True,,,,,,,50,logistic_p4,core:00693,True,False,not_assessed_detector_failure,embedding_not_saturated,1.0,,False,,,,,,512,1.5695855200010556,,
,,,,20260823,,,2214535054,13.0,True,core,True,13.0,440,,,insufficient divergence points,6.0,2.0,False,False,one_sample,0,,1,50,,,,,,15,0.6464104658796112,0.20946424741201883,False,,True,,,,,True,,,,,,,50,logistic_p4,core:00694,True,False,not_assessed_detector_failure,embedding_not_saturated,1.0,,False,,,,,,512,1.625198444000489,,
,,,,20260823,,,2121234261,13.0,True,core,True,13.0,440,,,insufficient divergence points,6.0,2.0,False,False,one_sample,0,,1,50,,,,,,16,0.6464104658796112,0.20946424741201883,False,,True,,,,,True,,,,,,,50,logistic_p4,core:00695,True,False,not_assessed_detector_failure,embedding_not_saturated,1.0,,False,,,,,,512,1.5710248599989427,,
,,,,20260823,,,4061451231,13.0,True,core,True,13.0,440,,,insufficient divergence points,6.0,2.0,False,False,one_sample,0,,1,50,,,,,,17,0.6464104658796113,0.20946424741201883,False,,True,,,,,True,,,,,,,50,logistic_p4,core:00696,True,False,not_assessed_detector_failure,embedding_not_saturated,1.0,,False,,,,,,512,1.5344107499986421,,
,,,,20260823,,,2229529714,13.0,True,core,True,13.0,440,,,insufficient divergence points,6.0,2.0,False,False,one_sample,0,,1,50,,,,,,18,0.6464104658796112,0.20946424741201883,False,,True,,,,,True,,,,,,,50,logistic_p4,core:00697,True,False,not_assessed_detector_failure,embedding_not_saturated,1.0,,False,,,,,,512,1.563666199999716,,
,,,,20260823,,,2456270152,13.0,True,core,True,13.0,440,,,insufficient divergence points,6.0,2.0,False,False,one_sample,0,,1,50,,,,,,19,0.6464104658796112,0.20946424741201883,False,,True,,,,,True,,,,,,,50,logistic_p4,core:00698,True,False,not_assessed_detector_failure,embedding_not_saturated,1.0,,False,,,,,,512,1.5655549059993064,,
,,,,20260823,,,2224785787,13.0,True,core,True,13.0,440,,,insufficient divergence points,6.0,2.0,False,False,one_sample,0,,1,50,,,,,,20,0.6464104658796113,0.20946424741201883,False,,True,,,,,True,,,,,,,50,logistic_p4,core:00699,True,False,not_assessed_detector_failure,embedding_not_saturated,1.0,,False,,,,,,512,1.5858104649996676,,
,,,,20260823,,,331101063,13.0,True,core,True,13.0,440,,,insufficient divergence points,6.0,2.0,False,False,one_sample,0,,1,50,,,,,,21,0.6464104658796112,0.20946424741201883,False,,True,,,,,True,,,,,,,50,logistic_p4,core:00700,True,False,not_assessed_detector_failure,embedding_not_saturated,1.0,,False,,,,,,512,1.5422379589999764,,
,,,,20260823,,,2585976147,13.0,True,core,True,13.0,440,,,insufficient divergence points,6.0,2.0,False,False,one_sample,0,,1,50,,,,,,22,0.6464104658796112,0.20946424741201883,False,,True,,,,,True,,,,,,,50,logistic_p4,core:00701,True,False,not_assessed_detector_failure,embedding_not_saturated,1.0,,False,,,,,,512,1.5382984089992533,,
,,,,20260823,,,1237426014,13.0,True,core,True,13.0,440,,,insufficient divergence points,6.0,2.0,False,False,one_sample,0,,1,50,,,,,,23,0.6464104658796113,0.20946424741201883,False,,True,,,,,True,,,,,,,50,logistic_p4,core:00702,True,False,not_assessed_detector_failure,embedding_not_saturated,1.0,,False,,,,,,512,1.5939900839985057,,
,,,,20260823,,,2361769797,13.0,True,core,True,13.0,440,,,insufficient divergence points,6.0,2.0,False,False,one_sample,0,,1,50,,,,,,24,0.6464104658796113,0.20946424741201883,False,,True,,,,,True,,,,,,,50,logistic_p4,core:00703,True,False,not_assessed_detector_failure,embedding_not_saturated,1.0,,False,,,,,,512,1.5158574230008526,,
,,,,20260823,,,761551314,13.0,True,core,True,13.0,440,,,insufficient divergence points,6.0,2.0,False,False,one_sample,0,,1,50,,,,,,25,0.6464104658796112,0.20946424741201883,False,,True,,,,,True,,,,,,,50,logistic_p4,core:00704,True,False,not_assessed_detector_failure,embedding_not_saturated,1.0,,False,,,,,,512,1.7627321890013263,,
,,,,20260823,,,650486004,13.0,True,core,True,13.0,440,,,insufficient divergence points,6.0,2.0,False,False,one_sample,0,,1,50,,,,,,26,0.6464104658796113,0.20946424741201883,False,,True,,,,,True,,,,,,,50,logistic_p4,core:00705,True,False,not_assessed_detector_failure,embedding_not_saturated,1.0,,False,,,,,,512,2.1648628860002646,,
,,,,20260823,,,101679354,13.0,True,core,True,13.0,440,,,insufficient divergence points,6.0,2.0,False,False,one_sample,0,,1,50,,,,,,27,0.6464104658796112,0.20946424741201883,False,,True,,,,,True,,,,,,,50,logistic_p4,core:00706,True,False,not_assessed_detector_failure,embedding_not_saturated,1.0,,False,,,,,,512,3.272144214999571,,
,,,,20260823,,,2632487492,13.0,True,core,True,13.0,440,,,insufficient divergence points,6.0,2.0,False,False,one_sample,0,,1,50,,,,,,28,0.6464104658796113,0.20946424741201883,False,,True,,,,,True,,,,,,,50,logistic_p4,core:00707,True,False,not_assessed_detector_failure,embedding_not_saturated,1.0,,False,,,,,,512,2.753475656001683,,
,,,,20260823,,,1853338797,13.0,True,core,True,13.0,440,,,insufficient divergence points,6.0,2.0,False,False,one_sample,0,,1,50,,,,,,29,0.6464104658796112,0.20946424741201883,False,,True,,,,,True,,,,,,,50,logistic_p4,core:00708,True,False,not_assessed_detector_failure,embedding_not_saturated,1.0,,False,,,,,,512,2.6256436750009016,,
0.0,0.5,709.26,102.09,20260823,,0.16371836488445787,356934387,4.0,False,core,False,8.0,442,0.1809433196467305,0.6407703942811798,,10.0,4.0,True,False,one_sample,509,5025.0,0,50,50.0,0.0196078431372549,304.8163683811294,ok,6.947399353511607,0,0.5104270918166418,0.3492926136053321,True,,True,2.0,0.02,0.003929273084479371,,True,2.0,0.02,0.003929273084479371,6.947399353511607,2.0,2.0,50,logistic,core:00709,False,False,assessed,ok,1.0,,True,2.0,0.0,0.0,0.0,0.0,512,22.958267265999893,,
0.0,0.5,1025.52,111.15,20260823,,0.15876999161913025,198722417,4.0,False,core,False,9.0,448,0.16424846261088216,0.615492099522667,,8.0,4.0,True,False,one_sample,509,5038.0,0,50,50.0,0.0196078431372549,215.1023628649454,ok,9.226450742240216,1,0.4971692667227494,0.3545889628436795,True,,True,2.0,0.04,0.003929273084479371,,True,2.0,0.04,0.003929273084479371,9.226450742240216,2.0,2.0,50,logistic,core:00710,False,False,assessed,ok,1.0,,True,2.0,0.0,0.0,0.0,0.0,512,22.20261663099882,,
0.0,0.5,793.22,104.33,20260823,,0.17472641199899808,3779196813,4.0,False,core,False,10.0,449,0.1358239832420547,0.5695047810277769,,7.0,4.0,True,False,one_sample,509,5019.0,0,50,50.0,0.0196078431372549,262.70354545249677,ok,7.602990510878942,2,0.49083248890110803,0.3567651615166148,True,,True,2.0,0.085,0.003929273084479371,,True,2.0,0.085,0.003929273084479371,7.602990510878942,2.0,2.0,50,logistic,core:00711,False,False,assessed,ok,1.0,,True,2.0,0.0,0.0,0.0,0.0,512,21.155807020000793,,
0.0,0.5,1016.42,92.11,20260823,,0.15431100370704282,2639095055,4.0,False,core,False,8.0,442,0.1721800632327281,0.6200866256285976,,10.0,4.0,True,False,one_sample,509,5038.0,0,50,50.0,0.0196078431372549,349.2780540267954,ok,11.034849636304418,3,0.49729314185890733,0.35441946934927415,True,,True,1.0,0.025,0.0019646365422396855,,True,1.0,0.025,0.0019646365422396855,11.034849636304418,1.0,1.0,50,logistic,core:00712,False,False,assessed,ok,1.0,,True,1.0,0.0,0.0,0.0,0.0,512,21.256207839000126,,
0.0,0.5,968.74,124.10999999999999,20260823,,0.15998767735704456,2702498174,4.0,False,core,False,7.0,464,0.2047366452568741,0.6503025216208344,,8.0,4.0,True,False,one_sample,509,5005.0,0,50,50.0,0.0196078431372549,227.64500236596857,ok,7.80549512529208,4,0.4867007090813529,0.35845762725644337,True,,True,2.0,0.075,0.003929273084479371,,True,2.0,0.075,0.003929273084479371,7.80549512529208,2.0,2.0,50,logistic,core:00713,False,False,assessed,ok,1.0,,True,2.0,0.0,0.0,0.0,0.0,512,21.019652873999803,,
0.0,0.5,1141.82,114.6,20260823,,0.14578399210003395,3959814324,4.0,False,core,False,9.0,456,0.14903504649164975,0.5632636790126035,,7.0,4.0,True,False,one_sample,509,5044.0,0,50,50.0,0.0196078431372549,203.33591988946276,ok,9.963525305410123,5,0.49834521907754326,0.35421553609192713,True,,True,2.0,0.045,0.003929273084479371,,True,2.0,0.045,0.003929273084479371,9.963525305410123,2.0,2.0,50,logistic,core:00714,False,False,assessed,ok,1.0,,True,2.0,0.0,0.0,0.0,0.0,512,20.938749093000297,,
0.0,0.5,1102.54,111.41,20260823,,0.16365326326959498,650289659,4.0,False,core,False,9.0,456,0.15252795201834388,0.597829904888224,,7.0,4.0,True,False,one_sample,509,5034.0,0,50,50.0,0.0196078431372549,280.2740716862412,ok,9.896239116775872,6,0.48971265300795563,0.357079731021215,True,,True,2.0,0.055,0.003929273084479371,,True,2.0,0.055,0.003929273084479371,9.896239116775872,2.0,2.0,50,logistic,core:00715,False,False,assessed,ok,1.0,,True,2.0,0.0,0.0,0.0,0.0,512,21.11536982100006,,
0.0,0.5,1323.4,107.66000000000001,20260823,,0.1569524230763793,1331574411,4.0,False,core,False,8.0,456,0.182123967998066,0.6397970001418529,,8.0,4.0,True,False,one_sample,509,5051.0,0,50,50.0,0.0196078431372549,107.94882233349435,ok,12.29240200631618,7,0.5185934074517669,0.3463519270746679,True,,True,2.0,0.085,0.003929273084479371,,True,2.0,0.085,0.003929273084479371,12.29240200631618,2.0,2.0,50,logistic,core:00716,False,False,assessed,ok,1.0,,True,2.0,0.0,0.0,0.0,0.0,512,22.124567013999695,,
0.0,0.5,769.24,98.39,20260823,,0.15495647811070756,3878574361,4.0,False,core,True,13.0,416,0.11133724316095063,0.5727075138800026,,8.0,4.0,True,False,one_sample,509,5047.0,0,50,50.0,0.0196078431372549,230.38398899350204,ok,7.818274214859234,8,0.5178952893524141,0.3472888917199842,True,,True,2.0,0.05,0.003929273084479371,,True,2.0,0.05,0.003929273084479371,7.818274214859234,2.0,2.0,50,logistic,core:00717,False,False,assessed,ok,1.0,,True,2.0,0.0,0.0,0.0,0.0,512,22.692060056000628,,
0.0,0.5,821.12,111.23,20260823,,0.16784419171510412,1969153972,4.0,False,core,False,8.0,421,0.17518239304618416,0.6296568918788327,,13.0,4.0,True,False,one_sample,509,5043.0,0,50,50.0,0.0196078431372549,208.78097082889644,ok,7.382181066259102,9,0.5165632354968245,0.3473198300744104,True,,True,2.0,0.055,0.003929273084479371,,True,2.0,0.055,0.003929273084479371,7.382181066259102,2.0,2.0,50,logistic,core:00718,False,False,assessed,ok,1.0,,True,2.0,0.0,0.0,0.0,0.0,512,22.869673799999873,,
0.0,0.5,1035.34,105.59,20260823,,0.14611318453190303,3999555301,4.0,False,core,False,10.0,431,0.13769510497239304,0.5873114352186593,,9.0,4.0,True,False,one_sample,509,5028.0,0,50,50.0,0.0196078431372549,284.6206088474128,ok,9.805284591343876,10,0.5097939466717231,0.34990903994032385,True,,True,2.0,0.02,0.003929273084479371,,True,2.0,0.02,0.003929273084479371,9.805284591343876,2.0,2.0,50,logistic,core:00719,False,False,assessed,ok,1.0,,True,2.0,0.0,0.0,0.0,0.0,512,21.8504038939991,,
0.0,0.5,1867.1399999999999,99.41,20260823,,0.14751703098916935,541325348,4.0,False,core,False,9.0,424,0.15829583461710897,0.6230028606047804,,11.0,4.0,True,False,one_sample,509,5069.0,0,50,50.0,0.0196078431372549,76.18021926448449,ok,18.78221506890655,11,0.5243118698352953,0.3445170800893754,True,,True,2.0,0.07,0.003929273084479371,,True,2.0,0.07,0.003929273084479371,18.78221506890655,2.0,2.0,50,logistic,core:00720,False,False,assessed,ok,1.0,,True,2.0,0.0,0.0,0.0,0.0,512,20.953761605998807,,
0.0,0.5,1077.24,103.54,20260823,,0.17187169681204825,3214360193,4.0,False,core,False,8.0,449,0.16923274137055835,0.6157353955135245,,9.0,4.0,True,False,one_sample,509,5045.0,0,50,50.0,0.0196078431372549,224.14335183144755,ok,10.404095035734981,12,0.5146698800358955,0.3481277228760064,True,,True,2.0,0.065,0.003929273084479371,,True,2.0,0.065,0.003929273084479371,10.404095035734981,2.0,2.0,50,logistic,core:00721,False,False,assessed,ok,1.0,,True,2.0,0.0,0.0,0.0,0.0,512,21.218304801001068,,
0.0,0.5,1089.98,113.94000000000001,20260823,,0.1570584629954499,3040270988,4.0,False,core,False,10.0,440,0.14198572181536762,0.5953075400828965,,8.0,4.0,True,False,one_sample,509,5050.0,0,50,50.0,0.0196078431372549,133.9025820019,ok,9.566262945409864,13,0.49876217553248264,0.35379926326500566,True,,True,2.0,0.05,0.003929273084479371,,True,3.0,0.055,0.005893909626719057,9.566262945409864,3.0,3.0,50,logistic,core:00722,False,False,assessed,ok,1.0,,True,3.0,0.0,0.0,0.0,0.0,512,21.328556140000728,,
0.0,0.5,1104.02,101.8,20260823,,0.16161893028197666,1844595504,4.0,False,core,False,10.0,431,0.130733369676676,0.5403849442166698,,9.0,4.0,True,False,one_sample,509,5039.0,0,50,50.0,0.0196078431372549,191.77122073060934,ok,10.844990176817289,14,0.5147071597547044,0.34810338968770504,True,,True,2.0,0.05,0.003929273084479371,,True,2.0,0.05,0.003929273084479371,10.844990176817289,2.0,2.0,50,logistic,core:00723,False,False,assessed,ok,1.0,,True,2.0,0.0,0.0,0.0,0.0,512,21.569379311999,,
0.0,0.5,707.2,95.52000000000001,20260823,,0.16840375534374719,2081017421,4.0,False,core,False,7.0,458,0.20904852090042755,0.714084156292672,,9.0,4.0,True,False,one_sample,509,5046.0,0,50,50.0,0.0196078431372549,300.1514949587114,ok,7.4036850921273025,15,0.5295439689953625,0.34186318607650973,True,,True,1.0,0.015,0.0019646365422396855,,True,1.0,0.015,0.0019646365422396855,7.4036850921273025,1.0,1.0,50,logistic,core:00724,False,False,assessed,ok,1.0,,True,1.0,0.0,0.0,0.0,0.0,512,22.033756311000616,,
0.0,0.5,1090.4,114.51,20260823,,0.15492906514963772,4090204620,4.0,False,core,False,11.0,412,0.12412955468657513,0.5540950014826793,,10.0,4.0,True,False,one_sample,509,5057.0,0,50,50.0,0.0196078431372549,125.99231194807393,ok,9.52231246179373,16,0.5026568311708475,0.3525192604141346,True,,True,2.0,0.05,0.003929273084479371,,True,2.0,0.05,0.003929273084479371,9.52231246179373,2.0,2.0,50,logistic,core:00725,False,False,assessed,ok,1.0,,True,2.0,0.0,0.0,0.0,0.0,512,23.24087892999887,,
0.0,0.5,643.84,92.57000000000001,20260823,,0.17301875346167284,1996167806,4.0,False,core,False,9.0,456,0.15358823628860085,0.5961209038939119,,7.0,4.0,True,False,one_sample,509,5025.0,0,50,50.0,0.0196078431372549,303.6027781047036,ok,6.955169061250945,17,0.49774258426627543,0.3547953112699048,True,,True,2.0,0.03,0.003929273084479371,,True,2.0,0.03,0.003929273084479371,6.955169061250945,2.0,2.0,50,logistic,core:00726,False,False,assessed,ok,1.0,,True,2.0,0.0,0.0,0.0,0.0,512,23.75312054800088,,
0.0,0.5,1010.04,98.96,20260823,,0.1660675816775155,3072393342,4.0,False,core,True,13.0,404,0.11174372109576836,0.5414678467157712,,9.0,4.0,True,False,one_sample,509,5033.0,0,50,50.0,0.0196078431372549,214.90027065838524,ok,10.206548100242523,18,0.4915445370807675,0.35644498313979495,True,,True,2.0,0.05,0.003929273084479371,,True,2.0,0.05,0.003929273084479371,10.206548100242523,2.0,2.0,50,logistic,core:00727,False,False,assessed,ok,1.0,,True,2.0,0.0,0.0,0.0,0.0,512,22.502337312000236,,
0.0,0.5,793.2,111.33,20260823,,0.16860538271592912,317240920,4.0,False,core,True,13.0,416,0.10922045265375886,0.5706502344091787,,8.0,4.0,True,False,one_sample,509,5048.0,0,50,50.0,0.0196078431372549,174.02937043316362,ok,7.12476421449744,19,0.5078725068146588,0.35066959245402485,True,,True,2.0,0.05,0.003929273084479371,,True,2.0,0.05,0.003929273084479371,7.12476421449744,2.0,2.0,50,logistic,core:00728,False,False,assessed,ok,1.0,,True,2.0,0.0,0.0,0.0,0.0,512,21.308949988999302,,
0.0,0.5,949.44,116.08,20260823,,0.1656761110269846,1639276089,4.0,False,core,False,10.0,422,0.14079575904458647,0.5649816458092096,,10.0,4.0,True,False,one_sample,509,5037.0,0,50,50.0,0.0196078431372549,215.2771659004929,ok,8.179186767746382,20,0.4987207485883204,0.3538397234362174,True,,True,2.0,0.055,0.003929273084479371,,True,2.0,0.055,0.003929273084479371,8.179186767746382,2.0,2.0,50,logistic,core:00729,False,False,assessed,ok,1.0,,True,2.0,0.0,0.0,0.0,0.0,512,21.10248366199994,,
0.0,0.5,711.26,87.08000000000001,20260823,,0.14906782523992657,423308083,4.0,False,core,False,11.0,432,0.13444958800795534,0.5669937866689174,,8.0,4.0,True,False,one_sample,509,5035.0,0,50,50.0,0.0196078431372549,309.1410362572168,ok,8.16789159393661,21,0.4898311648961516,0.35693447215897667,True,,True,2.0,0.03,0.003929273084479371,,True,2.0,0.03,0.003929273084479371,8.16789159393661,2.0,2.0,50,logistic,core:00730,False,False,assessed,ok,1.0,,True,2.0,0.0,0.0,0.0,0.0,512,20.96833541200067,,
0.0,0.5,814.76,100.62,20260823,,0.1527152043504782,130339899,4.0,False,core,True,13.0,416,0.11039819359570759,0.5760525960607338,,8.0,4.0,True,False,one_sample,509,5028.0,0,50,50.0,0.0196078431372549,333.57571588533915,ok,8.09739614390777,22,0.49198727501968986,0.3560421095518596,True,,True,2.0,0.035,0.003929273084479371,,True,2.0,0.035,0.003929273084479371,8.09739614390777,2.0,2.0,50,logistic,core:00731,False,False,assessed,ok,1.0,,True,2.0,0.0,0.0,0.0,0.0,512,20.973333453001032,,
0.0,0.5,1414.5,131.08999999999997,20260823,,0.15678119539514304,3971064935,4.0,False,core,False,11.0,442,0.12946661956033786,0.5810037441813365,,7.0,4.0,True,False,one_sample,509,5038.0,0,50,50.0,0.0196078431372549,232.9016699461244,ok,10.79029674269586,23,0.4848807527316862,0.35822651565540503,True,,True,2.0,0.06,0.003929273084479371,,True,2.0,0.06,0.003929273084479371,10.79029674269586,2.0,2.0,50,logistic,core:00732,False,False,assessed,ok,1.0,,True,2.0,0.0,0.0,0.0,0.0,512,21.23509614699833,,
0.0,0.5,720.6,97.91,20260823,,0.17173600556755636,794226960,4.0,False,core,False,10.0,440,0.1367056415618874,0.5732433900958283,,8.0,4.0,True,False,one_sample,509,5048.0,0,50,50.0,0.0196078431372549,269.2998792024849,ok,7.359820243080381,24,0.5019770607417398,0.3522499256912912,True,,True,2.0,0.055,0.003929273084479371,,True,2.0,0.055,0.003929273084479371,7.359820243080381,2.0,2.0,50,logistic,core:00733,False,False,assessed,ok,1.0,,True,2.0,0.0,0.0,0.0,0.0,512,22.82776798499981,,
0.0,0.5,915.96,90.88000000000001,20260823,,0.16192529777404097,3587712380,4.0,False,core,True,13.0,428,0.11077580244748732,0.5532640232767829,,7.0,4.0,True,False,one_sample,509,5056.0,0,50,50.0,0.0196078431372549,291.76854488202315,ok,10.078785211267604,25,0.5169130595644744,0.3467963939408951,True,,True,2.0,0.03,0.003929273084479371,,True,2.0,0.03,0.003929273084479371,10.078785211267604,2.0,2.0,50,logistic,core:00734,False,False,assessed,ok,1.0,,True,2.0,0.0,0.0,0.0,0.0,512,22.73721539500002,,
0.0,0.5,2030.68,102.87,20260823,,0.16087126439135757,2340579936,4.0,False,core,False,7.0,458,0.2071004339026547,0.6534763878750312,,9.0,4.0,True,False,one_sample,509,4986.0,0,50,50.0,0.0196078431372549,23.799954660841596,ok,19.740254690385925,26,0.4948929413067539,0.3555720081679711,True,,True,2.0,0.095,0.003929273084479371,,True,2.0,0.095,0.003929273084479371,19.740254690385925,2.0,2.0,50,logistic,core:00735,False,False,assessed,ok,1.0,,True,2.0,0.0,0.0,0.0,0.0,512,23.183219903001373,,
0.0,0.5,1339.46,112.38,20260823,,0.15085923946508548,3461811965,4.0,False,core,True,13.0,428,0.10720443634966209,0.5402806602354038,,7.0,4.0,True,False,one_sample,509,5052.0,0,50,50.0,0.0196078431372549,257.1985010983656,ok,11.919024737497777,27,0.5100035450151108,0.35011015903889964,True,,True,2.0,0.05,0.003929273084479371,,True,2.0,0.05,0.003929273084479371,11.919024737497777,2.0,2.0,50,logistic,core:00736,False,False,assessed,ok,1.0,,True,2.0,0.0,0.0,0.0,0.0,512,22.728120120000312,,
0.0,0.5,916.08,96.74,20260823,,0.15631091639492894,2706577404,4.0,False,core,False,7.0,470,0.21101701021157868,0.6582642548130221,,7.0,4.0,True,False,one_sample,509,5030.0,0,50,50.0,0.0196078431372549,310.7076575843774,ok,9.46950589208187,28,0.48896314524740586,0.3568630683273188,True,,True,2.0,0.055,0.003929273084479371,,True,2.0,0.055,0.003929273084479371,9.46950589208187,2.0,2.0,50,logistic,core:00737,False,False,assessed,ok,1.0,,True,2.0,0.0,0.0,0.0,0.0,512,21.27031492899914,,
0.0,0.48,1068.52,111.24000000000001,20260823,,0.14274259373168802,4072382898,4.0,False,core,True,13.0,392,0.11690019156658252,0.5402239467882987,,10.0,4.0,True,False,one_sample,509,5052.0,0,50,50.0,0.0196078431372549,134.796172540013,ok,9.605537576411361,29,0.497421420753372,0.354662272822268,True,,True,2.0,0.05,0.003929273084479371,,True,2.0,0.05,0.003929273084479371,9.605537576411361,2.0,2.0,50,logistic,core:00738,False,False,assessed,ok,1.0,,True,2.0,0.0,0.0,0.0,0.0,512,20.808338750000985,,
0.0,0.5,1325.42,144.47999999999996,20260823,,0.14121218493354115,400455164,4.0,False,core,False,7.0,404,0.19172443574708656,0.7412646397337843,,18.0,3.0,True,False,one_sample,509,5079.0,0,50,50.0,0.0196078431372549,15.44953324297556,ok,9.173726467331122,0,0.27581984443573393,0.7080372616442949,True,,True,1.0,0.085,0.0019646365422396855,,True,1.0,0.085,0.0019646365422396855,9.173726467331122,1.0,1.0,50,henon,core:00739,False,False,assessed,ok,1.0,,True,1.0,0.0,0.0,0.0,0.0,512,21.35591585200018,,
0.0,0.5,921.42,125.05000000000001,20260823,,0.14413614441415315,2434392937,4.0,False,core,False,7.0,410,0.18204413200434488,0.6926215828076594,,17.0,3.0,True,False,one_sample,509,5075.0,0,50,50.0,0.0196078431372549,44.33168395730843,ok,7.36841263494602,1,0.26147544573392223,0.7175008637844535,True,,True,1.0,0.075,0.0019646365422396855,,True,1.0,0.075,0.0019646365422396855,7.36841263494602,1.0,1.0,50,henon,core:00740,False,False,assessed,ok,1.0,,True,1.0,0.0,0.0,0.0,0.0,512,21.186382758000036,,
0.0,0.5,1047.1799999999998,121.20000000000002,20260823,,0.1505895459816998,2030530968,4.0,False,core,False,9.0,432,0.14898215001441237,0.6758464421010549,,10.0,3.0,True,False,one_sample,509,5073.0,0,50,50.0,0.0196078431372549,37.852552791759244,ok,8.640099009900988,2,0.23834001090318122,0.7330617744883805,True,,True,1.0,0.045,0.0019646365422396855,,True,1.0,0.045,0.0019646365422396855,8.640099009900988,1.0,1.0,50,henon,core:00741,False,False,assessed,ok,1.0,,True,1.0,0.0,0.0,0.0,0.0,512,22.174418696999055,,
0.0,0.5,830.92,130.9,20260823,,0.145122606743448,2979571304,4.0,False,core,False,8.0,421,0.15920892669771555,0.7223891270904694,,13.0,3.0,True,False,one_sample,509,5075.0,0,50,50.0,0.0196078431372549,49.35465523234994,ok,6.3477463712757825,3,0.25082163561318704,0.7247329564299221,True,,True,1.0,0.035,0.0019646365422396855,,True,1.0,0.035,0.0019646365422396855,6.3477463712757825,1.0,1.0,50,henon,core:00742,False,False,assessed,ok,1.0,,True,1.0,0.0,0.0,0.0,0.0,512,22.42561866200049,,
0.0,0.5,1425.6,147.23000000000002,20260823,,0.14466273094708132,2818035234,4.0,False,core,False,8.0,393,0.16690575076714195,0.7193529056124026,,17.0,3.0,True,False,one_sample,509,5080.0,0,50,50.0,0.0196078431372549,20.443688808613913,ok,9.682809210079466,4,0.26845809017054,0.7106373705332947,True,,True,1.0,0.08,0.0019646365422396855,,True,1.0,0.08,0.0019646365422396855,9.682809210079466,1.0,1.0,50,henon,core:00743,False,False,assessed,ok,1.0,,True,1.0,0.0,0.0,0.0,0.0,512,23.25598748700031,,
0.0,0.5,970.5,127.83999999999997,20260823,,0.13467340749162088,1827801073,4.0,False,core,False,10.0,332,0.13336620383782188,0.6565276421387622,,20.0,3.0,True,False,one_sample,509,5075.0,0,50,50.0,0.0196078431372549,55.67344927308315,ok,7.591520650813519,5,0.22655880296143097,0.7401560574759981,True,,True,1.0,0.035,0.0019646365422396855,,True,1.0,0.035,0.0019646365422396855,7.591520650813519,1.0,1.0,50,henon,core:00744,False,False,assessed,ok,1.0,,True,1.0,0.0,0.0,0.0,0.0,512,22.709313461999045,,
0.0,0.5,1013.86,123.94000000000005,20260823,,0.1542831623192877,1125443748,4.0,False,core,False,8.0,400,0.16101870449706274,0.6794889612766016,,16.0,3.0,True,False,one_sample,509,5073.0,0,50,50.0,0.0196078431372549,35.249444417581756,ok,8.18024850734226,6,0.2550270775709426,0.7229204170028064,True,,True,1.0,0.05,0.0019646365422396855,,True,1.0,0.05,0.0019646365422396855,8.18024850734226,1.0,1.0,50,henon,core:00745,False,False,assessed,ok,1.0,,True,1.0,0.0,0.0,0.0,0.0,512,21.032841367999936,,
0.0,0.5,1298.12,144.28000000000003,20260823,,0.14803443104380387,522096716,4.0,False,core,False,7.0,446,0.19877700576132692,0.7522955405439747,,11.0,3.0,True,False,one_sample,509,5080.0,0,50,50.0,0.0196078431372549,25.656196724050098,ok,8.997227612974768,7,0.26793021645167525,0.7123875536105395,True,,True,1.0,0.11,0.0019646365422396855,,True,1.0,0.11,0.0019646365422396855,8.997227612974768,1.0,1.0,50,henon,core:00746,False,False,assessed,ok,1.0,,True,1.0,0.0,0.0,0.0,0.0,512,21.23593181800061,,
0.0,0.5,1267.5,132.70999999999998,20260823,,0.14050604490353547,2150187145,4.0,False,core,False,9.0,368,0.14925773999838,0.6846206197539801,,18.0,3.0,True,False,one_sample,509,5080.0,0,50,50.0,0.0196078431372549,13.91261708780386,ok,9.55090045964886,8,0.2880521452472606,0.6997020815462534,True,,True,1.0,0.11,0.0019646365422396855,,True,1.0,0.11,0.0019646365422396855,9.55090045964886,1.0,1.0,50,henon,core:00747,False,False,assessed,ok,1.0,,True,1.0,0.0,0.0,0.0,0.0,512,21.777230188999965,,
0.0,0.5,934.92,125.79000000000002,20260823,,0.13707558768250913,173836606,4.0,False,core,False,8.0,435,0.1606758661028208,0.6645555441606691,,11.0,3.0,True,False,one_sample,509,5076.0,0,50,50.0,0.0196078431372549,42.88499588079776,ok,7.432387312186977,9,0.24842134144679376,0.7260429711637011,True,,True,1.0,0.035,0.0019646365422396855,,True,1.0,0.035,0.0019646365422396855,7.432387312186977,1.0,1.0,50,henon,core:00748,False,False,assessed,ok,1.0,,True,1.0,0.0,0.0,0.0,0.0,512,22.04602209800032,,
0.0,0.5,1829.22,139.75,20260823,,0.12456797064122692,2482095389,4.0,False,core,False,8.0,442,0.16906545688049066,0.7115506459161497,,10.0,3.0,True,False,one_sample,509,5078.0,0,50,50.0,0.0196078431372549,10.902932673344456,ok,13.089230769230769,10,0.3030385801349442,0.6858960124187529,True,,True,1.0,0.07,0.0019646365422396855,,True,1.0,0.07,0.0019646365422396855,13.089230769230769,1.0,1.0,50,henon,core:00749,False,False,assessed,ok,1.0,,True,1.0,0.0,0.0,0.0,0.0,512,22.58058635999987,,
0.0,0.5,994.64,131.56,20260823,,0.14109635130858322,2947215850,4.0,False,core,False,8.0,400,0.153870086771737,0.6378620457261821,,16.0,3.0,True,False,one_sample,509,5078.0,0,50,50.0,0.0196078431372549,22.031207251498742,ok,7.560352690787473,11,0.2615908133440757,0.7170046053032086,True,,True,1.0,0.08,0.0019646365422396855,,True,1.0,0.08,0.0019646365422396855,7.560352690787473,1.0,1.0,50,henon,core:00750,False,False,assessed,ok,1.0,,True,1.0,0.0,0.0,0.0,0.0,512,22.48812818499937,,
0.0,0.5,963.02,136.28,20260823,,0.14000476278277035,3752405294,4.0,False,core,False,8.0,442,0.16245743458749373,0.6569667522240219,,10.0,3.0,True,False,one_sample,509,5076.0,0,50,50.0,0.0196078431372549,28.758993609771306,ok,7.066480774875257,12,0.2796271184599409,0.7047043150505276,True,,True,1.0,0.06,0.0019646365422396855,,True,1.0,0.06,0.0019646365422396855,7.066480774875257,1.0,1.0,50,henon,core:00751,False,False,assessed,ok,1.0,,True,1.0,0.0,0.0,0.0,0.0,512,23.54170299799989,,
0.0,0.5,1615.46,168.92,20260823,,0.2970856635558512,17332944,6.0,False,core,False,10.0,386,0.13991740543401684,0.6582958938211443,,14.0,3.0,True,False,one_sample,507,5060.0,0,50,50.0,0.0196078431372549,15.76996542930031,ok,9.56346199384324,13,0.2679937931998928,0.7142414601262388,True,,True,1.0,0.06,0.0019723865877712033,,True,1.0,0.06,0.0019723865877712033,9.56346199384324,1.0,1.0,50,henon,core:00752,False,False,assessed,ok,1.0,,True,1.0,0.0,0.0,0.0,0.0,512,25.97339876499973,,
0.0,0.5,943.2,129.00000000000003,20260823,,0.14866906102425553,3070562506,4.0,False,core,False,9.0,424,0.1475554344780925,0.645148720616252,,11.0,3.0,True,False,one_sample,509,5069.0,0,50,50.0,0.0196078431372549,49.17083326288868,ok,7.311627906976743,14,0.2373554653970921,0.7363305589528502,True,,True,1.0,0.05,0.0019646365422396855,,True,1.0,0.05,0.0019646365422396855,7.311627906976743,1.0,1.0,50,henon,core:00753,False,False,assessed,ok,1.0,,True,1.0,0.0,0.0,0.0,0.0,512,21.028243531000044,,
0.0,0.5,980.3,124.13999999999999,20260823,,0.13189944807334258,130377204,4.0,False,core,False,11.0,402,0.12374496096207992,0.6224578659943618,,11.0,3.0,True,False,one_sample,509,5078.0,0,50,50.0,0.0196078431372549,30.012605329879232,ok,7.896729498952796,15,0.2837617818099766,0.7025677407038861,True,,True,1.0,0.065,0.0019646365422396855,,True,1.0,0.065,0.0019646365422396855,7.896729498952796,1.0,1.0,50,henon,core:00754,False,False,assessed,ok,1.0,,True,1.0,0.0,0.0,0.0,0.0,512,20.900944177999918,,
0.0,0.5,758.76,196.39999999999998,20260823,,0.30186946610209775,1487160413,6.0,False,core,False,10.0,377,0.13006925405350142,0.6612627184066071,,15.0,3.0,True,False,one_sample,507,5059.0,0,50,50.0,0.0196078431372549,21.229403904989645,ok,3.863340122199593,16,0.2565626773791902,0.7208347845978635,True,,True,1.0,0.035,0.0019723865877712033,,True,1.0,0.035,0.0019723865877712033,3.863340122199593,1.0,1.0,50,henon,core:00755,False,False,assessed,ok,1.0,,True,1.0,0.0,0.0,0.0,0.0,512,24.00823152599878,,
0.0,0.5,1217.7,134.69,20260823,,0.15187635558528584,2277226004,4.0,False,core,False,10.0,323,0.1305273058603871,0.6271719335278442,,21.0,3.0,True,False,one_sample,509,5076.0,0,50,50.0,0.0196078431372549,39.37955302799065,ok,9.04076026431064,17,0.2354473661680079,0.7355008129624606,True,,True,1.0,0.055,0.0019646365422396855,,True,1.0,0.055,0.0019646365422396855,9.04076026431064,1.0,1.0,50,henon,core:00756,False,False,assessed,ok,1.0,,True,1.0,0.0,0.0,0.0,0.0,512,20.994598043000224,,
0.0,0.5,1050.1399999999999,125.68,20260823,,0.14396431692028935,4118321696,4.0,False,core,False,7.0,410,0.1780336908925834,0.6955444017887001,,17.0,3.0,True,False,one_sample,509,5074.0,0,50,50.0,0.0196078431372549,24.445509185155096,ok,8.35566518141311,18,0.26333312940414344,0.7176701899900179,True,,True,1.0,0.03,0.0019646365422396855,,True,1.0,0.03,0.0019646365422396855,8.35566518141311,1.0,1.0,50,henon,core:00757,False,False,assessed,ok,1.0,,True,1.0,0.0,0.0,0.0,0.0,512,21.972652091000782,,
0.0,0.5,934.44,174.08000000000004,20260823,,0.32461622214948455,2500006676,6.0,False,core,False,11.0,412,0.11905158067867297,0.6489707623590917,,10.0,3.0,True,False,one_sample,507,5060.0,0,50,50.0,0.0196078431372549,11.189887380916613,ok,5.3678768382352935,19,0.26283129201642996,0.7182850432911847,True,,True,1.0,0.035,0.0019723865877712033,,True,1.0,0.035,0.0019723865877712033,5.3678768382352935,1.0,1.0,50,henon,core:00758,False,False,assessed,ok,1.0,,True,1.0,0.0,0.0,0.0,0.0,512,27.43779391499993,,
0.0,0.5,1354.7,114.69999999999999,20260823,,0.1513373624364695,119194016,4.0,False,core,False,8.0,421,0.1651638011383556,0.6836395982500049,,13.0,3.0,True,False,one_sample,509,5075.0,0,50,50.0,0.0196078431372549,35.14148818123457,ok,11.810810810810812,20,0.25487848117949674,0.7239414876856715,True,,True,1.0,0.08,0.0019646365422396855,,True,1.0,0.08,0.0019646365422396855,11.810810810810812,1.0,1.0,50,henon,core:00759,False,False,assessed,ok,1.0,,True,1.0,0.0,0.0,0.0,0.0,512,23.027598493999903,,
0.0,0.5,1033.2,155.74,20260823,,0.13639518465394204,210254482,4.0,False,core,True,13.0,308,0.11060158527631915,0.6319231220986568,,17.0,3.0,True,False,one_sample,509,5079.0,0,50,50.0,0.0196078431372549,14.944621983229682,ok,6.634133812764865,21,0.2767637906591495,0.7079191360341298,True,,True,1.0,0.075,0.0019646365422396855,,True,1.0,0.075,0.0019646365422396855,6.634133812764865,1.0,1.0,50,henon,core:00760,False,False,assessed,ok,1.0,,True,1.0,0.0,0.0,0.0,0.0,512,21.336629714000082,,
0.0,0.5,820.78,116.45000000000002,20260823,,0.1478370212282819,1210388305,4.0,False,core,False,9.0,416,0.15170072440510568,0.6934419219685535,,12.0,3.0,True,False,one_sample,509,5073.0,0,50,50.0,0.0196078431372549,68.46054060244151,ok,7.04834693001288,22,0.23782061674293048,0.7334210927626267,True,,True,1.0,0.03,0.0019646365422396855,,True,1.0,0.03,0.0019646365422396855,7.04834693001288,1.0,1.0,50,henon,core:00761,False,False,assessed,ok,1.0,,True,1.0,0.0,0.0,0.0,0.0,512,20.847468726000443,,
0.0,0.5,1081.6599999999999,138.63000000000002,20260823,,0.13467172119941886,4201028113,4.0,False,core,False,10.0,395,0.1325487795940532,0.6411420785898146,,13.0,3.0,True,False,one_sample,509,5078.0,0,50,50.0,0.0196078431372549,36.84779240668877,ok,7.802495852268627,23,0.257265488689977,0.7207806793621316,True,,True,1.0,0.07,0.0019646365422396855,,True,1.0,0.07,0.0019646365422396855,7.802495852268627,1.0,1.0,50,henon,core:00762,False,False,assessed,ok,1.0,,True,1.0,0.0,0.0,0.0,0.0,512,21.19243635699968,,
0.0,0.5,832.0,206.4,20260823,,0.4677148076750554,1021208705,8.0,False,core,False,10.0,368,0.14135595767705955,0.718355141884667,,16.0,3.0,True,False,one_sample,505,5040.0,0,50,50.0,0.0196078431372549,5.0,ok,4.0310077519379846,24,0.24174734476579995,0.7314081890779479,True,,True,1.0,0.015,0.0019801980198019802,,True,1.0,0.015,0.0019801980198019802,4.0310077519379846,1.0,1.0,50,henon,core:00763,False,False,assessed,ok,1.0,,True,1.0,0.0,0.0,0.0,0.0,512,30.76220449399989,,
0.0,0.5,929.94,131.25,20260823,,0.13435961741161342,2491642688,4.0,False,core,False,8.0,428,0.17145424624205025,0.7113453853152188,,12.0,3.0,True,False,one_sample,509,5079.0,0,50,50.0,0.0196078431372549,25.78901039727807,ok,7.085257142857143,25,0.26908167966761387,0.7100343836240454,True,,True,1.0,0.045,0.0019646365422396855,,True,1.0,0.045,0.0019646365422396855,7.085257142857143,1.0,1.0,50,henon,core:00764,False,False,assessed,ok,1.0,,True,1.0,0.0,0.0,0.0,0.0,512,22.43339512000057,,
0.0,0.5,924.96,151.26,20260823,,0.13111790174875326,835178920,4.0,False,core,False,10.0,377,0.13163894525704492,0.6796488867049677,,15.0,3.0,True,False,one_sample,509,5077.0,0,50,50.0,0.0196078431372549,45.11184703273521,ok,6.115033716779057,26,0.27893149958865304,0.70442969366137,True,,True,1.0,0.065,0.0019646365422396855,,True,1.0,0.065,0.0019646365422396855,6.115033716779057,1.0,1.0,50,henon,core:00765,False,False,assessed,ok,1.0,,True,1.0,0.0,0.0,0.0,0.0,512,22.96305084100095,,
0.0,0.5,1022.86,127.89999999999998,20260823,,0.14092424521863212,2958852066,4.0,False,core,False,10.0,368,0.13096687934611503,0.663464188766226,,16.0,3.0,True,False,one_sample,509,5074.0,0,50,50.0,0.0196078431372549,37.528913430981554,ok,7.997341673182175,27,0.25437438767913295,0.7234512069620159,True,,True,1.0,0.06,0.0019646365422396855,,True,1.0,0.06,0.0019646365422396855,7.997341673182175,1.0,1.0,50,henon,core:00766,False,False,assessed,ok,1.0,,True,1.0,0.0,0.0,0.0,0.0,512,21.457062049999877,,
0.0,0.5,1111.56,140.80999999999997,20260823,,0.14924993356690508,3455448657,4.0,False,core,False,8.0,393,0.16026070117426264,0.672151418281451,,17.0,3.0,True,False,one_sample,509,5080.0,0,50,50.0,0.0196078431372549,34.54484793730413,ok,7.894041616362475,28,0.25068075858802363,0.7240953020015759,True,,True,1.0,0.055,0.0019646365422396855,,True,1.0,0.055,0.0019646365422396855,7.894041616362475,1.0,1.0,50,henon,core:00767,False,False,assessed,ok,1.0,,True,1.0,0.0,0.0,0.0,0.0,512,20.89117536500089,,
0.0,0.5,1291.58,132.20000000000005,20260823,,0.13802538033186162,3718778372,4.0,False,core,False,9.0,376,0.14469944796548787,0.6605001493146987,,17.0,3.0,True,False,one_sample,509,5078.0,0,50,50.0,0.0196078431372549,12.959599294497352,ok,9.76989409984871,29,0.2664378144545171,0.7144442099822702,True,,True,1.0,0.08,0.0019646365422396855,,True,1.0,0.08,0.0019646365422396855,9.76989409984871,1.0,1.0,50,henon,core:00768,False,False,assessed,ok,1.0,,True,1.0,0.0,0.0,0.0,0.0,512,21.113143934999243,,
