J_W,J_W0,W,W0,algo_random_seed,analysis_error,coverage_radius,data_seed,embedding_dimension,embedding_not_saturated,experiment,lle_embedding_not_saturated,lle_m,lle_n_embedded_points,lle_per_beat,lle_r2,lle_reason,lle_tau,lle_theiler_beats,lle_valid,lle_valid_fit_quality,map_mode,n_distinct_values,n_embedded_points,n_in_tube,n_runtime_warnings,n_surrogates_requested,n_surrogates_used,p_value_finite,peak_threshold,period1_status,rJ,seed,signal_mean,signal_std,significance_assessed,significance_not_assessed_reason,significance_requested,significant_peak_count,significant_peak_coverage,significant_peaks_per_point,snr_db,source_faithful_map,source_peak_count,source_peak_coverage,source_peaks_per_point,source_rJ,source_stability_available_count,source_stability_unstable_count,surrogates,system,task_id,upo_failure,upo_no_peak_status,upo_significance_status,upo_status,upo_tau,variant,verification_assessed,verification_failed_count,verification_gated_count,verified_unstable_count,verified_unstable_coverage,verified_unstable_per_point,window_length,runtime_s,upo_direct_embedding_dimension,upo_direct_status
,,,,20260823,,0.22245884412531014,4088714788,6.0,False,fp_sens,False,6.0,231,0.007534804012476815,0.03400204722558031,,5.0,7.0,True,False,one_sample,254,251,2409.0,0,0,,,35.01280103445027,ok,,0,0.0009392021447077268,0.7066815889449608,False,,False,,,,,True,2.0,0.0,0.00796812749003984,,2.0,1.0,0,sinusoid,fp_sens:00000,False,False,not_requested,ok,1.0,original,True,2.0,0.0,0.0,0.0,0.0,256,1.3779640319989994,,
,,,,20260823,,0.22245884412531014,4088714788,6.0,False,fp_sens,False,6.0,231,0.007534804012476815,0.03400204722558031,,5.0,7.0,True,False,one_sample,254,251,2398.0,0,0,,,34.716610793331256,ok,,0,0.000939202144707817,0.7066815889449608,False,,False,,,,,True,2.0,0.0,0.00796812749003984,,2.0,0.0,0,sinusoid,fp_sens:00001,False,False,not_requested,ok,1.0,nextafter,True,2.0,0.0,0.0,0.0,0.0,256,1.3705029050015582,,
,,,,20260823,,,4088714788,13.0,True,fp_sens,True,13.0,196,,,insufficient divergence points,5.0,7.0,False,False,one_sample,34,0,,1,0,,,,,,0,0.8,0.04994390661402421,False,,False,,,,,True,,,,,,,0,sinusoid,fp_sens:00002,True,False,not_requested,embedding_not_saturated,1.0,rr_route_a,False,,,,,,256,0.981577598999138,,
,,,,20260823,,,4088714788,13.0,True,fp_sens,True,13.0,196,,,insufficient divergence points,5.0,7.0,False,False,one_sample,34,0,,1,0,,,,,,0,0.8,0.049943906614024196,False,,False,,,,,True,,,,,,,0,sinusoid,fp_sens:00003,True,False,not_requested,embedding_not_saturated,1.0,rr_route_b,False,,,,,,256,0.9081774719998066,,
,,,,20260823,,0.2236369730880834,119048771,6.0,False,fp_sens,False,6.0,231,0.009693480659038323,0.04085201571213892,,5.0,7.0,True,False,one_sample,255,251,2297.0,0,0,,,20.13448321213596,ok,,1,0.0019275994727322512,0.7077567273718053,False,,False,,,,,True,2.0,0.0,0.00796812749003984,,2.0,1.0,0,sinusoid,fp_sens:00004,False,False,not_requested,ok,1.0,original,True,2.0,0.0,0.0,0.0,0.0,256,1.5082125810004072,,
,,,,20260823,,0.22363697308808328,119048771,6.0,False,fp_sens,False,6.0,231,0.009693480659038323,0.04085201571213892,,5.0,7.0,True,False,one_sample,255,251,2297.0,0,0,,,20.13448321213596,ok,,1,0.0019275994727323345,0.7077567273718053,False,,False,,,,,True,2.0,0.0,0.00796812749003984,,2.0,1.0,0,sinusoid,fp_sens:00005,False,False,not_requested,ok,1.0,nextafter,True,2.0,0.0,0.0,0.0,0.0,256,1.5148133309994591,,
,,,,20260823,,,119048771,13.0,True,fp_sens,True,13.0,196,,,insufficient divergence points,5.0,7.0,False,False,one_sample,37,0,,1,0,,,,,,1,0.8000217013888888,0.04984120242162775,False,,False,,,,,True,,,,,,,0,sinusoid,fp_sens:00006,True,False,not_requested,embedding_not_saturated,1.0,rr_route_a,False,,,,,,256,0.77179441699991,,
,,,,20260823,,,119048771,13.0,True,fp_sens,True,13.0,196,,,insufficient divergence points,5.0,7.0,False,False,one_sample,37,0,,1,0,,,,,,1,0.800021701388889,0.049841202421627734,False,,False,,,,,True,,,,,,,0,sinusoid,fp_sens:00007,True,False,not_requested,embedding_not_saturated,1.0,rr_route_b,False,,,,,,256,0.7229588619993592,,
,,,,20260823,,0.2412820625691381,2395865321,7.0,False,fp_sens,False,6.0,231,0.005113483612729854,0.006147700451910598,,5.0,7.0,True,False,one_sample,254,250,1669.0,0,0,,,12.979684521770677,ok,,2,-0.001957629685381372,0.7078009624365293,False,,False,,,,,True,1.0,0.0,0.004,,1.0,1.0,0,sinusoid,fp_sens:00008,False,False,not_requested,ok,1.0,original,True,1.0,0.0,0.0,0.0,0.0,256,0.8059322860008251,,
,,,,20260823,,0.24128206256913826,2395865321,7.0,False,fp_sens,False,6.0,231,0.005113483612729854,0.006147700451910598,,5.0,7.0,True,False,one_sample,254,250,1669.0,0,0,,,12.451573005148852,ok,,2,-0.0019576296853812854,0.7078009624365293,False,,False,,,,,True,1.0,0.0,0.004,,1.0,1.0,0,sinusoid,fp_sens:00009,False,False,not_requested,ok,1.0,nextafter,True,1.0,0.0,0.0,0.0,0.0,256,0.7574580390009942,,
,,,,20260823,,,2395865321,13.0,True,fp_sens,True,13.0,196,,,insufficient divergence points,5.0,7.0,False,False,one_sample,38,0,,1,0,,,,,,2,0.7999891493055555,0.04986690066134035,False,,False,,,,,True,,,,,,,0,sinusoid,fp_sens:00010,True,False,not_requested,embedding_not_saturated,1.0,rr_route_a,False,,,,,,256,0.47312649299965415,,
,,,,20260823,,,2395865321,13.0,True,fp_sens,True,13.0,196,,,insufficient divergence points,5.0,7.0,False,False,one_sample,38,0,,1,0,,,,,,2,0.7999891493055556,0.049866900661340335,False,,False,,,,,True,,,,,,,0,sinusoid,fp_sens:00011,True,False,not_requested,embedding_not_saturated,1.0,rr_route_b,False,,,,,,256,0.4329332150009577,,
,,,,20260823,,0.22258554903950284,3860230488,6.0,False,fp_sens,False,5.0,236,0.012059296818428723,0.04288809388663373,,5.0,7.0,True,False,one_sample,253,251,2420.0,0,0,,,37.95619075679646,ok,,3,0.00014679213549797197,0.7063547428086344,False,,False,,,,,True,2.0,0.0,0.00796812749003984,,2.0,1.0,0,sinusoid,fp_sens:00012,False,False,not_requested,ok,1.0,original,True,2.0,0.0,0.0,0.0,0.0,256,0.7932220200000302,,
,,,,20260823,,0.22258554903950295,3860230488,6.0,False,fp_sens,False,5.0,236,0.012059296818428723,0.04288809388663373,,5.0,7.0,True,False,one_sample,253,251,2420.0,0,0,,,38.246152368817775,ok,,3,0.00014679213549806218,0.7063547428086344,False,,False,,,,,True,2.0,0.0,0.00796812749003984,,2.0,1.0,0,sinusoid,fp_sens:00013,False,False,not_requested,ok,1.0,nextafter,True,2.0,0.0,0.0,0.0,0.0,256,0.7897918359994947,,
,,,,20260823,,,3860230488,13.0,True,fp_sens,True,13.0,196,,,insufficient divergence points,5.0,7.0,False,False,one_sample,36,0,,1,0,,,,,,3,0.8000217013888888,0.04987022134853815,False,,False,,,,,True,,,,,,,0,sinusoid,fp_sens:00014,True,False,not_requested,embedding_not_saturated,1.0,rr_route_a,False,,,,,,256,0.4918821270002809,,
,,,,20260823,,,3860230488,13.0,True,fp_sens,True,13.0,196,,,insufficient divergence points,5.0,7.0,False,False,one_sample,36,0,,1,0,,,,,,3,0.800021701388889,0.04987022134853814,False,,False,,,,,True,,,,,,,0,sinusoid,fp_sens:00015,True,False,not_requested,embedding_not_saturated,1.0,rr_route_b,False,,,,,,256,0.45277584699942963,,
,,,,20260823,,0.22160746863205183,589583586,6.0,False,fp_sens,False,7.0,226,0.004143846910122935,0.006327624031292833,,5.0,7.0,True,False,one_sample,255,251,2470.0,0,0,,,29.42602492887906,ok,,4,0.001446685867160142,0.7071412062646352,False,,False,,,,,True,2.0,0.0,0.00796812749003984,,2.0,1.0,0,sinusoid,fp_sens:00016,False,False,not_requested,ok,1.0,original,True,2.0,0.0,0.0,0.0,0.0,256,0.7240408839988959,,
,,,,20260823,,0.22160746863205183,589583586,6.0,False,fp_sens,False,7.0,226,0.004143846910122935,0.006327624031292833,,5.0,7.0,True,False,one_sample,255,251,2470.0,0,0,,,29.42602492887906,ok,,4,0.0014466858671602079,0.7071412062646352,False,,False,,,,,True,2.0,0.0,0.00796812749003984,,2.0,1.0,0,sinusoid,fp_sens:00017,False,False,not_requested,ok,1.0,nextafter,True,2.0,0.0,0.0,0.0,0.0,256,0.8166750849995879,,
,,,,20260823,,,589583586,13.0,True,fp_sens,True,13.0,184,,,insufficient divergence points,6.0,7.0,False,False,one_sample,40,0,,1,0,,,,,,4,0.8000434027777776,0.04975221246859148,False,,False,,,,,True,,,,,,,0,sinusoid,fp_sens:00018,True,False,not_requested,embedding_not_saturated,1.0,rr_route_a,False,,,,,,256,0.4332444369993027,,
,,,,20260823,,,589583586,13.0,True,fp_sens,True,13.0,184,,,insufficient divergence points,6.0,7.0,False,False,one_sample,40,0,,1,0,,,,,,4,0.8000434027777779,0.04975221246859147,False,,False,,,,,True,,,,,,,0,sinusoid,fp_sens:00019,True,False,not_requested,embedding_not_saturated,1.0,rr_route_b,False,,,,,,256,0.45038217900037125,,
,,,,20260823,,0.24129200014949662,673356614,7.0,False,fp_sens,False,5.0,236,0.01549138548295224,0.045924873326668614,,5.0,7.0,True,False,one_sample,254,250,1919.0,0,0,,,14.208064778558018,ok,,5,-0.0014453418793017349,0.7071397313010229,False,,False,,,,,True,1.0,0.0,0.004,,1.0,1.0,0,sinusoid,fp_sens:00020,False,False,not_requested,ok,1.0,original,True,1.0,0.0,0.0,0.0,0.0,256,0.7189189529999567,,
,,,,20260823,,0.24129200014949662,673356614,7.0,False,fp_sens,False,5.0,236,0.01549138548295224,0.045924873326668614,,5.0,7.0,True,False,one_sample,254,250,1907.0,0,0,,,7.191170042529443,ok,,5,-0.0014453418793016343,0.7071397313010229,False,,False,,,,,True,1.0,0.0,0.004,,1.0,0.0,0,sinusoid,fp_sens:00021,False,False,not_requested,ok,1.0,nextafter,True,1.0,0.0,0.0,0.0,0.0,256,0.8241214619993116,,
,,,,20260823,,,673356614,13.0,True,fp_sens,True,13.0,196,,,insufficient divergence points,5.0,7.0,False,False,one_sample,40,0,,1,0,,,,,,5,0.7999565972222222,0.04975221246859148,False,,False,,,,,True,,,,,,,0,sinusoid,fp_sens:00022,True,False,not_requested,embedding_not_saturated,1.0,rr_route_a,False,,,,,,256,0.4512998719983443,,
,,,,20260823,,,673356614,13.0,True,fp_sens,True,13.0,196,,,insufficient divergence points,5.0,7.0,False,False,one_sample,40,0,,1,0,,,,,,5,0.7999565972222222,0.04975221246859147,False,,False,,,,,True,,,,,,,0,sinusoid,fp_sens:00023,True,False,not_requested,embedding_not_saturated,1.0,rr_route_b,False,,,,,,256,0.4943566900001315,,
,,,,20260823,,0.24106168251623344,1540414723,7.0,False,fp_sens,False,6.0,231,0.013743194997975994,0.03775505324301831,,5.0,7.0,True,False,one_sample,252,250,1679.0,0,0,,,10.49787156623827,ok,,6,-0.001379919749640546,0.7070695875724776,False,,False,,,,,True,1.0,0.0,0.004,,1.0,1.0,0,sinusoid,fp_sens:00024,False,False,not_requested,ok,1.0,original,True,1.0,0.0,0.0,0.0,0.0,256,0.698111544999847,,
,,,,20260823,,0.24106168251623375,1540414723,7.0,False,fp_sens,False,6.0,231,0.013743194997975994,0.03775505324301831,,5.0,7.0,True,False,one_sample,252,250,1679.0,0,0,,,10.78711443528264,ok,,6,-0.001379919749640468,0.7070695875724776,False,,False,,,,,True,1.0,0.0,0.004,,1.0,1.0,0,sinusoid,fp_sens:00025,False,False,not_requested,ok,1.0,nextafter,True,1.0,0.0,0.0,0.0,0.0,256,0.7928681909997977,,
,,,,20260823,,,1540414723,13.0,True,fp_sens,True,13.0,196,,,insufficient divergence points,5.0,7.0,False,False,one_sample,38,0,,1,0,,,,,,6,0.8000108506944446,0.049926702910491,False,,False,,,,,True,,,,,,,0,sinusoid,fp_sens:00026,True,False,not_requested,embedding_not_saturated,1.0,rr_route_a,False,,,,,,256,0.4295185200007836,,
,,,,20260823,,,1540414723,13.0,True,fp_sens,True,13.0,196,,,insufficient divergence points,5.0,7.0,False,False,one_sample,38,0,,1,0,,,,,,6,0.8000108506944446,0.04992670291049099,False,,False,,,,,True,,,,,,,0,sinusoid,fp_sens:00027,True,False,not_requested,embedding_not_saturated,1.0,rr_route_b,False,,,,,,256,0.4276671139996324,,
,,,,20260823,,0.22220707988297905,1557694084,6.0,False,fp_sens,False,6.0,231,0.010879058206686427,0.054105019405223165,,5.0,7.0,True,False,one_sample,252,251,2379.0,0,0,,,29.7356759705496,ok,,7,-0.0017388224747132315,0.7074942588370389,False,,False,,,,,True,2.0,0.0,0.00796812749003984,,2.0,0.0,0,sinusoid,fp_sens:00028,False,False,not_requested,ok,1.0,original,True,2.0,0.0,0.0,0.0,0.0,256,0.7992206119997718,,
,,,,20260823,,0.2222070798829788,1557694084,6.0,False,fp_sens,False,6.0,231,0.010879058206686427,0.054105019405223165,,5.0,7.0,True,False,one_sample,252,251,2379.0,0,0,,,29.7356759705496,ok,,7,-0.0017388224747131344,0.7074942588370389,False,,False,,,,,True,2.0,0.0,0.00796812749003984,,2.0,0.0,0,sinusoid,fp_sens:00029,False,False,not_requested,ok,1.0,nextafter,True,2.0,0.0,0.0,0.0,0.0,256,0.7529747910011793,,
,,,,20260823,,,1557694084,13.0,True,fp_sens,True,13.0,196,,,insufficient divergence points,5.0,7.0,False,False,one_sample,31,0,,1,0,,,,,,7,0.7999131944444444,0.05001499280906264,False,,False,,,,,True,,,,,,,0,sinusoid,fp_sens:00030,True,False,not_requested,embedding_not_saturated,1.0,rr_route_a,False,,,,,,256,0.4777633789999527,,
,,,,20260823,,,1557694084,13.0,True,fp_sens,True,13.0,196,,,insufficient divergence points,5.0,7.0,False,False,one_sample,31,0,,1,0,,,,,,7,0.7999131944444445,0.050014992809062624,False,,False,,,,,True,,,,,,,0,sinusoid,fp_sens:00031,True,False,not_requested,embedding_not_saturated,1.0,rr_route_b,False,,,,,,256,0.42894590700052504,,
,,,,20260823,,0.22186890642439128,1677996225,6.0,False,fp_sens,False,7.0,226,0.011421077639026238,0.07731756434605241,,5.0,7.0,True,False,one_sample,255,251,2390.0,0,0,,,36.906364988181615,ok,,8,0.0004545810090038054,0.7064250567856964,False,,False,,,,,True,2.0,0.0,0.00796812749003984,,2.0,1.0,0,sinusoid,fp_sens:00032,False,False,not_requested,ok,1.0,original,True,2.0,0.0,0.0,0.0,0.0,256,0.776782495999214,,
,,,,20260823,,0.22186890642439128,1677996225,6.0,False,fp_sens,False,7.0,226,0.011421077639026238,0.07731756434605241,,5.0,7.0,True,False,one_sample,255,251,2390.0,0,0,,,37.19456616889619,ok,,8,0.0004545810090038887,0.7064250567856964,False,,False,,,,,True,2.0,0.0,0.00796812749003984,,2.0,1.0,0,sinusoid,fp_sens:00033,False,False,not_requested,ok,1.0,nextafter,True,2.0,0.0,0.0,0.0,0.0,256,0.7593296859995462,,
,,,,20260823,,,1677996225,13.0,True,fp_sens,True,13.0,196,,,insufficient divergence points,5.0,7.0,False,False,one_sample,35,0,,1,0,,,,,,8,0.8,0.04992398735967401,False,,False,,,,,True,,,,,,,0,sinusoid,fp_sens:00034,True,False,not_requested,embedding_not_saturated,1.0,rr_route_a,False,,,,,,256,0.47092139899905305,,
,,,,20260823,,,1677996225,13.0,True,fp_sens,True,13.0,196,,,insufficient divergence points,5.0,7.0,False,False,one_sample,35,0,,1,0,,,,,,8,0.8,0.04992398735967399,False,,False,,,,,True,,,,,,,0,sinusoid,fp_sens:00035,True,False,not_requested,embedding_not_saturated,1.0,rr_route_b,False,,,,,,256,0.4359792989998823,,
,,,,20260823,,0.22175441957358558,1144221897,6.0,False,fp_sens,False,4.0,241,0.016577895537971083,0.09178933533026468,,5.0,7.0,True,False,one_sample,255,251,2339.0,0,0,,,29.689638014332274,ok,,9,-0.0004498685578668664,0.7064234377559971,False,,False,,,,,True,2.0,0.0,0.00796812749003984,,2.0,2.0,0,sinusoid,fp_sens:00036,False,False,not_requested,ok,1.0,original,True,2.0,0.0,0.0,0.0,0.0,256,0.7970432839993009,,
,,,,20260823,,0.2217544195735856,1144221897,6.0,False,fp_sens,False,4.0,241,0.016577895537971083,0.09178933533026468,,5.0,7.0,True,False,one_sample,255,251,2339.0,0,0,,,29.689638014332274,ok,,9,-0.00044986855786677965,0.706423437755997,False,,False,,,,,True,2.0,0.0,0.00796812749003984,,2.0,2.0,0,sinusoid,fp_sens:00037,False,False,not_requested,ok,1.0,nextafter,True,2.0,0.0,0.0,0.0,0.0,256,0.7817148590002034,,
,,,,20260823,,,1144221897,13.0,True,fp_sens,True,13.0,196,,,insufficient divergence points,5.0,7.0,False,False,one_sample,37,0,,1,0,,,,,,9,0.8000434027777779,0.049930005472118615,False,,False,,,,,True,,,,,,,0,sinusoid,fp_sens:00038,True,False,not_requested,embedding_not_saturated,1.0,rr_route_a,False,,,,,,256,0.45609261699974013,,
,,,,20260823,,,1144221897,13.0,True,fp_sens,True,13.0,196,,,insufficient divergence points,5.0,7.0,False,False,one_sample,37,0,,1,0,,,,,,9,0.8000434027777779,0.04993000547211861,False,,False,,,,,True,,,,,,,0,sinusoid,fp_sens:00039,True,False,not_requested,embedding_not_saturated,1.0,rr_route_b,False,,,,,,256,0.4378348869995534,,
,,,,20260823,,0.20213163170783965,1095294952,5.0,False,fp_sens,False,4.0,241,0.015128300951448216,0.0696867277369293,,5.0,7.0,True,False,one_sample,252,252,2504.0,0,0,,,139.699860256711,ok,,10,0.001379191517377941,0.7070688250258507,False,,False,,,,,True,2.0,0.0,0.007936507936507936,,2.0,1.0,0,sinusoid,fp_sens:00040,False,False,not_requested,ok,1.0,original,True,2.0,0.0,0.0,0.0,0.0,256,1.0008197860006476,,
,,,,20260823,,0.20213163170783968,1095294952,5.0,False,fp_sens,False,4.0,241,0.015128300951448216,0.0696867277369293,,5.0,7.0,True,False,one_sample,252,252,2504.0,0,0,,,139.699860256711,ok,,10,0.001379191517378038,0.7070688250258507,False,,False,,,,,True,2.0,0.0,0.007936507936507936,,2.0,1.0,0,sinusoid,fp_sens:00041,False,False,not_requested,ok,1.0,nextafter,True,2.0,0.0,0.0,0.0,0.0,256,1.4228775960000348,,
,,,,20260823,,,1095294952,13.0,True,fp_sens,True,13.0,196,,,insufficient divergence points,5.0,7.0,False,False,one_sample,38,0,,1,0,,,,,,10,0.800021701388889,0.04988955792245377,False,,False,,,,,True,,,,,,,0,sinusoid,fp_sens:00042,True,False,not_requested,embedding_not_saturated,1.0,rr_route_a,False,,,,,,256,0.9697105960003682,,
,,,,20260823,,,1095294952,13.0,True,fp_sens,True,13.0,196,,,insufficient divergence points,5.0,7.0,False,False,one_sample,38,0,,1,0,,,,,,10,0.800021701388889,0.04988955792245375,False,,False,,,,,True,,,,,,,0,sinusoid,fp_sens:00043,True,False,not_requested,embedding_not_saturated,1.0,rr_route_b,False,,,,,,256,0.6729652590001933,,
,,,,20260823,,0.2212574352045171,1620144116,6.0,False,fp_sens,False,7.0,220,0.0415382233705803,0.4247529670233282,,6.0,7.0,True,False,one_sample,254,251,2457.0,0,0,,,25.87584519455882,ok,,11,-0.00197687700313752,0.7078296722086447,False,,False,,,,,True,2.0,0.0,0.00796812749003984,,2.0,1.0,0,sinusoid,fp_sens:00044,False,False,not_requested,ok,1.0,original,True,2.0,0.0,0.0,0.0,0.0,256,1.4750316239988024,,
,,,,20260823,,0.2212574352045171,1620144116,6.0,False,fp_sens,False,7.0,220,0.0415382233705803,0.4247529670233282,,6.0,7.0,True,False,one_sample,254,251,2458.0,0,0,,,25.87584519455882,ok,,11,-0.0019768770031374366,0.7078296722086447,False,,False,,,,,True,2.0,0.0,0.00796812749003984,,2.0,1.0,0,sinusoid,fp_sens:00045,False,False,not_requested,ok,1.0,nextafter,True,2.0,0.0,0.0,0.0,0.0,256,1.236642417999974,,
,,,,20260823,,,1620144116,13.0,True,fp_sens,True,13.0,184,,,insufficient divergence points,6.0,7.0,False,False,one_sample,49,0,,1,0,,,,,,11,0.8000759548611112,0.049857172242234016,False,,False,,,,,True,,,,,,,0,sinusoid,fp_sens:00046,True,False,not_requested,embedding_not_saturated,1.0,rr_route_a,False,,,,,,256,0.6763264340006572,,
,,,,20260823,,,1620144116,13.0,True,fp_sens,True,13.0,184,,,insufficient divergence points,6.0,7.0,False,False,one_sample,49,0,,1,0,,,,,,11,0.8000759548611112,0.04985717224223401,False,,False,,,,,True,,,,,,,0,sinusoid,fp_sens:00047,True,False,not_requested,embedding_not_saturated,1.0,rr_route_b,False,,,,,,256,0.7180869010007882,,
,,,,20260823,,0.2219612508769872,2831439768,6.0,False,fp_sens,False,6.0,231,0.009303218747342896,0.0396373979851351,,5.0,7.0,True,False,one_sample,255,251,2388.0,0,0,,,29.453033720839123,ok,,12,0.0018124231474183211,0.7075933872947052,False,,False,,,,,True,2.0,0.0,0.00796812749003984,,2.0,1.0,0,sinusoid,fp_sens:00048,False,False,not_requested,ok,1.0,original,True,2.0,0.0,0.0,0.0,0.0,256,1.2853729039998143,,
,,,,20260823,,0.22196125087698731,2831439768,6.0,False,fp_sens,False,6.0,231,0.009303218747342896,0.0396373979851351,,5.0,7.0,True,False,one_sample,255,251,2388.0,0,0,,,28.926335882783285,ok,,12,0.0018124231474184217,0.7075933872947052,False,,False,,,,,True,2.0,0.0,0.00796812749003984,,2.0,1.0,0,sinusoid,fp_sens:00049,False,False,not_requested,ok,1.0,nextafter,True,2.0,0.0,0.0,0.0,0.0,256,1.535524257000361,,
,,,,20260823,,,2831439768,13.0,True,fp_sens,True,13.0,196,,,insufficient divergence points,5.0,7.0,False,False,one_sample,34,0,,1,0,,,,,,12,0.8000325520833333,0.049916429497743824,False,,False,,,,,True,,,,,,,0,sinusoid,fp_sens:00050,True,False,not_requested,embedding_not_saturated,1.0,rr_route_a,False,,,,,,256,0.7611946950000856,,
,,,,20260823,,,2831439768,13.0,True,fp_sens,True,13.0,196,,,insufficient divergence points,5.0,7.0,False,False,one_sample,34,0,,1,0,,,,,,12,0.8000325520833333,0.04991642949774381,False,,False,,,,,True,,,,,,,0,sinusoid,fp_sens:00051,True,False,not_requested,embedding_not_saturated,1.0,rr_route_b,False,,,,,,256,0.8582867039986013,,
,,,,20260823,,0.24131308751240696,2900428322,7.0,False,fp_sens,False,5.0,236,0.0048603073458012335,0.011196878754469841,,5.0,7.0,True,False,one_sample,254,250,1530.0,0,0,,,11.297667513690637,ok,,13,0.0004961744915022506,0.7064400782619629,False,,False,,,,,True,1.0,0.0,0.004,,1.0,1.0,0,sinusoid,fp_sens:00052,False,False,not_requested,ok,1.0,original,True,1.0,0.0,0.0,0.0,0.0,256,1.449700066999867,,
,,,,20260823,,0.241313087512407,2900428322,7.0,False,fp_sens,False,5.0,236,0.0048603073458012335,0.011196878754469841,,5.0,7.0,True,False,one_sample,254,250,1530.0,0,0,,,10.902800740803087,ok,,13,0.0004961744915023564,0.7064400782619629,False,,False,,,,,True,1.0,0.0,0.004,,1.0,1.0,0,sinusoid,fp_sens:00053,False,False,not_requested,ok,1.0,nextafter,True,1.0,0.0,0.0,0.0,0.0,256,1.4667031489989313,,
,,,,20260823,,,2900428322,13.0,True,fp_sens,True,13.0,196,,,insufficient divergence points,5.0,7.0,False,False,one_sample,40,0,,1,0,,,,,,13,0.8000325520833333,0.049777961380559406,False,,False,,,,,True,,,,,,,0,sinusoid,fp_sens:00054,True,False,not_requested,embedding_not_saturated,1.0,rr_route_a,False,,,,,,256,0.7574738820003404,,
,,,,20260823,,,2900428322,13.0,True,fp_sens,True,13.0,196,,,insufficient divergence points,5.0,7.0,False,False,one_sample,40,0,,1,0,,,,,,13,0.8000325520833333,0.04977796138055939,False,,False,,,,,True,,,,,,,0,sinusoid,fp_sens:00055,True,False,not_requested,embedding_not_saturated,1.0,rr_route_b,False,,,,,,256,0.6585918480013788,,
,,,,20260823,,0.15814647891777323,2530164483,3.0,False,fp_sens,False,6.0,231,0.007133358316783065,0.022600210885104333,,5.0,7.0,True,False,one_sample,253,254,2488.0,0,0,,,150.91904077990682,ok,,14,-0.0016820902319036046,0.707420644769123,False,,False,,,,,True,2.0,0.075,0.007874015748031496,,2.0,1.0,0,sinusoid,fp_sens:00056,False,False,not_requested,ok,1.0,original,True,2.0,0.0,0.0,0.0,0.0,256,0.8382525119995989,,
,,,,20260823,,0.15814647891777323,2530164483,3.0,False,fp_sens,False,6.0,231,0.007133358316783065,0.022600210885104333,,5.0,7.0,True,False,one_sample,253,254,2488.0,0,0,,,150.91904077990682,ok,,14,-0.0016820902319035214,0.707420644769123,False,,False,,,,,True,2.0,0.075,0.007874015748031496,,2.0,1.0,0,sinusoid,fp_sens:00057,False,False,not_requested,ok,1.0,nextafter,True,2.0,0.0,0.0,0.0,0.0,256,0.7370783030000894,,
,,,,20260823,,,2530164483,13.0,True,fp_sens,True,13.0,196,,,insufficient divergence points,5.0,7.0,False,False,one_sample,38,0,,1,0,,,,,,14,0.7999999999999999,0.04985027737456421,False,,False,,,,,True,,,,,,,0,sinusoid,fp_sens:00058,True,False,not_requested,embedding_not_saturated,1.0,rr_route_a,False,,,,,,256,0.46884835899982136,,
,,,,20260823,,,2530164483,13.0,True,fp_sens,True,13.0,196,,,insufficient divergence points,5.0,7.0,False,False,one_sample,38,0,,1,0,,,,,,14,0.8,0.0498502773745642,False,,False,,,,,True,,,,,,,0,sinusoid,fp_sens:00059,True,False,not_requested,embedding_not_saturated,1.0,rr_route_b,False,,,,,,256,0.44561930800045957,,
,,,,20260823,,0.22380242661271002,1479027582,6.0,False,fp_sens,False,4.0,241,0.008237428869157853,0.019340138721931632,,5.0,7.0,True,False,one_sample,254,251,2400.0,0,0,,,24.317802123784002,ok,,15,0.0013135310742613052,0.7070017217781003,False,,False,,,,,True,2.0,0.0,0.00796812749003984,,2.0,1.0,0,sinusoid,fp_sens:00060,False,False,not_requested,ok,1.0,original,True,2.0,0.0,0.0,0.0,0.0,256,0.7481042120016355,,
,,,,20260823,,0.22380242661271002,1479027582,6.0,False,fp_sens,False,4.0,241,0.008237428869157853,0.019340138721931632,,5.0,7.0,True,False,one_sample,254,251,2399.0,0,0,,,23.74003512867221,ok,,15,0.0013135310742613902,0.7070017217781003,False,,False,,,,,True,2.0,0.0,0.00796812749003984,,2.0,1.0,0,sinusoid,fp_sens:00061,False,False,not_requested,ok,1.0,nextafter,True,2.0,0.0,0.0,0.0,0.0,256,0.800474686000598,,
,,,,20260823,,,1479027582,13.0,True,fp_sens,True,13.0,196,,,insufficient divergence points,5.0,7.0,False,False,one_sample,36,0,,1,0,,,,,,15,0.8000434027777779,0.04987020718326074,False,,False,,,,,True,,,,,,,0,sinusoid,fp_sens:00062,True,False,not_requested,embedding_not_saturated,1.0,rr_route_a,False,,,,,,256,0.4300002950003545,,
,,,,20260823,,,1479027582,13.0,True,fp_sens,True,13.0,196,,,insufficient divergence points,5.0,7.0,False,False,one_sample,36,0,,1,0,,,,,,15,0.8000434027777779,0.049870207183260726,False,,False,,,,,True,,,,,,,0,sinusoid,fp_sens:00063,True,False,not_requested,embedding_not_saturated,1.0,rr_route_b,False,,,,,,256,0.4842999239990604,,
,,,,20260823,,0.22348363938526372,1910522289,6.0,False,fp_sens,False,6.0,231,0.008833475267545358,0.023002468715592528,,5.0,7.0,True,False,one_sample,254,251,2260.0,0,0,,,36.101429714737144,ok,,16,0.0016798532270814875,0.707417791980005,False,,False,,,,,True,2.0,0.0,0.00796812749003984,,2.0,1.0,0,sinusoid,fp_sens:00064,False,False,not_requested,ok,1.0,original,True,2.0,0.0,0.0,0.0,0.0,256,0.7285778879995632,,
,,,,20260823,,0.22348363938526372,1910522289,6.0,False,fp_sens,False,6.0,231,0.008833475267545358,0.023002468715592528,,5.0,7.0,True,False,one_sample,254,251,2260.0,0,0,,,36.101429714737144,ok,,16,0.0016798532270815882,0.707417791980005,False,,False,,,,,True,2.0,0.0,0.00796812749003984,,2.0,1.0,0,sinusoid,fp_sens:00065,False,False,not_requested,ok,1.0,nextafter,True,2.0,0.0,0.0,0.0,0.0,256,0.7878488039987133,,
,,,,20260823,,,1910522289,13.0,True,fp_sens,True,13.0,196,,,insufficient divergence points,5.0,7.0,False,False,one_sample,38,0,,1,0,,,,,,16,0.8,0.04985027737456421,False,,False,,,,,True,,,,,,,0,sinusoid,fp_sens:00066,True,False,not_requested,embedding_not_saturated,1.0,rr_route_a,False,,,,,,256,0.42521252799997455,,
,,,,20260823,,,1910522289,13.0,True,fp_sens,True,13.0,196,,,insufficient divergence points,5.0,7.0,False,False,one_sample,38,0,,1,0,,,,,,16,0.8,0.0498502773745642,False,,False,,,,,True,,,,,,,0,sinusoid,fp_sens:00067,True,False,not_requested,embedding_not_saturated,1.0,rr_route_b,False,,,,,,256,0.4949534659990604,,
,,,,20260823,,0.273889375541195,2260813531,9.0,False,fp_sens,False,5.0,236,0.008419987736864075,0.030975322410844663,,5.0,7.0,True,False,one_sample,254,248,730.0,0,0,,,5.0,ok,,17,-0.0016598572217455983,0.7073924597714556,False,,False,,,,,True,1.0,0.0,0.004032258064516129,,1.0,0.0,0,sinusoid,fp_sens:00068,False,False,not_requested,ok,1.0,original,True,0.0,1.0,0.0,0.0,0.0,256,0.6777728519991797,,
,,,,20260823,,0.273889375541195,2260813531,9.0,False,fp_sens,False,5.0,236,0.008419987736864075,0.030975322410844663,,5.0,7.0,True,False,one_sample,254,248,730.0,0,0,,,5.0,ok,,17,-0.0016598572217455185,0.7073924597714556,False,,False,,,,,True,1.0,0.0,0.004032258064516129,,1.0,0.0,0,sinusoid,fp_sens:00069,False,False,not_requested,ok,1.0,nextafter,True,0.0,1.0,0.0,0.0,0.0,256,0.7360076460008713,,
,,,,20260823,,,2260813531,13.0,True,fp_sens,True,13.0,196,,,insufficient divergence points,5.0,7.0,False,False,one_sample,39,0,,1,0,,,,,,17,0.7999891493055555,0.04981186758905915,False,,False,,,,,True,,,,,,,0,sinusoid,fp_sens:00070,True,False,not_requested,embedding_not_saturated,1.0,rr_route_a,False,,,,,,256,0.42504187600025034,,
,,,,20260823,,,2260813531,13.0,True,fp_sens,True,13.0,196,,,insufficient divergence points,5.0,7.0,False,False,one_sample,39,0,,1,0,,,,,,17,0.7999891493055556,0.04981186758905914,False,,False,,,,,True,,,,,,,0,sinusoid,fp_sens:00071,True,False,not_requested,embedding_not_saturated,1.0,rr_route_b,False,,,,,,256,0.43199945100059267,,
,,,,20260823,,0.24167386816123473,3012431818,7.0,False,fp_sens,False,6.0,231,0.0058950998897409745,0.011082599863071696,,5.0,7.0,True,False,one_sample,254,250,1539.0,0,0,,,12.745583209949116,ok,,18,-0.0006313295562820915,0.7064979606593988,False,,False,,,,,True,1.0,0.0,0.004,,1.0,0.0,0,sinusoid,fp_sens:00072,False,False,not_requested,ok,1.0,original,True,1.0,0.0,0.0,0.0,0.0,256,0.7473992430004728,,
,,,,20260823,,0.24167386816123465,3012431818,7.0,False,fp_sens,False,6.0,231,0.0058950998897409745,0.011082599863071696,,5.0,7.0,True,False,one_sample,254,250,1539.0,0,0,,,11.189887380916613,ok,,18,-0.0006313295562819995,0.7064979606593988,False,,False,,,,,True,1.0,0.0,0.004,,1.0,0.0,0,sinusoid,fp_sens:00073,False,False,not_requested,ok,1.0,nextafter,True,1.0,0.0,0.0,0.0,0.0,256,0.7518769470007101,,
,,,,20260823,,,3012431818,13.0,True,fp_sens,True,13.0,196,,,insufficient divergence points,5.0,7.0,False,False,one_sample,32,0,,1,0,,,,,,18,0.7999565972222222,0.0499269870737939,False,,False,,,,,True,,,,,,,0,sinusoid,fp_sens:00074,True,False,not_requested,embedding_not_saturated,1.0,rr_route_a,False,,,,,,256,0.46832670500043605,,
,,,,20260823,,,3012431818,13.0,True,fp_sens,True,13.0,196,,,insufficient divergence points,5.0,7.0,False,False,one_sample,32,0,,1,0,,,,,,18,0.7999565972222223,0.04992698707379389,False,,False,,,,,True,,,,,,,0,sinusoid,fp_sens:00075,True,False,not_requested,embedding_not_saturated,1.0,rr_route_b,False,,,,,,256,0.420009454999672,,
,,,,20260823,,0.2206737827335939,1568843487,6.0,False,fp_sens,False,4.0,241,0.010798847942496229,0.014761339409450791,,5.0,7.0,True,False,one_sample,255,251,2390.0,0,0,,,40.294702902908995,ok,,19,0.0005691256955052959,0.7064695977799247,False,,False,,,,,True,2.0,0.0,0.00796812749003984,,2.0,2.0,0,sinusoid,fp_sens:00076,False,False,not_requested,ok,1.0,original,True,2.0,0.0,0.0,0.0,0.0,256,0.7425613239993254,,
,,,,20260823,,0.22067378273359367,1568843487,6.0,False,fp_sens,False,4.0,241,0.010798847942496229,0.014761339409450791,,5.0,7.0,True,False,one_sample,255,251,2390.0,0,0,,,40.5846645149303,ok,,19,0.0005691256955053757,0.7064695977799247,False,,False,,,,,True,2.0,0.0,0.00796812749003984,,2.0,2.0,0,sinusoid,fp_sens:00077,False,False,not_requested,ok,1.0,nextafter,True,2.0,0.0,0.0,0.0,0.0,256,0.8272598959993047,,
,,,,20260823,,,1568843487,13.0,True,fp_sens,True,13.0,196,,,insufficient divergence points,5.0,7.0,False,False,one_sample,36,0,,1,0,,,,,,19,0.8000108506944444,0.04984090359562596,False,,False,,,,,True,,,,,,,0,sinusoid,fp_sens:00078,True,False,not_requested,embedding_not_saturated,1.0,rr_route_a,False,,,,,,256,0.4665114480012562,,
,,,,20260823,,,1568843487,13.0,True,fp_sens,True,13.0,196,,,insufficient divergence points,5.0,7.0,False,False,one_sample,36,0,,1,0,,,,,,19,0.8000108506944444,0.04984090359562594,False,,False,,,,,True,,,,,,,0,sinusoid,fp_sens:00079,True,False,not_requested,embedding_not_saturated,1.0,rr_route_b,False,,,,,,256,0.4417788769987965,,
,,,,20260823,,0.22378827079944852,4142027523,6.0,False,fp_sens,False,6.0,231,0.008712841782008136,0.019939720910493564,,5.0,7.0,True,False,one_sample,253,251,2459.0,0,0,,,33.73117158428823,ok,,20,-0.0013775889666345614,0.7070671483774502,False,,False,,,,,True,2.0,0.0,0.00796812749003984,,2.0,1.0,0,sinusoid,fp_sens:00080,False,False,not_requested,ok,1.0,original,True,2.0,0.0,0.0,0.0,0.0,256,0.7449794790009037,,
,,,,20260823,,0.22378827079944844,4142027523,6.0,False,fp_sens,False,6.0,231,0.008712841782008136,0.019939720910493564,,5.0,7.0,True,False,one_sample,253,251,2459.0,0,0,,,33.44134190480828,ok,,20,-0.0013775889666344764,0.7070671483774502,False,,False,,,,,True,2.0,0.0,0.00796812749003984,,2.0,1.0,0,sinusoid,fp_sens:00081,False,False,not_requested,ok,1.0,nextafter,True,2.0,0.0,0.0,0.0,0.0,256,0.8176418579987512,,
,,,,20260823,,,4142027523,13.0,True,fp_sens,True,13.0,196,,,insufficient divergence points,5.0,7.0,False,False,one_sample,35,0,,1,0,,,,,,20,0.7999457465277777,0.049982787336646024,False,,False,,,,,True,,,,,,,0,sinusoid,fp_sens:00082,True,False,not_requested,embedding_not_saturated,1.0,rr_route_a,False,,,,,,256,0.4326249559999269,,
,,,,20260823,,,4142027523,13.0,True,fp_sens,True,13.0,196,,,insufficient divergence points,5.0,7.0,False,False,one_sample,35,0,,1,0,,,,,,20,0.7999457465277778,0.04998278733664601,False,,False,,,,,True,,,,,,,0,sinusoid,fp_sens:00083,True,False,not_requested,embedding_not_saturated,1.0,rr_route_b,False,,,,,,256,0.5998412270000699,,
,,,,20260823,,0.22126645902899028,3439521254,6.0,False,fp_sens,False,7.0,220,0.029437288763332126,0.3912617591818468,,6.0,7.0,True,False,one_sample,253,251,2499.0,0,0,,,33.072672824443686,ok,,21,-0.0017995700811964596,0.7075757811402369,False,,False,,,,,True,2.0,0.0,0.00796812749003984,,2.0,0.0,0,sinusoid,fp_sens:00084,False,False,not_requested,ok,1.0,original,True,2.0,0.0,0.0,0.0,0.0,256,0.8371315120002691,,
,,,,20260823,,0.22126645902899006,3439521254,6.0,False,fp_sens,False,7.0,220,0.029437288763332126,0.3912617591818468,,6.0,7.0,True,False,one_sample,253,251,2499.0,0,0,,,33.071954081466735,ok,,21,-0.0017995700811963555,0.7075757811402369,False,,False,,,,,True,2.0,0.0,0.00796812749003984,,2.0,0.0,0,sinusoid,fp_sens:00085,False,False,not_requested,ok,1.0,nextafter,True,2.0,0.0,0.0,0.0,0.0,256,0.7598780619991885,,
,,,,20260823,,,3439521254,13.0,True,fp_sens,True,13.0,196,,,insufficient divergence points,5.0,7.0,False,False,one_sample,49,0,,1,0,,,,,,21,0.8000217013888888,0.04991130261360405,False,,False,,,,,True,,,,,,,0,sinusoid,fp_sens:00086,True,False,not_requested,embedding_not_saturated,1.0,rr_route_a,False,,,,,,256,0.45827409800040186,,
,,,,20260823,,,3439521254,13.0,True,fp_sens,True,13.0,196,,,insufficient divergence points,5.0,7.0,False,False,one_sample,49,0,,1,0,,,,,,21,0.800021701388889,0.04991130261360403,False,,False,,,,,True,,,,,,,0,sinusoid,fp_sens:00087,True,False,not_requested,embedding_not_saturated,1.0,rr_route_b,False,,,,,,256,0.5143562619996374,,
,,,,20260823,,0.2212751405683858,1475474321,6.0,False,fp_sens,False,7.0,220,0.034995732290618475,0.4653335427789447,,6.0,7.0,True,False,one_sample,255,251,2469.0,0,0,,,42.817258748737345,ok,,22,0.0015723534316231594,0.7072851626103626,False,,False,,,,,True,2.0,0.0,0.00796812749003984,,2.0,0.0,0,sinusoid,fp_sens:00088,False,False,not_requested,ok,1.0,original,True,2.0,0.0,0.0,0.0,0.0,256,0.9287083859999257,,
,,,,20260823,,0.2212751405683858,1475474321,6.0,False,fp_sens,False,7.0,220,0.034995732290618475,0.4653335427789447,,6.0,7.0,True,False,one_sample,255,251,2469.0,0,0,,,42.817258748737345,ok,,22,0.0015723534316232392,0.7072851626103626,False,,False,,,,,True,2.0,0.0,0.00796812749003984,,2.0,0.0,0,sinusoid,fp_sens:00089,False,False,not_requested,ok,1.0,nextafter,True,2.0,0.0,0.0,0.0,0.0,256,1.3596052720004081,,
,,,,20260823,,,1475474321,13.0,True,fp_sens,True,13.0,184,,,insufficient divergence points,6.0,7.0,False,False,one_sample,49,0,,1,0,,,,,,22,0.7999565972222222,0.04986839399453269,False,,False,,,,,True,,,,,,,0,sinusoid,fp_sens:00090,True,False,not_requested,embedding_not_saturated,1.0,rr_route_a,False,,,,,,256,0.7827687959998002,,
,,,,20260823,,,1475474321,13.0,True,fp_sens,True,13.0,184,,,insufficient divergence points,6.0,7.0,False,False,one_sample,49,0,,1,0,,,,,,22,0.7999565972222222,0.049868393994532675,False,,False,,,,,True,,,,,,,0,sinusoid,fp_sens:00091,True,False,not_requested,embedding_not_saturated,1.0,rr_route_b,False,,,,,,256,0.834031981001317,,
,,,,20260823,,0.24118689159275475,447166218,7.0,False,fp_sens,False,6.0,231,0.009853604616518291,0.02531353230810618,,5.0,7.0,True,False,one_sample,253,250,1779.0,0,0,,,14.838470349221026,ok,,23,-0.001597771048609812,0.7073157326788604,False,,False,,,,,True,1.0,0.0,0.004,,1.0,1.0,0,sinusoid,fp_sens:00092,False,False,not_requested,ok,1.0,original,True,1.0,0.0,0.0,0.0,0.0,256,1.3010860959984711,,
,,,,20260823,,0.24118689159275475,447166218,7.0,False,fp_sens,False,6.0,231,0.009853604616518291,0.02531353230810618,,5.0,7.0,True,False,one_sample,253,250,1779.0,0,0,,,13.968717445698445,ok,,23,-0.0015977710486097148,0.7073157326788604,False,,False,,,,,True,1.0,0.0,0.004,,1.0,1.0,0,sinusoid,fp_sens:00093,False,False,not_requested,ok,1.0,nextafter,True,1.0,0.0,0.0,0.0,0.0,256,1.4392304920002061,,
,,,,20260823,,,447166218,13.0,True,fp_sens,True,13.0,196,,,insufficient divergence points,5.0,7.0,False,False,one_sample,32,0,,1,0,,,,,,23,0.7998806423611111,0.049995336197344656,False,,False,,,,,True,,,,,,,0,sinusoid,fp_sens:00094,True,False,not_requested,embedding_not_saturated,1.0,rr_route_a,False,,,,,,256,0.8075949439989927,,
,,,,20260823,,,447166218,13.0,True,fp_sens,True,13.0,196,,,insufficient divergence points,5.0,7.0,False,False,one_sample,32,0,,1,0,,,,,,23,0.7998806423611111,0.04999533619734465,False,,False,,,,,True,,,,,,,0,sinusoid,fp_sens:00095,True,False,not_requested,embedding_not_saturated,1.0,rr_route_b,False,,,,,,256,0.7591116869989492,,
,,,,20260823,,0.22203270725866325,1809152374,6.0,False,fp_sens,False,6.0,231,0.010893676593102851,0.02673423080174131,,5.0,7.0,True,False,one_sample,253,251,2366.0,0,0,,,36.04648347352482,ok,,24,0.0009563828074061406,0.7066939553875341,False,,False,,,,,True,2.0,0.0,0.00796812749003984,,2.0,1.0,0,sinusoid,fp_sens:00096,False,False,not_requested,ok,1.0,original,True,2.0,0.0,0.0,0.0,0.0,256,1.4246117820002837,,
,,,,20260823,,0.22203270725866306,1809152374,6.0,False,fp_sens,False,6.0,231,0.010893676593102851,0.02673423080174131,,5.0,7.0,True,False,one_sample,253,251,2366.0,0,0,,,36.04720221650177,ok,,24,0.0009563828074062256,0.7066939553875341,False,,False,,,,,True,2.0,0.0,0.00796812749003984,,2.0,1.0,0,sinusoid,fp_sens:00097,False,False,not_requested,ok,1.0,nextafter,True,2.0,0.0,0.0,0.0,0.0,256,1.5573722980007005,,
,,,,20260823,,,1809152374,13.0,True,fp_sens,True,13.0,196,,,insufficient divergence points,5.0,7.0,False,False,one_sample,33,0,,1,0,,,,,,24,0.8000217013888888,0.049993966762917466,False,,False,,,,,True,,,,,,,0,sinusoid,fp_sens:00098,True,False,not_requested,embedding_not_saturated,1.0,rr_route_a,False,,,,,,256,0.7948454609995679,,
,,,,20260823,,,1809152374,13.0,True,fp_sens,True,13.0,196,,,insufficient divergence points,5.0,7.0,False,False,one_sample,33,0,,1,0,,,,,,24,0.8000217013888891,0.04999396676291745,False,,False,,,,,True,,,,,,,0,sinusoid,fp_sens:00099,True,False,not_requested,embedding_not_saturated,1.0,rr_route_b,False,,,,,,256,0.7842612299991742,,
,,,,20260823,,0.22249994000938816,2351015354,6.0,False,fp_sens,False,4.0,241,0.013734582343100566,0.030294766863307232,,5.0,7.0,True,False,one_sample,253,251,2370.0,0,0,,,35.943470676506685,ok,,25,0.001997922728463695,0.7078613846629709,False,,False,,,,,True,2.0,0.0,0.00796812749003984,,2.0,0.0,0,sinusoid,fp_sens:00100,False,False,not_requested,ok,1.0,original,True,2.0,0.0,0.0,0.0,0.0,256,1.5665109649999067,,
,,,,20260823,,0.22249994000938808,2351015354,6.0,False,fp_sens,False,4.0,241,0.013734582343100566,0.030294766863307232,,5.0,7.0,True,False,one_sample,253,251,2370.0,0,0,,,35.943470676506685,ok,,25,0.001997922728463806,0.7078613846629709,False,,False,,,,,True,2.0,0.0,0.00796812749003984,,2.0,0.0,0,sinusoid,fp_sens:00101,False,False,not_requested,ok,1.0,nextafter,True,2.0,0.0,0.0,0.0,0.0,256,1.307640203000119,,
,,,,20260823,,,2351015354,13.0,True,fp_sens,True,13.0,196,,,insufficient divergence points,5.0,7.0,False,False,one_sample,35,0,,1,0,,,,,,25,0.7999891493055555,0.04993696477881964,False,,False,,,,,True,,,,,,,0,sinusoid,fp_sens:00102,True,False,not_requested,embedding_not_saturated,1.0,rr_route_a,False,,,,,,256,0.8769555419985409,,
,,,,20260823,,,2351015354,13.0,True,fp_sens,True,13.0,196,,,insufficient divergence points,5.0,7.0,False,False,one_sample,35,0,,1,0,,,,,,25,0.7999891493055556,0.04993696477881963,False,,False,,,,,True,,,,,,,0,sinusoid,fp_sens:00103,True,False,not_requested,embedding_not_saturated,1.0,rr_route_b,False,,,,,,256,0.7305554639988259,,
,,,,20260823,,0.20152454114330073,532346263,5.0,False,fp_sens,False,8.0,214,0.016062071427387196,0.31594187046716604,,6.0,7.0,True,False,one_sample,256,252,2505.0,0,0,,,165.711005720952,ok,,26,0.0019427850008134281,0.7077790108183337,False,,False,,,,,True,2.0,0.0,0.007936507936507936,,2.0,0.0,0,sinusoid,fp_sens:00104,False,False,not_requested,ok,1.0,original,True,2.0,0.0,0.0,0.0,0.0,256,0.964938525999969,,
,,,,20260823,,0.20152454114330087,532346263,5.0,False,fp_sens,False,8.0,214,0.016062071427387196,0.31594187046716604,,6.0,7.0,True,False,one_sample,256,252,2504.0,0,0,,,163.56624779398922,ok,,26,0.0019427850008135183,0.7077790108183337,False,,False,,,,,True,2.0,0.0,0.007936507936507936,,2.0,0.0,0,sinusoid,fp_sens:00105,False,False,not_requested,ok,1.0,nextafter,True,2.0,0.0,0.0,0.0,0.0,256,0.9299668349995045,,
,,,,20260823,,,532346263,13.0,True,fp_sens,True,13.0,196,,,insufficient divergence points,5.0,7.0,False,False,one_sample,48,0,,1,0,,,,,,26,0.7999457465277777,0.04990735241890791,False,,False,,,,,True,,,,,,,0,sinusoid,fp_sens:00106,True,False,not_requested,embedding_not_saturated,1.0,rr_route_a,False,,,,,,256,0.4481910539998353,,
,,,,20260823,,,532346263,13.0,True,fp_sens,True,13.0,196,,,insufficient divergence points,5.0,7.0,False,False,one_sample,48,0,,1,0,,,,,,26,0.7999457465277777,0.0499073524189079,False,,False,,,,,True,,,,,,,0,sinusoid,fp_sens:00107,True,False,not_requested,embedding_not_saturated,1.0,rr_route_b,False,,,,,,256,0.46683409999968717,,
,,,,20260823,,0.2032082758716684,2293809429,5.0,False,fp_sens,False,4.0,241,0.012796883064347545,0.053944214389199274,,5.0,7.0,True,False,one_sample,254,252,2506.0,0,0,,,131.31582607112205,ok,,27,-0.0006894006788439669,0.7065270908732899,False,,False,,,,,True,2.0,0.0,0.007936507936507936,,2.0,0.0,0,sinusoid,fp_sens:00108,False,False,not_requested,ok,1.0,original,True,2.0,0.0,0.0,0.0,0.0,256,0.7989778139999544,,
,,,,20260823,,0.2032082758716684,2293809429,5.0,False,fp_sens,False,4.0,241,0.012796883064347545,0.053944214389199274,,5.0,7.0,True,False,one_sample,254,252,2506.0,0,0,,,131.31523926068647,ok,,27,-0.0006894006788438749,0.7065270908732899,False,,False,,,,,True,2.0,0.0,0.007936507936507936,,2.0,0.0,0,sinusoid,fp_sens:00109,False,False,not_requested,ok,1.0,nextafter,True,2.0,0.0,0.0,0.0,0.0,256,0.8017477940011304,,
,,,,20260823,,,2293809429,13.0,True,fp_sens,True,13.0,196,,,insufficient divergence points,5.0,7.0,False,False,one_sample,40,0,,1,0,,,,,,27,0.7999782986111111,0.04974192668727325,False,,False,,,,,True,,,,,,,0,sinusoid,fp_sens:00110,True,False,not_requested,embedding_not_saturated,1.0,rr_route_a,False,,,,,,256,0.46599448500091967,,
,,,,20260823,,,2293809429,13.0,True,fp_sens,True,13.0,196,,,insufficient divergence points,5.0,7.0,False,False,one_sample,40,0,,1,0,,,,,,27,0.7999782986111111,0.04974192668727324,False,,False,,,,,True,,,,,,,0,sinusoid,fp_sens:00111,True,False,not_requested,embedding_not_saturated,1.0,rr_route_b,False,,,,,,256,0.437815799999953,,
,,,,20260823,,0.24117205114910453,816825594,7.0,False,fp_sens,False,6.0,231,0.011039528314204105,0.034413835128346615,,5.0,7.0,True,False,one_sample,253,250,1630.0,0,0,,,8.467421539112106,ok,,28,-0.0013649976883827377,0.7070540426013844,False,,False,,,,,True,1.0,0.0,0.004,,1.0,1.0,0,sinusoid,fp_sens:00112,False,False,not_requested,ok,1.0,original,True,1.0,0.0,0.0,0.0,0.0,256,0.7448312539981998,,
,,,,20260823,,0.24117205114910428,816825594,7.0,False,fp_sens,False,6.0,231,0.011039528314204105,0.034413835128346615,,5.0,7.0,True,False,one_sample,253,250,1630.0,0,0,,,7.484725369435499,ok,,28,-0.0013649976883826527,0.7070540426013844,False,,False,,,,,True,1.0,0.0,0.004,,1.0,1.0,0,sinusoid,fp_sens:00113,False,False,not_requested,ok,1.0,nextafter,True,1.0,0.0,0.0,0.0,0.0,256,0.7565694940003596,,
,,,,20260823,,,816825594,13.0,True,fp_sens,True,13.0,196,,,insufficient divergence points,5.0,7.0,False,False,one_sample,32,0,,1,0,,,,,,28,0.79990234375,0.049983927415801085,False,,False,,,,,True,,,,,,,0,sinusoid,fp_sens:00114,True,False,not_requested,embedding_not_saturated,1.0,rr_route_a,False,,,,,,256,0.45444676899933256,,
,,,,20260823,,,816825594,13.0,True,fp_sens,True,13.0,196,,,insufficient divergence points,5.0,7.0,False,False,one_sample,32,0,,1,0,,,,,,28,0.7999023437500001,0.04998392741580107,False,,False,,,,,True,,,,,,,0,sinusoid,fp_sens:00115,True,False,not_requested,embedding_not_saturated,1.0,rr_route_b,False,,,,,,256,0.4506142890004412,,
,,,,20260823,,0.2234111425547215,1156303206,6.0,False,fp_sens,False,6.0,231,0.01264910424679469,0.03792573423248857,,5.0,7.0,True,False,one_sample,253,251,2127.0,0,0,,,24.983132091855126,ok,,29,0.0016781367425312693,0.7074156055620564,False,,False,,,,,True,2.0,0.0,0.00796812749003984,,2.0,0.0,0,sinusoid,fp_sens:00116,False,False,not_requested,ok,1.0,original,True,2.0,0.0,0.0,0.0,0.0,256,0.7962372540005163,,
,,,,20260823,,0.2234111425547215,1156303206,6.0,False,fp_sens,False,6.0,231,0.01264910424679469,0.03792573423248857,,5.0,7.0,True,False,one_sample,253,251,2126.0,0,0,,,25.457191354359743,ok,,29,0.001678136742531356,0.7074156055620564,False,,False,,,,,True,2.0,0.0,0.00796812749003984,,2.0,0.0,0,sinusoid,fp_sens:00117,False,False,not_requested,ok,1.0,nextafter,True,2.0,0.0,0.0,0.0,0.0,256,0.7561703129995294,,
,,,,20260823,,,1156303206,13.0,True,fp_sens,True,13.0,196,,,insufficient divergence points,5.0,7.0,False,False,one_sample,42,0,,1,0,,,,,,29,0.7999999999999999,0.04981882685550976,False,,False,,,,,True,,,,,,,0,sinusoid,fp_sens:00118,True,False,not_requested,embedding_not_saturated,1.0,rr_route_a,False,,,,,,256,0.4553736790003313,,
,,,,20260823,,,1156303206,13.0,True,fp_sens,True,13.0,196,,,insufficient divergence points,5.0,7.0,False,False,one_sample,42,0,,1,0,,,,,,29,0.8,0.04981882685550974,False,,False,,,,,True,,,,,,,0,sinusoid,fp_sens:00119,True,False,not_requested,embedding_not_saturated,1.0,rr_route_b,False,,,,,,256,0.4266245800008619,,
,,,,20260823,,0.30365343868910166,1949141757,4.0,False,fp_sens,False,10.0,166,0.10809988761529628,0.551713576044488,,10.0,4.0,True,False,one_sample,256,253,2501.0,0,0,,,88.61287120227792,ok,,0,0.5045120837424588,0.35191512060372365,False,,False,,,,,True,2.0,0.1,0.007905138339920948,,2.0,2.0,0,logistic,fp_sens:00120,False,False,not_requested,ok,1.0,original,True,2.0,0.0,0.0,0.0,0.0,256,0.703422138998576,,
,,,,20260823,,0.30365343868910155,1949141757,4.0,False,fp_sens,False,10.0,166,0.10809988761529626,0.551713576044488,,10.0,4.0,True,False,one_sample,256,253,2501.0,0,0,,,88.61287120227792,ok,,0,0.5045120837424589,0.35191512060372365,False,,False,,,,,True,2.0,0.1,0.007905138339920948,,2.0,2.0,0,logistic,fp_sens:00121,False,False,not_requested,ok,1.0,nextafter,True,2.0,0.0,0.0,0.0,0.0,256,0.6518897170008131,,
,,,,20260823,,,1949141757,8.0,False,fp_sens,False,8.0,179,0.14111640991531776,0.6006155863001006,,11.0,4.0,True,False,one_sample,51,249,1671.0,0,0,,,157.37282784035426,no_peaks,,0,0.7999565972222222,0.05002890799045488,False,,False,,,,,True,0.0,0.0,0.0,,0.0,0.0,0,logistic,fp_sens:00122,False,True,not_requested,no_peaks,1.0,rr_route_a,True,0.0,0.0,0.0,0.0,0.0,256,0.6773018050007522,,
,,,,20260823,,1.2974554169341928,1949141757,7.0,False,fp_sens,False,8.0,179,0.1411164099153177,0.6006155863001006,,11.0,4.0,True,False,one_sample,51,250,878.0,0,0,,,70.06186074154544,ok,,0,0.7999565972222222,0.05002890799045487,False,,False,,,,,True,2.0,0.96,0.008,,2.0,2.0,0,logistic,fp_sens:00123,False,False,not_requested,ok,1.0,rr_route_b,True,2.0,0.0,0.0,0.0,0.0,256,0.5857845249993261,,
,,,,20260823,,0.28964932455008896,1652537900,4.0,False,fp_sens,False,10.0,193,0.11660588832496258,0.5359361649055694,,7.0,4.0,True,False,one_sample,256,253,2494.0,0,0,,,83.67248262229653,ok,,1,0.4970143639040308,0.35534225087337623,False,,False,,,,,True,2.0,0.09,0.007905138339920948,,2.0,2.0,0,logistic,fp_sens:00124,False,False,not_requested,ok,1.0,original,True,2.0,0.0,0.0,0.0,0.0,256,0.7350747489999776,,
,,,,20260823,,0.2896493245500886,1652537900,4.0,False,fp_sens,False,10.0,193,0.11660588832496255,0.5359361649055694,,7.0,4.0,True,False,one_sample,256,253,2494.0,0,0,,,83.67248262229653,ok,,1,0.4970143639040308,0.3553422508733763,False,,False,,,,,True,2.0,0.09,0.007905138339920948,,2.0,2.0,0,logistic,fp_sens:00125,False,False,not_requested,ok,1.0,nextafter,True,2.0,0.0,0.0,0.0,0.0,256,0.7079102530005912,,
,,,,20260823,,0.30594117081556566,1652537900,4.0,False,fp_sens,False,10.0,193,0.11512167963789853,0.5195032934462829,,7.0,4.0,True,False,one_sample,50,253,1450.0,0,0,,,53.34640004649553,ok,,1,0.7999674479166666,0.049956869431560615,False,,False,,,,,True,1.0,0.055,0.003952569169960474,,1.0,1.0,0,logistic,fp_sens:00126,False,False,not_requested,ok,1.0,rr_route_a,True,1.0,0.0,0.0,0.0,0.0,256,0.6191190239987918,,
,,,,20260823,,0.5786190456595769,1652537900,5.0,False,fp_sens,False,10.0,193,0.11493581235821752,0.5177980626635323,,7.0,4.0,True,False,one_sample,50,252,1400.0,0,0,,,44.44075183366239,ok,,1,0.7999674479166667,0.049956869431560594,False,,False,,,,,True,1.0,0.155,0.003968253968253968,,1.0,1.0,0,logistic,fp_sens:00127,False,False,not_requested,ok,1.0,rr_route_b,True,1.0,0.0,0.0,0.0,0.0,256,0.7186979590005649,,
,,,,20260823,,0.28034263899611733,292278060,4.0,False,fp_sens,True,13.0,148,0.08633712154399134,0.5000923941128738,,9.0,4.0,True,False,one_sample,256,253,2500.0,0,0,,,76.2294770179101,ok,,2,0.46574693414237245,0.3638037286337183,False,,False,,,,,True,2.0,0.105,0.007905138339920948,,2.0,2.0,0,logistic,fp_sens:00128,False,False,not_requested,ok,1.0,original,True,2.0,0.0,0.0,0.0,0.0,256,0.6251031620013237,,
,,,,20260823,,0.2803426389961172,292278060,4.0,False,fp_sens,True,13.0,148,0.08633712154399133,0.5000923941128737,,9.0,4.0,True,False,one_sample,256,253,2500.0,0,0,,,76.2294770179101,ok,,2,0.4657469341423725,0.36380372863371835,False,,False,,,,,True,2.0,0.105,0.007905138339920948,,2.0,2.0,0,logistic,fp_sens:00129,False,False,not_requested,ok,1.0,nextafter,True,2.0,0.0,0.0,0.0,0.0,256,0.7107938409990311,,
,,,,20260823,,0.13690212107141733,292278060,3.0,False,fp_sens,True,13.0,160,0.08963333063323214,0.5329507995789508,,8.0,4.0,True,False,one_sample,48,254,1313.0,0,0,,,36.33247607958429,ok,,2,0.7999457465277777,0.050035825304385634,False,,False,,,,,True,2.0,0.03,0.007874015748031496,,2.0,2.0,0,logistic,fp_sens:00130,False,False,not_requested,ok,1.0,rr_route_a,True,2.0,0.0,0.0,0.0,0.0,256,0.5958660350006539,,
,,,,20260823,,2.365674857505042,292278060,9.0,False,fp_sens,True,13.0,160,0.08963333063323223,0.5329507995789504,,8.0,4.0,True,False,one_sample,48,248,1535.0,0,0,,,124.83985877546613,ok,,2,0.7999457465277777,0.05003582530438564,False,,False,,,,,True,1.0,1.0,0.004032258064516129,,1.0,1.0,0,logistic,fp_sens:00131,False,False,not_requested,ok,1.0,rr_route_b,True,1.0,0.0,0.0,0.0,0.0,256,0.7072925529992062,,
,,,,20260823,,0.27297822620090767,1341124623,4.0,False,fp_sens,True,13.0,172,0.08966219212142508,0.4947158182300747,,7.0,4.0,True,False,one_sample,256,253,2490.0,0,0,,,124.65819187599166,ok,,3,0.4584166412783344,0.36536853478661335,False,,False,,,,,True,2.0,0.085,0.007905138339920948,,2.0,2.0,0,logistic,fp_sens:00132,False,False,not_requested,ok,1.0,original,True,2.0,0.0,0.0,0.0,0.0,256,0.6888701079988095,,
,,,,20260823,,0.27297822620090756,1341124623,4.0,False,fp_sens,True,13.0,172,0.08966219212142511,0.4947158182300748,,7.0,4.0,True,False,one_sample,256,253,2490.0,0,0,,,124.65819187599166,ok,,3,0.4584166412783345,0.3653685347866134,False,,False,,,,,True,2.0,0.085,0.007905138339920948,,2.0,2.0,0,logistic,fp_sens:00133,False,False,not_requested,ok,1.0,nextafter,True,2.0,0.0,0.0,0.0,0.0,256,0.7470494949993736,,
,,,,20260823,,0.9059801322324905,1341124623,6.0,False,fp_sens,True,13.0,148,0.08144478428395707,0.4634602005383621,,9.0,4.0,True,False,one_sample,50,251,1066.0,0,0,,,76.14294303177937,ok,,3,0.80009765625,0.05016810919761303,False,,False,,,,,True,1.0,0.265,0.00398406374501992,,1.0,1.0,0,logistic,fp_sens:00134,False,False,not_requested,ok,1.0,rr_route_a,True,1.0,0.0,0.0,0.0,0.0,256,0.7155692679989443,,
,,,,20260823,,0.13416407864998695,1341124623,3.0,False,fp_sens,True,13.0,148,0.08144478428395695,0.46346020053836157,,9.0,4.0,True,False,one_sample,50,254,1413.0,0,0,,,104.34748169678467,ok,,3,0.8000976562500001,0.05016810919761303,False,,False,,,,,True,2.0,0.085,0.007874015748031496,,2.0,2.0,0,logistic,fp_sens:00135,False,False,not_requested,ok,1.0,rr_route_b,True,1.0,1.0,1.0,0.06,0.003937007874015748,256,0.8020166910009721,,
,,,,20260823,,0.3106923348501237,3611326506,4.0,False,fp_sens,False,8.0,200,0.1467553234098611,0.5927310923481651,,8.0,4.0,True,False,one_sample,256,253,2504.0,0,0,,,125.49070129158102,ok,,4,0.4931282413270283,0.35521505827648336,False,,False,,,,,True,2.0,0.095,0.007905138339920948,,2.0,2.0,0,logistic,fp_sens:00136,False,False,not_requested,ok,1.0,original,True,2.0,0.0,0.0,0.0,0.0,256,1.1542276899999706,,
,,,,20260823,,0.3106923348501237,3611326506,4.0,False,fp_sens,False,8.0,200,0.14675532340986114,0.592731092348165,,8.0,4.0,True,False,one_sample,256,253,2504.0,0,0,,,125.49070129158102,ok,,4,0.4931282413270284,0.3552150582764834,False,,False,,,,,True,2.0,0.095,0.007905138339920948,,2.0,2.0,0,logistic,fp_sens:00137,False,False,not_requested,ok,1.0,nextafter,True,2.0,0.0,0.0,0.0,0.0,256,1.3208047810003336,,
,,,,20260823,,,3611326506,6.0,False,fp_sens,False,8.0,200,0.1478494645077676,0.5977553014104096,,8.0,4.0,True,False,one_sample,50,251,1799.0,0,0,,,189.174819045865,no_peaks,,4,0.7999891493055555,0.05007740081576766,False,,False,,,,,True,0.0,0.0,0.0,,0.0,0.0,0,logistic,fp_sens:00138,False,True,not_requested,no_peaks,1.0,rr_route_a,True,0.0,0.0,0.0,0.0,0.0,256,1.3265282470001694,,
,,,,20260823,,0.3167744004196779,3611326506,4.0,False,fp_sens,False,8.0,200,0.14784946450776745,0.59775530141041,,8.0,4.0,True,False,one_sample,50,253,1660.0,0,0,,,129.62028036618207,ok,,4,0.7999891493055555,0.050077400815767656,False,,False,,,,,True,1.0,0.035,0.003952569169960474,,1.0,1.0,0,logistic,fp_sens:00139,False,False,not_requested,ok,1.0,rr_route_b,True,1.0,0.0,0.0,0.0,0.0,256,1.3508108189998893,,
,,,,20260823,,0.32069185987414206,2937350216,4.0,False,fp_sens,False,8.0,172,0.14198936954295932,0.5926625652449269,,12.0,4.0,True,False,one_sample,256,253,2506.0,0,0,,,122.15908271293348,ok,,5,0.5220463263472181,0.34487478185791914,False,,False,,,,,True,2.0,0.09,0.007905138339920948,,2.0,2.0,0,logistic,fp_sens:00140,False,False,not_requested,ok,1.0,original,True,2.0,0.0,0.0,0.0,0.0,256,0.7966776220000611,,
,,,,20260823,,0.32069185987414184,2937350216,4.0,False,fp_sens,False,8.0,172,0.14198936954295938,0.5926625652449269,,12.0,4.0,True,False,one_sample,256,253,2506.0,0,0,,,122.15908271293348,ok,,5,0.5220463263472181,0.3448747818579192,False,,False,,,,,True,2.0,0.09,0.007905138339920948,,2.0,2.0,0,logistic,fp_sens:00141,False,False,not_requested,ok,1.0,nextafter,True,2.0,0.0,0.0,0.0,0.0,256,1.278776242001186,,
,,,,20260823,,0.3212171747786568,2937350216,4.0,False,fp_sens,False,9.0,168,0.12699918738056135,0.5980241918798267,,11.0,4.0,True,False,one_sample,52,253,1720.0,0,0,,,72.62502379399061,ok,,5,0.8000217013888888,0.050039163016350315,False,,False,,,,,True,1.0,0.06,0.003952569169960474,,1.0,1.0,0,logistic,fp_sens:00142,False,False,not_requested,ok,1.0,rr_route_a,True,1.0,0.0,0.0,0.0,0.0,256,1.0974676080004429,,
,,,,20260823,,0.5473172873368366,2937350216,5.0,False,fp_sens,False,9.0,168,0.12699918738056115,0.5980241918798266,,11.0,4.0,True,False,one_sample,52,252,1748.0,0,0,,,83.00855575314486,ok,,5,0.8000217013888891,0.050039163016350315,False,,False,,,,,True,2.0,0.115,0.007936507936507936,,2.0,2.0,0,logistic,fp_sens:00143,False,False,not_requested,ok,1.0,rr_route_b,True,2.0,0.0,0.0,0.0,0.0,256,1.1903115040004195,,
,,,,20260823,,0.3128118660620098,2625739459,4.0,False,fp_sens,False,9.0,192,0.11830519451771764,0.5402221112391219,,8.0,4.0,True,False,one_sample,256,253,2506.0,0,0,,,146.14705877006043,ok,,6,0.5277029648775322,0.34198680690114075,False,,False,,,,,True,2.0,0.085,0.007905138339920948,,2.0,2.0,0,logistic,fp_sens:00144,False,False,not_requested,ok,1.0,original,True,2.0,0.0,0.0,0.0,0.0,256,1.4369987059999403,,
,,,,20260823,,0.3128118660620097,2625739459,4.0,False,fp_sens,False,9.0,192,0.11830519451771765,0.5402221112391221,,8.0,4.0,True,False,one_sample,256,253,2506.0,0,0,,,146.14705877006043,ok,,6,0.5277029648775322,0.3419868069011408,False,,False,,,,,True,2.0,0.085,0.007905138339920948,,2.0,2.0,0,logistic,fp_sens:00145,False,False,not_requested,ok,1.0,nextafter,True,2.0,0.0,0.0,0.0,0.0,256,1.374097531001098,,
,,,,20260823,,0.3100316363236797,2625739459,4.0,False,fp_sens,False,9.0,192,0.11687233434163453,0.5314409834896552,,8.0,4.0,True,False,one_sample,52,253,1595.0,0,0,,,84.9406277851782,ok,,6,0.8000434027777777,0.05011739254171513,False,,False,,,,,True,2.0,0.085,0.007905138339920948,,2.0,2.0,0,logistic,fp_sens:00146,False,False,not_requested,ok,1.0,rr_route_a,True,2.0,0.0,0.0,0.0,0.0,256,1.279090449999785,,
,,,,20260823,,0.9605978914232332,2625739459,6.0,False,fp_sens,False,9.0,192,0.11687233434163471,0.5314409834896553,,8.0,4.0,True,False,one_sample,52,251,1664.0,0,0,,,99.42564712446077,ok,,6,0.8000434027777779,0.05011739254171513,False,,False,,,,,True,2.0,0.815,0.00796812749003984,,2.0,2.0,0,logistic,fp_sens:00147,False,False,not_requested,ok,1.0,rr_route_b,True,2.0,0.0,0.0,0.0,0.0,256,1.2645960610007023,,
,,,,20260823,,0.3115519147349413,3175003209,4.0,False,fp_sens,False,10.0,121,0.0988279797258185,0.5056316449455285,,15.0,5.0,True,False,one_sample,256,253,2514.0,0,0,,,46.47204891562913,ok,,7,0.5101759034752217,0.3499812320418511,False,,False,,,,,True,2.0,0.135,0.007905138339920948,,2.0,2.0,0,logistic,fp_sens:00148,False,False,not_requested,ok,1.0,original,True,2.0,0.0,0.0,0.0,0.0,256,0.9565701020001143,,
,,,,20260823,,0.3115519147349413,3175003209,4.0,False,fp_sens,False,10.0,121,0.0988279797258185,0.5056316449455289,,15.0,5.0,True,False,one_sample,256,253,2514.0,0,0,,,46.47204891562913,ok,,7,0.5101759034752219,0.34998123204185116,False,,False,,,,,True,2.0,0.135,0.007905138339920948,,2.0,2.0,0,logistic,fp_sens:00149,False,False,not_requested,ok,1.0,nextafter,True,2.0,0.0,0.0,0.0,0.0,256,0.6075903500004642,,
,,,,20260823,,1.415436401825406,3175003209,7.0,False,fp_sens,False,11.0,156,0.09832789895472553,0.4920514389187397,,10.0,5.0,True,False,one_sample,51,250,1080.0,0,0,,,89.32533823103114,ok,,7,0.8000868055555556,0.049921496894035584,False,,False,,,,,True,1.0,0.865,0.004,,1.0,1.0,0,logistic,fp_sens:00150,False,False,not_requested,ok,1.0,rr_route_a,True,1.0,0.0,0.0,0.0,0.0,256,0.610050188999594,,
,,,,20260823,,0.1440876319284244,3175003209,3.0,False,fp_sens,False,11.0,156,0.09832789895472542,0.49205143891873915,,10.0,5.0,True,False,one_sample,51,254,1335.0,0,0,,,11.463846812501032,ok,,7,0.8000868055555556,0.04992149689403557,False,,False,,,,,True,2.0,0.14,0.007874015748031496,,2.0,2.0,0,logistic,fp_sens:00151,False,False,not_requested,ok,1.0,rr_route_b,True,1.0,1.0,1.0,0.07,0.003937007874015748,256,0.6623054150004464,,
,,,,20260823,,0.3192201066045725,855530592,4.0,False,fp_sens,True,13.0,172,0.0983135454444903,0.5413038548044824,,7.0,4.0,True,False,one_sample,256,253,2517.0,0,0,,,5.0,ok,,8,0.5052972843494565,0.3520818457014146,False,,False,,,,,True,2.0,0.165,0.007905138339920948,,2.0,2.0,0,logistic,fp_sens:00152,False,False,not_requested,ok,1.0,original,True,2.0,0.0,0.0,0.0,0.0,256,0.6732797490003577,,
,,,,20260823,,0.31922010660457223,855530592,4.0,False,fp_sens,True,13.0,172,0.09831354544449032,0.5413038548044822,,7.0,4.0,True,False,one_sample,256,253,2517.0,0,0,,,5.0,ok,,8,0.5052972843494565,0.35208184570141465,False,,False,,,,,True,2.0,0.165,0.007905138339920948,,2.0,2.0,0,logistic,fp_sens:00153,False,False,not_requested,ok,1.0,nextafter,True,2.0,0.0,0.0,0.0,0.0,256,0.8448501210004906,,
,,,,20260823,,0.6041935560866646,855530592,5.0,False,fp_sens,True,13.0,172,0.09821488428842258,0.5386889452539749,,7.0,4.0,True,False,one_sample,51,252,1416.0,0,0,,,71.18655506700142,ok,,8,0.7999457465277777,0.04999665496374572,False,,False,,,,,True,1.0,0.25,0.003968253968253968,,1.0,1.0,0,logistic,fp_sens:00154,False,False,not_requested,ok,1.0,rr_route_a,True,1.0,0.0,0.0,0.0,0.0,256,0.747727201998714,,
,,,,20260823,,0.3221897397089201,855530592,4.0,False,fp_sens,True,13.0,172,0.09821488428842258,0.5386889452539747,,7.0,4.0,True,False,one_sample,51,253,1530.0,0,0,,,109.93424860374509,ok,,8,0.7999457465277777,0.049996654963745696,False,,False,,,,,True,1.0,0.095,0.003952569169960474,,1.0,1.0,0,logistic,fp_sens:00155,False,False,not_requested,ok,1.0,rr_route_b,True,1.0,0.0,0.0,0.0,0.0,256,0.6195215409989032,,
,,,,20260823,,0.31316185351296805,1137966784,4.0,False,fp_sens,False,8.0,186,0.15133218435890342,0.6268218459023158,,10.0,4.0,True,False,one_sample,256,253,2498.0,0,0,,,131.11720785767605,ok,,9,0.5128953576299096,0.3481558831400561,False,,False,,,,,True,2.0,0.105,0.007905138339920948,,2.0,2.0,0,logistic,fp_sens:00156,False,False,not_requested,ok,1.0,original,True,2.0,0.0,0.0,0.0,0.0,256,0.6825304640005925,,
,,,,20260823,,0.31316185351296805,1137966784,4.0,False,fp_sens,False,8.0,186,0.15133218435890342,0.6268218459023158,,10.0,4.0,True,False,one_sample,256,253,2498.0,0,0,,,131.11720785767605,ok,,9,0.5128953576299097,0.34815588314005613,False,,False,,,,,True,2.0,0.105,0.007905138339920948,,2.0,2.0,0,logistic,fp_sens:00157,False,False,not_requested,ok,1.0,nextafter,True,2.0,0.0,0.0,0.0,0.0,256,0.671769418000622,,
,,,,20260823,,0.5740312137153586,1137966784,5.0,False,fp_sens,False,8.0,186,0.15258424970993087,0.6367216755409445,,10.0,4.0,True,False,one_sample,53,252,1624.0,0,0,,,122.8178114083162,ok,,9,0.8000759548611112,0.04996164876168137,False,,False,,,,,True,2.0,0.16,0.007936507936507936,,2.0,2.0,0,logistic,fp_sens:00158,False,False,not_requested,ok,1.0,rr_route_a,True,2.0,0.0,0.0,0.0,0.0,256,0.6680527179996716,,
,,,,20260823,,0.31599378317605825,1137966784,4.0,False,fp_sens,False,8.0,186,0.15258424970993115,0.6367216755409444,,10.0,4.0,True,False,one_sample,53,253,1582.0,0,0,,,87.2401111688763,ok,,9,0.8000759548611113,0.04996164876168136,False,,False,,,,,True,1.0,0.055,0.003952569169960474,,1.0,1.0,0,logistic,fp_sens:00159,False,False,not_requested,ok,1.0,rr_route_b,True,1.0,0.0,0.0,0.0,0.0,256,0.6105644829985977,,
,,,,20260823,,0.34052343143163083,155083518,4.0,False,fp_sens,False,7.0,220,0.17015106717618225,0.5919271330068185,,6.0,4.0,True,False,one_sample,256,253,2507.0,0,0,,,81.51706343489899,ok,,10,0.5101262331766295,0.34847902882144616,False,,False,,,,,True,2.0,0.125,0.007905138339920948,,2.0,2.0,0,logistic,fp_sens:00160,False,False,not_requested,ok,1.0,original,True,2.0,0.0,0.0,0.0,0.0,256,0.7412182959997153,,
,,,,20260823,,0.34052343143163083,155083518,4.0,False,fp_sens,False,7.0,220,0.1701510671761823,0.5919271330068185,,6.0,4.0,True,False,one_sample,256,253,2507.0,0,0,,,81.51706343489899,ok,,10,0.5101262331766296,0.3484790288214462,False,,False,,,,,True,2.0,0.125,0.007905138339920948,,2.0,2.0,0,logistic,fp_sens:00161,False,False,not_requested,ok,1.0,nextafter,True,2.0,0.0,0.0,0.0,0.0,256,0.7207147010012704,,
,,,,20260823,,1.4635119113320454,155083518,7.0,False,fp_sens,False,10.0,202,0.12177043337753356,0.5550067059161081,,6.0,4.0,True,False,one_sample,50,250,1248.0,0,0,,,98.53547548589763,ok,,10,0.8000759548611112,0.049983362090544756,False,,False,,,,,True,1.0,0.905,0.004,,1.0,1.0,0,logistic,fp_sens:00162,False,False,not_requested,ok,1.0,rr_route_a,True,1.0,0.0,0.0,0.0,0.0,256,0.7118827909998799,,
,,,,20260823,,1.4635119113320472,155083518,7.0,False,fp_sens,False,10.0,202,0.12177043337753365,0.5550067059161083,,6.0,4.0,True,False,one_sample,50,250,1248.0,0,0,,,98.53547548589763,ok,,10,0.8000759548611112,0.04998336209054474,False,,False,,,,,True,1.0,0.905,0.004,,1.0,1.0,0,logistic,fp_sens:00163,False,False,not_requested,ok,1.0,rr_route_b,True,1.0,0.0,0.0,0.0,0.0,256,0.6567170190010074,,
,,,,20260823,,0.34193642085674675,1643540681,4.0,False,fp_sens,False,10.0,166,0.10511161361073963,0.4040410818986123,,10.0,4.0,True,False,one_sample,256,253,2502.0,0,0,,,51.081036382134116,ok,,11,0.4885366808137147,0.35740624226202594,False,,False,,,,,True,2.0,0.12,0.007905138339920948,,2.0,2.0,0,logistic,fp_sens:00164,False,False,not_requested,ok,1.0,original,True,2.0,0.0,0.0,0.0,0.0,256,0.6868008549990918,,
,,,,20260823,,0.34193642085674675,1643540681,4.0,False,fp_sens,False,10.0,166,0.10511161361073966,0.4040410818986123,,10.0,4.0,True,False,one_sample,256,253,2502.0,0,0,,,51.081036382134116,ok,,11,0.4885366808137148,0.357406242262026,False,,False,,,,,True,2.0,0.12,0.007905138339920948,,2.0,2.0,0,logistic,fp_sens:00165,False,False,not_requested,ok,1.0,nextafter,True,2.0,0.0,0.0,0.0,0.0,256,0.63478379299886,,
,,,,20260823,,2.8820527898724584,1643540681,11.0,False,fp_sens,False,9.0,168,0.12104042899639351,0.49848037186570915,,11.0,4.0,True,False,one_sample,52,246,2449.0,0,0,,,205.87716553974556,ok,,11,0.8,0.05018172031738596,False,,False,,,,,True,1.0,1.0,0.0040650406504065045,,1.0,1.0,0,logistic,fp_sens:00166,False,False,not_requested,ok,1.0,rr_route_a,True,1.0,0.0,0.0,0.0,0.0,256,0.8502346069999476,,
,,,,20260823,,1.8823529411764701,1643540681,8.0,False,fp_sens,False,10.0,157,0.1135913373712183,0.5089848599386554,,11.0,4.0,True,False,one_sample,52,249,2021.0,0,0,,,152.7553986127972,ok,,11,0.8,0.05018172031738594,False,,False,,,,,True,1.0,0.98,0.004016064257028112,,1.0,1.0,0,logistic,fp_sens:00167,False,False,not_requested,ok,1.0,rr_route_b,True,1.0,0.0,0.0,0.0,0.0,256,0.6811345540008915,,
,,,,20260823,,0.3370437232303379,1760545983,4.0,False,fp_sens,False,8.0,214,0.13908931681061515,0.5510846108398602,,6.0,4.0,True,False,one_sample,256,253,2510.0,0,0,,,53.372277870888055,ok,,12,0.5090666934611214,0.34906328815746257,False,,False,,,,,True,2.0,0.15,0.007905138339920948,,2.0,2.0,0,logistic,fp_sens:00168,False,False,not_requested,ok,1.0,original,True,2.0,0.0,0.0,0.0,0.0,256,0.719037491000563,,
,,,,20260823,,0.33704372323033804,1760545983,4.0,False,fp_sens,False,8.0,214,0.13908931681061515,0.5510846108398602,,6.0,4.0,True,False,one_sample,256,253,2510.0,0,0,,,53.372277870888055,ok,,12,0.5090666934611214,0.3490632881574626,False,,False,,,,,True,2.0,0.15,0.007905138339920948,,2.0,2.0,0,logistic,fp_sens:00169,False,False,not_requested,ok,1.0,nextafter,True,2.0,0.0,0.0,0.0,0.0,256,0.7165149659995222,,
,,,,20260823,,1.0051769112138258,1760545983,6.0,False,fp_sens,False,8.0,207,0.1443673858432962,0.53649408757968,,7.0,4.0,True,False,one_sample,52,251,1414.0,0,0,,,72.95286053987945,ok,,12,0.8000542534722221,0.049948403144641586,False,,False,,,,,True,1.0,0.53,0.00398406374501992,,1.0,1.0,0,logistic,fp_sens:00170,False,False,not_requested,ok,1.0,rr_route_a,True,1.0,0.0,0.0,0.0,0.0,256,0.6744923209989793,,
,,,,20260823,,1.0051769112138287,1760545983,6.0,False,fp_sens,False,8.0,207,0.14448434783405242,0.5368445692366979,,7.0,4.0,True,False,one_sample,52,251,1414.0,1,0,,,72.95286053987945,ok,,12,0.8000542534722224,0.049948403144641565,False,,False,,,,,True,1.0,0.53,0.00398406374501992,,1.0,1.0,0,logistic,fp_sens:00171,False,False,not_requested,ok,1.0,rr_route_b,True,1.0,0.0,0.0,0.0,0.0,256,0.6302924229985365,,
,,,,20260823,,0.2759249210566666,1200119167,4.0,False,fp_sens,False,7.0,208,0.16851988793110342,0.5829910752766508,,8.0,4.0,True,False,one_sample,256,253,2508.0,0,0,,,55.30521812517084,ok,,13,0.47753034735954225,0.3610260424795139,False,,False,,,,,True,2.0,0.095,0.007905138339920948,,2.0,2.0,0,logistic,fp_sens:00172,False,False,not_requested,ok,1.0,original,True,2.0,0.0,0.0,0.0,0.0,256,0.7537204959990049,,
,,,,20260823,,0.2759249210566663,1200119167,4.0,False,fp_sens,False,7.0,208,0.16851988793110342,0.5829910752766505,,8.0,4.0,True,False,one_sample,256,253,2508.0,0,0,,,55.30521812517084,ok,,13,0.4775303473595423,0.361026042479514,False,,False,,,,,True,2.0,0.095,0.007905138339920948,,2.0,2.0,0,logistic,fp_sens:00173,False,False,not_requested,ok,1.0,nextafter,True,2.0,0.0,0.0,0.0,0.0,256,0.7124781430011353,,
,,,,20260823,,,1200119167,13.0,True,fp_sens,False,7.0,208,0.1689559286689629,0.5878825827827223,,8.0,4.0,True,False,one_sample,49,0,,0,0,,,,,,13,0.7999131944444444,0.050102298778418784,False,,False,,,,,True,,,,,,,0,logistic,fp_sens:00174,True,False,not_requested,embedding_not_saturated,1.0,rr_route_a,False,,,,,,256,0.49159574800069095,,
,,,,20260823,,,1200119167,13.0,True,fp_sens,False,7.0,208,0.168955928668963,0.5878825827827228,,8.0,4.0,True,False,one_sample,49,0,,0,0,,,,,,13,0.7999131944444444,0.05010229877841878,False,,False,,,,,True,,,,,,,0,logistic,fp_sens:00175,True,False,not_requested,embedding_not_saturated,1.0,rr_route_b,False,,,,,,256,0.5554790450005385,,
,,,,20260823,,0.30683235090341887,1080202061,4.0,False,fp_sens,False,10.0,202,0.11327198830442778,0.5228193923207286,,6.0,4.0,True,False,one_sample,256,253,2498.0,0,0,,,206.50546628209594,ok,,14,0.4858763175684304,0.35734700160361405,False,,False,,,,,True,2.0,0.08,0.007905138339920948,,2.0,2.0,0,logistic,fp_sens:00176,False,False,not_requested,ok,1.0,original,True,2.0,0.0,0.0,0.0,0.0,256,0.7087018549991626,,
,,,,20260823,,0.30683235090341887,1080202061,4.0,False,fp_sens,False,10.0,202,0.11327198830442779,0.5228193923207286,,6.0,4.0,True,False,one_sample,256,253,2498.0,0,0,,,206.50546628209594,ok,,14,0.4858763175684305,0.35734700160361405,False,,False,,,,,True,2.0,0.08,0.007905138339920948,,2.0,2.0,0,logistic,fp_sens:00177,False,False,not_requested,ok,1.0,nextafter,True,2.0,0.0,0.0,0.0,0.0,256,0.8027838970010635,,
,,,,20260823,,2.3717079719054155,1080202061,9.0,False,fp_sens,False,9.0,200,0.12093574513334046,0.4993402383984952,,7.0,4.0,True,False,one_sample,49,248,1703.0,0,0,,,100.44594798627395,ok,,14,0.8000651041666667,0.05000357438486071,False,,False,,,,,True,2.0,1.0,0.008064516129032258,,2.0,2.0,0,logistic,fp_sens:00178,False,False,not_requested,ok,1.0,rr_route_a,True,2.0,0.0,0.0,0.0,0.0,256,1.1495507330000692,,
,,,,20260823,,0.3059411708155685,1080202061,4.0,False,fp_sens,False,9.0,200,0.12093574513334064,0.4993402383984954,,7.0,4.0,True,False,one_sample,49,253,1300.0,0,0,,,66.37804363791167,ok,,14,0.8000651041666668,0.0500035743848607,False,,False,,,,,True,3.0,0.025,0.011857707509881422,,3.0,3.0,0,logistic,fp_sens:00179,False,False,not_requested,ok,1.0,rr_route_b,True,3.0,0.0,0.0,0.0,0.0,256,1.0197829900007491,,
,,,,20260823,,0.3110792366296389,3156448767,4.0,False,fp_sens,False,8.0,214,0.140047435803994,0.5154738424268723,,6.0,4.0,True,False,one_sample,256,253,2506.0,0,0,,,78.20247722694613,ok,,15,0.46731483272093116,0.3634627847325097,False,,False,,,,,True,2.0,0.095,0.007905138339920948,,2.0,2.0,0,logistic,fp_sens:00180,False,False,not_requested,ok,1.0,original,True,2.0,0.0,0.0,0.0,0.0,256,1.3028497359991889,,
,,,,20260823,,0.31107923662963893,3156448767,4.0,False,fp_sens,False,8.0,214,0.140047435803994,0.5154738424268723,,6.0,4.0,True,False,one_sample,256,253,2506.0,0,0,,,78.20247722694613,ok,,15,0.4673148327209312,0.36346278473250976,False,,False,,,,,True,2.0,0.095,0.007905138339920948,,2.0,2.0,0,logistic,fp_sens:00181,False,False,not_requested,ok,1.0,nextafter,True,2.0,0.0,0.0,0.0,0.0,256,1.3672467830001551,,
,,,,20260823,,0.5677725609487148,3156448767,5.0,False,fp_sens,False,8.0,214,0.13997917467774873,0.5139985134205138,,6.0,4.0,True,False,one_sample,48,252,1505.0,0,0,,,99.59652541157106,ok,,15,0.7999240451388889,0.04989343165327413,False,,False,,,,,True,2.0,0.09,0.007936507936507936,,2.0,2.0,0,logistic,fp_sens:00182,False,False,not_requested,ok,1.0,rr_route_a,True,2.0,0.0,0.0,0.0,0.0,256,1.1690073019999545,,
,,,,20260823,,0.5677725609487151,3156448767,5.0,False,fp_sens,False,8.0,214,0.13997917467774856,0.5139985134205136,,6.0,4.0,True,False,one_sample,48,252,1486.0,0,0,,,84.33165504186347,ok,,15,0.7999240451388889,0.04989343165327414,False,,False,,,,,True,3.0,0.09,0.011904761904761904,,3.0,3.0,0,logistic,fp_sens:00183,False,False,not_requested,ok,1.0,rr_route_b,True,3.0,0.0,0.0,0.0,0.0,256,1.150510850999126,,
,,,,20260823,,0.24658950270577296,1458145094,4.0,False,fp_sens,False,8.0,207,0.15149524602757863,0.5910591307354633,,7.0,5.0,True,False,one_sample,256,253,2308.0,0,0,,,5.0,ok,,16,0.40482369802348894,0.372596880798331,False,,False,,,,,True,2.0,0.19,0.007905138339920948,,2.0,2.0,0,logistic,fp_sens:00184,False,False,not_requested,ok,1.0,original,True,2.0,0.0,0.0,0.0,0.0,256,1.1243176739990304,,
,,,,20260823,,0.24658950270577296,1458145094,4.0,False,fp_sens,False,8.0,207,0.15149524602757866,0.5910591307354636,,7.0,5.0,True,False,one_sample,256,253,2308.0,0,0,,,5.0,ok,,16,0.404823698023489,0.37259688079833103,False,,False,,,,,True,2.0,0.19,0.007905138339920948,,2.0,2.0,0,logistic,fp_sens:00185,False,False,not_requested,ok,1.0,nextafter,True,2.0,0.0,0.0,0.0,0.0,256,1.4220255200016254,,
,,,,20260823,,0.49359301238681585,1458145094,5.0,False,fp_sens,False,9.0,200,0.13391397878707662,0.5581259477205225,,7.0,5.0,True,False,one_sample,47,252,1025.0,0,0,,,48.51228945902394,ok,,16,0.7999782986111111,0.050145664667186514,False,,False,,,,,True,1.0,0.035,0.003968253968253968,,1.0,1.0,0,logistic,fp_sens:00186,False,False,not_requested,ok,1.0,rr_route_a,True,1.0,0.0,0.0,0.0,0.0,256,1.1925684790003288,,
,,,,20260823,,0.2371214293596382,1458145094,4.0,False,fp_sens,False,8.0,207,0.15128172945660684,0.5937286919111738,,7.0,5.0,True,False,one_sample,47,253,1113.0,0,0,,,21.979754112757973,ok,,16,0.7999782986111112,0.05014566466718651,False,,False,,,,,True,3.0,0.03,0.011857707509881422,,3.0,3.0,0,logistic,fp_sens:00187,False,False,not_requested,ok,1.0,rr_route_b,True,3.0,0.0,0.0,0.0,0.0,256,1.2430763940010365,,
,,,,20260823,,0.28398422169097387,842987019,4.0,False,fp_sens,False,8.0,200,0.1516194143862865,0.6090440858658794,,8.0,4.0,True,False,one_sample,256,253,2493.0,0,0,,,150.86591069388786,ok,,17,0.48002424016175105,0.3587273801560719,False,,False,,,,,True,2.0,0.08,0.007905138339920948,,2.0,2.0,0,logistic,fp_sens:00188,False,False,not_requested,ok,1.0,original,True,2.0,0.0,0.0,0.0,0.0,256,1.35122232699905,,
,,,,20260823,,0.28398422169097387,842987019,4.0,False,fp_sens,False,8.0,200,0.15161941438628648,0.6090440858658795,,8.0,4.0,True,False,one_sample,256,253,2493.0,0,0,,,150.86591069388786,ok,,17,0.4800242401617511,0.358727380156072,False,,False,,,,,True,2.0,0.08,0.007905138339920948,,2.0,2.0,0,logistic,fp_sens:00189,False,False,not_requested,ok,1.0,nextafter,True,2.0,0.0,0.0,0.0,0.0,256,1.2915174730005674,,
,,,,20260823,,0.13416407864998742,842987019,3.0,False,fp_sens,False,8.0,200,0.15081899400605636,0.6059235574978228,,8.0,4.0,True,False,one_sample,50,254,1328.0,0,0,,,38.42473448973202,ok,,17,0.8000868055555554,0.05008424796088957,False,,False,,,,,True,3.0,0.1,0.011811023622047244,,3.0,3.0,0,logistic,fp_sens:00190,False,False,not_requested,ok,1.0,rr_route_a,True,3.0,0.0,0.0,0.0,0.0,256,1.0763431890009088,,
,,,,20260823,,0.26832815729997594,842987019,4.0,False,fp_sens,False,8.0,200,0.15115350790742046,0.6069175172825716,,8.0,4.0,True,False,one_sample,50,253,1244.0,0,0,,,60.29038297453604,ok,,17,0.8000868055555556,0.05008424796088956,False,,False,,,,,True,1.0,0.035,0.003952569169960474,,1.0,1.0,0,logistic,fp_sens:00191,False,False,not_requested,ok,1.0,rr_route_b,True,1.0,0.0,0.0,0.0,0.0,256,0.9706010119989514,,
,,,,20260823,,0.3065496349165935,3573163102,4.0,False,fp_sens,False,11.0,186,0.10683676708003627,0.5561973029200187,,7.0,4.0,True,False,one_sample,256,253,2502.0,0,0,,,118.00605295897971,ok,,18,0.5223098082156662,0.3437921009227581,False,,False,,,,,True,2.0,0.075,0.007905138339920948,,2.0,2.0,0,logistic,fp_sens:00192,False,False,not_requested,ok,1.0,original,True,2.0,0.0,0.0,0.0,0.0,256,0.7896756040008768,,
,,,,20260823,,0.3065496349165933,3573163102,4.0,False,fp_sens,False,11.0,186,0.10683676708003625,0.5561973029200187,,7.0,4.0,True,False,one_sample,256,253,2502.0,0,0,,,118.00605295897971,ok,,18,0.5223098082156662,0.34379210092275814,False,,False,,,,,True,2.0,0.075,0.007905138339920948,,2.0,2.0,0,logistic,fp_sens:00193,False,False,not_requested,ok,1.0,nextafter,True,2.0,0.0,0.0,0.0,0.0,256,0.7422440339996683,,
,,,,20260823,,0.8730430356012417,3573163102,6.0,False,fp_sens,False,10.0,148,0.1194204394432684,0.5769338389315453,,12.0,4.0,True,False,one_sample,53,251,1483.0,0,0,,,146.8870736985737,ok,,18,0.79990234375,0.04997005625656844,False,,False,,,,,True,1.0,0.02,0.00398406374501992,,1.0,1.0,0,logistic,fp_sens:00194,False,False,not_requested,ok,1.0,rr_route_a,True,1.0,0.0,0.0,0.0,0.0,256,0.592965578998701,,
,,,,20260823,,0.8730430356012442,3573163102,6.0,False,fp_sens,False,10.0,148,0.11942043944326841,0.5769338389315455,,12.0,4.0,True,False,one_sample,53,251,1483.0,0,0,,,144.19484927228748,ok,,18,0.79990234375,0.049970056256568425,False,,False,,,,,True,1.0,0.02,0.00398406374501992,,1.0,1.0,0,logistic,fp_sens:00195,False,False,not_requested,ok,1.0,rr_route_b,True,1.0,0.0,0.0,0.0,0.0,256,0.5888568299997132,,
,,,,20260823,,0.34121663259209656,368305781,4.0,False,fp_sens,False,9.0,176,0.12461059327930353,0.5740430615104963,,10.0,4.0,True,False,one_sample,256,253,2503.0,0,0,,,159.06753698094198,ok,,19,0.519767685276729,0.34549456342360463,False,,False,,,,,True,2.0,0.1,0.007905138339920948,,2.0,2.0,0,logistic,fp_sens:00196,False,False,not_requested,ok,1.0,original,True,2.0,0.0,0.0,0.0,0.0,256,0.7086184429990681,,
,,,,20260823,,0.34121663259209656,368305781,4.0,False,fp_sens,False,9.0,176,0.12461059327930354,0.5740430615104961,,10.0,4.0,True,False,one_sample,256,253,2503.0,0,0,,,159.06753698094198,ok,,19,0.5197676852767291,0.3454945634236047,False,,False,,,,,True,2.0,0.1,0.007905138339920948,,2.0,2.0,0,logistic,fp_sens:00197,False,False,not_requested,ok,1.0,nextafter,True,2.0,0.0,0.0,0.0,0.0,256,0.6845377730005566,,
,,,,20260823,,,368305781,13.0,True,fp_sens,False,9.0,200,0.13860927152941302,0.6001019785618847,,7.0,4.0,True,False,one_sample,53,0,,0,0,,,,,,19,0.8000651041666667,0.05000538267196548,False,,False,,,,,True,,,,,,,0,logistic,fp_sens:00198,True,False,not_requested,embedding_not_saturated,1.0,rr_route_a,False,,,,,,256,0.5677738240010513,,
,,,,20260823,,,368305781,13.0,True,fp_sens,False,5.0,228,0.23823059723515122,0.6805228348098342,,7.0,4.0,True,False,one_sample,53,0,,0,0,,,,,,19,0.8000651041666668,0.05000538267196547,False,,False,,,,,True,,,,,,,0,logistic,fp_sens:00199,True,False,not_requested,embedding_not_saturated,1.0,rr_route_b,False,,,,,,256,0.5438478740015853,,
,,,,20260823,,0.2957293709947785,745135004,4.0,False,fp_sens,False,10.0,175,0.11528054864253111,0.5902790763382735,,9.0,5.0,True,False,one_sample,256,253,2515.0,0,0,,,9.950291776158277,ok,,20,0.526586402965344,0.3425358154027492,False,,False,,,,,True,2.0,0.17,0.007905138339920948,,2.0,2.0,0,logistic,fp_sens:00200,False,False,not_requested,ok,1.0,original,True,2.0,0.0,0.0,0.0,0.0,256,0.695179950000238,,
,,,,20260823,,0.2957293709947785,745135004,4.0,False,fp_sens,False,10.0,175,0.11528054864253111,0.5902790763382735,,9.0,5.0,True,False,one_sample,256,253,2515.0,0,0,,,9.950291776158277,ok,,20,0.526586402965344,0.34253581540274924,False,,False,,,,,True,2.0,0.17,0.007905138339920948,,2.0,2.0,0,logistic,fp_sens:00201,False,False,not_requested,ok,1.0,nextafter,True,2.0,0.0,0.0,0.0,0.0,256,0.7142171560008137,,
,,,,20260823,,1.3743121187997807,745135004,7.0,False,fp_sens,False,10.0,166,0.12094377943427134,0.6093269710537598,,10.0,5.0,True,False,one_sample,54,250,1616.0,0,0,,,114.05424878689031,ok,,20,0.8,0.050062051580889645,False,,False,,,,,True,3.0,1.0,0.012,,3.0,3.0,0,logistic,fp_sens:00202,False,False,not_requested,ok,1.0,rr_route_a,True,3.0,0.0,0.0,0.0,0.0,256,0.6300517079998826,,
,,,,20260823,,0.30482064946044457,745135004,4.0,False,fp_sens,False,10.0,166,0.12094377943427134,0.6093269710537598,,10.0,5.0,True,False,one_sample,54,253,1648.0,0,0,,,37.75809006150107,ok,,20,0.8,0.050062051580889645,False,,False,,,,,True,2.0,0.18,0.007905138339920948,,2.0,2.0,0,logistic,fp_sens:00203,False,False,not_requested,ok,1.0,rr_route_b,True,2.0,0.0,0.0,0.0,0.0,256,0.6291773559987632,,
,,,,20260823,,0.3039129130406595,2237865140,4.0,False,fp_sens,False,6.0,226,0.1968508298807798,0.595303822144285,,6.0,4.0,True,False,one_sample,256,253,2517.0,0,0,,,5.0,ok,,21,0.5070597103813786,0.35107835882543836,False,,False,,,,,True,2.0,0.17,0.007905138339920948,,2.0,2.0,0,logistic,fp_sens:00204,False,False,not_requested,ok,1.0,original,True,2.0,0.0,0.0,0.0,0.0,256,0.7355223969989311,,
,,,,20260823,,0.3039129130406596,2237865140,4.0,False,fp_sens,False,6.0,226,0.1968508298807798,0.595303822144285,,6.0,4.0,True,False,one_sample,256,253,2517.0,0,0,,,5.0,ok,,21,0.5070597103813788,0.35107835882543836,False,,False,,,,,True,2.0,0.17,0.007905138339920948,,2.0,2.0,0,logistic,fp_sens:00205,False,False,not_requested,ok,1.0,nextafter,True,2.0,0.0,0.0,0.0,0.0,256,0.7983691059998819,,
,,,,20260823,,0.9825466522641211,2237865140,6.0,False,fp_sens,False,11.0,196,0.11087381324756551,0.5670415250615619,,6.0,4.0,True,False,one_sample,51,251,1532.0,0,0,,,69.00777163560973,ok,,21,0.8000325520833333,0.05001294827873703,False,,False,,,,,True,1.0,0.46,0.00398406374501992,,1.0,1.0,0,logistic,fp_sens:00206,False,False,not_requested,ok,1.0,rr_route_a,True,1.0,0.0,0.0,0.0,0.0,256,0.7044610349985305,,
,,,,20260823,,0.5969936214760131,2237865140,5.0,False,fp_sens,False,11.0,196,0.11087381324756541,0.5670415250615619,,6.0,4.0,True,False,one_sample,51,252,1737.0,0,0,,,37.663594230562175,ok,,21,0.8000325520833333,0.05001294827873701,False,,False,,,,,True,2.0,0.25,0.007936507936507936,,2.0,2.0,0,logistic,fp_sens:00207,False,False,not_requested,ok,1.0,rr_route_b,True,2.0,0.0,0.0,0.0,0.0,256,0.7144464419998258,,
,,,,20260823,,0.31882698094101325,407955920,4.0,False,fp_sens,False,8.0,207,0.16030106144782064,0.6250972604302297,,7.0,4.0,True,False,one_sample,256,253,2498.0,0,0,,,95.49413387156707,ok,,22,0.5003550250033446,0.35396774853180957,False,,False,,,,,True,2.0,0.105,0.007905138339920948,,2.0,2.0,0,logistic,fp_sens:00208,False,False,not_requested,ok,1.0,original,True,2.0,0.0,0.0,0.0,0.0,256,0.6700903960008873,,
,,,,20260823,,0.3188269809410132,407955920,4.0,False,fp_sens,False,8.0,207,0.16030106144782064,0.6250972604302296,,7.0,4.0,True,False,one_sample,256,253,2498.0,0,0,,,95.49413387156707,ok,,22,0.5003550250033446,0.35396774853180957,False,,False,,,,,True,2.0,0.105,0.007905138339920948,,2.0,2.0,0,logistic,fp_sens:00209,False,False,not_requested,ok,1.0,nextafter,True,2.0,0.0,0.0,0.0,0.0,256,0.7359620309998718,,
,,,,20260823,,0.5692011943867822,407955920,5.0,False,fp_sens,False,8.0,207,0.1599410330785815,0.627692169610681,,7.0,4.0,True,False,one_sample,50,252,1466.0,0,0,,,85.95896534939197,ok,,22,0.8000651041666667,0.04993481095168797,False,,False,,,,,True,1.0,0.1,0.003968253968253968,,1.0,1.0,0,logistic,fp_sens:00210,False,False,not_requested,ok,1.0,rr_route_a,True,1.0,0.0,0.0,0.0,0.0,256,0.6797593259998393,,
,,,,20260823,,0.5692011943867816,407955920,5.0,False,fp_sens,False,8.0,207,0.15994103307858148,0.6276921696106808,,7.0,4.0,True,False,one_sample,50,252,1480.0,0,0,,,94.43236680881068,ok,,22,0.8000651041666668,0.049934810951687954,False,,False,,,,,True,1.0,0.1,0.003968253968253968,,1.0,1.0,0,logistic,fp_sens:00211,False,False,not_requested,ok,1.0,rr_route_b,True,1.0,0.0,0.0,0.0,0.0,256,0.6773644059994695,,
,,,,20260823,,0.30234426888547106,4003317703,4.0,False,fp_sens,False,10.0,166,0.11211607571417327,0.599994614306522,,10.0,4.0,True,False,one_sample,256,253,2505.0,0,0,,,83.03642669128536,ok,,23,0.5154442593814046,0.3464172573764943,False,,False,,,,,True,2.0,0.125,0.007905138339920948,,2.0,2.0,0,logistic,fp_sens:00212,False,False,not_requested,ok,1.0,original,True,2.0,0.0,0.0,0.0,0.0,256,0.6433964289990399,,
,,,,20260823,,0.30234426888547106,4003317703,4.0,False,fp_sens,False,10.0,166,0.11211607571417324,0.5999946143065218,,10.0,4.0,True,False,one_sample,256,253,2505.0,0,0,,,83.03642669128536,ok,,23,0.5154442593814046,0.34641725737649437,False,,False,,,,,True,2.0,0.125,0.007905138339920948,,2.0,2.0,0,logistic,fp_sens:00213,False,False,not_requested,ok,1.0,nextafter,True,2.0,0.0,0.0,0.0,0.0,256,0.7242740660003619,,
,,,,20260823,,0.923076923076922,4003317703,6.0,False,fp_sens,False,10.0,166,0.11194927531017457,0.5991288695298915,,10.0,4.0,True,False,one_sample,53,251,1742.0,0,0,,,134.75857021454684,ok,,23,0.7999565972222221,0.05005540956472846,False,,False,,,,,True,3.0,0.71,0.01195219123505976,,3.0,3.0,0,logistic,fp_sens:00214,False,False,not_requested,ok,1.0,rr_route_a,True,3.0,0.0,0.0,0.0,0.0,256,0.6098347030001605,,
,,,,20260823,,0.6132716393160473,4003317703,5.0,False,fp_sens,False,10.0,166,0.11194927531017457,0.5991288695298919,,10.0,4.0,True,False,one_sample,53,252,1712.0,0,0,,,142.73705665582278,ok,,23,0.7999565972222222,0.050055409564728454,False,,False,,,,,True,1.0,0.17,0.003968253968253968,,1.0,1.0,0,logistic,fp_sens:00215,False,False,not_requested,ok,1.0,rr_route_b,True,1.0,0.0,0.0,0.0,0.0,256,0.6985500109985878,,
,,,,20260823,,0.27663571428332595,2713073067,4.0,False,fp_sens,False,10.0,166,0.11951487379222578,0.5157716278420001,,10.0,4.0,True,False,one_sample,256,253,2481.0,0,0,,,124.19585347395102,ok,,24,0.4629618974538492,0.36357649147172394,False,,False,,,,,True,2.0,0.065,0.007905138339920948,,2.0,2.0,0,logistic,fp_sens:00216,False,False,not_requested,ok,1.0,original,True,2.0,0.0,0.0,0.0,0.0,256,0.638654256999871,,
,,,,20260823,,0.276635714283326,2713073067,4.0,False,fp_sens,False,10.0,166,0.11951487379222576,0.5157716278420001,,10.0,4.0,True,False,one_sample,256,253,2481.0,0,0,,,124.19585347395102,ok,,24,0.4629618974538493,0.36357649147172394,False,,False,,,,,True,2.0,0.065,0.007905138339920948,,2.0,2.0,0,logistic,fp_sens:00217,False,False,not_requested,ok,1.0,nextafter,True,2.0,0.0,0.0,0.0,0.0,256,0.6299322140002914,,
,,,,20260823,,0.30000000000000154,2713073067,4.0,False,fp_sens,False,10.0,175,0.10919144079974198,0.5200137017115722,,9.0,4.0,True,False,one_sample,49,253,1451.0,0,0,,,83.78105523616654,ok,,24,0.8,0.050037360656011345,False,,False,,,,,True,2.0,0.02,0.007905138339920948,,2.0,2.0,0,logistic,fp_sens:00218,False,False,not_requested,ok,1.0,rr_route_a,True,2.0,0.0,0.0,0.0,0.0,256,0.6385818220005604,,
,,,,20260823,,0.29999999999999905,2713073067,4.0,False,fp_sens,False,10.0,175,0.10919144079974182,0.5200137017115722,,9.0,4.0,True,False,one_sample,49,253,1451.0,0,0,,,81.53433819196398,ok,,24,0.8,0.05003736065601135,False,,False,,,,,True,2.0,0.02,0.007905138339920948,,2.0,2.0,0,logistic,fp_sens:00219,False,False,not_requested,ok,1.0,rr_route_b,True,2.0,0.0,0.0,0.0,0.0,256,0.6190343689995643,,
,,,,20260823,,0.28258928438251807,165118891,4.0,False,fp_sens,False,7.0,202,0.16778982597824352,0.6163426002690546,,9.0,4.0,True,False,one_sample,256,253,2516.0,0,0,,,27.41203434444048,ok,,25,0.5100345598037747,0.3498429543804035,False,,False,,,,,True,2.0,0.13,0.007905138339920948,,2.0,2.0,0,logistic,fp_sens:00220,False,False,not_requested,ok,1.0,original,True,2.0,0.0,0.0,0.0,0.0,256,0.7125314619988785,,
,,,,20260823,,0.2825892843825184,165118891,4.0,False,fp_sens,False,7.0,202,0.16778982597824352,0.6163426002690546,,9.0,4.0,True,False,one_sample,256,253,2516.0,0,0,,,27.41203434444048,ok,,25,0.5100345598037747,0.3498429543804035,False,,False,,,,,True,2.0,0.13,0.007905138339920948,,2.0,2.0,0,logistic,fp_sens:00221,False,False,not_requested,ok,1.0,nextafter,True,2.0,0.0,0.0,0.0,0.0,256,1.0154911190002167,,
,,,,20260823,,0.9263538675308003,165118891,6.0,False,fp_sens,False,7.0,202,0.16969504085753334,0.6238691420098588,,9.0,4.0,True,False,one_sample,50,251,1489.0,0,0,,,116.19024250008665,ok,,25,0.7999674479166667,0.04996953789814197,False,,False,,,,,True,1.0,0.465,0.00398406374501992,,1.0,1.0,0,logistic,fp_sens:00222,False,False,not_requested,ok,1.0,rr_route_a,True,1.0,0.0,0.0,0.0,0.0,256,1.0278921289991558,,
,,,,20260823,,0.49912216230864437,165118891,5.0,False,fp_sens,False,7.0,202,0.16969504085753329,0.623869142009859,,9.0,4.0,True,False,one_sample,50,252,1352.0,0,0,,,65.33050836477872,ok,,25,0.7999674479166667,0.04996953789814196,False,,False,,,,,True,1.0,0.11,0.003968253968253968,,1.0,1.0,0,logistic,fp_sens:00223,False,False,not_requested,ok,1.0,rr_route_b,True,1.0,0.0,0.0,0.0,0.0,256,1.0091410249988257,,
,,,,20260823,,0.3411788206697106,2921005077,4.0,False,fp_sens,False,11.0,166,0.09033549181562107,0.3582254923967919,,9.0,4.0,True,False,one_sample,256,253,2491.0,0,0,,,88.41679617640267,ok,,26,0.48665228691701146,0.3592459633154786,False,,False,,,,,True,2.0,0.135,0.007905138339920948,,2.0,2.0,0,logistic,fp_sens:00224,False,False,not_requested,ok,1.0,original,True,2.0,0.0,0.0,0.0,0.0,256,1.2843897260008816,,
,,,,20260823,,0.3411788206697106,2921005077,4.0,False,fp_sens,False,11.0,166,0.09033549181562106,0.3582254923967916,,9.0,4.0,True,False,one_sample,256,253,2491.0,0,0,,,88.41679617640267,ok,,26,0.4866522869170115,0.3592459633154786,False,,False,,,,,True,2.0,0.135,0.007905138339920948,,2.0,2.0,0,logistic,fp_sens:00225,False,False,not_requested,ok,1.0,nextafter,True,2.0,0.0,0.0,0.0,0.0,256,1.1378107439995802,,
,,,,20260823,,0.5707867498402381,2921005077,5.0,False,fp_sens,True,13.0,160,0.08783817597708694,0.43934769950554997,,8.0,4.0,True,False,one_sample,51,252,1541.0,0,0,,,122.7304119130863,ok,,26,0.8001193576388889,0.04998930710789555,False,,False,,,,,True,1.0,0.145,0.003968253968253968,,1.0,1.0,0,logistic,fp_sens:00226,False,False,not_requested,ok,1.0,rr_route_a,True,1.0,0.0,0.0,0.0,0.0,256,1.04623911499948,,
,,,,20260823,,0.3446737587922807,2921005077,4.0,False,fp_sens,True,13.0,160,0.08770585425014156,0.43898318391975066,,8.0,4.0,True,False,one_sample,51,253,1666.0,0,0,,,54.612163152288076,ok,,26,0.800119357638889,0.049989307107895536,False,,False,,,,,True,2.0,0.07,0.007905138339920948,,2.0,2.0,0,logistic,fp_sens:00227,False,False,not_requested,ok,1.0,rr_route_b,True,2.0,0.0,0.0,0.0,0.0,256,1.283896894999998,,
,,,,20260823,,0.3143967292529787,1518783019,4.0,False,fp_sens,False,10.0,202,0.13448315381041384,0.603201890102607,,6.0,4.0,True,False,one_sample,256,253,2505.0,0,0,,,88.36166677172515,ok,,27,0.5109158856439429,0.3488688307883876,False,,False,,,,,True,2.0,0.1,0.007905138339920948,,2.0,2.0,0,logistic,fp_sens:00228,False,False,not_requested,ok,1.0,original,True,2.0,0.0,0.0,0.0,0.0,256,1.2693445250006334,,
,,,,20260823,,0.31439672925297873,1518783019,4.0,False,fp_sens,False,10.0,202,0.13448315381041384,0.6032018901026072,,6.0,4.0,True,False,one_sample,256,253,2505.0,0,0,,,88.36166677172515,ok,,27,0.5109158856439429,0.34886883078838765,False,,False,,,,,True,2.0,0.1,0.007905138339920948,,2.0,2.0,0,logistic,fp_sens:00229,False,False,not_requested,ok,1.0,nextafter,True,2.0,0.0,0.0,0.0,0.0,256,1.440736887998355,,
,,,,20260823,,1.3913970578668293,1518783019,7.0,False,fp_sens,False,9.0,200,0.12570653928195696,0.5397787443558422,,7.0,4.0,True,False,one_sample,51,250,1497.0,0,0,,,77.02281679423491,ok,,27,0.8000434027777777,0.049931816423531034,False,,False,,,,,True,1.0,0.825,0.004,,1.0,1.0,0,logistic,fp_sens:00230,False,False,not_requested,ok,1.0,rr_route_a,True,1.0,0.0,0.0,0.0,0.0,256,1.2845599390002462,,
,,,,20260823,,1.3913970578668313,1518783019,7.0,False,fp_sens,False,9.0,200,0.12570653928195705,0.5397787443558426,,7.0,4.0,True,False,one_sample,51,250,1497.0,0,0,,,75.03741012381778,ok,,27,0.8000434027777777,0.04993181642353101,False,,False,,,,,True,1.0,0.825,0.004,,1.0,1.0,0,logistic,fp_sens:00231,False,False,not_requested,ok,1.0,rr_route_b,True,1.0,0.0,0.0,0.0,0.0,256,1.3856586429992603,,
,,,,20260823,,0.325509306766705,2556668425,4.0,False,fp_sens,False,8.0,186,0.16957101883396966,0.6652909397133706,,10.0,4.0,True,False,one_sample,256,253,2503.0,0,0,,,61.169430561450035,ok,,28,0.4746876005863097,0.36159018451221925,False,,False,,,,,True,2.0,0.13,0.007905138339920948,,2.0,2.0,0,logistic,fp_sens:00232,False,False,not_requested,ok,1.0,original,True,2.0,0.0,0.0,0.0,0.0,256,1.1996907300017483,,
,,,,20260823,,0.325509306766705,2556668425,4.0,False,fp_sens,False,8.0,186,0.1695710188339697,0.6652909397133706,,10.0,4.0,True,False,one_sample,256,253,2503.0,0,0,,,61.169430561450035,ok,,28,0.47468760058630977,0.3615901845122193,False,,False,,,,,True,2.0,0.13,0.007905138339920948,,2.0,2.0,0,logistic,fp_sens:00233,False,False,not_requested,ok,1.0,nextafter,True,2.0,0.0,0.0,0.0,0.0,256,1.2220996980013297,,
,,,,20260823,,0.3340658617698021,2556668425,4.0,False,fp_sens,False,9.0,168,0.11538605549739839,0.49433190075059485,,11.0,4.0,True,False,one_sample,51,253,1493.0,0,0,,,106.76118059599028,ok,,28,0.7999999999999999,0.05001205487396063,False,,False,,,,,True,2.0,0.135,0.007905138339920948,,2.0,2.0,0,logistic,fp_sens:00234,False,False,not_requested,ok,1.0,rr_route_a,True,2.0,0.0,0.0,0.0,0.0,256,1.104619391999222,,
,,,,20260823,,,2556668425,8.0,False,fp_sens,False,9.0,168,0.1150167054385776,0.4923120750372808,,11.0,4.0,True,False,one_sample,51,249,954.0,1,0,,,106.09432799842743,no_peaks,,28,0.8,0.050012054873960626,False,,False,,,,,True,0.0,0.0,0.0,,0.0,0.0,0,logistic,fp_sens:00235,False,True,not_requested,no_peaks,1.0,rr_route_b,True,0.0,0.0,0.0,0.0,0.0,256,0.8015432009997312,,
,,,,20260823,,0.28151100796413175,4188589604,4.0,False,fp_sens,False,10.0,166,0.11243856966969513,0.5600784672855381,,10.0,4.0,True,False,one_sample,256,253,2502.0,0,0,,,134.7678428407628,ok,,29,0.48948539713483324,0.35584688462567443,False,,False,,,,,True,2.0,0.085,0.007905138339920948,,2.0,2.0,0,logistic,fp_sens:00236,False,False,not_requested,ok,1.0,original,True,2.0,0.0,0.0,0.0,0.0,256,0.9027320229997713,,
,,,,20260823,,0.281511007964132,4188589604,4.0,False,fp_sens,False,10.0,166,0.11243856966969516,0.5600784672855382,,10.0,4.0,True,False,one_sample,256,253,2502.0,0,0,,,134.7678428407628,ok,,29,0.4894853971348333,0.3558468846256745,False,,False,,,,,True,2.0,0.085,0.007905138339920948,,2.0,2.0,0,logistic,fp_sens:00237,False,False,not_requested,ok,1.0,nextafter,True,2.0,0.0,0.0,0.0,0.0,256,0.7532028309997258,,
,,,,20260823,,1.4184877086142302,4188589604,7.0,False,fp_sens,False,10.0,166,0.11088335122300048,0.5548426864924139,,10.0,4.0,True,False,one_sample,50,250,614.0,0,0,,,49.66870571026162,ok,,29,0.8000759548611112,0.049919401363392214,False,,False,,,,,True,2.0,0.975,0.008,,2.0,2.0,0,logistic,fp_sens:00238,False,False,not_requested,ok,1.0,rr_route_a,True,2.0,0.0,0.0,0.0,0.0,256,0.5656297780005843,,
,,,,20260823,,1.4184877086142325,4188589604,7.0,False,fp_sens,False,10.0,166,0.11088335122300053,0.5548426864924132,,10.0,4.0,True,False,one_sample,50,250,614.0,0,0,,,49.66870571026162,ok,,29,0.8000759548611112,0.04991940136339221,False,,False,,,,,True,2.0,0.975,0.008,,2.0,2.0,0,logistic,fp_sens:00239,False,False,not_requested,ok,1.0,rr_route_b,True,2.0,0.0,0.0,0.0,0.0,256,0.643416345001242,,
,,,,20260823,,0.2390281876934247,493659376,4.0,False,fp_sens,False,10.0,157,0.11394341748863863,0.6507893500563638,,11.0,3.0,True,False,one_sample,256,253,2517.0,0,0,,,9.356526376735458,ok,,0,0.26445474078243325,0.7185357572222877,False,,False,,,,,True,2.0,0.095,0.007905138339920948,,2.0,2.0,0,henon,fp_sens:00240,False,False,not_requested,ok,1.0,original,True,2.0,0.0,0.0,0.0,0.0,256,0.660947476999354,,
,,,,20260823,,0.23902818769342488,493659376,4.0,False,fp_sens,False,10.0,157,0.11394341748863858,0.650789350056364,,11.0,3.0,True,False,one_sample,256,253,2517.0,0,0,,,9.356526376735458,ok,,0,0.26445474078243336,0.7185357572222877,False,,False,,,,,True,2.0,0.095,0.007905138339920948,,2.0,2.0,0,henon,fp_sens:00241,False,False,not_requested,ok,1.0,nextafter,True,2.0,0.0,0.0,0.0,0.0,256,0.6694246939987352,,
,,,,20260823,,0.234375,493659376,4.0,False,fp_sens,False,7.0,184,0.1684430880803715,0.7151156599944392,,12.0,3.0,True,False,one_sample,63,253,2234.0,0,0,,,26.843124816366693,ok,,0,0.7999348958333332,0.04996136243895001,False,,False,,,,,True,1.0,0.09,0.003952569169960474,,1.0,1.0,0,henon,fp_sens:00242,False,False,not_requested,ok,1.0,rr_route_a,True,0.0,1.0,1.0,0.09,0.003952569169960474,256,0.6561999320001632,,
,,,,20260823,,0.5026783731920432,493659376,6.0,False,fp_sens,False,7.0,184,0.1686058615102253,0.7182370761706826,,12.0,3.0,True,False,one_sample,63,251,2074.0,0,0,,,62.4858274987024,ok,,0,0.7999348958333333,0.04996136243895001,False,,False,,,,,True,1.0,0.08,0.00398406374501992,,1.0,1.0,0,henon,fp_sens:00243,False,False,not_requested,ok,1.0,rr_route_b,True,1.0,0.0,0.0,0.0,0.0,256,0.6638383040008193,,
,,,,20260823,,0.26050325061876867,216778323,4.0,False,fp_sens,False,8.0,193,0.13176082343710394,0.6819843530905143,,9.0,3.0,True,False,one_sample,256,253,2518.0,0,0,,,7.887498315069472,ok,,1,0.2527486479696773,0.7223541927573707,False,,False,,,,,True,1.0,0.135,0.003952569169960474,,1.0,1.0,0,henon,fp_sens:00244,False,False,not_requested,ok,1.0,original,True,1.0,0.0,0.0,0.0,0.0,256,0.7597086120003951,,
,,,,20260823,,0.26050325061876856,216778323,4.0,False,fp_sens,False,8.0,193,0.13176082343710394,0.6819843530905143,,9.0,3.0,True,False,one_sample,256,253,2518.0,0,0,,,7.887498315069472,ok,,1,0.2527486479696774,0.7223541927573707,False,,False,,,,,True,1.0,0.135,0.003952569169960474,,1.0,1.0,0,henon,fp_sens:00245,False,False,not_requested,ok,1.0,nextafter,True,1.0,0.0,0.0,0.0,0.0,256,0.6598758319996705,,
,,,,20260823,,0.7361726111304903,216778323,7.0,False,fp_sens,False,8.0,193,0.13038234231597468,0.6690639075189506,,9.0,3.0,True,False,one_sample,61,250,1346.0,0,0,,,68.50898105531742,ok,,1,0.8000217013888888,0.04996140014409487,False,,False,,,,,True,1.0,0.35,0.004,,1.0,1.0,0,henon,fp_sens:00246,False,False,not_requested,ok,1.0,rr_route_a,True,1.0,0.0,0.0,0.0,0.0,256,0.6961013090003689,,
,,,,20260823,,0.3984095364447968,216778323,5.0,False,fp_sens,False,8.0,193,0.13038234231597495,0.669063907518951,,9.0,3.0,True,False,one_sample,61,252,1886.0,0,0,,,11.704514289599013,ok,,1,0.800021701388889,0.04996140014409487,False,,False,,,,,True,1.0,0.145,0.003968253968253968,,1.0,1.0,0,henon,fp_sens:00247,False,False,not_requested,ok,1.0,rr_route_b,True,1.0,0.0,0.0,0.0,0.0,256,0.7182676880001964,,
,,,,20260823,,0.36552730758062596,378400350,5.0,False,fp_sens,False,9.0,160,0.12051152307789269,0.6031889050829331,,12.0,3.0,True,False,one_sample,256,252,2509.0,0,0,,,8.465265310181262,ok,,2,0.24984904705355496,0.7265451466103804,False,,False,,,,,True,1.0,0.09,0.003968253968253968,,1.0,1.0,0,henon,fp_sens:00248,False,False,not_requested,ok,1.0,original,True,1.0,0.0,0.0,0.0,0.0,256,0.6378617359987402,,
,,,,20260823,,0.36552730758062607,378400350,5.0,False,fp_sens,False,9.0,160,0.12051152307789269,0.6031889050829331,,12.0,3.0,True,False,one_sample,256,252,2509.0,0,0,,,8.465265310181262,ok,,2,0.24984904705355507,0.7265451466103804,False,,False,,,,,True,1.0,0.09,0.003968253968253968,,1.0,1.0,0,henon,fp_sens:00249,False,False,not_requested,ok,1.0,nextafter,True,1.0,0.0,0.0,0.0,0.0,256,0.6738713869999629,,
,,,,20260823,,0.47619047619047533,378400350,6.0,False,fp_sens,False,9.0,160,0.12164912989072485,0.6117361027351375,,12.0,3.0,True,False,one_sample,59,251,2187.0,0,0,,,149.528394014929,ok,,2,0.7999674479166665,0.04988924994617696,False,,False,,,,,True,1.0,0.075,0.00398406374501992,,1.0,1.0,0,henon,fp_sens:00250,False,False,not_requested,ok,1.0,rr_route_a,True,1.0,0.0,0.0,0.0,0.0,256,0.8519128039988573,,
,,,,20260823,,0.25197631533948367,378400350,4.0,False,fp_sens,False,9.0,160,0.12164912989072472,0.6117361027351373,,12.0,3.0,True,False,one_sample,59,253,2407.0,0,0,,,42.31933939114061,ok,,2,0.7999674479166667,0.04988924994617696,False,,False,,,,,True,1.0,0.12,0.003952569169960474,,1.0,1.0,0,henon,fp_sens:00251,False,False,not_requested,ok,1.0,rr_route_b,True,0.0,1.0,1.0,0.12,0.003952569169960474,256,0.8206817449990922,,
,,,,20260823,,0.22695378395372284,1663362928,4.0,False,fp_sens,False,9.0,168,0.13745801894149667,0.6748538521097447,,11.0,3.0,True,False,one_sample,256,253,2518.0,0,0,,,25.49662869124317,ok,,3,0.2665077431498841,0.7160010131097019,False,,False,,,,,True,1.0,0.12,0.003952569169960474,,1.0,1.0,0,henon,fp_sens:00252,False,False,not_requested,ok,1.0,original,True,1.0,0.0,0.0,0.0,0.0,256,0.6543644960001984,,
,,,,20260823,,0.22695378395372284,1663362928,4.0,False,fp_sens,False,9.0,168,0.13745801894149662,0.6748538521097447,,11.0,3.0,True,False,one_sample,256,253,2518.0,0,0,,,25.49662869124317,ok,,3,0.26650774314988424,0.7160010131097019,False,,False,,,,,True,1.0,0.12,0.003952569169960474,,1.0,1.0,0,henon,fp_sens:00253,False,False,not_requested,ok,1.0,nextafter,True,1.0,0.0,0.0,0.0,0.0,256,0.6967404309998528,,
,,,,20260823,,0.4757292921136975,1663362928,6.0,False,fp_sens,False,7.0,196,0.16160654729486143,0.6970582950674209,,10.0,3.0,True,False,one_sample,61,251,2057.0,0,0,,,117.07997502837556,ok,,3,0.7999131944444444,0.05005294445630688,False,,False,,,,,True,1.0,0.095,0.00398406374501992,,1.0,1.0,0,henon,fp_sens:00254,False,False,not_requested,ok,1.0,rr_route_a,True,1.0,0.0,0.0,0.0,0.0,256,0.6471278810004151,,
,,,,20260823,,0.47572929211369763,1663362928,6.0,False,fp_sens,False,7.0,196,0.16085456458706562,0.6932690166753321,,10.0,3.0,True,False,one_sample,61,251,2057.0,0,0,,,117.37111026126803,ok,,3,0.7999131944444444,0.05005294445630688,False,,False,,,,,True,1.0,0.095,0.00398406374501992,,1.0,1.0,0,henon,fp_sens:00255,False,False,not_requested,ok,1.0,rr_route_b,True,1.0,0.0,0.0,0.0,0.0,256,0.7402625340000668,,
,,,,20260823,,0.2314915372365285,1537020589,4.0,False,fp_sens,False,8.0,193,0.14764127439370037,0.6736310832466557,,9.0,3.0,True,False,one_sample,256,253,2517.0,0,0,,,11.055577141464642,ok,,4,0.27326953666795517,0.7119034544832478,False,,False,,,,,True,1.0,0.1,0.003952569169960474,,1.0,1.0,0,henon,fp_sens:00256,False,False,not_requested,ok,1.0,original,True,1.0,0.0,0.0,0.0,0.0,256,0.6743566019995342,,
,,,,20260823,,0.2314915372365285,1537020589,4.0,False,fp_sens,False,8.0,193,0.14764127439370037,0.6736310832466557,,9.0,3.0,True,False,one_sample,256,253,2517.0,0,0,,,11.055577141464642,ok,,4,0.2732695366679552,0.7119034544832479,False,,False,,,,,True,1.0,0.1,0.003952569169960474,,1.0,1.0,0,henon,fp_sens:00257,False,False,not_requested,ok,1.0,nextafter,True,1.0,0.0,0.0,0.0,0.0,256,0.7608488759997272,,
,,,,20260823,,0.3720587781184567,1537020589,5.0,False,fp_sens,False,11.0,146,0.10287748687749386,0.5831876768507331,,11.0,3.0,True,False,one_sample,60,252,1919.0,0,0,,,89.81382543636312,ok,,4,0.7999457465277777,0.04996409009709378,False,,False,,,,,True,1.0,0.105,0.003968253968253968,,1.0,1.0,0,henon,fp_sens:00258,False,False,not_requested,ok,1.0,rr_route_a,True,1.0,0.0,0.0,0.0,0.0,256,0.6165823230003298,,
,,,,20260823,,0.24356964481437288,1537020589,4.0,False,fp_sens,False,11.0,146,0.10287748687749396,0.5831876768507334,,11.0,3.0,True,False,one_sample,60,253,2120.0,0,0,,,56.11966361830499,ok,,4,0.7999457465277777,0.04996409009709378,False,,False,,,,,True,2.0,0.1,0.007905138339920948,,2.0,2.0,0,henon,fp_sens:00259,False,False,not_requested,ok,1.0,rr_route_b,True,2.0,0.0,0.0,0.0,0.0,256,0.5764947939987906,,
,,,,20260823,,0.20797046019308818,1462996361,4.0,False,fp_sens,True,13.0,88,0.08006411878557,0.6273102890277984,,14.0,3.0,True,False,one_sample,256,253,2519.0,0,0,,,14.602344741009986,ok,,5,0.2691515922049937,0.712861049268508,False,,False,,,,,True,1.0,0.06,0.003952569169960474,,1.0,1.0,0,henon,fp_sens:00260,False,False,not_requested,ok,1.0,original,True,1.0,0.0,0.0,0.0,0.0,256,0.6038674360006553,,
,,,,20260823,,0.2079704601930886,1462996361,4.0,False,fp_sens,True,13.0,88,0.08006411878557,0.6273102890277984,,14.0,3.0,True,False,one_sample,256,253,2519.0,0,0,,,14.602344741009986,ok,,5,0.26915159220499374,0.712861049268508,False,,False,,,,,True,1.0,0.06,0.003952569169960474,,1.0,1.0,0,henon,fp_sens:00261,False,False,not_requested,ok,1.0,nextafter,True,1.0,0.0,0.0,0.0,0.0,256,0.5928957250016538,,
,,,,20260823,ValueError: Insufficient embedded points after reconstruction.,,1462996361,,False,fp_sens,False,,0,,,analyze_segment raised,,,False,False,one_sample,58,0,,0,0,,,,,,5,0.7999891493055555,0.0499707536757853,False,,False,,,,,True,,,,,,,0,henon,fp_sens:00262,True,False,not_requested,analysis_error,,rr_route_a,False,,,,,,256,0.5360500400001911,7.0,ok
,,,,20260823,ValueError: Insufficient embedded points after reconstruction.,,1462996361,,False,fp_sens,False,,0,,,analyze_segment raised,,,False,False,one_sample,58,0,,0,0,,,,,,5,0.7999891493055555,0.04997075367578531,False,,False,,,,,True,,,,,,,0,henon,fp_sens:00263,True,False,not_requested,analysis_error,,rr_route_b,False,,,,,,256,0.49514853700020467,8.0,ok
,,,,20260823,,0.24457808133532472,1666659224,4.0,False,fp_sens,False,9.0,176,0.12225820256476189,0.6408867364790931,,10.0,3.0,True,False,one_sample,256,253,2518.0,0,0,,,22.812458062207256,ok,,6,0.2602605484673193,0.7214353954212712,False,,False,,,,,True,1.0,0.115,0.003952569169960474,,1.0,1.0,0,henon,fp_sens:00264,False,False,not_requested,ok,1.0,original,True,1.0,0.0,0.0,0.0,0.0,256,0.635783501998958,,
,,,,20260823,,0.2445780813353247,1666659224,4.0,False,fp_sens,False,9.0,176,0.12225820256476191,0.6408867364790931,,10.0,3.0,True,False,one_sample,256,253,2518.0,0,0,,,22.812458062207256,ok,,6,0.2602605484673194,0.7214353954212713,False,,False,,,,,True,1.0,0.115,0.003952569169960474,,1.0,1.0,0,henon,fp_sens:00265,False,False,not_requested,ok,1.0,nextafter,True,1.0,0.0,0.0,0.0,0.0,256,0.8000331889998051,,
,,,,20260823,,0.6253880356853843,1666659224,7.0,False,fp_sens,False,9.0,176,0.12224130285664295,0.6392438757337908,,10.0,3.0,True,False,one_sample,62,250,1638.0,0,0,,,73.66229882075183,ok,,6,0.8000108506944444,0.04994963829371464,False,,False,,,,,True,1.0,0.085,0.004,,1.0,1.0,0,henon,fp_sens:00266,False,False,not_requested,ok,1.0,rr_route_a,True,1.0,0.0,0.0,0.0,0.0,256,0.9860208709997096,,
,,,,20260823,,0.6253880356853843,1666659224,7.0,False,fp_sens,False,9.0,176,0.12279103113521148,0.6423723149717406,,10.0,3.0,True,False,one_sample,62,250,1638.0,0,0,,,73.66301756372879,ok,,6,0.8000108506944444,0.04994963829371465,False,,False,,,,,True,1.0,0.085,0.004,,1.0,1.0,0,henon,fp_sens:00267,False,False,not_requested,ok,1.0,rr_route_b,True,1.0,0.0,0.0,0.0,0.0,256,1.127373344001171,,
,,,,20260823,,0.21831958621581476,1523205322,4.0,False,fp_sens,False,10.0,166,0.12136507499133069,0.6991610160780419,,10.0,3.0,True,False,one_sample,256,253,2519.0,0,0,,,15.881579334653903,ok,,7,0.2846654480937584,0.7006114265734719,False,,False,,,,,True,1.0,0.105,0.003952569169960474,,1.0,1.0,0,henon,fp_sens:00268,False,False,not_requested,ok,1.0,original,True,1.0,0.0,0.0,0.0,0.0,256,1.3689200890003121,,
,,,,20260823,,0.21831958621581476,1523205322,4.0,False,fp_sens,False,10.0,166,0.12136507499133069,0.6991610160780422,,10.0,3.0,True,False,one_sample,256,253,2519.0,0,0,,,15.881579334653903,ok,,7,0.2846654480937585,0.7006114265734719,False,,False,,,,,True,1.0,0.105,0.003952569169960474,,1.0,1.0,0,henon,fp_sens:00269,False,False,not_requested,ok,1.0,nextafter,True,1.0,0.0,0.0,0.0,0.0,256,1.1569297489986639,,
,,,,20260823,,0.21648072737646717,1523205322,4.0,False,fp_sens,False,7.0,184,0.16008816302920478,0.7469348540305638,,12.0,3.0,True,False,one_sample,60,253,2049.0,0,0,,,12.805996025705385,ok,,7,0.8000542534722221,0.04994055782061518,False,,False,,,,,True,1.0,0.1,0.003952569169960474,,1.0,1.0,0,henon,fp_sens:00270,False,False,not_requested,ok,1.0,rr_route_a,True,1.0,0.0,0.0,0.0,0.0,256,1.2258298319993628,,
,,,,20260823,,0.45221349097535624,1523205322,6.0,False,fp_sens,False,7.0,184,0.16008816302920492,0.7469348540305648,,12.0,3.0,True,False,one_sample,60,251,1723.0,0,0,,,70.6451629359309,ok,,7,0.8000542534722223,0.04994055782061519,False,,False,,,,,True,1.0,0.085,0.00398406374501992,,1.0,1.0,0,henon,fp_sens:00271,False,False,not_requested,ok,1.0,rr_route_b,True,1.0,0.0,0.0,0.0,0.0,256,1.0661382349990163,,
,,,,20260823,,0.25749578817479524,273461635,4.0,False,fp_sens,False,11.0,146,0.1108015418799495,0.673837086103545,,11.0,4.0,True,False,one_sample,256,253,2519.0,0,0,,,20.315045625319513,ok,,8,0.2056592609701639,0.7509055557482693,False,,False,,,,,True,1.0,0.075,0.003952569169960474,,1.0,1.0,0,henon,fp_sens:00272,False,False,not_requested,ok,1.0,original,True,1.0,0.0,0.0,0.0,0.0,256,1.1266015550008888,,
,,,,20260823,,0.25749578817479524,273461635,4.0,False,fp_sens,False,11.0,146,0.1108015418799495,0.6738370861035448,,11.0,4.0,True,False,one_sample,256,253,2519.0,0,0,,,20.315045625319513,ok,,8,0.20565926097016404,0.7509055557482693,False,,False,,,,,True,1.0,0.075,0.003952569169960474,,1.0,1.0,0,henon,fp_sens:00273,False,False,not_requested,ok,1.0,nextafter,True,1.0,0.0,0.0,0.0,0.0,256,1.3916795490004006,,
,,,,20260823,,0.2650270439541115,273461635,4.0,False,fp_sens,False,11.0,146,0.1113017237947638,0.6823438562890183,,11.0,4.0,True,False,one_sample,60,253,2176.0,0,0,,,45.385922270243796,ok,,8,0.7998589409722221,0.05001758101514762,False,,False,,,,,True,1.0,0.08,0.003952569169960474,,1.0,1.0,0,henon,fp_sens:00274,False,False,not_requested,ok,1.0,rr_route_a,True,1.0,0.0,0.0,0.0,0.0,256,1.113242657000228,,
,,,,20260823,,0.2650270439541128,273461635,4.0,False,fp_sens,True,13.0,124,0.0814305250537619,0.5406300132691707,,11.0,4.0,True,False,one_sample,60,253,2182.0,0,0,,,45.752343376500235,ok,,8,0.7998589409722222,0.05001758101514762,False,,False,,,,,True,1.0,0.08,0.003952569169960474,,1.0,1.0,0,henon,fp_sens:00275,False,False,not_requested,ok,1.0,rr_route_b,True,1.0,0.0,0.0,0.0,0.0,256,1.2700183519991697,,
,,,,20260823,,0.24730240268005424,1502100350,4.0,False,fp_sens,False,9.0,168,0.14014640568442613,0.7188267192741653,,11.0,3.0,True,False,one_sample,256,253,2520.0,0,0,,,15.18213603251125,ok,,9,0.2652435749098716,0.7149448840965194,False,,False,,,,,True,1.0,0.125,0.003952569169960474,,1.0,1.0,0,henon,fp_sens:00276,False,False,not_requested,ok,1.0,original,True,1.0,0.0,0.0,0.0,0.0,256,1.367513944998791,,
,,,,20260823,,0.24730240268005432,1502100350,4.0,False,fp_sens,False,9.0,168,0.14014640568442607,0.7188267192741655,,11.0,3.0,True,False,one_sample,256,253,2520.0,0,0,,,15.18213603251125,ok,,9,0.2652435749098717,0.7149448840965194,False,,False,,,,,True,1.0,0.125,0.003952569169960474,,1.0,1.0,0,henon,fp_sens:00277,False,False,not_requested,ok,1.0,nextafter,True,1.0,0.0,0.0,0.0,0.0,256,1.2035673589998623,,
,,,,20260823,,0.25242960033442996,1502100350,4.0,False,fp_sens,False,9.0,136,0.12031659654112471,0.6250774919350417,,15.0,3.0,True,False,one_sample,60,253,2349.0,0,0,,,27.45266538044745,ok,,9,0.8,0.0499336461723128,False,,False,,,,,True,1.0,0.13,0.003952569169960474,,1.0,1.0,0,henon,fp_sens:00278,False,False,not_requested,ok,1.0,rr_route_a,True,0.0,1.0,1.0,0.13,0.003952569169960474,256,1.0000233430000662,,
,,,,20260823,,0.25242960033443046,1502100350,4.0,False,fp_sens,False,11.0,136,0.105902137240064,0.5985077749840453,,12.0,3.0,True,False,one_sample,60,253,2377.0,0,0,,,35.52216615340136,ok,,9,0.8,0.0499336461723128,False,,False,,,,,True,1.0,0.13,0.003952569169960474,,1.0,1.0,0,henon,fp_sens:00279,False,False,not_requested,ok,1.0,rr_route_b,True,0.0,1.0,1.0,0.13,0.003952569169960474,256,0.9615718450004351,,
,,,,20260823,,0.24958012456130418,2679122804,4.0,False,fp_sens,False,11.0,156,0.10802324856090649,0.629457934319404,,10.0,3.0,True,False,one_sample,256,253,2516.0,0,0,,,16.24771215715685,ok,,10,0.2232420775372898,0.7402290236537015,False,,False,,,,,True,1.0,0.145,0.003952569169960474,,1.0,1.0,0,henon,fp_sens:00280,False,False,not_requested,ok,1.0,original,True,1.0,0.0,0.0,0.0,0.0,256,0.853821622000396,,
,,,,20260823,,0.24958012456130435,2679122804,4.0,False,fp_sens,False,11.0,156,0.10802324856090649,0.629457934319404,,10.0,3.0,True,False,one_sample,256,253,2516.0,0,0,,,16.24771215715685,ok,,10,0.22324207753728992,0.7402290236537016,False,,False,,,,,True,1.0,0.145,0.003952569169960474,,1.0,1.0,0,henon,fp_sens:00281,False,False,not_requested,ok,1.0,nextafter,True,1.0,0.0,0.0,0.0,0.0,256,0.6781940130003932,,
,,,,20260823,,0.3400680204068011,2679122804,5.0,False,fp_sens,False,8.0,144,0.13703835236946418,0.7131585230448836,,16.0,3.0,True,False,one_sample,59,252,1990.0,0,0,,,54.70387019981809,ok,,10,0.7998914930555555,0.05002398916195216,False,,False,,,,,True,2.0,0.1,0.007936507936507936,,2.0,2.0,0,henon,fp_sens:00282,False,False,not_requested,ok,1.0,rr_route_a,True,2.0,0.0,0.0,0.0,0.0,256,0.5851817479997408,,
,,,,20260823,,0.34006802040680223,2679122804,5.0,False,fp_sens,True,13.0,64,0.08269849509400785,0.7038105612304978,,16.0,3.0,True,False,one_sample,59,252,1990.0,0,0,,,53.42905618918932,ok,,10,0.7998914930555555,0.050023989161952144,False,,False,,,,,True,1.0,0.1,0.003968253968253968,,1.0,1.0,0,henon,fp_sens:00283,False,False,not_requested,ok,1.0,rr_route_b,True,1.0,0.0,0.0,0.0,0.0,256,0.5347254000007524,,
,,,,20260823,,0.680422960562694,3697673766,7.0,False,fp_sens,False,6.0,201,0.18100949634833546,0.7001216628529612,,11.0,3.0,True,False,one_sample,256,250,2490.0,0,0,,,5.0,ok,,11,0.2645419397638122,0.7191565611614339,False,,False,,,,,True,1.0,0.325,0.004,,1.0,1.0,0,henon,fp_sens:00284,False,False,not_requested,ok,1.0,original,True,1.0,0.0,0.0,0.0,0.0,256,0.7676454669999657,,
,,,,20260823,,0.6804229605626939,3697673766,7.0,False,fp_sens,False,6.0,201,0.1810094963483355,0.7001216628529612,,11.0,3.0,True,False,one_sample,256,250,2490.0,0,0,,,5.0,ok,,11,0.2645419397638123,0.7191565611614339,False,,False,,,,,True,1.0,0.325,0.004,,1.0,1.0,0,henon,fp_sens:00285,False,False,not_requested,ok,1.0,nextafter,True,1.0,0.0,0.0,0.0,0.0,256,0.7156008359997941,,
,,,,20260823,,0.2692763740564703,3697673766,4.0,False,fp_sens,False,6.0,211,0.17313488810031885,0.7005175663621273,,9.0,3.0,True,False,one_sample,63,253,2356.0,0,0,,,26.739980086807194,ok,,11,0.8,0.05005301972858998,False,,False,,,,,True,1.0,0.12,0.003952569169960474,,1.0,1.0,0,henon,fp_sens:00286,False,False,not_requested,ok,1.0,rr_route_a,True,0.0,1.0,1.0,0.12,0.003952569169960474,256,0.6967386939995777,,
,,,,20260823,,0.2692763740564691,3697673766,4.0,False,fp_sens,False,10.0,175,0.11894657422706817,0.6425183157474887,,9.0,3.0,True,False,one_sample,63,253,2366.0,0,0,,,24.009539523184003,ok,,11,0.8,0.050053019728589984,False,,False,,,,,True,1.0,0.12,0.003952569169960474,,1.0,1.0,0,henon,fp_sens:00287,False,False,not_requested,ok,1.0,rr_route_b,True,0.0,1.0,1.0,0.12,0.003952569169960474,256,0.6970946450001065,,
,,,,20260823,,0.27153045448126145,732492722,4.0,False,fp_sens,False,8.0,200,0.13057598965940279,0.6488915173293556,,8.0,3.0,True,False,one_sample,256,253,2516.0,0,0,,,24.938345562773513,ok,,12,0.25290757530085917,0.7223997984614621,False,,False,,,,,True,1.0,0.13,0.003952569169960474,,1.0,1.0,0,henon,fp_sens:00288,False,False,not_requested,ok,1.0,original,True,1.0,0.0,0.0,0.0,0.0,256,0.710753453999132,,
,,,,20260823,,0.2715304544812618,732492722,4.0,False,fp_sens,False,8.0,200,0.13057598965940287,0.6488915173293557,,8.0,3.0,True,False,one_sample,256,253,2516.0,0,0,,,24.938345562773513,ok,,12,0.2529075753008593,0.7223997984614622,False,,False,,,,,True,1.0,0.13,0.003952569169960474,,1.0,1.0,0,henon,fp_sens:00289,False,False,not_requested,ok,1.0,nextafter,True,1.0,0.0,0.0,0.0,0.0,256,0.7431742770004348,,
,,,,20260823,,0.5714285714285698,732492722,6.0,False,fp_sens,False,10.0,184,0.10936030786992644,0.6235569528883279,,8.0,3.0,True,False,one_sample,64,251,2123.0,0,0,,,64.58321302725403,ok,,12,0.7998914930555556,0.04998300051458034,False,,False,,,,,True,1.0,0.125,0.00398406374501992,,1.0,1.0,0,henon,fp_sens:00290,False,False,not_requested,ok,1.0,rr_route_a,True,1.0,0.0,0.0,0.0,0.0,256,0.6608217379998678,,
,,,,20260823,,0.5714285714285705,732492722,6.0,False,fp_sens,False,8.0,200,0.12934114543003192,0.6467933237495411,,8.0,3.0,True,False,one_sample,64,251,2123.0,0,0,,,64.58321302725403,ok,,12,0.7998914930555556,0.04998300051458034,False,,False,,,,,True,1.0,0.125,0.00398406374501992,,1.0,1.0,0,henon,fp_sens:00291,False,False,not_requested,ok,1.0,rr_route_b,True,1.0,0.0,0.0,0.0,0.0,256,0.7349698549987806,,
,,,,20260823,,0.26123685670538516,2650272499,4.0,False,fp_sens,False,10.0,166,0.11240761392193184,0.6057298954429369,,10.0,3.0,True,False,one_sample,256,253,2517.0,0,0,,,21.200142048930246,ok,,13,0.2377845406748651,0.7354252259286074,False,,False,,,,,True,1.0,0.105,0.003952569169960474,,1.0,1.0,0,henon,fp_sens:00292,False,False,not_requested,ok,1.0,original,True,1.0,0.0,0.0,0.0,0.0,256,0.6639429059996473,,
,,,,20260823,,0.26123685670538555,2650272499,4.0,False,fp_sens,False,10.0,166,0.1124076139219319,0.6057298954429366,,10.0,3.0,True,False,one_sample,256,253,2517.0,0,0,,,21.200142048930246,ok,,13,0.2377845406748652,0.7354252259286074,False,,False,,,,,True,1.0,0.105,0.003952569169960474,,1.0,1.0,0,henon,fp_sens:00293,False,False,not_requested,ok,1.0,nextafter,True,1.0,0.0,0.0,0.0,0.0,256,0.7259030730001541,,
,,,,20260823,,0.27796270870345186,2650272499,4.0,False,fp_sens,False,9.0,184,0.13134899023644106,0.6980090644718604,,9.0,3.0,True,False,one_sample,61,253,2196.0,0,0,,,110.15554509235056,ok,,13,0.7999565972222222,0.05002830551879203,False,,False,,,,,True,1.0,0.1,0.003952569169960474,,1.0,1.0,0,henon,fp_sens:00294,False,False,not_requested,ok,1.0,rr_route_a,True,0.0,1.0,1.0,0.1,0.003952569169960474,256,0.6281727929999761,,
,,,,20260823,,0.27796270870345335,2650272499,4.0,False,fp_sens,False,7.0,196,0.15385692094021136,0.678236861049465,,10.0,3.0,True,False,one_sample,61,253,2201.0,0,0,,,106.8684128816889,ok,,13,0.7999565972222222,0.05002830551879203,False,,False,,,,,True,1.0,0.1,0.003952569169960474,,1.0,1.0,0,henon,fp_sens:00295,False,False,not_requested,ok,1.0,rr_route_b,True,0.0,1.0,1.0,0.1,0.003952569169960474,256,0.7083177019994764,,
,,,,20260823,,0.22961523722159694,2582023415,4.0,False,fp_sens,True,13.0,64,0.07272121562874179,0.5692034335629231,,16.0,3.0,True,False,one_sample,256,253,2517.0,0,0,,,21.71671858054804,ok,,14,0.20927247329744525,0.7559577402533573,False,,False,,,,,True,1.0,0.075,0.003952569169960474,,1.0,1.0,0,henon,fp_sens:00296,False,False,not_requested,ok,1.0,original,True,1.0,0.0,0.0,0.0,0.0,256,0.5801365439983783,,
,,,,20260823,,0.22961523722159688,2582023415,4.0,False,fp_sens,True,13.0,64,0.07272121562874184,0.5692034335629228,,16.0,3.0,True,False,one_sample,256,253,2517.0,0,0,,,21.71671858054804,ok,,14,0.20927247329744533,0.7559577402533573,False,,False,,,,,True,1.0,0.075,0.003952569169960474,,1.0,1.0,0,henon,fp_sens:00297,False,False,not_requested,ok,1.0,nextafter,True,1.0,0.0,0.0,0.0,0.0,256,0.5535830320004607,,
,,,,20260823,,0.4587235599879741,2582023415,6.0,False,fp_sens,False,8.0,179,0.143843414101031,0.630421558831967,,11.0,3.0,True,False,one_sample,59,251,1256.0,0,0,,,37.3157528004356,ok,,14,0.7999457465277778,0.049938143626800935,False,,False,,,,,True,1.0,0.065,0.00398406374501992,,1.0,1.0,0,henon,fp_sens:00298,False,False,not_requested,ok,1.0,rr_route_a,True,1.0,0.0,0.0,0.0,0.0,256,0.641094480000902,,
,,,,20260823,,0.3442622950819682,2582023415,5.0,False,fp_sens,False,8.0,179,0.143843414101031,0.6304215588319673,,11.0,3.0,True,False,one_sample,59,252,1680.0,0,0,,,65.96450048860484,ok,,14,0.7999457465277778,0.04993814362680093,False,,False,,,,,True,1.0,0.06,0.003968253968253968,,1.0,1.0,0,henon,fp_sens:00299,False,False,not_requested,ok,1.0,rr_route_b,True,1.0,0.0,0.0,0.0,0.0,256,0.6297292449999077,,
,,,,20260823,,0.24634230007798313,2534286796,4.0,False,fp_sens,False,10.0,148,0.11639471296873061,0.6116993578487082,,12.0,3.0,True,False,one_sample,256,253,2518.0,0,0,,,14.363956208822195,ok,,15,0.25214131546791774,0.724231669894058,False,,False,,,,,True,1.0,0.14,0.003952569169960474,,1.0,1.0,0,henon,fp_sens:00300,False,False,not_requested,ok,1.0,original,True,1.0,0.0,0.0,0.0,0.0,256,0.718674657999145,,
,,,,20260823,,0.24634230007798313,2534286796,4.0,False,fp_sens,False,10.0,148,0.11639471296873057,0.611699357848708,,12.0,3.0,True,False,one_sample,256,253,2518.0,0,0,,,14.363956208822195,ok,,15,0.2521413154679178,0.724231669894058,False,,False,,,,,True,1.0,0.14,0.003952569169960474,,1.0,1.0,0,henon,fp_sens:00301,False,False,not_requested,ok,1.0,nextafter,True,1.0,0.0,0.0,0.0,0.0,256,0.732259021999198,,
,,,,20260823,,1.0695277037808624,2534286796,9.0,False,fp_sens,True,13.0,112,0.09482053272716666,0.5918391918685475,,12.0,3.0,True,False,one_sample,64,248,1800.0,0,0,,,39.906040951731235,ok,,15,0.7999565972222222,0.04995414609297104,False,,False,,,,,True,1.0,0.905,0.004032258064516129,,1.0,1.0,0,henon,fp_sens:00302,False,False,not_requested,ok,1.0,rr_route_a,True,1.0,0.0,0.0,0.0,0.0,256,0.707737321001332,,
,,,,20260823,,0.24281045302822835,2534286796,4.0,False,fp_sens,True,13.0,112,0.09482053272716653,0.5918391918685475,,12.0,3.0,True,False,one_sample,64,253,1960.0,0,0,,,5.161438758380227,ok,,15,0.7999565972222222,0.049954146092971045,False,,False,,,,,True,3.0,0.14,0.011857707509881422,,3.0,2.0,0,henon,fp_sens:00303,False,False,not_requested,ok,1.0,rr_route_b,True,3.0,0.0,0.0,0.0,0.0,256,0.6290697509994061,,
,,,,20260823,,0.32874351186356204,2578131799,5.0,False,fp_sens,True,13.0,52,0.07487205273813426,0.6694396987597055,,17.0,3.0,True,False,one_sample,256,252,2510.0,0,0,,,11.768373119005352,ok,,16,0.25179176294730243,0.7266582703008558,False,,False,,,,,True,3.0,0.05,0.011904761904761904,,3.0,3.0,0,henon,fp_sens:00304,False,False,not_requested,ok,1.0,original,True,3.0,0.0,0.0,0.0,0.0,256,0.5347730539997428,,
,,,,20260823,,0.3287435118635623,2578131799,5.0,False,fp_sens,True,13.0,52,0.07487205273813426,0.6694396987597055,,17.0,3.0,True,False,one_sample,256,252,2510.0,0,0,,,11.768373119005352,ok,,16,0.25179176294730254,0.7266582703008558,False,,False,,,,,True,3.0,0.05,0.011904761904761904,,3.0,3.0,0,henon,fp_sens:00305,False,False,not_requested,ok,1.0,nextafter,True,3.0,0.0,0.0,0.0,0.0,256,0.6245263839991821,,
,,,,20260823,,1.2312071750328442,2578131799,11.0,False,fp_sens,False,11.0,156,0.08992850079820426,0.5879505717390441,,10.0,3.0,True,False,one_sample,58,246,1480.0,0,0,,,7.196201243368077,ok,,16,0.7999565972222222,0.049957766179971545,False,,False,,,,,True,1.0,1.0,0.0040650406504065045,,1.0,1.0,0,henon,fp_sens:00306,False,False,not_requested,ok,1.0,rr_route_a,True,1.0,0.0,0.0,0.0,0.0,256,0.6877536890006013,,
,,,,20260823,,0.4416008807378905,2578131799,6.0,False,fp_sens,False,11.0,156,0.08992850079820426,0.5879505717390446,,10.0,3.0,True,False,one_sample,58,251,1481.0,0,0,,,89.46507698470444,ok,,16,0.7999565972222222,0.049957766179971545,False,,False,,,,,True,1.0,0.015,0.00398406374501992,,1.0,1.0,0,henon,fp_sens:00307,False,False,not_requested,ok,1.0,rr_route_b,True,1.0,0.0,0.0,0.0,0.0,256,0.6317256509992148,,
,,,,20260823,,0.2630185047106997,1990281096,4.0,False,fp_sens,False,7.0,172,0.17307493148508707,0.723619033776564,,14.0,3.0,True,False,one_sample,256,253,2512.0,0,0,,,26.487362966207563,ok,,17,0.24404080916078857,0.7298244750280033,False,,False,,,,,True,1.0,0.085,0.003952569169960474,,1.0,1.0,0,henon,fp_sens:00308,False,False,not_requested,ok,1.0,original,True,1.0,0.0,0.0,0.0,0.0,256,0.6293686050012184,,
,,,,20260823,,0.2630185047106997,1990281096,4.0,False,fp_sens,False,7.0,172,0.173074931485087,0.723619033776564,,14.0,3.0,True,False,one_sample,256,253,2512.0,0,0,,,26.487362966207563,ok,,17,0.24404080916078869,0.7298244750280033,False,,False,,,,,True,1.0,0.085,0.003952569169960474,,1.0,1.0,0,henon,fp_sens:00309,False,False,not_requested,ok,1.0,nextafter,True,1.0,0.0,0.0,0.0,0.0,256,0.7877195540004323,,
,,,,20260823,,0.5039526306789692,1990281096,6.0,False,fp_sens,True,13.0,88,0.09566488603042989,0.6769022937793412,,14.0,3.0,True,False,one_sample,61,251,1666.0,0,0,,,41.34807477163276,ok,,17,0.8,0.050039770063050486,False,,False,,,,,True,1.0,0.09,0.00398406374501992,,1.0,1.0,0,henon,fp_sens:00310,False,False,not_requested,ok,1.0,rr_route_a,True,1.0,0.0,0.0,0.0,0.0,256,0.839263394000227,,
,,,,20260823,,0.26513163632523784,1990281096,4.0,False,fp_sens,False,7.0,172,0.17202302126708635,0.7151799124990839,,14.0,3.0,True,False,one_sample,61,253,2158.0,0,0,,,29.967249063204108,ok,,17,0.8,0.05003977006305048,False,,False,,,,,True,1.0,0.095,0.003952569169960474,,1.0,1.0,0,henon,fp_sens:00311,False,False,not_requested,ok,1.0,rr_route_b,True,1.0,0.0,0.0,0.0,0.0,256,1.0080744050010253,,
,,,,20260823,,0.2540289921439965,2053305126,4.0,False,fp_sens,False,11.0,156,0.10618043892785992,0.6302932408363995,,10.0,3.0,True,False,one_sample,256,253,2519.0,0,0,,,16.739832350545328,ok,,18,0.25732295715735876,0.7222871292038034,False,,False,,,,,True,1.0,0.09,0.003952569169960474,,1.0,1.0,0,henon,fp_sens:00312,False,False,not_requested,ok,1.0,original,True,1.0,0.0,0.0,0.0,0.0,256,1.3276035950002552,,
,,,,20260823,,0.2540289921439965,2053305126,4.0,False,fp_sens,False,11.0,156,0.10618043892785992,0.6302932408363995,,10.0,3.0,True,False,one_sample,256,253,2519.0,0,0,,,16.739832350545328,ok,,18,0.25732295715735887,0.7222871292038036,False,,False,,,,,True,1.0,0.09,0.003952569169960474,,1.0,1.0,0,henon,fp_sens:00313,False,False,not_requested,ok,1.0,nextafter,True,1.0,0.0,0.0,0.0,0.0,256,1.114439865001259,,
,,,,20260823,,0.36576884513659946,2053305126,5.0,False,fp_sens,True,13.0,136,0.09719095345053623,0.675966200672713,,10.0,3.0,True,False,one_sample,59,252,2318.0,0,0,,,64.33545559887044,ok,,18,0.7999565972222222,0.05004637651374644,False,,False,,,,,True,2.0,0.065,0.007936507936507936,,2.0,2.0,0,henon,fp_sens:00314,False,False,not_requested,ok,1.0,rr_route_a,True,1.0,1.0,1.0,0.065,0.003968253968253968,256,1.2232483269999648,,
,,,,20260823,,1.1313907814782205,2053305126,9.0,False,fp_sens,True,13.0,136,0.09719095345053637,0.6759662006727135,,10.0,3.0,True,False,one_sample,59,248,1849.0,0,0,,,30.451742717622203,ok,,18,0.7999565972222222,0.05004637651374644,False,,False,,,,,True,1.0,1.0,0.004032258064516129,,1.0,1.0,0,henon,fp_sens:00315,False,False,not_requested,ok,1.0,rr_route_b,True,1.0,0.0,0.0,0.0,0.0,256,1.168596843999694,,
,,,,20260823,,0.23266586802043854,1511984254,4.0,False,fp_sens,True,13.0,112,0.08947287099143823,0.5662001721010428,,12.0,3.0,True,False,one_sample,256,253,2518.0,0,0,,,13.776449757385981,ok,,19,0.26247988417391827,0.7158439269731581,False,,False,,,,,True,1.0,0.125,0.003952569169960474,,1.0,1.0,0,henon,fp_sens:00316,False,False,not_requested,ok,1.0,original,True,1.0,0.0,0.0,0.0,0.0,256,1.0749383200000011,,
,,,,20260823,,0.23266586802043907,1511984254,4.0,False,fp_sens,True,13.0,112,0.08947287099143829,0.566200172101043,,12.0,3.0,True,False,one_sample,256,253,2518.0,0,0,,,13.776449757385981,ok,,19,0.2624798841739184,0.7158439269731581,False,,False,,,,,True,1.0,0.125,0.003952569169960474,,1.0,1.0,0,henon,fp_sens:00317,False,False,not_requested,ok,1.0,nextafter,True,1.0,0.0,0.0,0.0,0.0,256,1.1561976780012628,,
,,,,20260823,,0.47572929211369763,1511984254,6.0,False,fp_sens,False,11.0,136,0.10624760568822099,0.5834718510943662,,12.0,3.0,True,False,one_sample,62,251,1874.0,0,0,,,46.5235114934316,ok,,19,0.7999565972222222,0.04999334973979093,False,,False,,,,,True,1.0,0.09,0.00398406374501992,,1.0,1.0,0,henon,fp_sens:00318,False,False,not_requested,ok,1.0,rr_route_a,True,1.0,0.0,0.0,0.0,0.0,256,1.31611921700096,,
,,,,20260823,,0.4757292921136991,1511984254,6.0,False,fp_sens,False,10.0,157,0.11932505954930844,0.6280999649098866,,11.0,3.0,True,False,one_sample,62,251,1874.0,0,0,,,46.5235114934316,ok,,19,0.7999565972222222,0.049993349739790936,False,,False,,,,,True,1.0,0.09,0.00398406374501992,,1.0,1.0,0,henon,fp_sens:00319,False,False,not_requested,ok,1.0,rr_route_b,True,1.0,0.0,0.0,0.0,0.0,256,1.1460179440000502,,
,,,,20260823,,0.5420191480606309,3364347009,6.0,False,fp_sens,False,11.0,156,0.10621506675761656,0.6405401949008547,,10.0,3.0,True,False,one_sample,256,251,2500.0,0,0,,,8.753789436248685,ok,,20,0.2513452482334824,0.7257350857631296,False,,False,,,,,True,1.0,0.145,0.00398406374501992,,1.0,1.0,0,henon,fp_sens:00320,False,False,not_requested,ok,1.0,original,True,1.0,0.0,0.0,0.0,0.0,256,1.3631827979988884,,
,,,,20260823,,0.5420191480606309,3364347009,6.0,False,fp_sens,False,11.0,156,0.10621506675761652,0.6405401949008548,,10.0,3.0,True,False,one_sample,256,251,2500.0,0,0,,,8.753789436248685,ok,,20,0.25134524823348253,0.7257350857631296,False,,False,,,,,True,1.0,0.145,0.00398406374501992,,1.0,1.0,0,henon,fp_sens:00321,False,False,not_requested,ok,1.0,nextafter,True,1.0,0.0,0.0,0.0,0.0,256,1.3179180690003705,,
,,,,20260823,,0.2608202654786517,3364347009,4.0,False,fp_sens,False,6.0,206,0.1803717103710064,0.6859648800547409,,10.0,3.0,True,False,one_sample,61,253,2355.0,0,0,,,44.86027415921236,ok,,20,0.7999674479166666,0.05000029081095201,False,,False,,,,,True,2.0,0.12,0.007905138339920948,,2.0,2.0,0,henon,fp_sens:00322,False,False,not_requested,ok,1.0,rr_route_a,True,1.0,1.0,1.0,0.12,0.003952569169960474,256,1.223795877000157,,
,,,,20260823,,0.26082026547865145,3364347009,4.0,False,fp_sens,False,6.0,206,0.18102046653400977,0.689245288603872,,10.0,3.0,True,False,one_sample,61,253,2355.0,0,0,,,42.13780831740786,ok,,20,0.7999674479166667,0.05000029081095202,False,,False,,,,,True,2.0,0.12,0.007905138339920948,,2.0,2.0,0,henon,fp_sens:00323,False,False,not_requested,ok,1.0,rr_route_b,True,1.0,1.0,1.0,0.12,0.003952569169960474,256,1.0410815470004309,,
,,,,20260823,,0.3569155076945567,4081926746,5.0,False,fp_sens,True,13.0,148,0.09933668282521327,0.6388877942016127,,9.0,3.0,True,False,one_sample,256,252,2510.0,0,0,,,11.882621938571903,ok,,21,0.2505427710702309,0.7233613526586662,False,,False,,,,,True,1.0,0.105,0.003968253968253968,,1.0,1.0,0,henon,fp_sens:00324,False,False,not_requested,ok,1.0,original,True,1.0,0.0,0.0,0.0,0.0,256,0.7277948339997238,,
,,,,20260823,,0.35691550769455693,4081926746,5.0,False,fp_sens,True,13.0,148,0.09933668282521327,0.6388877942016127,,9.0,3.0,True,False,one_sample,256,252,2510.0,0,0,,,11.882621938571903,ok,,21,0.250542771070231,0.7233613526586662,False,,False,,,,,True,1.0,0.105,0.003968253968253968,,1.0,1.0,0,henon,fp_sens:00325,False,False,not_requested,ok,1.0,nextafter,True,1.0,0.0,0.0,0.0,0.0,256,0.7008020909997867,,
,,,,20260823,,1.184257828568416,4081926746,9.0,False,fp_sens,True,13.0,148,0.09966938929372349,0.6485928169232642,,9.0,3.0,True,False,one_sample,60,248,2310.0,0,0,,,41.92570983420319,ok,,21,0.7998806423611111,0.04994889343647896,False,,False,,,,,True,1.0,1.0,0.004032258064516129,,1.0,1.0,0,henon,fp_sens:00326,False,False,not_requested,ok,1.0,rr_route_a,True,1.0,0.0,0.0,0.0,0.0,256,0.7391656839990901,,
,,,,20260823,,1.1842578285684162,4081926746,9.0,False,fp_sens,True,13.0,148,0.0996693892937233,0.6485928169232645,,9.0,3.0,True,False,one_sample,60,248,2310.0,0,0,,,41.92570983420319,ok,,21,0.7998806423611111,0.04994889343647896,False,,False,,,,,True,1.0,1.0,0.004032258064516129,,1.0,1.0,0,henon,fp_sens:00327,False,False,not_requested,ok,1.0,rr_route_b,True,1.0,0.0,0.0,0.0,0.0,256,0.7584938929994678,,
,,,,20260823,,0.23121236731395253,3999581070,4.0,False,fp_sens,False,8.0,172,0.15118745085764687,0.7446718898267579,,12.0,3.0,True,False,one_sample,256,253,2520.0,0,0,,,5.0,ok,,22,0.27584554399592387,0.7120205454226262,False,,False,,,,,True,2.0,0.15,0.007905138339920948,,2.0,2.0,0,henon,fp_sens:00328,False,False,not_requested,ok,1.0,original,True,2.0,0.0,0.0,0.0,0.0,256,0.684771799000373,,
,,,,20260823,,0.23121236731395256,3999581070,4.0,False,fp_sens,False,8.0,172,0.15118745085764687,0.7446718898267579,,12.0,3.0,True,False,one_sample,256,253,2520.0,0,0,,,5.0,ok,,22,0.275845543995924,0.7120205454226262,False,,False,,,,,True,2.0,0.15,0.007905138339920948,,2.0,2.0,0,henon,fp_sens:00329,False,False,not_requested,ok,1.0,nextafter,True,2.0,0.0,0.0,0.0,0.0,256,0.6243747400003485,,
,,,,20260823,,0.23437500000000128,3999581070,4.0,False,fp_sens,True,13.0,64,0.08131156568915027,0.6102284619313207,,16.0,3.0,True,False,one_sample,62,253,2100.0,0,0,,,5.0,ok,,22,0.7999891493055555,0.04996291186130546,False,,False,,,,,True,3.0,0.155,0.011857707509881422,,3.0,3.0,0,henon,fp_sens:00330,False,False,not_requested,ok,1.0,rr_route_a,True,3.0,0.0,0.0,0.0,0.0,256,0.5667872990015894,,
,,,,20260823,,0.23437500000000158,3999581070,4.0,False,fp_sens,False,9.0,128,0.10956693870477115,0.6269709397777842,,16.0,3.0,True,False,one_sample,62,253,2260.0,0,0,,,5.0,ok,,22,0.7999891493055555,0.04996291186130547,False,,False,,,,,True,2.0,0.155,0.007905138339920948,,2.0,2.0,0,henon,fp_sens:00331,False,False,not_requested,ok,1.0,rr_route_b,True,2.0,0.0,0.0,0.0,0.0,256,0.5748388940010045,,
,,,,20260823,,0.25801573960569224,1569788839,4.0,False,fp_sens,False,11.0,126,0.09417246060921039,0.5761856635148674,,13.0,3.0,True,False,one_sample,256,253,2517.0,0,0,,,18.700242533943268,ok,,23,0.24332985290751336,0.7299718053340404,False,,False,,,,,True,1.0,0.115,0.003952569169960474,,1.0,1.0,0,henon,fp_sens:00332,False,False,not_requested,ok,1.0,original,True,1.0,0.0,0.0,0.0,0.0,256,0.6445862229993509,,
,,,,20260823,,0.258015739605692,1569788839,4.0,False,fp_sens,False,11.0,126,0.09417246060921039,0.5761856635148674,,13.0,3.0,True,False,one_sample,256,253,2517.0,0,0,,,18.700242533943268,ok,,23,0.24332985290751347,0.7299718053340404,False,,False,,,,,True,1.0,0.115,0.003952569169960474,,1.0,1.0,0,henon,fp_sens:00333,False,False,not_requested,ok,1.0,nextafter,True,1.0,0.0,0.0,0.0,0.0,256,0.5899465840011544,,
,,,,20260823,,0.2608202654786494,1569788839,4.0,False,fp_sens,False,7.0,184,0.1624976636372074,0.6742021224067452,,12.0,3.0,True,False,one_sample,60,253,2344.0,0,0,,,30.557129243289538,ok,,23,0.7999674479166666,0.05002198736624387,False,,False,,,,,True,2.0,0.115,0.007905138339920948,,2.0,2.0,0,henon,fp_sens:00334,False,False,not_requested,ok,1.0,rr_route_a,True,1.0,1.0,1.0,0.115,0.003952569169960474,256,0.6816015650001646,,
,,,,20260823,,0.8316309141225235,1569788839,8.0,False,fp_sens,False,7.0,184,0.16249766363720766,0.6742021224067452,,12.0,3.0,True,False,one_sample,60,249,2049.0,0,0,,,48.84416809615804,ok,,23,0.7999674479166667,0.050021987366243865,False,,False,,,,,True,2.0,0.605,0.008032128514056224,,2.0,2.0,0,henon,fp_sens:00335,False,False,not_requested,ok,1.0,rr_route_b,True,2.0,0.0,0.0,0.0,0.0,256,0.6893739810002444,,
,,,,20260823,,0.2451773804580576,3026696393,4.0,False,fp_sens,False,11.0,146,0.10212449345386236,0.6407359420610585,,11.0,3.0,True,False,one_sample,256,253,2519.0,0,0,,,20.605078133550222,ok,,24,0.23477066260108115,0.7346319983276965,False,,False,,,,,True,1.0,0.095,0.003952569169960474,,1.0,1.0,0,henon,fp_sens:00336,False,False,not_requested,ok,1.0,original,True,1.0,0.0,0.0,0.0,0.0,256,0.6697235470001033,,
,,,,20260823,,0.2451773804580577,3026696393,4.0,False,fp_sens,False,11.0,146,0.10212449345386236,0.6407359420610588,,11.0,3.0,True,False,one_sample,256,253,2519.0,0,0,,,20.605078133550222,ok,,24,0.23477066260108131,0.7346319983276965,False,,False,,,,,True,1.0,0.095,0.003952569169960474,,1.0,1.0,0,henon,fp_sens:00337,False,False,not_requested,ok,1.0,nextafter,True,1.0,0.0,0.0,0.0,0.0,256,0.625599681001404,,
,,,,20260823,,0.35884831389172445,3026696393,5.0,False,fp_sens,False,11.0,146,0.10094682090702255,0.626476902944947,,11.0,3.0,True,False,one_sample,63,252,2296.0,0,0,,,150.12722029215988,ok,,24,0.7999565972222222,0.04995233595108928,False,,False,,,,,True,1.0,0.07,0.003968253968253968,,1.0,1.0,0,henon,fp_sens:00338,False,False,not_requested,ok,1.0,rr_route_a,True,1.0,0.0,0.0,0.0,0.0,256,0.6251795129992388,,
,,,,20260823,,0.35884831389172533,3026696393,5.0,False,fp_sens,False,11.0,146,0.10094682090702267,0.6264769029449468,,11.0,3.0,True,False,one_sample,63,252,2297.0,0,0,,,149.83928297652804,ok,,24,0.7999565972222222,0.04995233595108928,False,,False,,,,,True,1.0,0.07,0.003968253968253968,,1.0,1.0,0,henon,fp_sens:00339,False,False,not_requested,ok,1.0,rr_route_b,True,1.0,0.0,0.0,0.0,0.0,256,0.6444841989996348,,
,,,,20260823,,0.2459396554776594,2378322099,4.0,False,fp_sens,False,7.0,178,0.1752942489580469,0.7636758455534756,,13.0,3.0,True,False,one_sample,256,253,2518.0,0,0,,,31.45117989008385,ok,,25,0.25996943620098656,0.7206111982120664,False,,False,,,,,True,1.0,0.105,0.003952569169960474,,1.0,1.0,0,henon,fp_sens:00340,False,False,not_requested,ok,1.0,original,True,1.0,0.0,0.0,0.0,0.0,256,0.695277797000017,,
,,,,20260823,,0.24593965547765925,2378322099,4.0,False,fp_sens,False,7.0,178,0.1752942489580469,0.7636758455534757,,13.0,3.0,True,False,one_sample,256,253,2518.0,0,0,,,31.45117989008385,ok,,25,0.25996943620098667,0.7206111982120665,False,,False,,,,,True,1.0,0.105,0.003952569169960474,,1.0,1.0,0,henon,fp_sens:00341,False,False,not_requested,ok,1.0,nextafter,True,1.0,0.0,0.0,0.0,0.0,256,0.637396936001096,,
,,,,20260823,,0.25242960033442907,2378322099,4.0,False,fp_sens,False,7.0,178,0.1742539064211591,0.7533263575256592,,13.0,3.0,True,False,one_sample,62,253,2098.0,0,0,,,21.790507879090274,ok,,25,0.7999891493055555,0.05003946771706801,False,,False,,,,,True,1.0,0.095,0.003952569169960474,,1.0,1.0,0,henon,fp_sens:00342,False,False,not_requested,ok,1.0,rr_route_a,True,1.0,0.0,0.0,0.0,0.0,256,0.6816401169999153,,
,,,,20260823,,0.366105453558124,2378322099,5.0,False,fp_sens,False,7.0,178,0.1742539064211591,0.7533263575256592,,13.0,3.0,True,False,one_sample,62,252,1756.0,0,0,,,45.0160197094247,ok,,25,0.7999891493055555,0.05003946771706801,False,,False,,,,,True,1.0,0.09,0.003968253968253968,,1.0,1.0,0,henon,fp_sens:00343,False,False,not_requested,ok,1.0,rr_route_b,True,1.0,0.0,0.0,0.0,0.0,256,0.5793171530003747,,
,,,,20260823,,0.27684265560825755,2208778284,4.0,False,fp_sens,False,7.0,178,0.14055698262357147,0.6008506968932275,,13.0,3.0,True,False,one_sample,256,253,2520.0,0,0,,,5.0,ok,,26,0.27670648324119573,0.7072847797541597,False,,False,,,,,True,1.0,0.215,0.003952569169960474,,1.0,1.0,0,henon,fp_sens:00344,False,False,not_requested,ok,1.0,original,True,1.0,0.0,0.0,0.0,0.0,256,0.6728378320003685,,
,,,,20260823,,0.2768426556082574,2208778284,4.0,False,fp_sens,False,7.0,178,0.14055698262357147,0.6008506968932272,,13.0,3.0,True,False,one_sample,256,253,2520.0,0,0,,,5.0,ok,,26,0.27670648324119584,0.7072847797541597,False,,False,,,,,True,1.0,0.215,0.003952569169960474,,1.0,1.0,0,henon,fp_sens:00345,False,False,not_requested,ok,1.0,nextafter,True,1.0,0.0,0.0,0.0,0.0,256,0.6521176349997404,,
,,,,20260823,,0.7029928079087162,2208778284,7.0,False,fp_sens,False,6.0,196,0.19042701643116106,0.6839153612890353,,12.0,3.0,True,False,one_sample,64,250,1697.0,0,0,,,76.20002112136736,ok,,26,0.8,0.050009644131635646,False,,False,,,,,True,2.0,0.41,0.008,,2.0,2.0,0,henon,fp_sens:00346,False,False,not_requested,ok,1.0,rr_route_a,True,2.0,0.0,0.0,0.0,0.0,256,0.7486566480001784,,
,,,,20260823,,0.8696050929884676,2208778284,8.0,False,fp_sens,False,6.0,196,0.1904270164311612,0.6839153612890354,,12.0,3.0,True,False,one_sample,64,249,1919.0,0,0,,,49.12491798202042,ok,,26,0.8,0.05000964413163565,False,,False,,,,,True,1.0,0.655,0.004016064257028112,,1.0,1.0,0,henon,fp_sens:00347,False,False,not_requested,ok,1.0,rr_route_b,True,1.0,0.0,0.0,0.0,0.0,256,0.7006763900008082,,
,,,,20260823,,0.2363865856590753,2446859969,4.0,False,fp_sens,False,11.0,96,0.1022538566405816,0.6734221797586816,,16.0,3.0,True,False,one_sample,256,253,2519.0,0,0,,,29.9824448820576,ok,,27,0.2429454882963043,0.7301732189713616,False,,False,,,,,True,1.0,0.09,0.003952569169960474,,1.0,1.0,0,henon,fp_sens:00348,False,False,not_requested,ok,1.0,original,True,1.0,0.0,0.0,0.0,0.0,256,0.6265997560003598,,
,,,,20260823,,0.23638658565907514,2446859969,4.0,False,fp_sens,False,11.0,96,0.1022538566405816,0.6734221797586817,,16.0,3.0,True,False,one_sample,256,253,2519.0,0,0,,,29.9824448820576,ok,,27,0.2429454882963044,0.7301732189713616,False,,False,,,,,True,1.0,0.09,0.003952569169960474,,1.0,1.0,0,henon,fp_sens:00349,False,False,not_requested,ok,1.0,nextafter,True,1.0,0.0,0.0,0.0,0.0,256,0.5579918549992726,,
,,,,20260823,,0.4641330640385221,2446859969,6.0,False,fp_sens,False,8.0,144,0.147309222026681,0.7534020417527925,,16.0,3.0,True,False,one_sample,63,251,1537.0,0,0,,,61.58543884824548,ok,,27,0.8000325520833332,0.05005270805355677,False,,False,,,,,True,1.0,0.055,0.00398406374501992,,1.0,1.0,0,henon,fp_sens:00350,False,False,not_requested,ok,1.0,rr_route_a,True,1.0,0.0,0.0,0.0,0.0,256,0.5580050049993588,,
,,,,20260823,,0.6982322999340561,2446859969,8.0,False,fp_sens,False,9.0,128,0.13213218796781082,0.7435449935532891,,16.0,3.0,True,False,one_sample,63,249,1229.0,0,0,,,23.081852978188834,ok,,27,0.8000325520833333,0.05005270805355677,False,,False,,,,,True,1.0,0.13,0.004016064257028112,,1.0,1.0,0,henon,fp_sens:00351,False,False,not_requested,ok,1.0,rr_route_b,True,1.0,0.0,0.0,0.0,0.0,256,0.5965764440006751,,
,,,,20260823,,0.2415718730800544,955981557,4.0,False,fp_sens,False,8.0,179,0.13578875527516607,0.6337754729390646,,11.0,3.0,True,False,one_sample,256,253,2517.0,0,0,,,16.52200773091297,ok,,28,0.257270621411468,0.7206180519285789,False,,False,,,,,True,1.0,0.11,0.003952569169960474,,1.0,1.0,0,henon,fp_sens:00352,False,False,not_requested,ok,1.0,original,True,1.0,0.0,0.0,0.0,0.0,256,0.6353863700005604,,
,,,,20260823,,0.2415718730800543,955981557,4.0,False,fp_sens,False,8.0,179,0.13578875527516604,0.6337754729390643,,11.0,3.0,True,False,one_sample,256,253,2517.0,0,0,,,16.52200773091297,ok,,28,0.2572706214114681,0.7206180519285789,False,,False,,,,,True,1.0,0.11,0.003952569169960474,,1.0,1.0,0,henon,fp_sens:00353,False,False,not_requested,ok,1.0,nextafter,True,1.0,0.0,0.0,0.0,0.0,256,0.6879750970001624,,
,,,,20260823,,0.2474358296526959,955981557,4.0,False,fp_sens,False,8.0,179,0.13534986119391798,0.6244387775276947,,11.0,3.0,True,False,one_sample,58,253,2139.0,0,0,,,28.24426943874462,ok,,28,0.7999348958333332,0.05007705872782665,False,,False,,,,,True,1.0,0.11,0.003952569169960474,,1.0,1.0,0,henon,fp_sens:00354,False,False,not_requested,ok,1.0,rr_route_a,True,1.0,0.0,0.0,0.0,0.0,256,0.8266554930014536,,
,,,,20260823,,0.24743582965269742,955981557,4.0,False,fp_sens,False,8.0,179,0.13534986119391768,0.6244387775276942,,11.0,3.0,True,False,one_sample,58,253,2128.0,0,0,,,27.30178074094887,ok,,28,0.7999348958333333,0.05007705872782665,False,,False,,,,,True,1.0,0.11,0.003952569169960474,,1.0,1.0,0,henon,fp_sens:00355,False,False,not_requested,ok,1.0,rr_route_b,True,1.0,0.0,0.0,0.0,0.0,256,0.9416643830008979,,
,,,,20260823,,0.23430953767892887,874063825,4.0,False,fp_sens,False,9.0,176,0.12144484413360489,0.6235067804312646,,10.0,3.0,True,False,one_sample,256,253,2518.0,0,0,,,19.119961869860035,ok,,29,0.2610878335909278,0.7194381866739806,False,,False,,,,,True,1.0,0.115,0.003952569169960474,,1.0,1.0,0,henon,fp_sens:00356,False,False,not_requested,ok,1.0,original,True,1.0,0.0,0.0,0.0,0.0,256,1.1594673580002564,,
,,,,20260823,,0.2343095376789289,874063825,4.0,False,fp_sens,False,9.0,176,0.12144484413360489,0.6235067804312646,,10.0,3.0,True,False,one_sample,256,253,2518.0,0,0,,,19.119961869860035,ok,,29,0.2610878335909279,0.7194381866739806,False,,False,,,,,True,1.0,0.115,0.003952569169960474,,1.0,1.0,0,henon,fp_sens:00357,False,False,not_requested,ok,1.0,nextafter,True,1.0,0.0,0.0,0.0,0.0,256,1.200799136000569,,
,,,,20260823,,0.338020432074749,874063825,5.0,False,fp_sens,False,7.0,184,0.16097371667581586,0.6889948452446399,,12.0,3.0,True,False,one_sample,64,252,2124.0,0,0,,,49.386590916751324,ok,,29,0.7999565972222222,0.05000359793068591,False,,False,,,,,True,1.0,0.1,0.003968253968253968,,1.0,1.0,0,henon,fp_sens:00358,False,False,not_requested,ok,1.0,rr_route_a,True,1.0,0.0,0.0,0.0,0.0,256,1.159397073000946,,
,,,,20260823,,0.5113458803735497,874063825,6.0,False,fp_sens,False,7.0,184,0.16097371667581592,0.6889948452446402,,12.0,3.0,True,False,one_sample,64,251,2066.0,0,0,,,72.89463861156503,ok,,29,0.7999565972222222,0.050003597930685914,False,,False,,,,,True,1.0,0.105,0.00398406374501992,,1.0,1.0,0,henon,fp_sens:00359,False,False,not_requested,ok,1.0,rr_route_b,True,1.0,0.0,0.0,0.0,0.0,256,1.0034610820002854,,
