J_W,M,bin_width,bins,data_seed,experiment,fp1_J,fp1_abs_error,fp1_cell_center_error,fp1_error,fp1_kde_mode_error,fp1_median_within_0.05_error,fp1_nearest,fp1_rank,fp1_significant,fp1_true,fp1_within_bin,fp2_J,fp2_abs_error,fp2_cell_center_error,fp2_error,fp2_kde_mode_error,fp2_median_within_0.05_error,fp2_nearest,fp2_rank,fp2_significant,fp2_true,fp2_within_bin,jacobian,n_runtime_warnings,period,rJ,range_policy,realization,seed,significance,significance_assessed,significant_peak_count,source_peak_count,status,system,task_id,tube,window_length,runtime_s,n_minimal_period1,n_minimal_period2,p2_fp1_error,p2_nearest_error,p2_nearest_rank,p2_strongest_error,p2_true_a,p2_true_b,p2_within_bin
,2,0.17040501295753316,15,3032515042,henon_loc,,0.004864501547592104,0.0450499566514051,0.004864501547592104,-0.0002476488411339295,-0.0007241463614638954,0.6362189786370968,1.0,,0.6313544770895047,True,,1.7675734557266014,1.8077589108304144,1.7675734557266014,1.7624613053378755,0.010207801206636669,0.6362189786370968,1.0,,-1.1313544770895048,False,estimated,0,1,,pad0,0,0,False,False,,1,ok,henon,henon_loc:00000,2.5,1024,0.7924802620000264,,,,,,,,,
,2,0.17040501295753316,15,3032515042,henon_loc,,,,,,,,,,,,,,,,,,,,,,,estimated,0,2,,pad0,0,0,False,False,,7,ok,henon,henon_loc:00001,2.5,1024,2.678757041001518,1.0,6.0,0.0032371910815545135,0.00617605864840487,1.0,0.00617605864840487,0.9758000511750563,-0.47580005117505625,True
,2,0.20448601554903983,15,3032515042,henon_loc,,0.009472987972166558,-0.023112048531608087,-0.009472987972166558,-0.00027111727245976436,-0.0007241463614638954,0.6218814891173381,1.0,,0.6313544770895047,True,,1.7532359662068429,1.7395969056474012,1.7532359662068429,1.7624378369065496,0.010207801206636669,0.6218814891173381,1.0,,-1.1313544770895048,False,estimated,0,1,,pad10,0,0,False,False,,1,ok,henon,henon_loc:00002,2.5,1024,0.7693453089996183,,,,,,,,,
,2,0.20448601554903983,15,3032515042,henon_loc,,,,,,,,,,,,,,,,,,,,,,,estimated,0,2,,pad10,0,0,False,False,,7,ok,henon,henon_loc:00003,2.5,1024,3.040343541999391,1.0,6.0,0.0006278088345436084,0.007087096795325043,1.0,0.007087096795325043,0.9758000511750563,-0.47580005117505625,True
,2,0.2556075194362998,15,3032515042,henon_loc,,0.02407261877090383,-0.12535505630612798,-0.02407261877090383,0.0002100955755446332,-0.0007241463614638954,0.6072818583186008,1.0,,0.6313544770895047,True,,1.7386363354081056,1.6373538978728814,1.7386363354081056,1.762919049754554,0.010207801206636669,0.6072818583186008,1.0,,-1.1313544770895048,False,estimated,0,1,,pad25,0,0,False,False,,1,ok,henon,henon_loc:00004,2.5,1024,0.7711791249985254,,,,,,,,,
,2,0.2556075194362998,15,3032515042,henon_loc,,,,,,,,,,,,,,,,,,,,,,,estimated,0,2,,pad25,0,0,False,False,,6,ok,henon,henon_loc:00005,2.5,1024,3.6580188980005914,1.0,5.0,0.011091840324648272,0.006717503548272052,1.0,0.006717503548272052,0.9758000511750563,-0.47580005117505625,True
,2,0.20448601554903983,15,3032515042,henon_loc,,0.008371221680484542,0.07913095924291191,0.008371221680484542,0.00019178105852291072,-0.0007241463614638954,0.6397256987699892,1.0,,0.6313544770895047,True,,1.771080175859494,1.8418399134219214,1.771080175859494,1.7629007352375323,0.010207801206636669,0.6397256987699892,1.0,,-1.1313544770895048,False,estimated,0,1,,pad10_shift,0,0,False,False,,1,ok,henon,henon_loc:00006,2.5,1024,1.360045743000228,,,,,,,,,
,2,0.20448601554903983,15,3032515042,henon_loc,,,,,,,,,,,,,,,,,,,,,,,estimated,0,2,,pad10_shift,0,0,False,False,,4,ok,henon,henon_loc:00007,2.5,1024,4.679730006999307,1.0,3.0,0.003427608247135283,0.004515887185569001,1.0,0.004515887185569001,0.9758000511750563,-0.47580005117505625,True
,2,0.17040501295753316,15,3032515042,henon_loc,,0.006426235505301636,0.0450499566514051,0.006426235505301636,3.604751939412232e-05,-0.0006783324265809965,0.6377807125948063,1.0,,0.6313544770895047,True,,1.769135189684311,1.8077589108304144,1.769135189684311,1.7627450016984034,-0.0030797667994340028,0.6377807125948063,1.0,,-1.1313544770895048,False,estimated,0,1,,pad0,0,0,False,False,,1,ok,henon,henon_loc:00008,5.0,1024,1.621044195999275,,,,,,,,,
,2,0.17040501295753316,15,3032515042,henon_loc,,,,,,,,,,,,,,,,,,,,,,,estimated,0,2,,pad0,0,0,False,False,,6,ok,henon,henon_loc:00009,5.0,1024,4.256510060999062,1.0,5.0,0.004220420972145367,0.0062018119028594,1.0,0.0062018119028594,0.9758000511750563,-0.47580005117505625,True
,2,0.20448601554903983,15,3032515042,henon_loc,,0.00882379028688518,-0.023112048531608087,-0.00882379028688518,-0.00013313462605102355,-0.0006783324265809965,0.6225306868026195,1.0,,0.6313544770895047,True,,1.7538851638921242,1.7395969056474012,1.7538851638921242,1.7625758195529584,-0.0030797667994340028,0.6225306868026195,1.0,,-1.1313544770895048,False,estimated,0,1,,pad10,0,0,False,False,,1,ok,henon,henon_loc:00010,5.0,1024,1.2830749339991598,,,,,,,,,
,2,0.20448601554903983,15,3032515042,henon_loc,,,,,,,,,,,,,,,,,,,,,,,estimated,0,2,,pad10,0,0,False,False,,5,ok,henon,henon_loc:00011,5.0,1024,2.6960639059998357,1.0,4.0,0.0008174505809103172,0.006714838757067687,1.0,0.006714838757067687,0.9758000511750563,-0.47580005117505625,True
,2,0.2556075194362998,15,3032515042,henon_loc,,0.033281827570986744,-0.12535505630612798,-0.033281827570986744,-5.285004426780482e-05,-0.0006783324265809965,0.5980726495185179,1.0,,0.6313544770895047,True,,1.7294271266080226,1.6373538978728814,1.7294271266080226,1.7626561041347415,-0.0030797667994340028,0.5980726495185179,1.0,,-1.1313544770895048,False,estimated,0,1,,pad25,0,0,False,False,,1,ok,henon,henon_loc:00012,5.0,1024,0.9304433719989902,,,,,,,,,
,2,0.2556075194362998,15,3032515042,henon_loc,,,,,,,,,,,,,,,,,,,,,,,estimated,0,2,,pad25,0,0,False,False,,6,ok,henon,henon_loc:00013,5.0,1024,2.61829690400009,1.0,5.0,0.012919105422182553,0.006489522161322814,1.0,0.006489522161322814,0.9758000511750563,-0.47580005117505625,True
,2,0.20448601554903983,15,3032515042,henon_loc,,0.012252372394514488,0.07913095924291191,0.012252372394514488,-1.6788538427903177e-05,-0.0006783324265809965,0.6436068494840191,1.0,,0.6313544770895047,True,,1.774961326573524,1.8418399134219214,1.774961326573524,1.7626921656405816,-0.0030797667994340028,0.6436068494840191,1.0,,-1.1313544770895048,False,estimated,0,1,,pad10_shift,0,0,False,False,,1,ok,henon,henon_loc:00014,5.0,1024,0.9065856220004207,,,,,,,,,
,2,0.20448601554903983,15,3032515042,henon_loc,,,,,,,,,,,,,,,,,,,,,,,estimated,0,2,,pad10_shift,0,0,False,False,,6,ok,henon,henon_loc:00015,5.0,1024,2.696185183000125,2.0,4.0,0.004525594708356895,0.004798671977521873,1.0,0.004798671977521873,0.9758000511750563,-0.47580005117505625,True
,2,0.17040501295753316,15,3032515042,henon_loc,,0.008591542268974073,0.0450499566514051,0.008591542268974073,-0.00035472091129640226,-0.0018273838951360366,0.6399460193584787,1.0,,0.6313544770895047,True,,1.7713004964479835,1.8077589108304144,1.7713004964479835,1.762354233267713,0.0034643753601371063,0.6399460193584787,1.0,,-1.1313544770895048,False,estimated,0,1,,pad0,0,0,False,False,,1,ok,henon,henon_loc:00016,10.0,1024,1.2309062980002636,,,,,,,,,
,2,0.17040501295753316,15,3032515042,henon_loc,,,,,,,,,,,,,,,,,,,,,,,estimated,0,2,,pad0,0,0,False,False,,6,ok,henon,henon_loc:00017,10.0,1024,2.7621918299992103,1.0,5.0,0.005684927582077837,0.008875596031115651,1.0,0.008875596031115651,0.9758000511750563,-0.47580005117505625,True
0.0,2,0.20448601554903983,15,3032515042,henon_loc,0.0,0.011513754129848675,-0.023112048531608087,-0.011513754129848675,-0.0002670232746514456,-0.0018273838951360366,0.619840722959656,1.0,True,0.6313544770895047,True,0.0,1.7511952000491608,1.7395969056474012,1.7511952000491608,1.762441930904358,0.0034643753601371063,0.619840722959656,1.0,True,-1.1313544770895048,False,estimated,0,1,14.686788085521105,pad10,0,0,True,True,1.0,1,ok,henon,henon_loc:00018,10.0,1024,38.90377582899964,,,,,,,,,
,2,0.20448601554903983,15,3032515042,henon_loc,,,,,,,,,,,,,,,,,,,,,,,estimated,0,2,,pad10,0,0,False,False,,5,ok,henon,henon_loc:00019,10.0,1024,3.3284867000002123,1.0,4.0,0.0009377761499309578,0.009608288243529883,1.0,0.009608288243529883,0.9758000511750563,-0.47580005117505625,True
,2,0.2556075194362998,15,3032515042,henon_loc,,0.04408064020965896,-0.12535505630612798,-0.04408064020965896,1.1656893102673926e-05,-0.0018273838951360366,0.5872738368798457,1.0,,0.6313544770895047,True,,1.7186283139693503,1.6373538978728814,1.7186283139693503,1.762720611072112,0.0034643753601371063,0.5872738368798457,1.0,,-1.1313544770895048,False,estimated,0,1,,pad25,0,0,False,False,,1,ok,henon,henon_loc:00020,10.0,1024,2.087263826000708,,,,,,,,,
,2,0.2556075194362998,15,3032515042,henon_loc,,,,,,,,,,,,,,,,,,,,,,,estimated,0,2,,pad25,0,0,False,False,,6,ok,henon,henon_loc:00021,10.0,1024,4.453968883999551,1.0,5.0,0.00499164830908938,0.00886473930154652,1.0,0.00886473930154652,0.9758000511750563,-0.47580005117505625,True
,2,0.20448601554903983,15,3032515042,henon_loc,,0.017923429159721227,0.07913095924291191,0.017923429159721227,3.090279918027683e-05,-0.0018273838951360366,0.6492779062492259,1.0,,0.6313544770895047,True,,1.7806323833387308,1.8418399134219214,1.7806323833387308,1.7627398569781896,0.0034643753601371063,0.6492779062492259,1.0,,-1.1313544770895048,False,estimated,0,1,,pad10_shift,0,0,False,False,,1,ok,henon,henon_loc:00022,10.0,1024,1.209220611001001,,,,,,,,,
,2,0.20448601554903983,15,3032515042,henon_loc,,,,,,,,,,,,,,,,,,,,,,,estimated,0,2,,pad10_shift,0,0,False,False,,6,ok,henon,henon_loc:00023,10.0,1024,2.675208652000947,2.0,4.0,0.0061982098405922725,0.006644791985520149,1.0,0.006644791985520149,0.9758000511750563,-0.47580005117505625,True
,2,0.17040501295753316,15,3032515042,henon_loc,,0.015641169961341017,0.0450499566514051,0.015641169961341017,-0.00012129373723079873,-0.0024419570972836757,0.6469956470508457,1.0,,0.6313544770895047,True,,1.7783501241403505,1.8077589108304144,1.7783501241403505,1.7625876604417785,0.010207801206636669,0.6469956470508457,1.0,,-1.1313544770895048,False,estimated,0,1,,pad0,0,0,False,False,,1,ok,henon,henon_loc:00024,20.0,1024,1.6742657849990792,,,,,,,,,
,2,0.17040501295753316,15,3032515042,henon_loc,,,,,,,,,,,,,,,,,,,,,,,estimated,0,2,,pad0,0,0,False,False,,6,ok,henon,henon_loc:00025,20.0,1024,2.668666489000316,1.0,5.0,0.008227762310848319,0.012687159210696852,1.0,0.012687159210696852,0.9758000511750563,-0.47580005117505625,True
,2,0.20448601554903983,15,3032515042,henon_loc,,0.017267359500534374,-0.023112048531608087,-0.017267359500534374,-0.00039726321773858597,-0.0024419570972836757,0.6140871175889703,1.0,,0.6313544770895047,True,,1.745441594678475,1.7395969056474012,1.745441594678475,1.7623116909612708,0.010207801206636669,0.6140871175889703,1.0,,-1.1313544770895048,False,estimated,0,1,,pad10,0,0,False,False,,1,ok,henon,henon_loc:00026,20.0,1024,2.009513662000245,,,,,,,,,
,2,0.20448601554903983,15,3032515042,henon_loc,,,,,,,,,,,,,,,,,,,,,,,estimated,0,2,,pad10,0,0,False,False,,5,ok,henon,henon_loc:00027,20.0,1024,4.553648262999559,1.0,4.0,0.0007685524716790626,0.01570036263848551,1.0,0.01570036263848551,0.9758000511750563,-0.47580005117505625,True
,2,0.2556075194362998,15,3032515042,henon_loc,,0.06253068004304452,-0.12535505630612798,-0.06253068004304452,9.316221884891895e-05,-0.0024419570972836757,0.5688237970464601,1.0,,0.6313544770895047,True,,1.7001782741359648,1.6373538978728814,1.7001782741359648,1.7628021163978582,0.010207801206636669,0.5688237970464601,1.0,,-1.1313544770895048,False,estimated,0,1,,pad25,0,0,False,False,,1,ok,henon,henon_loc:00028,20.0,1024,2.854922008000358,,,,,,,,,
,2,0.2556075194362998,15,3032515042,henon_loc,,,,,,,,,,,,,,,,,,,,,,,estimated,0,2,,pad25,0,0,False,False,,6,ok,henon,henon_loc:00029,20.0,1024,2.7556143070014514,1.0,5.0,0.008418168810114035,0.008834373775311655,1.0,0.01346539127646984,0.9758000511750563,-0.47580005117505625,True
,2,0.20448601554903983,15,3032515042,henon_loc,,0.029118348684400885,0.07913095924291191,0.029118348684400885,-2.0908531337293645e-05,-0.0024419570972836757,0.6604728257739055,1.0,,0.6313544770895047,True,,1.7918273028634104,1.8418399134219214,1.7918273028634104,1.7626880456476721,0.010207801206636669,0.6604728257739055,1.0,,-1.1313544770895048,False,estimated,0,1,,pad10_shift,0,0,False,False,,1,ok,henon,henon_loc:00030,20.0,1024,1.7179128930001752,,,,,,,,,
,2,0.20448601554903983,15,3032515042,henon_loc,,,,,,,,,,,,,,,,,,,,,,,estimated,0,2,,pad10_shift,0,0,False,False,,6,ok,henon,henon_loc:00031,20.0,1024,2.688426527000047,2.0,4.0,0.009966112142535066,0.00987405260876989,1.0,0.00987405260876989,0.9758000511750563,-0.47580005117505625,True
,2,0.17040501295753316,15,3032515042,henon_loc,,0.02162403062038054,0.0450499566514051,0.02162403062038054,-0.00010260853170496187,-0.002622643083040166,0.6529785077098852,1.0,,0.6313544770895047,True,,1.78433298479939,1.8077589108304144,1.78433298479939,1.7626063456473045,0.000546981436780225,0.6529785077098852,1.0,,-1.1313544770895048,False,estimated,0,1,,pad0,0,0,False,False,,1,ok,henon,henon_loc:00032,40.0,1024,2.2416356849989825,,,,,,,,,
,2,0.17040501295753316,15,3032515042,henon_loc,,,,,,,,,,,,,,,,,,,,,,,estimated,0,2,,pad0,0,0,False,False,,7,ok,henon,henon_loc:00033,40.0,1024,4.914992809999603,1.0,6.0,0.011363186849758455,0.01605209513275152,1.0,0.01605209513275152,0.9758000511750563,-0.47580005117505625,True
,2,0.20448601554903983,15,3032515042,henon_loc,,0.0191926462023273,-0.023112048531608087,-0.0191926462023273,-0.00027768976404107804,-0.002622643083040166,0.6121618308871773,1.0,,0.6313544770895047,True,,1.743516307976682,1.7395969056474012,1.743516307976682,1.7624312644149684,0.000546981436780225,0.6121618308871773,1.0,,-1.1313544770895048,False,estimated,0,1,,pad10,0,0,False,False,,1,ok,henon,henon_loc:00034,40.0,1024,4.052342471000884,,,,,,,,,
,2,0.20448601554903983,15,3032515042,henon_loc,,,,,,,,,,,,,,,,,,,,,,,estimated,0,2,,pad10,0,0,False,False,,5,ok,henon,henon_loc:00035,40.0,1024,4.030627322999862,1.0,4.0,0.0012444040160518588,0.022307148501005236,1.0,0.022307148501005236,0.9758000511750563,-0.47580005117505625,True
,2,0.2556075194362998,15,3032515042,henon_loc,,0.08090946584308079,-0.12535505630612798,-0.08090946584308079,-0.00039309722064639896,-0.002622643083040166,0.5504450112464239,1.0,,0.6313544770895047,True,,1.6817994883359286,1.6373538978728814,1.6817994883359286,1.762315856958363,0.000546981436780225,0.5504450112464239,1.0,,-1.1313544770895048,False,estimated,0,1,,pad25,0,0,False,False,,1,ok,henon,henon_loc:00036,40.0,1024,3.6642416949998733,,,,,,,,,
,2,0.2556075194362998,15,3032515042,henon_loc,,,,,,,,,,,,,,,,,,,,,,,estimated,0,2,,pad25,0,0,False,False,,6,ok,henon,henon_loc:00037,40.0,1024,2.778366754999297,1.0,5.0,0.01402163347577512,0.015205091359592027,1.0,0.017157029875351726,0.9758000511750563,-0.47580005117505625,True
,2,0.20448601554903983,15,3032515042,henon_loc,,0.04038220862603592,0.07913095924291191,0.04038220862603592,-0.0005149944837720133,-0.002622643083040166,0.6717366857155406,1.0,,0.6313544770895047,True,,1.8030911628050452,1.8418399134219214,1.8030911628050452,1.7621939596952374,0.000546981436780225,0.6717366857155406,1.0,,-1.1313544770895048,False,estimated,0,1,,pad10_shift,0,0,False,False,,1,ok,henon,henon_loc:00038,40.0,1024,2.2308159000003798,,,,,,,,,
,2,0.20448601554903983,15,3032515042,henon_loc,,,,,,,,,,,,,,,,,,,,,,,estimated,0,2,,pad10_shift,0,0,False,False,,6,ok,henon,henon_loc:00039,40.0,1024,2.7521951430007903,2.0,4.0,0.016530740448095216,0.013014046388488243,1.0,0.013014046388488243,0.9758000511750563,-0.47580005117505625,True
,2,0.1278037597181499,20,3032515042,henon_loc,,0.019681292661650862,-0.06145317644705284,-0.019681292661650862,-0.00019121930463306125,-0.0007241463614638954,0.6116731844278538,1.0,,0.6313544770895047,True,,1.7430276615173586,1.7012557777319566,1.7430276615173586,1.7625177348743764,0.010207801206636669,0.6116731844278538,1.0,,-1.1313544770895048,False,estimated,0,1,,pad0,0,0,False,False,,1,ok,henon,henon_loc:00040,2.5,1024,0.7494124559998454,,,,,,,,,
,2,0.1278037597181499,20,3032515042,henon_loc,,,,,,,,,,,,,,,,,,,,,,,estimated,0,2,,pad0,0,0,False,False,,13,ok,henon,henon_loc:00041,2.5,1024,2.7752357230001508,1.0,12.0,0.0078877046650081,0.00206310899815626,1.0,0.00206310899815626,0.9758000511750563,-0.47580005117505625,True
,2,0.15336451166177986,20,3032515042,henon_loc,,0.0067511108096283134,0.05357020729928175,0.0067511108096283134,-0.0001502922151518371,-0.0007241463614638954,0.638105587899133,1.0,,0.6313544770895047,True,,1.7694600649886376,1.8162791614782912,1.7694600649886376,1.7625586619638576,0.010207801206636669,0.638105587899133,1.0,,-1.1313544770895048,False,estimated,0,1,,pad10,0,0,False,False,,1,ok,henon,henon_loc:00042,2.5,1024,0.7906262699998479,,,,,,,,,
,2,0.15336451166177986,20,3032515042,henon_loc,,,,,,,,,,,,,,,,,,,,,,,estimated,0,2,,pad10,0,0,False,False,,11,ok,henon,henon_loc:00043,2.5,1024,2.831861579999895,2.0,9.0,0.0031980721077553564,0.0048800549072257615,1.0,0.0048800549072257615,0.9758000511750563,-0.47580005117505625,True
,2,0.19170563957722483,20,3032515042,henon_loc,,0.0035731730894054126,0.034399643341559316,-0.0035731730894054126,-0.00021832439680402604,-0.0007241463614638954,0.6277813040000992,1.0,,0.6313544770895047,True,,1.759135781089604,1.7971085975205687,1.759135781089604,1.7624906297822054,0.010207801206636669,0.6277813040000992,1.0,,-1.1313544770895048,False,estimated,0,1,,pad25,0,0,False,False,,1,ok,henon,henon_loc:00044,2.5,1024,0.7568244619997131,,,,,,,,,
,2,0.19170563957722483,20,3032515042,henon_loc,,,,,,,,,,,,,,,,,,,,,,,estimated,0,2,,pad25,0,0,False,False,,7,ok,henon,henon_loc:00045,2.5,1024,2.8960720080012834,2.0,5.0,0.003084162379784483,0.0022879734224463544,1.0,0.009151831866471394,0.9758000511750563,-0.47580005117505625,True
,2,0.15336451166177986,20,3032515042,henon_loc,,0.009517418900344743,-0.023112048531608198,-0.009517418900344743,6.786307851647244e-05,-0.0007241463614638954,0.6218370581891599,1.0,,0.6313544770895047,True,,1.7531915352786647,1.7395969056474012,1.7531915352786647,1.7627768172575258,0.010207801206636669,0.6218370581891599,1.0,,-1.1313544770895048,False,estimated,0,1,,pad10_shift,0,0,False,False,,1,ok,henon,henon_loc:00046,2.5,1024,0.9458235109996167,,,,,,,,,
,2,0.15336451166177986,20,3032515042,henon_loc,,,,,,,,,,,,,,,,,,,,,,,estimated,0,2,,pad10_shift,0,0,False,False,,7,ok,henon,henon_loc:00047,2.5,1024,4.866267740000694,1.0,6.0,0.0003830896885020918,0.0038926574939220915,1.0,0.0038926574939220915,0.9758000511750563,-0.47580005117505625,True
,2,0.1278037597181499,20,3032515042,henon_loc,,0.023860829563965402,-0.06145317644705284,-0.023860829563965402,0.00010237538318769168,-0.0006783324265809965,0.6074936475255392,1.0,,0.6313544770895047,True,,1.738848124615044,1.7012557777319566,1.738848124615044,1.7628113295621972,-0.0030797667994340028,0.6074936475255392,1.0,,-1.1313544770895048,False,estimated,0,1,,pad0,0,0,False,False,,1,ok,henon,henon_loc:00048,5.0,1024,1.387598330000401,,,,,,,,,
,2,0.1278037597181499,20,3032515042,henon_loc,,,,,,,,,,,,,,,,,,,,,,,estimated,0,2,,pad0,0,0,False,False,,12,ok,henon,henon_loc:00049,5.0,1024,4.51312045800114,1.0,11.0,0.009199141906998332,0.002036797704027482,1.0,0.002036797704027482,0.9758000511750563,-0.47580005117505625,True
,2,0.15336451166177986,20,3032515042,henon_loc,,0.00940336625402094,0.05357020729928175,0.00940336625402094,-0.00018191572484027585,-0.0006783324265809965,0.6407578433435256,1.0,,0.6313544770895047,True,,1.7721123204330302,1.8162791614782912,1.7721123204330302,1.7625270384541691,-0.0030797667994340028,0.6407578433435256,1.0,,-1.1313544770895048,False,estimated,0,1,,pad10,0,0,False,False,,1,ok,henon,henon_loc:00050,5.0,1024,1.6676218989996414,,,,,,,,,
,2,0.15336451166177986,20,3032515042,henon_loc,,,,,,,,,,,,,,,,,,,,,,,estimated,0,2,,pad10,0,0,False,False,,12,ok,henon,henon_loc:00051,5.0,1024,3.222066682001241,2.0,10.0,0.004099951055422157,0.005086800354236309,1.0,0.005086800354236309,0.9758000511750563,-0.47580005117505625,True
,2,0.19170563957722483,20,3032515042,henon_loc,,0.0002564115487284635,0.034399643341559316,-0.0002564115487284635,-0.0002564115487284635,-0.0006783324265809965,0.6310980655407762,1.0,,0.6313544770895047,True,,1.7624525426302808,1.7971085975205687,1.7624525426302808,1.7624525426302808,-0.0030797667994340028,0.6310980655407762,1.0,,-1.1313544770895048,False,estimated,0,1,,pad25,0,0,False,False,,1,ok,henon,henon_loc:00052,5.0,1024,1.1713758660007443,,,,,,,,,
,2,0.19170563957722483,20,3032515042,henon_loc,,,,,,,,,,,,,,,,,,,,,,,estimated,0,2,,pad25,0,0,False,False,,7,ok,henon,henon_loc:00053,5.0,1024,2.8029505390004488,1.0,6.0,0.004092616248400183,0.00258066183593586,1.0,0.008898757571170868,0.9758000511750563,-0.47580005117505625,True
,2,0.15336451166177986,20,3032515042,henon_loc,,0.008616863480196413,-0.023112048531608198,-0.008616863480196413,-0.00018181533879857437,-0.0006783324265809965,0.6227376136093082,1.0,,0.6313544770895047,True,,1.754092090698813,1.7395969056474012,1.754092090698813,1.7625271388402108,-0.0030797667994340028,0.6227376136093082,1.0,,-1.1313544770895048,False,estimated,0,1,,pad10_shift,0,0,False,False,,1,ok,henon,henon_loc:00054,5.0,1024,0.858571746999587,,,,,,,,,
,2,0.15336451166177986,20,3032515042,henon_loc,,,,,,,,,,,,,,,,,,,,,,,estimated,0,2,,pad10_shift,0,0,False,False,,9,ok,henon,henon_loc:00055,5.0,1024,2.760527562999414,1.0,8.0,0.0004136099295973805,0.0040250979478915205,1.0,0.0040250979478915205,0.9758000511750563,-0.47580005117505625,True
,2,0.1278037597181499,20,3032515042,henon_loc,,0.03082764325971732,-0.06145317644705284,-0.03082764325971732,-0.00015474092736134093,-0.0018273838951360366,0.6005268338297873,1.0,,0.6313544770895047,True,,1.731881310919292,1.7012557777319566,1.731881310919292,1.762554213251648,0.0034643753601371063,0.6005268338297873,1.0,,-1.1313544770895048,False,estimated,0,1,,pad0,0,0,False,False,,1,ok,henon,henon_loc:00056,10.0,1024,1.1868250019997504,,,,,,,,,
,2,0.1278037597181499,20,3032515042,henon_loc,,,,,,,,,,,,,,,,,,,,,,,estimated,0,2,,pad0,0,0,False,False,,11,ok,henon,henon_loc:00057,10.0,1024,2.7393730509993475,1.0,10.0,0.010699552368580556,0.00265073461528309,1.0,0.00265073461528309,0.9758000511750563,-0.47580005117505625,True
0.0,2,0.15336451166177986,20,3032515042,henon_loc,0.0,0.014064217284271763,0.05357020729928175,0.014064217284271763,-0.00012200004444284929,-0.0018273838951360366,0.6454186943737764,1.0,True,0.6313544770895047,True,0.0,1.7767731714632813,1.8162791614782912,1.7767731714632813,1.7625869541345667,0.0034643753601371063,0.6454186943737764,1.0,True,-1.1313544770895048,False,estimated,0,1,9.835779253389878,pad10,0,0,True,True,1.0,1,ok,henon,henon_loc:00058,10.0,1024,38.29612625499976,,,,,,,,,
,2,0.15336451166177986,20,3032515042,henon_loc,,,,,,,,,,,,,,,,,,,,,,,estimated,0,2,,pad10,0,0,False,False,,11,ok,henon,henon_loc:00059,10.0,1024,2.6649771359989245,2.0,9.0,0.005568197508547756,0.006671021614194972,1.0,0.006671021614194972,0.9758000511750563,-0.47580005117505625,True
,2,0.19170563957722483,20,3032515042,henon_loc,,0.0014149628630412137,0.034399643341559316,0.0014149628630412137,-2.282943378795199e-05,-0.0018273838951360366,0.6327694399525459,1.0,,0.6313544770895047,True,,1.7641239170420506,1.7971085975205687,1.7641239170420506,1.7626861247452215,0.0034643753601371063,0.6327694399525459,1.0,,-1.1313544770895048,False,estimated,0,1,,pad25,0,0,False,False,,1,ok,henon,henon_loc:00060,10.0,1024,1.8235785930010024,,,,,,,,,
,2,0.19170563957722483,20,3032515042,henon_loc,,,,,,,,,,,,,,,,,,,,,,,estimated,0,2,,pad25,0,0,False,False,,7,ok,henon,henon_loc:00061,10.0,1024,4.6600821030006045,1.0,6.0,0.005452245901828245,0.002946095517039393,1.0,0.012430539354546521,0.9758000511750563,-0.47580005117505625,True
,2,0.15336451166177986,20,3032515042,henon_loc,,0.011714905789083074,-0.023112048531608198,-0.011714905789083074,-0.00021256741444963811,-0.0018273838951360366,0.6196395713004216,1.0,,0.6313544770895047,True,,1.7509940483899262,1.7395969056474012,1.7509940483899262,1.7624963867645598,0.0034643753601371063,0.6196395713004216,1.0,,-1.1313544770895048,False,estimated,0,1,,pad10_shift,0,0,False,False,,1,ok,henon,henon_loc:00062,10.0,1024,2.105585498000437,,,,,,,,,
,2,0.15336451166177986,20,3032515042,henon_loc,,,,,,,,,,,,,,,,,,,,,,,estimated,0,2,,pad10_shift,0,0,False,False,,9,ok,henon,henon_loc:00063,10.0,1024,2.670544096999947,1.0,8.0,0.00029711493667650135,0.00520251245886183,1.0,0.00520251245886183,0.9758000511750563,-0.47580005117505625,True
,2,0.1278037597181499,20,3032515042,henon_loc,,0.041329720136145776,-0.06145317644705284,-0.041329720136145776,-0.00011300762704236078,-0.0024419570972836757,0.5900247569533589,1.0,,0.6313544770895047,True,,1.7213792340428635,1.7012557777319566,1.7213792340428635,1.7625959465519672,0.010207801206636669,0.5900247569533589,1.0,,-1.1313544770895048,False,estimated,0,1,,pad0,0,0,False,False,,1,ok,henon,henon_loc:00064,20.0,1024,1.5647954649994062,,,,,,,,,
,2,0.1278037597181499,20,3032515042,henon_loc,,,,,,,,,,,,,,,,,,,,,,,estimated,0,2,,pad0,0,0,False,False,,9,ok,henon,henon_loc:00065,20.0,1024,2.722653767999873,1.0,8.0,0.0042972397262012185,0.002766861441253432,1.0,0.002766861441253432,0.9758000511750563,-0.47580005117505625,True
,2,0.15336451166177986,20,3032515042,henon_loc,,0.022668147970300923,0.05357020729928175,0.022668147970300923,-0.0003365287789660609,-0.0024419570972836757,0.6540226250598056,1.0,,0.6313544770895047,True,,1.7853771021493103,1.8162791614782912,1.7853771021493103,1.7623724254000432,0.010207801206636669,0.6540226250598056,1.0,,-1.1313544770895048,False,estimated,0,1,,pad10,0,0,False,False,,1,ok,henon,henon_loc:00066,20.0,1024,1.6882852359995013,,,,,,,,,
,2,0.15336451166177986,20,3032515042,henon_loc,,,,,,,,,,,,,,,,,,,,,,,estimated,0,2,,pad10,0,0,False,False,,8,ok,henon,henon_loc:00067,20.0,1024,3.8479065599985915,2.0,6.0,0.008517250007890942,0.010457289114671975,1.0,0.010457289114671975,0.9758000511750563,-0.47580005117505625,True
,2,0.19170563957722483,20,3032515042,henon_loc,,0.006639095368775938,0.034399643341559316,0.006639095368775938,-7.060201642694608e-05,-0.0024419570972836757,0.6379935724582806,1.0,,0.6313544770895047,True,,1.7693480495477854,1.7971085975205687,1.7693480495477854,1.7626383521625826,0.010207801206636669,0.6379935724582806,1.0,,-1.1313544770895048,False,estimated,0,1,,pad25,0,0,False,False,,1,ok,henon,henon_loc:00068,20.0,1024,2.8960848360002274,,,,,,,,,
,2,0.19170563957722483,20,3032515042,henon_loc,,,,,,,,,,,,,,,,,,,,,,,estimated,0,2,,pad25,0,0,False,False,,7,ok,henon,henon_loc:00069,20.0,1024,3.7604920770008903,1.0,6.0,0.007616076111619963,0.004020526284984505,1.0,0.01972001457922301,0.9758000511750563,-0.47580005117505625,True
,2,0.15336451166177986,20,3032515042,henon_loc,,0.01672465916279997,-0.023112048531608198,-0.01672465916279997,-0.00023797415915860487,-0.0024419570972836757,0.6146298179267047,1.0,,0.6313544770895047,True,,1.7459842950162094,1.7395969056474012,1.7459842950162094,1.7624709800198508,0.010207801206636669,0.6146298179267047,1.0,,-1.1313544770895048,False,estimated,0,1,,pad10_shift,0,0,False,False,,1,ok,henon,henon_loc:00070,20.0,1024,1.649632835000375,,,,,,,,,
,2,0.15336451166177986,20,3032515042,henon_loc,,,,,,,,,,,,,,,,,,,,,,,estimated,0,2,,pad10_shift,0,0,False,False,,9,ok,henon,henon_loc:00071,20.0,1024,2.715301426998849,1.0,8.0,8.690344914341619e-05,0.008517090179370967,1.0,0.008517090179370967,0.9758000511750563,-0.47580005117505625,True
,2,0.1278037597181499,20,3032515042,henon_loc,,0.04608822183823358,-0.06145317644705284,-0.04608822183823358,-0.00039837773899498163,-0.002622643083040166,0.5852662552512711,1.0,,0.6313544770895047,True,,1.7166207323407758,1.7012557777319566,1.7166207323407758,1.7623105764400144,0.000546981436780225,0.5852662552512711,1.0,,-1.1313544770895048,False,estimated,0,1,,pad0,0,0,False,False,,1,ok,henon,henon_loc:00072,40.0,1024,2.0446748609992937,,,,,,,,,
,2,0.1278037597181499,20,3032515042,henon_loc,,,,,,,,,,,,,,,,,,,,,,,estimated,0,2,,pad0,0,0,False,False,,8,ok,henon,henon_loc:00073,40.0,1024,3.247867916999894,1.0,7.0,0.00503262989411668,0.0023243438569363617,1.0,0.0023243438569363617,0.9758000511750563,-0.47580005117505625,True
,2,0.15336451166177986,20,3032515042,henon_loc,,0.029468448222059518,0.05357020729928175,0.029468448222059518,-0.00043763155198750514,-0.002622643083040166,0.6608229253115642,1.0,,0.6313544770895047,True,,1.792177402401069,1.8162791614782912,1.792177402401069,1.762271322627022,0.000546981436780225,0.6608229253115642,1.0,,-1.1313544770895048,False,estimated,0,1,,pad10,0,0,False,False,,1,ok,henon,henon_loc:00074,40.0,1024,2.1387626830000954,,,,,,,,,
,2,0.15336451166177986,20,3032515042,henon_loc,,,,,,,,,,,,,,,,,,,,,,,estimated,0,2,,pad10,0,0,False,False,,9,ok,henon,henon_loc:00075,40.0,1024,4.5884992299997975,2.0,7.0,0.01311038227344874,0.018217319003362653,1.0,0.018217319003362653,0.9758000511750563,-0.47580005117505625,True
,2,0.19170563957722483,20,3032515042,henon_loc,,0.012056779621484548,0.034399643341559316,0.012056779621484548,-0.0004040869510349987,-0.002622643083040166,0.6434112567109892,1.0,,0.6313544770895047,True,,1.774765733800494,1.7971085975205687,1.774765733800494,1.7623048672279744,0.000546981436780225,0.6434112567109892,1.0,,-1.1313544770895048,False,estimated,0,1,,pad25,0,0,False,False,,1,ok,henon,henon_loc:00076,40.0,1024,3.8552209899989975,,,,,,,,,
,2,0.19170563957722483,20,3032515042,henon_loc,,,,,,,,,,,,,,,,,,,,,,,estimated,0,2,,pad25,0,0,False,False,,7,ok,henon,henon_loc:00077,40.0,1024,4.845191003001673,1.0,6.0,0.00974872103905311,0.008317776211696049,1.0,0.02753294085064162,0.9758000511750563,-0.47580005117505625,True
,2,0.15336451166177986,20,3032515042,henon_loc,,0.018484249442608403,-0.023112048531608198,-0.018484249442608403,-0.0004639193223492377,-0.002622643083040166,0.6128702276468962,1.0,,0.6313544770895047,True,,1.744224704736401,1.7395969056474012,1.744224704736401,1.7622450348566603,0.000546981436780225,0.6128702276468962,1.0,,-1.1313544770895048,False,estimated,0,1,,pad10_shift,0,0,False,False,,1,ok,henon,henon_loc:00078,40.0,1024,3.6966460670009837,,,,,,,,,
,2,0.15336451166177986,20,3032515042,henon_loc,,,,,,,,,,,,,,,,,,,,,,,estimated,0,2,,pad10_shift,0,0,False,False,,8,ok,henon,henon_loc:00079,40.0,1024,2.9041740390002815,1.0,7.0,0.0019941203539936003,0.013816498092791063,1.0,0.018297130239887827,0.9758000511750563,-0.47580005117505625,True
,2,0.08520250647876658,30,3032515042,henon_loc,,0.00025541406425588775,0.0024487034120217466,0.00025541406425588775,4.240779805897432e-05,-0.0007241463614638954,0.6316098911537605,1.0,,0.6313544770895047,True,,1.7629643682432654,1.7651576575910313,1.7629643682432654,1.7627513619770685,0.010207801206636669,0.6316098911537605,1.0,,-1.1313544770895048,False,estimated,0,1,,pad0,0,0,False,False,,1,ok,henon,henon_loc:00080,2.5,1024,0.7604240880009456,,,,,,,,,
,2,0.08520250647876658,30,3032515042,henon_loc,,,,,,,,,,,,,,,,,,,,,,,estimated,0,2,,pad0,0,0,False,False,,16,ok,henon,henon_loc:00081,2.5,1024,2.7482204620009725,1.0,15.0,0.0012232442231895346,0.001378257708533559,1.0,0.002157742500874582,0.9758000511750563,-0.47580005117505625,True
0.0,2,0.10224300777451992,30,3032515042,henon_loc,0.0,0.004172620634517177,0.028009455355652246,0.004172620634517177,-0.00017270719589990158,-0.0007241463614638954,0.6355270977240218,1.0,True,0.6313544770895047,True,0.0,1.7668815748135267,1.7907184095346618,1.7668815748135267,1.7625362469831094,0.010207801206636669,0.6355270977240218,1.0,True,-1.1313544770895048,False,estimated,0,1,6.9902363253078885,pad10,0,0,True,True,1.0,1,ok,henon,henon_loc:00082,2.5,1024,38.0874571789991,,,,,,,,,
,2,0.10224300777451992,30,3032515042,henon_loc,,,,,,,,,,,,,,,,,,,,,,,estimated,0,2,,pad10,0,0,False,False,,10,ok,henon,henon_loc:00083,2.5,1024,2.6627797599994665,1.0,9.0,0.002536546033757303,0.002223693278809058,1.0,0.002223693278809058,0.9758000511750563,-0.47580005117505625,True
,2,0.1278037597181499,30,3032515042,henon_loc,,0.019681292661650862,-0.06145317644705306,-0.019681292661650862,-0.00019121930463306125,-0.0007241463614638954,0.6116731844278538,1.0,,0.6313544770895047,True,,1.7430276615173586,1.7012557777319564,1.7430276615173586,1.7625177348743764,0.010207801206636669,0.6116731844278538,1.0,,-1.1313544770895048,False,estimated,0,1,,pad25,0,0,False,False,,1,ok,henon,henon_loc:00084,2.5,1024,0.7529530930005421,,,,,,,,,
,2,0.1278037597181499,30,3032515042,henon_loc,,,,,,,,,,,,,,,,,,,,,,,estimated,0,2,,pad25,0,0,False,False,,13,ok,henon,henon_loc:00085,2.5,1024,3.6679319310005667,1.0,12.0,0.0078877046650081,0.00206310899815626,1.0,0.00206310899815626,0.9758000511750563,-0.47580005117505625,True
,2,0.10224300777451992,30,3032515042,henon_loc,,0.009866986754038742,-0.023112048531608087,-0.009866986754038742,-0.00015390101545931234,-0.0007241463614638954,0.6214874903354659,1.0,,0.6313544770895047,True,,1.7528419674249707,1.7395969056474012,1.7528419674249707,1.76255505316355,0.010207801206636669,0.6214874903354659,1.0,,-1.1313544770895048,False,estimated,0,1,,pad10_shift,0,0,False,False,,1,ok,henon,henon_loc:00086,2.5,1024,0.9513653800004249,,,,,,,,,
,2,0.10224300777451992,30,3032515042,henon_loc,,,,,,,,,,,,,,,,,,,,,,,estimated,0,2,,pad10_shift,0,0,False,False,,14,ok,henon,henon_loc:00087,2.5,1024,4.599501590999353,1.0,13.0,5.7757215558229547e-05,0.004552190295919467,1.0,0.004552190295919467,0.9758000511750563,-0.47580005117505625,True
,2,0.08520250647876658,30,3032515042,henon_loc,,0.0004147654763306807,0.0024487034120217466,0.0004147654763306807,-1.1247056063146132e-05,-0.0006783324265809965,0.6317692425658353,1.0,,0.6313544770895047,True,,1.76312371965534,1.7651576575910313,1.76312371965534,1.7626977071229462,-0.0030797667994340028,0.6317692425658353,1.0,,-1.1313544770895048,False,estimated,0,1,,pad0,0,0,False,False,,1,ok,henon,henon_loc:00088,5.0,1024,0.8413636320001388,,,,,,,,,
,2,0.08520250647876658,30,3032515042,henon_loc,,,,,,,,,,,,,,,,,,,,,,,estimated,0,2,,pad0,0,0,False,False,,19,ok,henon,henon_loc:00089,5.0,1024,2.6910840930013364,1.0,18.0,0.0014281878490528532,0.0012871530555520483,1.0,0.0022647276290145846,0.9758000511750563,-0.47580005117505625,True
0.0,2,0.10224300777451992,30,3032515042,henon_loc,0.0,0.006218762340305606,0.028009455355652246,0.006218762340305606,8.418187383441023e-05,-0.0006783324265809965,0.6375732394298103,1.0,True,0.6313544770895047,True,0.0,1.7689277165193151,1.7907184095346618,1.7689277165193151,1.762793136052844,-0.0030797667994340028,0.6375732394298103,1.0,True,-1.1313544770895048,False,estimated,0,1,9.08821806537275,pad10,0,0,True,True,1.0,1,ok,henon,henon_loc:00090,5.0,1024,38.64941970399923,,,,,,,,,
,2,0.10224300777451992,30,3032515042,henon_loc,,,,,,,,,,,,,,,,,,,,,,,estimated,0,2,,pad10,0,0,False,False,,16,ok,henon,henon_loc:00091,5.0,1024,2.732263302999854,1.0,15.0,0.003279383172860917,0.002274995197893648,1.0,0.002274995197893648,0.9758000511750563,-0.47580005117505625,True
,2,0.1278037597181499,30,3032515042,henon_loc,,0.023860829563965402,-0.06145317644705306,-0.023860829563965402,0.00010237538318769168,-0.0006783324265809965,0.6074936475255392,1.0,,0.6313544770895047,True,,1.738848124615044,1.7012557777319564,1.738848124615044,1.7628113295621972,-0.0030797667994340028,0.6074936475255392,1.0,,-1.1313544770895048,False,estimated,0,1,,pad25,0,0,False,False,,1,ok,henon,henon_loc:00092,5.0,1024,1.0209906449999835,,,,,,,,,
,2,0.1278037597181499,30,3032515042,henon_loc,,,,,,,,,,,,,,,,,,,,,,,estimated,0,2,,pad25,0,0,False,False,,16,ok,henon,henon_loc:00093,5.0,1024,4.433784986000319,1.0,15.0,0.009199141906998332,0.002036797704027482,1.0,0.002036797704027482,0.9758000511750563,-0.47580005117505625,True
,2,0.10224300777451992,30,3032515042,henon_loc,,0.009450376377242553,-0.023112048531608087,-0.009450376377242553,7.101841900558625e-06,-0.0006783324265809965,0.6219041007122621,1.0,,0.6313544770895047,True,,1.7532585778017669,1.7395969056474012,1.7532585778017669,1.7627160560209099,-0.0030797667994340028,0.6219041007122621,1.0,,-1.1313544770895048,False,estimated,0,1,,pad10_shift,0,0,False,False,,1,ok,henon,henon_loc:00094,5.0,1024,1.4953038780004135,,,,,,,,,
,2,0.10224300777451992,30,3032515042,henon_loc,,,,,,,,,,,,,,,,,,,,,,,estimated,0,2,,pad10_shift,0,0,False,False,,19,ok,henon,henon_loc:00095,5.0,1024,3.4048148980000406,1.0,18.0,6.760875958311541e-05,0.004737630833835382,1.0,0.004737630833835382,0.9758000511750563,-0.47580005117505625,True
0.0,2,0.08520250647876658,30,3032515042,henon_loc,0.0,0.0007812069335202398,0.0024487034120217466,-0.0007812069335202398,-0.00014218813492949955,-0.0018273838951360366,0.6305732701559844,1.0,True,0.6313544770895047,True,0.0,1.761927747245489,1.7651576575910313,1.761927747245489,1.7625667660440798,0.0034643753601371063,0.6305732701559844,1.0,True,-1.1313544770895048,False,estimated,0,1,13.071020809035668,pad0,0,0,True,True,1.0,1,ok,henon,henon_loc:00096,10.0,1024,38.08177876700029,,,,,,,,,
,2,0.08520250647876658,30,3032515042,henon_loc,,,,,,,,,,,,,,,,,,,,,,,estimated,0,2,,pad0,0,0,False,False,,22,ok,henon,henon_loc:00097,10.0,1024,2.7866782790006255,2.0,20.0,0.0016932286689622655,0.001646621518174629,1.0,0.0029742078924939186,0.9758000511750563,-0.47580005117505625,True
0.0,2,0.10224300777451992,30,3032515042,henon_loc,0.0,0.009177431286473303,0.028009455355652246,0.009177431286473303,-2.4439413233490193e-05,-0.0018273838951360366,0.640531908375978,1.0,True,0.6313544770895047,True,0.0,1.7718863854654827,1.7907184095346618,1.7718863854654827,1.762684514765776,0.0034643753601371063,0.640531908375978,1.0,True,-1.1313544770895048,False,estimated,0,1,11.302650935182685,pad10,0,0,True,True,1.0,1,ok,henon,henon_loc:00098,10.0,1024,40.70059003799906,,,,,,,,,
,2,0.10224300777451992,30,3032515042,henon_loc,,,,,,,,,,,,,,,,,,,,,,,estimated,0,2,,pad10,0,0,False,False,,16,ok,henon,henon_loc:00099,10.0,1024,2.7250511229995027,1.0,15.0,0.00435684375622214,0.0029410081799072785,1.0,0.0029410081799072785,0.9758000511750563,-0.47580005117505625,True
0.0,2,0.1278037597181499,30,3032515042,henon_loc,0.0,0.03082764325971732,-0.06145317644705306,-0.03082764325971732,-0.00015474092736134093,-0.0018273838951360366,0.6005268338297873,1.0,True,0.6313544770895047,True,0.0,1.731881310919292,1.7012557777319564,1.731881310919292,1.762554213251648,0.0034643753601371063,0.6005268338297873,1.0,True,-1.1313544770895048,False,estimated,0,1,9.498812901731426,pad25,0,0,True,True,1.0,1,ok,henon,henon_loc:00100,10.0,1024,38.3489299339999,,,,,,,,,
,2,0.1278037597181499,30,3032515042,henon_loc,,,,,,,,,,,,,,,,,,,,,,,estimated,0,2,,pad25,0,0,False,False,,22,ok,henon,henon_loc:00101,10.0,1024,4.089393178999671,1.0,21.0,0.010699552368580556,0.00265073461528309,1.0,0.00265073461528309,0.9758000511750563,-0.47580005117505625,True
0.0,2,0.10224300777451992,30,3032515042,henon_loc,0.0,0.012782704742445472,-0.023112048531608087,-0.012782704742445472,-0.00025793629006676255,-0.0018273838951360366,0.6185717723470592,1.0,True,0.6313544770895047,True,0.0,1.749926249436564,1.7395969056474012,1.749926249436564,1.7624510178889428,0.0034643753601371063,0.6185717723470592,1.0,True,-1.1313544770895048,False,estimated,0,1,13.043754664308027,pad10_shift,0,0,True,True,1.0,1,ok,henon,henon_loc:00102,10.0,1024,38.549283251000816,,,,,,,,,
,2,0.10224300777451992,30,3032515042,henon_loc,,,,,,,,,,,,,,,,,,,,,,,estimated,0,2,,pad10_shift,0,0,False,False,,19,ok,henon,henon_loc:00103,10.0,1024,4.123966000999644,1.0,18.0,0.0004088185168374947,0.00626123085411745,1.0,0.00626123085411745,0.9758000511750563,-0.47580005117505625,True
,2,0.08520250647876658,30,3032515042,henon_loc,,0.0006479850222805839,0.0024487034120217466,-0.0006479850222805839,-0.000221972489886757,-0.0024419570972836757,0.6307064920672241,1.0,,0.6313544770895047,True,,1.7620609691567288,1.7651576575910313,1.7620609691567288,1.7624869816891227,0.010207801206636669,0.6307064920672241,1.0,,-1.1313544770895048,False,estimated,0,1,,pad0,0,0,False,False,,1,ok,henon,henon_loc:00104,20.0,1024,2.493621935000192,,,,,,,,,
,2,0.08520250647876658,30,3032515042,henon_loc,,,,,,,,,,,,,,,,,,,,,,,estimated,0,2,,pad0,0,0,False,False,,20,ok,henon,henon_loc:00105,20.0,1024,3.292030304999571,2.0,18.0,0.00230990146294896,0.0019647668315508904,1.0,0.0030684884519351363,0.9758000511750563,-0.47580005117505625,True
0.0,2,0.10224300777451992,30,3032515042,henon_loc,0.0,0.013466728739926825,0.028009455355652246,0.013466728739926825,-8.046979019704636e-05,-0.0024419570972836757,0.6448212058294315,1.0,True,0.6313544770895047,True,0.0,1.7761756829189363,1.7907184095346618,1.7761756829189363,1.7626284843888125,0.010207801206636669,0.6448212058294315,1.0,True,-1.1313544770895048,False,estimated,0,1,11.423307933662034,pad10,0,0,True,True,1.0,1,ok,henon,henon_loc:00106,20.0,1024,38.8510203199985,,,,,,,,,
,2,0.10224300777451992,30,3032515042,henon_loc,,,,,,,,,,,,,,,,,,,,,,,estimated,0,2,,pad10,0,0,False,False,,13,ok,henon,henon_loc:00107,20.0,1024,2.6863393030016596,1.0,12.0,0.006078023762745244,0.003103275198793942,1.0,0.003103275198793942,0.9758000511750563,-0.47580005117505625,True
,2,0.1278037597181499,30,3032515042,henon_loc,,0.041329720136145776,-0.06145317644705306,-0.041329720136145776,-0.00011300762704236078,-0.0024419570972836757,0.5900247569533589,1.0,,0.6313544770895047,True,,1.7213792340428635,1.7012557777319564,1.7213792340428635,1.7625959465519672,0.010207801206636669,0.5900247569533589,1.0,,-1.1313544770895048,False,estimated,0,1,,pad25,0,0,False,False,,1,ok,henon,henon_loc:00108,20.0,1024,1.622645585999635,,,,,,,,,
,2,0.1278037597181499,30,3032515042,henon_loc,,,,,,,,,,,,,,,,,,,,,,,estimated,0,2,,pad25,0,0,False,False,,16,ok,henon,henon_loc:00109,20.0,1024,3.4018108489999577,1.0,15.0,0.0042972397262012185,0.002766861441253432,1.0,0.002766861441253432,0.9758000511750563,-0.47580005117505625,True
,2,0.10224300777451992,30,3032515042,henon_loc,,0.016615971466749646,-0.023112048531608087,-0.016615971466749646,-0.00025709022282649485,-0.0024419570972836757,0.614738505622755,1.0,,0.6313544770895047,True,,1.7460929827122598,1.7395969056474012,1.7460929827122598,1.762451863956183,0.010207801206636669,0.614738505622755,1.0,,-1.1313544770895048,False,estimated,0,1,,pad10_shift,0,0,False,False,,1,ok,henon,henon_loc:00110,20.0,1024,2.8086108549996425,,,,,,,,,
,2,0.10224300777451992,30,3032515042,henon_loc,,,,,,,,,,,,,,,,,,,,,,,estimated,0,2,,pad10_shift,0,0,False,False,,16,ok,henon,henon_loc:00111,20.0,1024,3.993644600999687,1.0,15.0,0.0008413986807825902,0.010226000696239135,1.0,0.010226000696239135,0.9758000511750563,-0.47580005117505625,True
,2,0.08520250647876658,30,3032515042,henon_loc,,0.0003522830049104142,0.0024487034120217466,-0.0003522830049104142,-0.0003522830049104142,-0.002622643083040166,0.6310021940845942,1.0,,0.6313544770895047,True,,1.762356671174099,1.7651576575910313,1.762356671174099,1.762356671174099,0.000546981436780225,0.6310021940845942,1.0,,-1.1313544770895048,False,estimated,0,1,,pad0,0,0,False,False,,1,ok,henon,henon_loc:00112,40.0,1024,1.681395514999167,,,,,,,,,
,2,0.08520250647876658,30,3032515042,henon_loc,,,,,,,,,,,,,,,,,,,,,,,estimated,0,2,,pad0,0,0,False,False,,14,ok,henon,henon_loc:00113,40.0,1024,2.749321735000194,2.0,12.0,0.0022045128846767126,0.002549506415008951,1.0,0.002549506415008951,0.9758000511750563,-0.47580005117505625,True
0.0,2,0.10224300777451992,30,3032515042,henon_loc,0.0,0.016284826584195722,0.028009455355652246,0.016284826584195722,-0.00032966217916374774,-0.002622643083040166,0.6476393036737004,1.0,True,0.6313544770895047,True,0.0,1.778993780763205,1.7907184095346618,1.778993780763205,1.7623792919998458,0.000546981436780225,0.6476393036737004,1.0,True,-1.1313544770895048,False,estimated,0,1,11.079222100780159,pad10,0,0,True,True,1.0,1,ok,henon,henon_loc:00114,40.0,1024,39.684734186999776,,,,,,,,,
,2,0.10224300777451992,30,3032515042,henon_loc,,,,,,,,,,,,,,,,,,,,,,,estimated,0,2,,pad10,0,0,False,False,,12,ok,henon,henon_loc:00115,40.0,1024,2.7878665019998152,1.0,11.0,0.00830134611498956,0.001575553059281476,1.0,0.001575553059281476,0.9758000511750563,-0.47580005117505625,True
,2,0.1278037597181499,30,3032515042,henon_loc,,0.04608822183823358,-0.06145317644705306,-0.04608822183823358,-0.00039837773899498163,-0.002622643083040166,0.5852662552512711,1.0,,0.6313544770895047,True,,1.7166207323407758,1.7012557777319564,1.7166207323407758,1.7623105764400144,0.000546981436780225,0.5852662552512711,1.0,,-1.1313544770895048,False,estimated,0,1,,pad25,0,0,False,False,,1,ok,henon,henon_loc:00116,40.0,1024,2.018590145999042,,,,,,,,,
,2,0.1278037597181499,30,3032515042,henon_loc,,,,,,,,,,,,,,,,,,,,,,,estimated,0,2,,pad25,0,0,False,False,,11,ok,henon,henon_loc:00117,40.0,1024,4.228522804000022,1.0,10.0,0.00503262989411668,0.0023243438569363617,1.0,0.0023243438569363617,0.9758000511750563,-0.47580005117505625,True
,2,0.10224300777451992,30,3032515042,henon_loc,,0.01811180802666701,-0.023112048531608087,-0.01811180802666701,-0.00021928166612605882,-0.002622643083040166,0.6132426690628376,1.0,,0.6313544770895047,True,,1.7445971461523424,1.7395969056474012,1.7445971461523424,1.7624896725128834,0.000546981436780225,0.6132426690628376,1.0,,-1.1313544770895048,False,estimated,0,1,,pad10_shift,0,0,False,False,,1,ok,henon,henon_loc:00118,40.0,1024,3.4122038500008784,,,,,,,,,
,2,0.10224300777451992,30,3032515042,henon_loc,,,,,,,,,,,,,,,,,,,,,,,estimated,0,2,,pad10_shift,0,0,False,False,,11,ok,henon,henon_loc:00119,40.0,1024,2.769862839999405,2.0,9.0,0.003142276804559807,0.01595250569917317,1.0,0.01595250569917317,0.9758000511750563,-0.47580005117505625,True
,2,0.05680167098584439,45,3032515042,henon_loc,,0.0023274904166251664,-0.011751714334439334,-0.0023274904166251664,-5.542357719134916e-05,-0.0007241463614638954,0.6290269866728795,1.0,,0.6313544770895047,True,,1.7603814637623842,1.75095723984457,1.7603814637623842,1.762653530601818,0.010207801206636669,0.6290269866728795,1.0,,-1.1313544770895048,False,estimated,0,1,,pad0,0,0,False,False,,1,ok,henon,henon_loc:00120,2.5,1024,0.7046805680001853,,,,,,,,,
,2,0.05680167098584439,45,3032515042,henon_loc,,,,,,,,,,,,,,,,,,,,,,,estimated,0,2,,pad0,0,0,False,False,,15,ok,henon,henon_loc:00121,2.5,1024,2.6229822559998865,1.0,14.0,8.808045392272312e-05,0.0014454015199271142,1.0,0.0014454015199271142,0.9758000511750563,-0.47580005117505625,True
,2,0.06816200518301327,45,3032515042,henon_loc,,0.0113501162468288,-0.023112048531608198,-0.0113501162468288,-0.0001033853916315719,-0.0007241463614638954,0.6200043608426759,1.0,,0.6313544770895047,True,,1.4600721790937583,1.466948884915348,1.4600721790937583,1.4505294983681365,0.010207801206636669,0.32871770200425354,2.0,,-1.1313544770895048,False,estimated,0,1,,pad10,0,0,False,False,,2,ok,henon,henon_loc:00122,2.5,1024,0.6937478499985446,,,,,,,,,
,2,0.06816200518301327,45,3032515042,henon_loc,,,,,,,,,,,,,,,,,,,,,,,estimated,0,2,,pad10,0,0,False,False,,16,ok,henon,henon_loc:00123,2.5,1024,2.685409890998926,1.0,15.0,6.782845332398146e-06,0.0010511336340333632,1.0,0.004034676822567751,0.9758000511750563,-0.47580005117505625,True
,2,0.0852025064787666,45,3032515042,henon_loc,,0.016588424549785263,-0.04015254982736105,-0.016588424549785263,2.6064213574206185e-05,-0.0007241463614638954,0.6147660525397194,1.0,,0.6313544770895047,True,,1.462376882878185,1.4669488849153487,1.462376882878185,1.5371420823133026,0.010207801206636669,0.33102240578868014,2.0,,-1.1313544770895048,False,estimated,0,1,,pad25,0,0,False,False,,2,ok,henon,henon_loc:00124,2.5,1024,0.6763993209988257,,,,,,,,,
,2,0.0852025064787666,45,3032515042,henon_loc,,,,,,,,,,,,,,,,,,,,,,,estimated,0,2,,pad25,0,0,False,False,,14,ok,henon,henon_loc:00125,2.5,1024,4.241788244999043,1.0,13.0,0.006644693210734354,0.011628461921630695,1.0,0.011628461921630695,0.9758000511750563,-0.47580005117505625,True
,2,0.06816200518301327,45,3032515042,henon_loc,,0.0020106754558016915,0.010968954059898395,0.0020106754558016915,-3.418469968874405e-05,-0.0007241463614638954,0.6333651525453063,1.0,,0.6313544770895047,True,,1.764719629634811,1.7736779082389078,1.764719629634811,1.7626747694793208,0.010207801206636669,0.6333651525453063,1.0,,-1.1313544770895048,False,estimated,0,1,,pad10_shift,0,0,False,False,,1,ok,henon,henon_loc:00126,2.5,1024,1.004242979000992,,,,,,,,,
,2,0.06816200518301327,45,3032515042,henon_loc,,,,,,,,,,,,,,,,,,,,,,,estimated,0,2,,pad10_shift,0,0,False,False,,14,ok,henon,henon_loc:00127,2.5,1024,4.485116176001611,1.0,13.0,0.0017122690271502705,0.003270989823282777,1.0,0.003270989823282777,0.9758000511750563,-0.47580005117505625,True
,2,0.05680167098584439,45,3032515042,henon_loc,,0.00404069959912845,-0.011751714334439334,-0.00404069959912845,-6.45826301193253e-05,-0.0006783324265809965,0.6273137774903762,1.0,,0.6313544770895047,True,,1.7586682545798809,1.75095723984457,1.7586682545798809,1.7626443715488902,-0.0030797667994340028,0.6273137774903762,1.0,,-1.1313544770895048,False,estimated,0,1,,pad0,0,0,False,False,,1,ok,henon,henon_loc:00128,5.0,1024,1.4190395810001064,,,,,,,,,
,2,0.05680167098584439,45,3032515042,henon_loc,,,,,,,,,,,,,,,,,,,,,,,estimated,0,2,,pad0,0,0,False,False,,31,ok,henon,henon_loc:00129,5.0,1024,3.884035225999469,1.0,30.0,5.785433119187555e-05,0.0010651234637342188,1.0,0.0010651234637342188,0.9758000511750563,-0.47580005117505625,True
,2,0.06816200518301327,45,3032515042,henon_loc,,0.011938955719366762,-0.023112048531608198,-0.011938955719366762,-1.0604812339498615e-05,-0.0006783324265809965,0.6194155213701379,1.0,,0.6313544770895047,True,,1.7507699984596425,1.7395969056474012,1.7507699984596425,1.76269834936667,-0.0030797667994340028,0.6194155213701379,1.0,,-1.1313544770895048,False,estimated,0,1,,pad10,0,0,False,False,,1,ok,henon,henon_loc:00130,5.0,1024,1.544239575001484,,,,,,,,,
,2,0.06816200518301327,45,3032515042,henon_loc,,,,,,,,,,,,,,,,,,,,,,,estimated,0,2,,pad10,0,0,False,False,,26,ok,henon,henon_loc:00131,5.0,1024,3.0211160350008868,1.0,25.0,0.00022605183154089659,0.0004441491733047087,1.0,0.003994353768654313,0.9758000511750563,-0.47580005117505625,True
,2,0.0852025064787666,45,3032515042,henon_loc,,0.019068048966744522,-0.04015254982736105,-0.019068048966744522,-0.00011049127521889357,-0.0006783324265809965,0.6122864281227601,1.0,,0.6313544770895047,True,,1.7436409052122648,1.7225564043516484,1.7436409052122648,1.7625984629037905,-0.0030797667994340028,0.6122864281227601,1.0,,-1.1313544770895048,False,estimated,0,1,,pad25,0,0,False,False,,1,ok,henon,henon_loc:00132,5.0,1024,0.8639565949997632,,,,,,,,,
,2,0.0852025064787666,45,3032515042,henon_loc,,,,,,,,,,,,,,,,,,,,,,,estimated,0,2,,pad25,0,0,False,False,,23,ok,henon,henon_loc:00133,5.0,1024,2.770569711999997,1.0,22.0,0.007434849331997895,0.011867407585506085,1.0,0.011867407585506085,0.9758000511750563,-0.47580005117505625,True
,2,0.06816200518301327,45,3032515042,henon_loc,,0.0031446015793029636,0.010968954059898395,0.0031446015793029636,-9.309366689014276e-05,-0.0006783324265809965,0.6344990786688076,1.0,,0.6313544770895047,True,,1.4353483237353424,1.4328678823238414,1.4353483237353424,1.377410619329781,-0.0030797667994340028,0.3039938466458377,2.0,,-1.1313544770895048,False,estimated,0,1,,pad10_shift,0,0,False,False,,2,ok,henon,henon_loc:00134,5.0,1024,0.7090574029989511,,,,,,,,,
,2,0.06816200518301327,45,3032515042,henon_loc,,,,,,,,,,,,,,,,,,,,,,,estimated,0,2,,pad10_shift,0,0,False,False,,27,ok,henon,henon_loc:00135,5.0,1024,2.737176370999805,1.0,26.0,0.0020909840989769,0.0038706481157603223,1.0,0.0038706481157603223,0.9758000511750563,-0.47580005117505625,True
,2,0.05680167098584439,45,3032515042,henon_loc,,0.00721705426001662,-0.011751714334439334,-0.00721705426001662,-0.00011684538678602419,-0.0018273838951360366,0.624137422829488,1.0,,0.6313544770895047,True,,1.7554918999189928,1.75095723984457,1.7554918999189928,1.7625921087922234,0.0034643753601371063,0.624137422829488,1.0,,-1.1313544770895048,False,estimated,0,1,,pad0,0,0,False,False,,1,ok,henon,henon_loc:00136,10.0,1024,1.034476591999919,,,,,,,,,
,2,0.05680167098584439,45,3032515042,henon_loc,,,,,,,,,,,,,,,,,,,,,,,estimated,0,2,,pad0,0,0,False,False,,36,ok,henon,henon_loc:00137,10.0,1024,2.722149833000003,1.0,35.0,0.0003940252096524821,0.0010037082032625655,1.0,0.0010037082032625655,0.9758000511750563,-0.47580005117505625,True
0.0,2,0.06816200518301327,45,3032515042,henon_loc,0.0,0.015384194453723965,-0.023112048531608198,-0.015384194453723965,-0.00021814830050348455,-0.0018273838951360366,0.6159702826357807,1.0,True,0.6313544770895047,True,0.0,1.7473247597252854,1.7395969056474012,1.7473247597252854,1.7624908058785058,0.0034643753601371063,0.6159702826357807,1.0,True,-1.1313544770895048,False,estimated,0,1,11.122317897512131,pad10,0,0,True,True,1.0,1,ok,henon,henon_loc:00138,10.0,1024,38.658069118999265,,,,,,,,,
,2,0.06816200518301327,45,3032515042,henon_loc,,,,,,,,,,,,,,,,,,,,,,,estimated,0,2,,pad10,0,0,False,False,,37,ok,henon,henon_loc:00139,10.0,1024,3.5984432360000937,1.0,36.0,0.0008027249262468894,0.0002243394777378116,1.0,0.005105673661363608,0.9758000511750563,-0.47580005117505625,True
,2,0.0852025064787666,45,3032515042,henon_loc,,0.02395384870385453,-0.04015254982736105,-0.02395384870385453,-9.714688979989283e-05,-0.0018273838951360366,0.6074006283856501,1.0,,0.6313544770895047,True,,1.7387551054751549,1.7225564043516484,1.7387551054751549,1.7626118072892094,0.0034643753601371063,0.6074006283856501,1.0,,-1.1313544770895048,False,estimated,0,1,,pad25,0,0,False,False,,1,ok,henon,henon_loc:00140,10.0,1024,1.620065794999391,,,,,,,,,
,2,0.0852025064787666,45,3032515042,henon_loc,,,,,,,,,,,,,,,,,,,,,,,estimated,0,2,,pad25,0,0,False,False,,25,ok,henon,henon_loc:00141,10.0,1024,4.56462124799873,1.0,24.0,0.008685667486490245,0.01435701704328518,1.0,0.01435701704328518,0.9758000511750563,-0.47580005117505625,True
,2,0.06816200518301327,45,3032515042,henon_loc,,0.004073009101194791,0.010968954059898395,0.004073009101194791,-0.00018711622274358852,-0.0018273838951360366,0.6354274861906994,1.0,,0.6313544770895047,True,,1.7667819632802042,1.7736779082389078,1.7667819632802042,1.7625218379562657,0.0034643753601371063,0.6354274861906994,1.0,,-1.1313544770895048,False,estimated,0,1,,pad10_shift,0,0,False,False,,1,ok,henon,henon_loc:00142,10.0,1024,1.0398103480001737,,,,,,,,,
,2,0.06816200518301327,45,3032515042,henon_loc,,,,,,,,,,,,,,,,,,,,,,,estimated,0,2,,pad10_shift,0,0,False,False,,32,ok,henon,henon_loc:00143,10.0,1024,2.7848101199997473,1.0,31.0,0.0026547256229446647,0.005142541069318218,1.0,0.005142541069318218,0.9758000511750563,-0.47580005117505625,True
,2,0.05680167098584439,45,3032515042,henon_loc,,0.008725707017948059,-0.011751714334439334,-0.008725707017948059,-0.0002054563700714107,-0.0024419570972836757,0.6226287700715566,1.0,,0.6313544770895047,True,,1.7539832471610612,1.75095723984457,1.7539832471610612,1.762503497808938,0.010207801206636669,0.6226287700715566,1.0,,-1.1313544770895048,False,estimated,0,1,,pad0,0,0,False,False,,1,ok,henon,henon_loc:00144,20.0,1024,1.1575112999998964,,,,,,,,,
,2,0.05680167098584439,45,3032515042,henon_loc,,,,,,,,,,,,,,,,,,,,,,,estimated,0,2,,pad0,0,0,False,False,,37,ok,henon,henon_loc:00145,20.0,1024,2.7611713690002944,1.0,36.0,0.0008593090842975437,0.0019538564129109037,1.0,0.0019538564129109037,0.9758000511750563,-0.47580005117505625,True
,2,0.06816200518301327,45,3032515042,henon_loc,,0.017951087040366298,-0.023112048531608198,-0.017951087040366298,-0.0002289656927828565,-0.0024419570972836757,0.6134033900491384,1.0,,0.6313544770895047,True,,1.744757867138643,1.7395969056474012,1.744757867138643,1.7624799884862266,0.010207801206636669,0.6134033900491384,1.0,,-1.1313544770895048,False,estimated,0,1,,pad10,0,0,False,False,,1,ok,henon,henon_loc:00146,20.0,1024,1.2641754930009483,,,,,,,,,
,2,0.06816200518301327,45,3032515042,henon_loc,,,,,,,,,,,,,,,,,,,,,,,estimated,0,2,,pad10,0,0,False,False,,34,ok,henon,henon_loc:00147,20.0,1024,4.1572280150012375,1.0,33.0,0.002059152675796816,0.0066961486727415975,1.0,0.0066961486727415975,0.9758000511750563,-0.47580005117505625,True
,2,0.0852025064787666,45,3032515042,henon_loc,,0.02954899548619061,-0.04015254982736105,-0.02954899548619061,-0.00015413075101611273,-0.0024419570972836757,0.601805481603314,1.0,,0.6313544770895047,True,,1.7331599586928188,1.7225564043516484,1.7331599586928188,1.7625548234279933,0.010207801206636669,0.601805481603314,1.0,,-1.1313544770895048,False,estimated,0,1,,pad25,0,0,False,False,,1,ok,henon,henon_loc:00148,20.0,1024,2.7415498459995433,,,,,,,,,
,2,0.0852025064787666,45,3032515042,henon_loc,,,,,,,,,,,,,,,,,,,,,,,estimated,0,2,,pad25,0,0,False,False,,36,ok,henon,henon_loc:00149,20.0,1024,3.244652291999955,2.0,34.0,0.009611376377538394,0.019062943065588867,1.0,0.019062943065588867,0.9758000511750563,-0.47580005117505625,True
,2,0.06816200518301327,45,3032515042,henon_loc,,0.0053469585439903655,0.010968954059898395,0.0053469585439903655,-0.00010600187065068489,-0.0024419570972836757,0.636701435633495,1.0,,0.6313544770895047,True,,1.7680559127229998,1.7736779082389078,1.7680559127229998,1.7626029523083586,0.010207801206636669,0.636701435633495,1.0,,-1.1313544770895048,False,estimated,0,1,,pad10_shift,0,0,False,False,,1,ok,henon,henon_loc:00150,20.0,1024,1.2660071650007012,,,,,,,,,
,2,0.06816200518301327,45,3032515042,henon_loc,,,,,,,,,,,,,,,,,,,,,,,estimated,0,2,,pad10_shift,0,0,False,False,,41,ok,henon,henon_loc:00151,20.0,1024,2.8252989450011228,2.0,39.0,0.003503935527513824,0.006629415883245948,1.0,0.006629415883245948,0.9758000511750563,-0.47580005117505625,True
,2,0.05680167098584439,45,3032515042,henon_loc,,0.0094211369782905,-0.011751714334439334,-0.0094211369782905,-0.00033286962055534275,-0.002622643083040166,0.6219333401112142,1.0,,0.6313544770895047,True,,1.753287817200719,1.75095723984457,1.753287817200719,1.7623760845584542,0.000546981436780225,0.6219333401112142,1.0,,-1.1313544770895048,False,estimated,0,1,,pad0,0,0,False,False,,1,ok,henon,henon_loc:00152,40.0,1024,1.379927214999043,,,,,,,,,
,2,0.05680167098584439,45,3032515042,henon_loc,,,,,,,,,,,,,,,,,,,,,,,estimated,0,2,,pad0,0,0,False,False,,25,ok,henon,henon_loc:00153,40.0,1024,2.9955746779996844,1.0,24.0,0.0021262135055443165,0.0037604385497668202,1.0,0.0037604385497668202,0.9758000511750563,-0.47580005117505625,True
,2,0.06816200518301327,45,3032515042,henon_loc,,0.01902163997013151,-0.023112048531608198,-0.01902163997013151,-0.0002770885448029059,-0.002622643083040166,0.6123328371193731,1.0,,0.6313544770895047,True,,1.743687314208878,1.7395969056474012,1.743687314208878,1.7624318656342064,0.000546981436780225,0.6123328371193731,1.0,,-1.1313544770895048,False,estimated,0,1,,pad10,0,0,False,False,,1,ok,henon,henon_loc:00154,40.0,1024,1.7903780619999452,,,,,,,,,
,2,0.06816200518301327,45,3032515042,henon_loc,,,,,,,,,,,,,,,,,,,,,,,estimated,0,2,,pad10,0,0,False,False,,23,ok,henon,henon_loc:00155,40.0,1024,4.74754190099884,1.0,22.0,0.004648353378097991,0.008791968310714493,1.0,0.008791968310714493,0.9758000511750563,-0.47580005117505625,True
,2,0.0852025064787666,45,3032515042,henon_loc,,0.03176688290452989,-0.04015254982736105,-0.03176688290452989,-0.00024195550738626004,-0.002622643083040166,0.5995875941849748,1.0,,0.6313544770895047,True,,1.7309420712744794,1.7225564043516484,1.7309420712744794,1.762466998671623,0.000546981436780225,0.5995875941849748,1.0,,-1.1313544770895048,False,estimated,0,1,,pad25,0,0,False,False,,1,ok,henon,henon_loc:00156,40.0,1024,2.9605372180012637,,,,,,,,,
,2,0.0852025064787666,45,3032515042,henon_loc,,,,,,,,,,,,,,,,,,,,,,,estimated,0,2,,pad25,0,0,False,False,,21,ok,henon,henon_loc:00157,40.0,1024,4.304353894000087,1.0,20.0,0.008527257738566996,0.0315178679673912,1.0,0.036978096519280246,0.9758000511750563,-0.47580005117505625,True
,2,0.06816200518301327,45,3032515042,henon_loc,,0.0062594916781799625,0.010968954059898395,0.0062594916781799625,-0.00021589881420636114,-0.002622643083040166,0.6376139687676846,1.0,,0.6313544770895047,True,,1.7689684458571895,1.7736779082389078,1.7689684458571895,1.762493055364803,0.000546981436780225,0.6376139687676846,1.0,,-1.1313544770895048,False,estimated,0,1,,pad10_shift,0,0,False,False,,1,ok,henon,henon_loc:00158,40.0,1024,2.7383052069999394,,,,,,,,,
,2,0.06816200518301327,45,3032515042,henon_loc,,,,,,,,,,,,,,,,,,,,,,,estimated,0,2,,pad10_shift,0,0,False,False,,22,ok,henon,henon_loc:00159,40.0,1024,2.7679677469986927,1.0,21.0,0.004156534956228364,0.010303114581084627,1.0,0.010303114581084627,0.9758000511750563,-0.47580005117505625,True
,2,0.04260125323938329,60,3032515042,henon_loc,,0.00548651241839504,-0.01885192320766982,-0.00548651241839504,-5.48526303736363e-05,-0.0007241463614638954,0.6258679646711096,1.0,,0.6313544770895047,True,,1.7572224417606144,1.7438570309713395,1.7572224417606144,1.7626541015486357,0.010207801206636669,0.6258679646711096,1.0,,-1.1313544770895048,False,estimated,0,1,,pad0,0,0,False,False,,1,ok,henon,henon_loc:00160,2.5,1024,0.6684331509986805,,,,,,,,,
,2,0.04260125323938329,60,3032515042,henon_loc,,,,,,,,,,,,,,,,,,,,,,,estimated,0,2,,pad0,0,0,False,False,,17,ok,henon,henon_loc:00161,2.5,1024,2.6922758939999767,1.0,16.0,0.0002152779145560002,0.008884382011436709,1.0,0.008884382011436709,0.9758000511750563,-0.47580005117505625,True
,2,0.05112150388725996,60,3032515042,henon_loc,,0.0008527304743416453,0.0024487034120221907,0.0008527304743416453,-4.1895843685413325e-05,-0.0007241463614638954,0.6322072075638463,1.0,,0.6313544770895047,True,,1.4541946061171025,1.4584286342674717,1.4541946061171025,1.4504882970852762,0.010207801206636669,0.32284012902759773,2.0,,-1.1313544770895048,False,estimated,0,1,,pad10,0,0,False,False,,2,ok,henon,henon_loc:00162,2.5,1024,0.6886638730011327,,,,,,,,,
,2,0.05112150388725996,60,3032515042,henon_loc,,,,,,,,,,,,,,,,,,,,,,,estimated,0,2,,pad10,0,0,False,False,,15,ok,henon,henon_loc:00163,2.5,1024,2.683098396999412,2.0,13.0,0.0010401721298660682,0.0033096163256841615,1.0,0.0033096163256841615,0.9758000511750563,-0.47580005117505625,True
,2,0.06390187985907494,60,3032515042,henon_loc,,0.015248349852825527,-0.0295022365175156,-0.015248349852825527,-7.165338629522289e-05,-0.0007241463614638954,0.6161061272366791,1.0,,0.6313544770895047,True,,1.4702639829435182,1.4775991982251941,1.4702639829435182,1.450454400187205,0.010207801206636669,0.3389095058540136,2.0,,-1.1313544770895048,False,estimated,0,1,,pad25,0,0,False,False,,2,ok,henon,henon_loc:00164,2.5,1024,0.6496336199998041,,,,,,,,,
,2,0.06390187985907494,60,3032515042,henon_loc,,,,,,,,,,,,,,,,,,,,,,,estimated,0,2,,pad25,0,0,False,False,,13,ok,henon,henon_loc:00165,2.5,1024,2.6831699249996745,1.0,12.0,0.005805760276296867,0.0017244631339931593,1.0,0.0017244631339931593,0.9758000511750563,-0.47580005117505625,True
,2,0.05112150388725996,60,3032515042,henon_loc,,0.011914348324118751,-0.023112048531607865,-0.011914348324118751,-2.8598670330781673e-05,-0.0007241463614638954,0.6194401287653859,1.0,,0.6313544770895047,True,,1.3872787327017297,1.381746378436582,1.3872787327017297,1.3996756973943905,0.010207801206636669,0.25592425561222504,2.0,,-1.1313544770895048,False,estimated,0,1,,pad10_shift,0,0,False,False,,2,ok,henon,henon_loc:00166,2.5,1024,0.6642428799987101,,,,,,,,,
,2,0.05112150388725996,60,3032515042,henon_loc,,,,,,,,,,,,,,,,,,,,,,,estimated,0,2,,pad10_shift,0,0,False,False,,18,ok,henon,henon_loc:00167,2.5,1024,2.679941101001532,1.0,17.0,0.005258980616771436,0.001297048998884387,1.0,0.001297048998884387,0.9758000511750563,-0.47580005117505625,True
,2,0.04260125323938329,60,3032515042,henon_loc,,0.00874686796855284,-0.01885192320766982,-0.00874686796855284,-1.3611054479278906e-05,-0.0006783324265809965,0.6226076091209518,1.0,,0.6313544770895047,True,,1.4483156494894391,1.4456482582956565,1.4483156494894391,1.4753674452964476,-0.0030797667994340028,0.3169611723999343,2.0,,-1.1313544770895048,False,estimated,0,1,,pad0,0,0,False,False,,2,ok,henon,henon_loc:00168,5.0,1024,0.6702146360003098,,,,,,,,,
,2,0.04260125323938329,60,3032515042,henon_loc,,,,,,,,,,,,,,,,,,,,,,,estimated,0,2,,pad0,0,0,False,False,,34,ok,henon,henon_loc:00169,5.0,1024,2.8798736080007075,1.0,33.0,0.005190810451794037,0.00908423302846506,1.0,0.00908423302846506,0.9758000511750563,-0.47580005117505625,True
,2,0.05112150388725996,60,3032515042,henon_loc,,0.0010001313579531823,0.0024487034120221907,0.0010001313579531823,-2.229871979197995e-05,-0.0006783324265809965,0.6323546084474578,1.0,,0.6313544770895047,True,,1.457296142336263,1.4584286342674717,1.457296142336263,1.47544427621624,-0.0030797667994340028,0.32594166524675816,2.0,,-1.1313544770895048,False,estimated,0,1,,pad10,0,0,False,False,,2,ok,henon,henon_loc:00170,5.0,1024,0.9585950189994037,,,,,,,,,
,2,0.05112150388725996,60,3032515042,henon_loc,,,,,,,,,,,,,,,,,,,,,,,estimated,0,2,,pad10,0,0,False,False,,35,ok,henon,henon_loc:00171,5.0,1024,4.4516582369997195,2.0,33.0,0.0011974890913573066,0.0036432494666811532,1.0,0.0036432494666811532,0.9758000511750563,-0.47580005117505625,True
,2,0.06390187985907494,60,3032515042,henon_loc,,0.016569786906603157,-0.0295022365175156,-0.016569786906603157,4.4701856756312885e-05,-0.0006783324265809965,0.6147846901829015,1.0,,0.6313544770895047,True,,1.7461391672724063,1.7332067176614938,1.7461391672724063,1.7627536560357657,-0.0030797667994340028,0.6147846901829015,1.0,,-1.1313544770895048,False,estimated,0,1,,pad25,0,0,False,False,,1,ok,henon,henon_loc:00172,5.0,1024,1.5515503570004512,,,,,,,,,
,2,0.06390187985907494,60,3032515042,henon_loc,,,,,,,,,,,,,,,,,,,,,,,estimated,0,2,,pad25,0,0,False,False,,30,ok,henon,henon_loc:00173,5.0,1024,5.1662089729998115,1.0,29.0,0.006512721730828508,0.002056646842256149,1.0,0.002056646842256149,0.9758000511750563,-0.47580005117505625,True
,2,0.05112150388725996,60,3032515042,henon_loc,,0.01326511070920311,-0.023112048531607865,-0.01326511070920311,2.6480301484443913e-05,-0.0006783324265809965,0.6180893663803015,1.0,,0.6313544770895047,True,,1.382553579105987,1.381746378436582,1.382553579105987,1.377441428717261,-0.0030797667994340028,0.25119910201648227,2.0,,-1.1313544770895048,False,estimated,0,1,,pad10_shift,0,0,False,False,,3,ok,henon,henon_loc:00174,5.0,1024,1.3027684290009347,,,,,,,,,
,2,0.05112150388725996,60,3032515042,henon_loc,,,,,,,,,,,,,,,,,,,,,,,estimated,0,2,,pad10_shift,0,0,False,False,,34,ok,henon,henon_loc:00175,5.0,1024,3.4021577919993433,1.0,33.0,0.005799203547746434,0.0009870245085437102,1.0,0.0009870245085437102,0.9758000511750563,-0.47580005117505625,True
,2,0.04260125323938329,60,3032515042,henon_loc,,0.01260519671791216,-0.01885192320766982,-0.01260519671791216,-0.00014433014539261269,-0.0018273838951360366,0.6187492803715925,1.0,,0.6313544770895047,True,,1.7501037574610971,1.7438570309713395,1.7501037574610971,1.7625646240336168,0.0034643753601371063,0.6187492803715925,1.0,,-1.1313544770895048,False,estimated,0,1,,pad0,0,0,False,False,,1,ok,henon,henon_loc:00176,10.0,1024,0.9671791679993476,,,,,,,,,
,2,0.04260125323938329,60,3032515042,henon_loc,,,,,,,,,,,,,,,,,,,,,,,estimated,0,2,,pad0,0,0,False,False,,60,ok,henon,henon_loc:00177,10.0,1024,2.8871432330015523,1.0,59.0,0.005745547185781796,0.010389823847096635,1.0,0.010389823847096635,0.9758000511750563,-0.47580005117505625,True
0.0,2,0.05112150388725996,60,3032515042,henon_loc,0.0,0.0007730824926118762,0.0024487034120221907,0.0007730824926118762,-0.00012154382541518238,-0.0018273838951360366,0.6321275595821165,1.0,True,0.6313544770895047,True,0.0,1.7634820366716213,1.7651576575910317,1.7634820366716213,1.7625874103535941,0.0034643753601371063,0.6321275595821165,1.0,True,-1.1313544770895048,False,estimated,0,1,10.825842696629213,pad10,0,0,True,True,1.0,1,ok,henon,henon_loc:00178,10.0,1024,39.13266542600104,,,,,,,,,
,2,0.05112150388725996,60,3032515042,henon_loc,,,,,,,,,,,,,,,,,,,,,,,estimated,0,2,,pad10,0,0,False,False,,54,ok,henon,henon_loc:00179,10.0,1024,3.4525291810005,1.0,53.0,0.0013829595951205809,0.0043968868957650065,1.0,0.0043968868957650065,0.9758000511750563,-0.47580005117505625,True
,2,0.06390187985907494,60,3032515042,henon_loc,,0.020292321648961664,-0.0295022365175156,-0.020292321648961664,-0.00016322949335301207,-0.0018273838951360366,0.611062155440543,1.0,,0.6313544770895047,True,,1.7424166325300479,1.7332067176614938,1.7424166325300479,1.7625457246856564,0.0034643753601371063,0.611062155440543,1.0,,-1.1313544770895048,False,estimated,0,1,,pad25,0,0,False,False,,1,ok,henon,henon_loc:00180,10.0,1024,1.0459574230008002,,,,,,,,,
,2,0.06390187985907494,60,3032515042,henon_loc,,,,,,,,,,,,,,,,,,,,,,,estimated,0,2,,pad25,0,0,False,False,,41,ok,henon,henon_loc:00181,10.0,1024,3.3468399129997124,1.0,40.0,0.007406136957890497,0.0028666942229202963,1.0,0.0028666942229202963,0.9758000511750563,-0.47580005117505625,True
,2,0.05112150388725996,60,3032515042,henon_loc,,0.016541948524436134,-0.023112048531607865,-0.016541948524436134,-0.00018306728051298293,-0.0018273838951360366,0.6148125285650685,1.0,,0.6313544770895047,True,,1.3827792923979993,1.381746378436582,1.3827792923979993,1.3979879398044592,0.0034643753601371063,0.25142481530849453,2.0,,-1.1313544770895048,False,estimated,0,1,,pad10_shift,0,0,False,False,,2,ok,henon,henon_loc:00182,10.0,1024,1.4247437169997283,,,,,,,,,
,2,0.05112150388725996,60,3032515042,henon_loc,,,,,,,,,,,,,,,,,,,,,,,estimated,0,2,,pad10_shift,0,0,False,False,,52,ok,henon,henon_loc:00183,10.0,1024,4.870229197000299,1.0,51.0,0.0065021516355023845,0.0013876083958429541,1.0,0.0013876083958429541,0.9758000511750563,-0.47580005117505625,True
,2,0.04260125323938329,60,3032515042,henon_loc,,0.014400988721273156,-0.01885192320766982,-0.014400988721273156,-0.00012956888607973394,-0.0024419570972836757,0.6169534883682315,1.0,,0.6313544770895047,True,,1.7483079654577363,1.7438570309713395,1.7483079654577363,1.7625793852929297,0.010207801206636669,0.6169534883682315,1.0,,-1.1313544770895048,False,estimated,0,1,,pad0,0,0,False,False,,1,ok,henon,henon_loc:00184,20.0,1024,1.0721201750002365,,,,,,,,,
,2,0.04260125323938329,60,3032515042,henon_loc,,,,,,,,,,,,,,,,,,,,,,,estimated,0,2,,pad0,0,0,False,False,,74,ok,henon,henon_loc:00185,20.0,1024,2.849456416999601,1.0,73.0,0.005586410040814727,0.012255813276164318,1.0,0.012255813276164318,0.9758000511750563,-0.47580005117505625,True
,2,0.05112150388725996,60,3032515042,henon_loc,,0.000973908937562995,0.0024487034120221907,0.000973908937562995,-0.00017632489990038192,-0.0024419570972836757,0.6323283860270676,1.0,,0.6313544770895047,True,,1.7636828631165724,1.7651576575910317,1.7636828631165724,1.762532629279109,0.010207801206636669,0.6323283860270676,1.0,,-1.1313544770895048,False,estimated,0,1,,pad10,0,0,False,False,,1,ok,henon,henon_loc:00186,20.0,1024,1.1026268410005287,,,,,,,,,
,2,0.05112150388725996,60,3032515042,henon_loc,,,,,,,,,,,,,,,,,,,,,,,estimated,0,2,,pad10,0,0,False,False,,70,ok,henon,henon_loc:00187,20.0,1024,2.7822940070000186,1.0,69.0,0.0016808491551475457,0.0059159966713022705,1.0,0.0059159966713022705,0.9758000511750563,-0.47580005117505625,True
,2,0.06390187985907494,60,3032515042,henon_loc,,0.02336749632804347,-0.0295022365175156,-0.02336749632804347,-0.00020306487912880034,-0.0024419570972836757,0.6079869807614612,1.0,,0.6313544770895047,True,,1.739341457850966,1.7332067176614938,1.739341457850966,1.7625058892998806,0.010207801206636669,0.6079869807614612,1.0,,-1.1313544770895048,False,estimated,0,1,,pad25,0,0,False,False,,1,ok,henon,henon_loc:00188,20.0,1024,1.250722702998246,,,,,,,,,
,2,0.06390187985907494,60,3032515042,henon_loc,,,,,,,,,,,,,,,,,,,,,,,estimated,0,2,,pad25,0,0,False,False,,56,ok,henon,henon_loc:00189,20.0,1024,4.498643540999183,1.0,55.0,0.007772377087389981,0.0040464921373405405,1.0,0.0040464921373405405,0.9758000511750563,-0.47580005117505625,True
,2,0.05112150388725996,60,3032515042,henon_loc,,0.01857953192459949,-0.023112048531607865,-0.01857953192459949,-0.00017579052518590377,-0.0024419570972836757,0.6127749451649052,1.0,,0.6313544770895047,True,,1.74412942225441,1.7395969056474017,1.74412942225441,1.7625331636538235,0.010207801206636669,0.6127749451649052,1.0,,-1.1313544770895048,False,estimated,0,1,,pad10_shift,0,0,False,False,,1,ok,henon,henon_loc:00190,20.0,1024,2.042027303001305,,,,,,,,,
,2,0.05112150388725996,60,3032515042,henon_loc,,,,,,,,,,,,,,,,,,,,,,,estimated,0,2,,pad10_shift,0,0,False,False,,73,ok,henon,henon_loc:00191,20.0,1024,3.4729462290015363,1.0,72.0,0.006547950273503966,0.001401153373544295,1.0,0.001401153373544295,0.9758000511750563,-0.47580005117505625,True
,2,0.04260125323938329,60,3032515042,henon_loc,,0.015361091622228096,-0.01885192320766982,-0.015361091622228096,-0.00023764672224702021,-0.002622643083040166,0.6159933854672766,1.0,,0.6313544770895047,True,,1.7473478625567813,1.7438570309713395,1.7473478625567813,1.7624713074567624,0.000546981436780225,0.6159933854672766,1.0,,-1.1313544770895048,False,estimated,0,1,,pad0,0,0,False,False,,1,ok,henon,henon_loc:00192,40.0,1024,1.1712885950000782,,,,,,,,,
,2,0.04260125323938329,60,3032515042,henon_loc,,,,,,,,,,,,,,,,,,,,,,,estimated,0,2,,pad0,0,0,False,False,,52,ok,henon,henon_loc:00193,40.0,1024,2.878527988999849,1.0,51.0,0.004906597150391989,0.012943676455779207,1.0,0.012943676455779207,0.9758000511750563,-0.47580005117505625,True
,2,0.05112150388725996,60,3032515042,henon_loc,,0.0010694710016657671,0.0024487034120221907,0.0010694710016657671,-0.0003363703552339281,-0.002622643083040166,0.6324239480911704,1.0,,0.6313544770895047,True,,1.7637784251806752,1.7651576575910317,1.7637784251806752,1.7623725838237756,0.000546981436780225,0.6324239480911704,1.0,,-1.1313544770895048,False,estimated,0,1,,pad10,0,0,False,False,,1,ok,henon,henon_loc:00194,40.0,1024,1.2522711340006936,,,,,,,,,
,2,0.05112150388725996,60,3032515042,henon_loc,,,,,,,,,,,,,,,,,,,,,,,estimated,0,2,,pad10,0,0,False,False,,48,ok,henon,henon_loc:00195,40.0,1024,2.9414309530002356,1.0,47.0,0.0015959782827511537,0.0065638784160815256,1.0,0.0065638784160815256,0.9758000511750563,-0.47580005117505625,True
,2,0.06390187985907494,60,3032515042,henon_loc,,0.024595737744842916,-0.0295022365175156,-0.024595737744842916,-0.0003130233983944519,-0.002622643083040166,0.6067587393446617,1.0,,0.6313544770895047,True,,1.7381132164341664,1.7332067176614938,1.7381132164341664,1.762395930780615,0.000546981436780225,0.6067587393446617,1.0,,-1.1313544770895048,False,estimated,0,1,,pad25,0,0,False,False,,1,ok,henon,henon_loc:00196,40.0,1024,1.4455781090000528,,,,,,,,,
,2,0.06390187985907494,60,3032515042,henon_loc,,,,,,,,,,,,,,,,,,,,,,,estimated,0,2,,pad25,0,0,False,False,,61,ok,henon,henon_loc:00197,40.0,1024,4.021400272000392,4.0,57.0,0.006633386062987245,0.004277439870413957,1.0,0.004277439870413957,0.9758000511750563,-0.47580005117505625,True
,2,0.05112150388725996,60,3032515042,henon_loc,,0.019540970424748894,-0.023112048531607865,-0.019540970424748894,-0.00024260270730824818,-0.002622643083040166,0.6118135066647558,1.0,,0.6313544770895047,True,,1.7431679837542604,1.7395969056474017,1.7431679837542604,1.7624663514717012,0.000546981436780225,0.6118135066647558,1.0,,-1.1313544770895048,False,estimated,0,1,,pad10_shift,0,0,False,False,,1,ok,henon,henon_loc:00198,40.0,1024,1.6936757399998896,,,,,,,,,
,2,0.05112150388725996,60,3032515042,henon_loc,,,,,,,,,,,,,,,,,,,,,,,estimated,0,2,,pad10_shift,0,0,False,False,,49,ok,henon,henon_loc:00199,40.0,1024,5.106169417998899,1.0,48.0,0.00564956395020999,0.002296599074041561,1.0,0.002296599074041561,0.9758000511750563,-0.47580005117505625,True
,2,0.028400835492922195,90,3032515042,henon_loc,,0.0006720552296213267,0.0024487034120217466,0.0006720552296213267,-3.7965657701755084e-05,-0.0007241463614638954,0.632026532319126,1.0,,0.6313544770895047,True,,1.4504600152554392,1.4527484671688873,1.4504600152554392,1.4504600152554392,0.010207801206636669,0.31910553816593457,3.0,,-1.1313544770895048,False,estimated,0,1,,pad0,0,0,False,False,,4,ok,henon,henon_loc:00200,2.5,1024,1.1200737890012533,,,,,,,,,
,2,0.028400835492922195,90,3032515042,henon_loc,,,,,,,,,,,,,,,,,,,,,,,estimated,0,2,,pad0,0,0,False,False,,24,ok,henon,henon_loc:00201,2.5,1024,4.458192231999419,2.0,22.0,0.0008199666603770916,0.0007726934329502777,1.0,0.0007726934329502777,0.9758000511750563,-0.47580005117505625,True
,2,0.034081002591506634,90,3032515042,henon_loc,,0.0012849489060304808,-0.006071547235854902,-0.0012849489060304808,-6.911308849000264e-06,-0.0007241463614638954,0.6300695281834742,1.0,,0.6313544770895047,True,,1.4476673254602261,1.4499083836195947,1.4476673254602261,1.4504790081740253,0.010207801206636669,0.3163128483707213,2.0,,-1.1313544770895048,False,estimated,0,1,,pad10,0,0,False,False,,2,ok,henon,henon_loc:00202,2.5,1024,1.17275703300038,,,,,,,,,
,2,0.034081002591506634,90,3032515042,henon_loc,,,,,,,,,,,,,,,,,,,,,,,estimated,0,2,,pad10,0,0,False,False,,23,ok,henon,henon_loc:00203,2.5,1024,2.802678599999126,2.0,21.0,0.00017863515681482145,0.0012902563383502264,1.0,0.0012902563383502264,0.9758000511750563,-0.47580005117505625,True
,2,0.0426012532393833,90,3032515042,henon_loc,,0.00548651241839504,-0.018851923207669596,-0.00548651241839504,-5.48526303736363e-05,-0.0007241463614638954,0.6258679646711096,1.0,,0.6313544770895047,True,,1.4476673254602261,1.4456482582956571,1.4476673254602261,1.450436406920786,0.010207801206636669,0.3163128483707213,2.0,,-1.1313544770895048,False,estimated,0,1,,pad25,0,0,False,False,,4,ok,henon,henon_loc:00204,2.5,1024,0.6833762009991915,,,,,,,,,
,2,0.0426012532393833,90,3032515042,henon_loc,,,,,,,,,,,,,,,,,,,,,,,estimated,0,2,,pad25,0,0,False,False,,17,ok,henon,henon_loc:00205,2.5,1024,2.816329344001133,1.0,16.0,0.0002152779145560002,0.008884382011436709,1.0,0.008884382011436709,0.9758000511750563,-0.47580005117505625,True
,2,0.034081002591506634,90,3032515042,henon_loc,,0.003041090949919445,0.010968954059898395,0.003041090949919445,-2.6199283316152844e-05,-0.0007241463614638954,0.6343955680394241,1.0,,0.6313544770895047,True,,1.4641623307312894,1.466948884915348,1.4641623307312894,1.450444727188208,0.010207801206636669,0.33280785364178467,3.0,,-1.1313544770895048,False,estimated,0,1,,pad10_shift,0,0,False,False,,4,ok,henon,henon_loc:00206,2.5,1024,0.670070873999066,,,,,,,,,
,2,0.034081002591506634,90,3032515042,henon_loc,,,,,,,,,,,,,,,,,,,,,,,estimated,0,2,,pad10_shift,0,0,False,False,,21,ok,henon,henon_loc:00207,2.5,1024,2.663497178000398,2.0,19.0,0.0013689024228534796,0.001961896210406211,1.0,0.001961896210406211,0.9758000511750563,-0.47580005117505625,True
,2,0.028400835492922195,90,3032515042,henon_loc,,0.0011601455769456592,0.0024487034120217466,0.0011601455769456592,-4.6889931503479865e-05,-0.0006783324265809965,0.6325146226664503,1.0,,0.6313544770895047,True,,1.4523316994500368,1.4527484671688873,1.4523316994500368,1.4753363761993037,-0.0030797667994340028,0.320977222360532,3.0,,-1.1313544770895048,False,estimated,0,1,,pad0,0,0,False,False,,4,ok,henon,henon_loc:00208,5.0,1024,0.7110316910002439,,,,,,,,,
,2,0.028400835492922195,90,3032515042,henon_loc,,,,,,,,,,,,,,,,,,,,,,,estimated,0,2,,pad0,0,0,False,False,,44,ok,henon,henon_loc:00209,5.0,1024,2.717361607999919,1.0,43.0,0.0009742365742373416,0.0008429744671816786,1.0,0.0008429744671816786,0.9758000511750563,-0.47580005117505625,True
,2,0.034081002591506634,90,3032515042,henon_loc,,0.0026281407521517863,-0.006071547235854902,-0.0026281407521517863,1.3136948689984607e-05,-0.0006783324265809965,0.6287263363373529,1.0,,0.6313544770895047,True,,1.3823083792698139,1.3817463784365815,1.3823083792698139,1.3774518364005242,-0.0030797667994340028,0.25095390218030916,3.0,,-1.1313544770895048,False,estimated,0,1,,pad10,0,0,False,False,,3,ok,henon,henon_loc:00210,5.0,1024,0.6975278399986564,,,,,,,,,
,2,0.034081002591506634,90,3032515042,henon_loc,,,,,,,,,,,,,,,,,,,,,,,estimated,0,2,,pad10,0,0,False,False,,39,ok,henon,henon_loc:00211,5.0,1024,2.842620720999548,2.0,37.0,5.325135572420425e-05,0.0010843198384201669,1.0,0.0010843198384201669,0.9758000511750563,-0.47580005117505625,True
,2,0.0426012532393833,90,3032515042,henon_loc,,0.00874686796855284,-0.018851923207669596,-0.00874686796855284,-1.3611054479278906e-05,-0.0006783324265809965,0.6226076091209518,1.0,,0.6313544770895047,True,,1.4483156494894391,1.4456482582956571,1.4483156494894391,1.4753674452964476,-0.0030797667994340028,0.3169611723999343,2.0,,-1.1313544770895048,False,estimated,0,1,,pad25,0,0,False,False,,3,ok,henon,henon_loc:00212,5.0,1024,0.7803036610002891,,,,,,,,,
,2,0.0426012532393833,90,3032515042,henon_loc,,,,,,,,,,,,,,,,,,,,,,,estimated,0,2,,pad25,0,0,False,False,,35,ok,henon,henon_loc:00213,5.0,1024,4.069068369999513,1.0,34.0,0.005190810451794037,0.00908423302846506,1.0,0.00908423302846506,0.9758000511750563,-0.47580005117505625,True
,2,0.034081002591506634,90,3032515042,henon_loc,,0.005079278690747868,0.010968954059898395,0.005079278690747868,-3.287169797816514e-05,-0.0006783324265809965,0.6364337557802525,1.0,,0.6313544770895047,True,,1.4671562624349055,1.466948884915348,1.4671562624349055,1.4754209055633458,-0.0030797667994340028,0.3358017853454008,2.0,,-1.1313544770895048,False,estimated,0,1,,pad10_shift,0,0,False,False,,3,ok,henon,henon_loc:00214,5.0,1024,1.2054419310006779,,,,,,,,,
,2,0.034081002591506634,90,3032515042,henon_loc,,,,,,,,,,,,,,,,,,,,,,,estimated,0,2,,pad10_shift,0,0,False,False,,32,ok,henon,henon_loc:00215,5.0,1024,4.693931189000068,1.0,31.0,0.0018061264701966229,0.0022117166759486606,1.0,0.0022117166759486606,0.9758000511750563,-0.47580005117505625,True
,2,0.028400835492922195,90,3032515042,henon_loc,,0.0012431619362621715,0.0024487034120217466,0.0012431619362621715,-0.000176879838383881,-0.0018273838951360366,0.6325976390257668,1.0,,0.6313544770895047,True,,1.3970394983095555,1.3959467961830425,1.3970394983095555,1.3979625254630756,0.0034643753601371063,0.26568502122005083,4.0,,-1.1313544770895048,False,estimated,0,1,,pad0,0,0,False,False,,4,ok,henon,henon_loc:00216,10.0,1024,1.2579090549988905,,,,,,,,,
,2,0.028400835492922195,90,3032515042,henon_loc,,,,,,,,,,,,,,,,,,,,,,,estimated,0,2,,pad0,0,0,False,False,,78,ok,henon,henon_loc:00217,10.0,1024,4.186214350000228,1.0,77.0,0.0012056485390351535,0.0007410608528374274,1.0,0.0010530001748084161,0.9758000511750563,-0.47580005117505625,True
0.0,2,0.034081002591506634,90,3032515042,henon_loc,0.0,0.0040662820150653145,-0.006071547235854902,-0.0040662820150653145,-0.000146966717042063,-0.0018273838951360366,0.6272881950744393,1.0,True,0.6313544770895047,True,1.0,1.3835261923365076,1.3817463784365815,1.3835261923365076,1.3979254159314194,0.0034643753601371063,0.25217171524700294,3.0,False,-1.1313544770895048,False,estimated,0,1,8.94567094227923,pad10,0,0,True,True,1.0,3,ok,henon,henon_loc:00218,10.0,1024,38.75299059899953,,,,,,,,,
,2,0.034081002591506634,90,3032515042,henon_loc,,,,,,,,,,,,,,,,,,,,,,,estimated,0,2,,pad10,0,0,False,False,,67,ok,henon,henon_loc:00219,10.0,1024,2.7414003040012176,1.0,66.0,0.00022373329250113816,0.0012917916690170506,1.0,0.0012917916690170506,0.9758000511750563,-0.47580005117505625,True
,2,0.0426012532393833,90,3032515042,henon_loc,,0.01260519671791216,-0.018851923207669596,-0.01260519671791216,-0.00014433014539261269,-0.0018273838951360366,0.6187492803715925,1.0,,0.6313544770895047,True,,1.7501037574610971,1.74385703097134,1.7501037574610971,1.7625646240336168,0.0034643753601371063,0.6187492803715925,1.0,,-1.1313544770895048,False,estimated,0,1,,pad25,0,0,False,False,,1,ok,henon,henon_loc:00220,10.0,1024,0.9613312740002584,,,,,,,,,
,2,0.0426012532393833,90,3032515042,henon_loc,,,,,,,,,,,,,,,,,,,,,,,estimated,0,2,,pad25,0,0,False,False,,68,ok,henon,henon_loc:00221,10.0,1024,2.763471494999976,1.0,67.0,0.005745547185781796,0.010389823847096635,1.0,0.010389823847096635,0.9758000511750563,-0.47580005117505625,True
,2,0.034081002591506634,90,3032515042,henon_loc,,0.006574272097924272,0.010968954059898395,0.006574272097924272,-0.00015672591389825907,-0.0018273838951360366,0.6379287491874289,1.0,,0.6313544770895047,True,,1.7692832262769338,1.7736779082389078,1.7692832262769338,1.7625522282651112,0.0034643753601371063,0.6379287491874289,1.0,,-1.1313544770895048,False,estimated,0,1,,pad10_shift,0,0,False,False,,1,ok,henon,henon_loc:00222,10.0,1024,0.8042219340004522,,,,,,,,,
,2,0.034081002591506634,90,3032515042,henon_loc,,,,,,,,,,,,,,,,,,,,,,,estimated,0,2,,pad10_shift,0,0,False,False,,69,ok,henon,henon_loc:00223,10.0,1024,3.593787092000639,1.0,68.0,0.0025339257676185722,0.002713248367285037,1.0,0.002713248367285037,0.9758000511750563,-0.47580005117505625,True
,2,0.028400835492922195,90,3032515042,henon_loc,,0.0013807823261383634,0.0024487034120217466,0.0013807823261383634,-0.0001812636259723721,-0.0024419570972836757,0.632735259415643,1.0,,0.6313544770895047,True,,1.396922275136496,1.3959467961830425,1.396922275136496,1.3975612939350868,0.010207801206636669,0.26556779804699127,2.0,,-1.1313544770895048,False,estimated,0,1,,pad0,0,0,False,False,,2,ok,henon,henon_loc:00224,20.0,1024,1.2269719260002603,,,,,,,,,
,2,0.028400835492922195,90,3032515042,henon_loc,,,,,,,,,,,,,,,,,,,,,,,estimated,0,2,,pad0,0,0,False,False,,139,ok,henon,henon_loc:00225,20.0,1024,4.79589493200001,1.0,138.0,0.0013384927568549365,0.0003939152368943599,1.0,0.0003939152368943599,0.9758000511750563,-0.47580005117505625,True
,2,0.034081002591506634,90,3032515042,henon_loc,,0.00469785347411511,-0.006071547235854902,-0.00469785347411511,-0.0001821206307405232,-0.0024419570972836757,0.6266566236153895,1.0,,0.6313544770895047,True,,1.3839038825225474,1.3817463784365815,1.3839038825225474,1.39753628355915,0.010207801206636669,0.25254940543304255,2.0,,-1.1313544770895048,False,estimated,0,1,,pad10,0,0,False,False,,2,ok,henon,henon_loc:00226,20.0,1024,0.7793875380011741,,,,,,,,,
,2,0.034081002591506634,90,3032515042,henon_loc,,,,,,,,,,,,,,,,,,,,,,,estimated,0,2,,pad10,0,0,False,False,,119,ok,henon,henon_loc:00227,20.0,1024,2.8512436319997505,1.0,118.0,0.0008289628429022367,0.002440040007111288,1.0,0.002440040007111288,0.9758000511750563,-0.47580005117505625,True
,2,0.0426012532393833,90,3032515042,henon_loc,,0.014400988721273156,-0.018851923207669596,-0.014400988721273156,-0.00012956888607973394,-0.0024419570972836757,0.6169534883682315,1.0,,0.6313544770895047,True,,1.7483079654577363,1.74385703097134,1.7483079654577363,1.7625793852929297,0.010207801206636669,0.6169534883682315,1.0,,-1.1313544770895048,False,estimated,0,1,,pad25,0,0,False,False,,1,ok,henon,henon_loc:00228,20.0,1024,1.003754461000426,,,,,,,,,
,2,0.0426012532393833,90,3032515042,henon_loc,,,,,,,,,,,,,,,,,,,,,,,estimated,0,2,,pad25,0,0,False,False,,92,ok,henon,henon_loc:00229,20.0,1024,2.806665079000595,1.0,91.0,0.005586410040814727,0.012255813276164318,1.0,0.012255813276164318,0.9758000511750563,-0.47580005117505625,True
,2,0.034081002591506634,90,3032515042,henon_loc,,0.007609559340360783,0.010968954059898395,0.007609559340360783,-0.00014386874920691017,-0.0024419570972836757,0.6389640364298654,1.0,,0.6313544770895047,True,,1.398710970092956,1.3987868797323348,1.398710970092956,1.3976033375087322,0.010207801206636669,0.2673564930034513,2.0,,-1.1313544770895048,False,estimated,0,1,,pad10_shift,0,0,False,False,,2,ok,henon,henon_loc:00230,20.0,1024,0.8039937350004038,,,,,,,,,
,2,0.034081002591506634,90,3032515042,henon_loc,,,,,,,,,,,,,,,,,,,,,,,estimated,0,2,,pad10_shift,0,0,False,False,,122,ok,henon,henon_loc:00231,20.0,1024,4.423427564999656,1.0,121.0,0.0037271609058264765,0.0033078340227581937,1.0,0.0033078340227581937,0.9758000511750563,-0.47580005117505625,True
,2,0.028400835492922195,90,3032515042,henon_loc,,0.001555073975385346,0.0024487034120217466,0.001555073975385346,-0.00029098033165464443,-0.002622643083040166,0.63290955106489,1.0,,0.6313544770895047,True,,1.7642640281543946,1.7651576575910313,1.7642640281543946,1.7624179738473549,0.000546981436780225,0.63290955106489,1.0,,-1.1313544770895048,False,estimated,0,1,,pad0,0,0,False,False,,1,ok,henon,henon_loc:00232,40.0,1024,1.5736828150002111,,,,,,,,,
,2,0.028400835492922195,90,3032515042,henon_loc,,,,,,,,,,,,,,,,,,,,,,,estimated,0,2,,pad0,0,0,False,False,,146,ok,henon,henon_loc:00233,40.0,1024,4.291447538000284,1.0,145.0,0.0013254912293323429,0.00018383865620175133,1.0,0.00018383865620175133,0.9758000511750563,-0.47580005117505625,True
,2,0.034081002591506634,90,3032515042,henon_loc,,0.004992972811267871,-0.006071547235854902,-0.004992972811267871,-0.00030683495493566415,-0.002622643083040166,0.6263615042782368,1.0,,0.6313544770895047,True,,1.7577159813677414,1.7566374069431545,1.7577159813677414,1.7624021192240737,0.000546981436780225,0.6263615042782368,1.0,,-1.1313544770895048,False,estimated,0,1,,pad10,0,0,False,False,,1,ok,henon,henon_loc:00234,40.0,1024,1.0446503650000523,,,,,,,,,
,2,0.034081002591506634,90,3032515042,henon_loc,,,,,,,,,,,,,,,,,,,,,,,estimated,0,2,,pad10,0,0,False,False,,162,ok,henon,henon_loc:00235,40.0,1024,3.184270509000271,4.0,158.0,0.001328934606533494,0.0032484005325913445,1.0,0.0032484005325913445,0.9758000511750563,-0.47580005117505625,True
,2,0.0426012532393833,90,3032515042,henon_loc,,0.015361091622228096,-0.018851923207669596,-0.015361091622228096,-0.00023764672224702021,-0.002622643083040166,0.6159933854672766,1.0,,0.6313544770895047,True,,1.7473478625567813,1.74385703097134,1.7473478625567813,1.7624713074567624,0.000546981436780225,0.6159933854672766,1.0,,-1.1313544770895048,False,estimated,0,1,,pad25,0,0,False,False,,1,ok,henon,henon_loc:00236,40.0,1024,1.1924290919996565,,,,,,,,,
,2,0.0426012532393833,90,3032515042,henon_loc,,,,,,,,,,,,,,,,,,,,,,,estimated,0,2,,pad25,0,0,False,False,,171,ok,henon,henon_loc:00237,40.0,1024,3.1744601339996734,3.0,168.0,0.004906597150391989,0.012943676455779207,1.0,0.012943676455779207,0.9758000511750563,-0.47580005117505625,True
,2,0.034081002591506634,90,3032515042,henon_loc,,0.008093752737555193,0.010968954059898395,0.008093752737555193,-0.00025609289736394647,-0.002622643083040166,0.6394482298270598,1.0,,0.6313544770895047,True,,1.7708027069165646,1.7736779082389078,1.7708027069165646,1.7624528612816455,0.000546981436780225,0.6394482298270598,1.0,,-1.1313544770895048,False,estimated,0,1,,pad10_shift,0,0,False,False,,1,ok,henon,henon_loc:00238,40.0,1024,1.0241312430007383,,,,,,,,,
,2,0.034081002591506634,90,3032515042,henon_loc,,,,,,,,,,,,,,,,,,,,,,,estimated,0,2,,pad10_shift,0,0,False,False,,148,ok,henon,henon_loc:00239,40.0,1024,3.15381858299952,2.0,146.0,0.004194972911940709,0.0033832827469215676,1.0,0.0033832827469215676,0.9758000511750563,-0.47580005117505625,True
0.0,7,0.10224300777451992,30,3032515042,henon_loc,0.0,0.009062934504224351,0.028009455355652246,0.009062934504224351,0.00011667132395387636,-0.0007408839978290116,0.640417411593729,1.0,True,0.6313544770895047,True,0.0,1.7717718886832339,1.7907184095346618,1.7717718886832339,1.7628256255029633,0.011912932530413034,0.640417411593729,1.0,True,-1.1313544770895048,False,estimated,0,1,12.899106927347335,pad10,0,0,True,True,1.0,1,ok,henon,henon_loc:00240,10.0,1024,38.6942536739989,,,,,,,,,
,7,0.10224300777451992,30,3032515042,henon_loc,,,,,,,,,,,,,,,,,,,,,,,estimated,0,2,,pad10,0,0,False,False,,21,ok,henon,henon_loc:00241,10.0,1024,4.256362179999996,1.0,20.0,0.003972424847976774,0.0019480859186213895,1.0,0.0019480859186213895,0.9758000511750563,-0.47580005117505625,True
,2,0.17031275140241112,15,105936610,henon_loc,,0.005836633300026373,0.04545979387032828,0.005836633300026373,-0.0001243129990580183,-0.00021449258022121498,0.637191110389531,1.0,,0.6313544770895047,True,,1.7685455874790357,1.8081687480493378,1.7685455874790357,1.7625846411799513,0.02503397370832383,0.637191110389531,1.0,,-1.1313544770895048,False,estimated,0,1,,pad0,1,1,False,False,,1,ok,henon,henon_loc:00242,2.5,1024,0.7493114120006794,,,,,,,,,
,2,0.17031275140241112,15,105936610,henon_loc,,,,,,,,,,,,,,,,,,,,,,,estimated,0,2,,pad0,1,1,False,False,,5,ok,henon,henon_loc:00243,2.5,1024,2.7490792769986,1.0,4.0,0.0032875053580603275,0.002119393532145075,1.0,0.002119393532145075,0.9758000511750563,-0.47580005117505625,True
,2,0.20437530168289336,15,105936610,henon_loc,,0.008156083330954855,-0.022665306690636156,-0.008156083330954855,1.892873636089032e-05,-0.00021449258022121498,0.6231983937585498,1.0,,0.6313544770895047,True,,1.7545528708480544,1.7400436474883731,1.7545528708480544,1.7627278829153703,0.02503397370832383,0.6231983937585498,1.0,,-1.1313544770895048,False,estimated,0,1,,pad10,1,1,False,False,,1,ok,henon,henon_loc:00244,2.5,1024,0.7267769360005332,,,,,,,,,
,2,0.20437530168289336,15,105936610,henon_loc,,,,,,,,,,,,,,,,,,,,,,,estimated,0,2,,pad10,1,1,False,False,,4,ok,henon,henon_loc:00245,2.5,1024,2.958661487999052,1.0,3.0,0.0008619102438980342,0.0024024078436698515,1.0,0.0024024078436698515,0.9758000511750563,-0.47580005117505625,True
,2,0.25546912710361674,15,105936610,henon_loc,,0.033285828600732925,-0.12485295753208236,-0.033285828600732925,-7.484207726271563e-05,-0.00021449258022121498,0.5980686484887717,1.0,,0.6313544770895047,True,,1.7294231255782764,1.637855996646927,1.7294231255782764,1.7626341121017468,0.02503397370832383,0.5980686484887717,1.0,,-1.1313544770895048,False,estimated,0,1,,pad25,1,1,False,False,,1,ok,henon,henon_loc:00246,2.5,1024,0.742486175000522,,,,,,,,,
,2,0.25546912710361674,15,105936610,henon_loc,,,,,,,,,,,,,,,,,,,,,,,estimated,0,2,,pad25,1,1,False,False,,5,ok,henon,henon_loc:00247,2.5,1024,4.722833648000233,1.0,4.0,0.0018369170596933548,0.0020009030021835295,1.0,0.0020870191639636992,0.9758000511750563,-0.47580005117505625,True
,2,0.20437530168289336,15,105936610,henon_loc,,0.012310428233204052,0.07952234415081061,0.012310428233204052,4.791013223048868e-05,-0.00021449258022121498,0.6436649053227087,1.0,,0.6313544770895047,True,,1.7750193824122134,1.84223129832982,1.7750193824122134,1.76275686431124,0.02503397370832383,0.6436649053227087,1.0,,-1.1313544770895048,False,estimated,0,1,,pad10_shift,1,1,False,False,,1,ok,henon,henon_loc:00248,2.5,1024,1.2581549269998504,,,,,,,,,
,2,0.20437530168289336,15,105936610,henon_loc,,,,,,,,,,,,,,,,,,,,,,,estimated,0,2,,pad10_shift,1,1,False,False,,5,ok,henon,henon_loc:00249,2.5,1024,4.580565913998726,1.0,4.0,0.0026993062116874578,0.0025271266787826874,1.0,0.002649073739554808,0.9758000511750563,-0.47580005117505625,True
,2,0.17031275140241112,15,105936610,henon_loc,,0.008498599922258543,0.04545979387032828,0.008498599922258543,-1.7037647861983807e-05,-0.00031229141920208203,0.6398530770117632,1.0,,0.6313544770895047,True,,1.771207554101268,1.8081687480493378,1.771207554101268,1.7626919165311474,0.019115525383805787,0.6398530770117632,1.0,,-1.1313544770895048,False,estimated,0,1,,pad0,1,1,False,False,,1,ok,henon,henon_loc:00250,5.0,1024,1.428111342000193,,,,,,,,,
,2,0.17031275140241112,15,105936610,henon_loc,,,,,,,,,,,,,,,,,,,,,,,estimated,0,2,,pad0,1,1,False,False,,5,ok,henon,henon_loc:00251,5.0,1024,3.5016490800007887,1.0,4.0,0.005588836765339278,0.0035907577167129112,1.0,0.0035907577167129112,0.9758000511750563,-0.47580005117505625,True
,2,0.20437530168289336,15,105936610,henon_loc,,0.011747315228606725,-0.022665306690636156,-0.011747315228606725,4.264618159610656e-06,-0.00031229141920208203,0.6196071618608979,1.0,,0.6313544770895047,True,,1.7509616389504026,1.7400436474883731,1.7509616389504026,1.762713218797169,0.019115525383805787,0.6196071618608979,1.0,,-1.1313544770895048,False,estimated,0,1,,pad10,1,1,False,False,,1,ok,henon,henon_loc:00252,5.0,1024,1.450380447000498,,,,,,,,,
,2,0.20437530168289336,15,105936610,henon_loc,,,,,,,,,,,,,,,,,,,,,,,estimated,0,2,,pad10,1,1,False,False,,6,ok,henon,henon_loc:00253,5.0,1024,2.63074247700024,1.0,5.0,0.0009719398074364838,0.004266942981375976,1.0,0.004266942981375976,0.9758000511750563,-0.47580005117505625,True
,2,0.25546912710361674,15,105936610,henon_loc,,0.047657119589351704,-0.12485295753208236,-0.047657119589351704,-0.00039533107518263666,-0.00031229141920208203,0.583697357500153,1.0,,0.6313544770895047,True,,1.7150518345896577,1.637855996646927,1.7150518345896577,1.7623136231038268,0.019115525383805787,0.583697357500153,1.0,,-1.1313544770895048,False,estimated,0,1,,pad25,1,1,False,False,,1,ok,henon,henon_loc:00254,5.0,1024,0.8918711669994082,,,,,,,,,
,2,0.25546912710361674,15,105936610,henon_loc,,,,,,,,,,,,,,,,,,,,,,,estimated,0,2,,pad25,1,1,False,False,,5,ok,henon,henon_loc:00255,5.0,1024,2.643464466998921,1.0,4.0,0.0032044256316541286,0.003863889807967813,1.0,0.003863889807967813,0.9758000511750563,-0.47580005117505625,True
,2,0.20437530168289336,15,105936610,henon_loc,,0.017706197747655583,0.07952234415081061,0.017706197747655583,-0.00017664114959758948,-0.00031229141920208203,0.6490606748371602,1.0,,0.6313544770895047,True,,1.780415151926665,1.84223129832982,1.780415151926665,1.762532313029412,0.019115525383805787,0.6490606748371602,1.0,,-1.1313544770895048,False,estimated,0,1,,pad10_shift,1,1,False,False,,1,ok,henon,henon_loc:00256,5.0,1024,0.8829313650003314,,,,,,,,,
,2,0.20437530168289336,15,105936610,henon_loc,,,,,,,,,,,,,,,,,,,,,,,estimated,0,2,,pad10_shift,1,1,False,False,,5,ok,henon,henon_loc:00257,5.0,1024,2.7068123900007777,2.0,3.0,0.005055356066320571,0.0040350316153280885,1.0,0.0040350316153280885,0.9758000511750563,-0.47580005117505625,True
,2,0.17031275140241112,15,105936610,henon_loc,,0.013173337351244263,0.04545979387032828,0.013173337351244263,-2.5900882442586592e-05,-0.0008245310071480771,0.6445278144407489,1.0,,0.6313544770895047,True,,1.7758822915302537,1.8081687480493378,1.7758822915302537,1.7626830532965667,0.008585673256329862,0.6445278144407489,1.0,,-1.1313544770895048,False,estimated,0,1,,pad0,1,1,False,False,,1,ok,henon,henon_loc:00258,10.0,1024,1.1748866710004222,,,,,,,,,
,2,0.17031275140241112,15,105936610,henon_loc,,,,,,,,,,,,,,,,,,,,,,,estimated,0,2,,pad0,1,1,False,False,,5,ok,henon,henon_loc:00259,10.0,1024,2.7436922389988467,1.0,4.0,0.00808270849144166,0.005867194277435095,1.0,0.005867194277435095,0.9758000511750563,-0.47580005117505625,True
0.0,2,0.20437530168289336,15,105936610,henon_loc,0.0,0.016385835909319302,-0.022665306690636156,-0.016385835909319302,-3.5811774687810605e-05,-0.0008245310071480771,0.6149686411801853,1.0,True,0.6313544770895047,True,0.0,1.7463231182696901,1.7400436474883731,1.7463231182696901,1.7626731424043216,0.008585673256329862,0.6149686411801853,1.0,True,-1.1313544770895048,False,estimated,0,1,10.77763553233181,pad10,1,1,True,True,1.0,1,ok,henon,henon_loc:00260,10.0,1024,40.53748023499975,,,,,,,,,
,2,0.20437530168289336,15,105936610,henon_loc,,,,,,,,,,,,,,,,,,,,,,,estimated,0,2,,pad10,1,1,False,False,,5,ok,henon,henon_loc:00261,10.0,1024,3.797207559000526,1.0,4.0,0.0008159947184745997,0.006862496684500674,1.0,0.006862496684500674,0.9758000511750563,-0.47580005117505625,True
,2,0.25546912710361674,15,105936610,henon_loc,,0.06160711561513432,-0.12485295753208236,-0.06160711561513432,-0.00029452511026628603,-0.0008245310071480771,0.5697473614743703,1.0,,0.6313544770895047,True,,1.7011018385638752,1.637855996646927,1.7011018385638752,1.7624144290687431,0.008585673256329862,0.5697473614743703,1.0,,-1.1313544770895048,False,estimated,0,1,,pad25,1,1,False,False,,1,ok,henon,henon_loc:00262,10.0,1024,1.95623068399982,,,,,,,,,
,2,0.25546912710361674,15,105936610,henon_loc,,,,,,,,,,,,,,,,,,,,,,,estimated,0,2,,pad25,1,1,False,False,,5,ok,henon,henon_loc:00263,10.0,1024,3.9552792589984165,1.0,4.0,0.016420521649242237,0.006242871966156249,1.0,0.006242871966156249,0.9758000511750563,-0.47580005117505625,True
,2,0.20437530168289336,15,105936610,henon_loc,,0.026135130168340792,0.07952234415081061,0.026135130168340792,7.727920377187392e-05,-0.0008245310071480771,0.6574896072578454,1.0,,0.6313544770895047,True,,1.78884408434735,1.84223129832982,1.78884408434735,1.7627862333827813,0.008585673256329862,0.6574896072578454,1.0,,-1.1313544770895048,False,estimated,0,1,,pad10_shift,1,1,False,False,,1,ok,henon,henon_loc:00264,10.0,1024,1.2049636939991615,,,,,,,,,
,2,0.20437530168289336,15,105936610,henon_loc,,,,,,,,,,,,,,,,,,,,,,,estimated,0,2,,pad10_shift,1,1,False,False,,5,ok,henon,henon_loc:00265,10.0,1024,2.767175474000396,2.0,3.0,0.008789472306793278,0.005313944168581275,1.0,0.005313944168581275,0.9758000511750563,-0.47580005117505625,True
,2,0.17031275140241112,15,105936610,henon_loc,,0.019322634482062284,0.04545979387032828,0.019322634482062284,-0.000263331929215016,-0.0014432240455267697,0.6506771115715669,1.0,,0.6313544770895047,True,,1.7820315886610718,1.8081687480493378,1.7820315886610718,1.7624456222497944,0.00035278356473833483,0.6506771115715669,1.0,,-1.1313544770895048,False,estimated,0,1,,pad0,1,1,False,False,,1,ok,henon,henon_loc:00266,20.0,1024,2.049459007999758,,,,,,,,,
,2,0.17031275140241112,15,105936610,henon_loc,,,,,,,,,,,,,,,,,,,,,,,estimated,0,2,,pad0,1,1,False,False,,5,ok,henon,henon_loc:00267,20.0,1024,3.6370461160004197,1.0,4.0,0.010548518908392701,0.009062788122242593,1.0,0.009062788122242593,0.9758000511750563,-0.47580005117505625,True
,2,0.20437530168289336,15,105936610,henon_loc,,0.020641135169987446,-0.022665306690636156,-0.020641135169987446,-0.00020360500169813722,-0.0014432240455267697,0.6107133419195172,1.0,,0.6313544770895047,True,,1.742067819009022,1.7400436474883731,1.742067819009022,1.7625053491773113,0.00035278356473833483,0.6107133419195172,1.0,,-1.1313544770895048,False,estimated,0,1,,pad10,1,1,False,False,,1,ok,henon,henon_loc:00268,20.0,1024,2.724602632000824,,,,,,,,,
,2,0.20437530168289336,15,105936610,henon_loc,,,,,,,,,,,,,,,,,,,,,,,estimated,0,2,,pad10,1,1,False,False,,5,ok,henon,henon_loc:00269,20.0,1024,4.159453634998499,1.0,4.0,0.00069487718838257,0.010798872627144962,1.0,0.010798872627144962,0.9758000511750563,-0.47580005117505625,True
,2,0.25546912710361674,15,105936610,henon_loc,,0.07519594872845248,-0.12485295753208236,-0.07519594872845248,0.00016744376711441689,-0.0014432240455267697,0.5561585283610522,1.0,,0.6313544770895047,True,,1.687513005450557,1.637855996646927,1.687513005450557,1.762876397946124,0.00035278356473833483,0.5561585283610522,1.0,,-1.1313544770895048,False,estimated,0,1,,pad25,1,1,False,False,,1,ok,henon,henon_loc:00270,20.0,1024,1.7230930509995233,,,,,,,,,
,2,0.25546912710361674,15,105936610,henon_loc,,,,,,,,,,,,,,,,,,,,,,,estimated,0,2,,pad25,1,1,False,False,,5,ok,henon,henon_loc:00271,20.0,1024,2.729682408998997,1.0,4.0,0.01006699807836775,0.009705381550162762,1.0,0.009705381550162762,0.9758000511750563,-0.47580005117505625,True
,2,0.20437530168289336,15,105936610,henon_loc,,0.036268407807627634,0.07952234415081061,0.036268407807627634,-8.208241085938539e-06,-0.0014432240455267697,0.6676228848971323,1.0,,0.6313544770895047,True,,1.798977361986637,1.84223129832982,1.798977361986637,1.7627007459379236,0.00035278356473833483,0.6676228848971323,1.0,,-1.1313544770895048,False,estimated,0,1,,pad10_shift,1,1,False,False,,1,ok,henon,henon_loc:00272,20.0,1024,1.600591759000963,,,,,,,,,
,2,0.20437530168289336,15,105936610,henon_loc,,,,,,,,,,,,,,,,,,,,,,,estimated,0,2,,pad10_shift,1,1,False,False,,5,ok,henon,henon_loc:00273,20.0,1024,2.7109329119994072,2.0,3.0,0.013364033581558799,0.007076743781064709,1.0,0.007076743781064709,0.9758000511750563,-0.47580005117505625,True
,2,0.17031275140241112,15,105936610,henon_loc,,0.02480676233170831,0.04545979387032828,0.02480676233170831,-0.00031436850014732176,-0.0019511540465748656,0.656161239421213,1.0,,0.6313544770895047,True,,1.7875157165107178,1.8081687480493378,1.7875157165107178,1.762394585678862,-0.0001162229851068286,0.656161239421213,1.0,,-1.1313544770895048,False,estimated,0,1,,pad0,1,1,False,False,,1,ok,henon,henon_loc:00274,40.0,1024,3.35874541800149,,,,,,,,,
,2,0.17031275140241112,15,105936610,henon_loc,,,,,,,,,,,,,,,,,,,,,,,estimated,0,2,,pad0,1,1,False,False,,5,ok,henon,henon_loc:00275,40.0,1024,4.900359638999362,1.0,4.0,0.013789358001594532,0.012456162423314487,1.0,0.012456162423314487,0.9758000511750563,-0.47580005117505625,True
,2,0.20437530168289336,15,105936610,henon_loc,,0.021647021101591446,-0.022665306690636156,-0.021647021101591446,-0.0001876144248876832,-0.0019511540465748656,0.6097074559879132,1.0,,0.6313544770895047,True,,1.741061933077418,1.7400436474883731,1.741061933077418,1.7625213397541217,-0.0001162229851068286,0.6097074559879132,1.0,,-1.1313544770895048,False,estimated,0,1,,pad10,1,1,False,False,,1,ok,henon,henon_loc:00276,40.0,1024,4.0697044049993565,,,,,,,,,
,2,0.20437530168289336,15,105936610,henon_loc,,,,,,,,,,,,,,,,,,,,,,,estimated,0,2,,pad10,1,1,False,False,,6,ok,henon,henon_loc:00277,40.0,1024,2.9318647529999,1.0,5.0,0.0006534829022407651,0.016386403242110936,1.0,0.016386403242110936,0.9758000511750563,-0.47580005117505625,True
,2,0.25546912710361674,15,105936610,henon_loc,,0.08964399040259774,-0.12485295753208236,-0.08964399040259774,-0.00022979591633187635,-0.0019511540465748656,0.5417104866869069,1.0,,0.6313544770895047,True,,1.6730649637764117,1.637855996646927,1.6730649637764117,1.7624791582626775,-0.0001162229851068286,0.5417104866869069,1.0,,-1.1313544770895048,False,estimated,0,1,,pad25,1,1,False,False,,1,ok,henon,henon_loc:00278,40.0,1024,2.3934783580007206,,,,,,,,,
,2,0.25546912710361674,15,105936610,henon_loc,,,,,,,,,,,,,,,,,,,,,,,estimated,0,2,,pad25,1,1,False,False,,5,ok,henon,henon_loc:00279,40.0,1024,2.7450534720010182,1.0,4.0,0.015302081014312408,0.01344461290075738,1.0,0.01344461290075738,0.9758000511750563,-0.47580005117505625,True
,2,0.20437530168289336,15,105936610,henon_loc,,0.04607431993389688,0.07952234415081061,0.04607431993389688,8.987705524587941e-05,-0.0019511540465748656,0.6774287970234015,1.0,,0.6313544770895047,True,,1.8087832741129062,1.84223129832982,1.8087832741129062,1.7627988312342553,-0.0001162229851068286,0.6774287970234015,1.0,,-1.1313544770895048,False,estimated,0,1,,pad10_shift,1,1,False,False,,1,ok,henon,henon_loc:00280,40.0,1024,2.1203608159994474,,,,,,,,,
,2,0.20437530168289336,15,105936610,henon_loc,,,,,,,,,,,,,,,,,,,,,,,estimated,0,2,,pad10_shift,1,1,False,False,,5,ok,henon,henon_loc:00281,40.0,1024,2.7348082829994382,2.0,3.0,0.020606024632496833,0.01041290644543863,1.0,0.01041290644543863,0.9758000511750563,-0.47580005117505625,True
,2,0.12773456355180834,20,105936610,henon_loc,,0.01846216855421634,-0.06098567575617864,-0.01846216855421634,-0.00025999324808367863,-0.00021449258022121498,0.6128923085352883,1.0,,0.6313544770895047,True,,1.7442467856247932,1.7017232784228309,1.7442467856247932,1.7624489609309257,0.02503397370832383,0.6128923085352883,1.0,,-1.1313544770895048,False,estimated,0,1,,pad0,1,1,False,False,,1,ok,henon,henon_loc:00282,2.5,1024,0.7157022080009483,,,,,,,,,
,2,0.12773456355180834,20,105936610,henon_loc,,,,,,,,,,,,,,,,,,,,,,,estimated,0,2,,pad0,1,1,False,False,,7,ok,henon,henon_loc:00283,2.5,1024,2.6631564010003785,1.0,6.0,0.0003005640825882727,0.00032654436437501433,1.0,0.0017691176324534652,0.9758000511750563,-0.47580005117505625,True
,2,0.15328147626217,20,105936610,henon_loc,,0.00849172570079959,0.05397543144044892,0.00849172570079959,-0.0003219591842752445,-0.00021449258022121498,0.6398462027903042,1.0,,0.6313544770895047,True,,1.771200679879809,1.8166843856194583,1.771200679879809,1.7623869949947342,0.02503397370832383,0.6398462027903042,1.0,,-1.1313544770895048,False,estimated,0,1,,pad10,1,1,False,False,,1,ok,henon,henon_loc:00284,2.5,1024,0.7503902799999196,,,,,,,,,
,2,0.15328147626217,20,105936610,henon_loc,,,,,,,,,,,,,,,,,,,,,,,estimated,0,2,,pad10,1,1,False,False,,6,ok,henon,henon_loc:00285,2.5,1024,3.5540155740000046,1.0,5.0,0.002452048042823507,0.0023306560462951764,1.0,0.0023306560462951764,0.9758000511750563,-0.47580005117505625,True
,2,0.19160184532771254,20,105936610,henon_loc,,0.0029872790801758198,0.03481524690767823,0.0029872790801758198,-0.0003657532130590946,-0.00021449258022121498,0.6343417561696805,1.0,,0.6313544770895047,True,,1.7656962332591852,1.7975242010866876,1.7656962332591852,1.7623432009659503,0.02503397370832383,0.6343417561696805,1.0,,-1.1313544770895048,False,estimated,0,1,,pad25,1,1,False,False,,1,ok,henon,henon_loc:00286,2.5,1024,0.7126040410003043,,,,,,,,,
,2,0.19160184532771254,20,105936610,henon_loc,,,,,,,,,,,,,,,,,,,,,,,estimated,0,2,,pad25,1,1,False,False,,4,ok,henon,henon_loc:00287,2.5,1024,4.027201335000427,1.0,3.0,0.003025040454989525,0.0013425123221928459,1.0,0.002540165122100868,0.9758000511750563,-0.47580005117505625,True
,2,0.15328147626217,20,105936610,henon_loc,,0.008364113349623281,-0.022665306690636267,-0.008364113349623281,-0.0003168358458592868,-0.00021449258022121498,0.6229903637398814,1.0,,0.6313544770895047,True,,1.7543448408293862,1.7400436474883731,1.7543448408293862,1.7623921183331501,0.02503397370832383,0.6229903637398814,1.0,,-1.1313544770895048,False,estimated,0,1,,pad10_shift,1,1,False,False,,1,ok,henon,henon_loc:00288,2.5,1024,1.2307242719998612,,,,,,,,,
,2,0.15328147626217,20,105936610,henon_loc,,,,,,,,,,,,,,,,,,,,,,,estimated,0,2,,pad10_shift,1,1,False,False,,5,ok,henon,henon_loc:00289,2.5,1024,4.470913491000829,1.0,4.0,8.716286448096078e-05,0.00044163578769784717,1.0,0.0021036506336315486,0.9758000511750563,-0.47580005117505625,True
,2,0.12773456355180834,20,105936610,henon_loc,,0.02827779160953703,-0.06098567575617864,-0.02827779160953703,-0.00017618762813920164,-0.00031229141920208203,0.6030766854799676,1.0,,0.6313544770895047,True,,1.7344311625694724,1.7017232784228309,1.7344311625694724,1.76253276655087,0.019115525383805787,0.6030766854799676,1.0,,-1.1313544770895048,False,estimated,0,1,,pad0,1,1,False,False,,1,ok,henon,henon_loc:00290,5.0,1024,1.6474327010000707,,,,,,,,,
,2,0.12773456355180834,20,105936610,henon_loc,,,,,,,,,,,,,,,,,,,,,,,estimated,0,2,,pad0,1,1,False,False,,9,ok,henon,henon_loc:00291,5.0,1024,3.782814934998896,1.0,8.0,0.0006121289997768065,0.0014995013180008065,1.0,0.0026372080185183,0.9758000511750563,-0.47580005117505625,True
,2,0.15328147626217,20,105936610,henon_loc,,0.012809810456606452,0.05397543144044892,0.012809810456606452,-0.00021911502567795171,-0.00031229141920208203,0.6441642875461111,1.0,,0.6313544770895047,True,,1.7755187646356159,1.8166843856194583,1.7755187646356159,1.7624898391533315,0.019115525383805787,0.6441642875461111,1.0,,-1.1313544770895048,False,estimated,0,1,,pad10,1,1,False,False,,1,ok,henon,henon_loc:00292,5.0,1024,0.856038087998968,,,,,,,,,
,2,0.15328147626217,20,105936610,henon_loc,,,,,,,,,,,,,,,,,,,,,,,estimated,0,2,,pad10,1,1,False,False,,12,ok,henon,henon_loc:00293,5.0,1024,2.695790161000332,2.0,10.0,0.0044924619518156295,0.0036786853148960685,1.0,0.0036786853148960685,0.9758000511750563,-0.47580005117505625,True
,2,0.19160184532771254,20,105936610,henon_loc,,0.0037546412020051934,0.03481524690767823,0.0037546412020051934,-7.739570454901035e-05,-0.00031229141920208203,0.6351091182915098,1.0,,0.6313544770895047,True,,1.7664635953810146,1.7975242010866876,1.7664635953810146,1.7626315584744603,0.019115525383805787,0.6351091182915098,1.0,,-1.1313544770895048,False,estimated,0,1,,pad25,1,1,False,False,,1,ok,henon,henon_loc:00294,5.0,1024,0.8751924139996845,,,,,,,,,
,2,0.19160184532771254,20,105936610,henon_loc,,,,,,,,,,,,,,,,,,,,,,,estimated,0,2,,pad25,1,1,False,False,,8,ok,henon,henon_loc:00295,5.0,1024,2.654351033999774,1.0,7.0,0.005190126803244377,0.0028827426832569447,1.0,0.004900216613899722,0.9758000511750563,-0.47580005117505625,True
,2,0.15328147626217,20,105936610,henon_loc,,0.011362612039685582,-0.022665306690636267,-0.011362612039685582,-0.00024970501067822504,-0.00031229141920208203,0.6199918650498191,1.0,,0.6313544770895047,True,,1.7513463421393238,1.7400436474883731,1.7513463421393238,1.762459249168331,0.019115525383805787,0.6199918650498191,1.0,,-1.1313544770895048,False,estimated,0,1,,pad10_shift,1,1,False,False,,1,ok,henon,henon_loc:00296,5.0,1024,0.8481565889997,,,,,,,,,
,2,0.15328147626217,20,105936610,henon_loc,,,,,,,,,,,,,,,,,,,,,,,estimated,0,2,,pad10_shift,1,1,False,False,,10,ok,henon,henon_loc:00297,5.0,1024,2.916393744999368,1.0,9.0,0.0005003139981415439,0.0011384086692149964,1.0,0.0033424917453762637,0.9758000511750563,-0.47580005117505625,True
,2,0.12773456355180834,20,105936610,henon_loc,,0.03808481373343864,-0.06098567575617864,-0.03808481373343864,-8.378107677564639e-05,-0.0008245310071480771,0.593269663356066,1.0,,0.6313544770895047,True,,1.7246241404455707,1.7017232784228309,1.7246241404455707,1.7626251731022338,0.008585673256329862,0.593269663356066,1.0,,-1.1313544770895048,False,estimated,0,1,,pad0,1,1,False,False,,1,ok,henon,henon_loc:00298,10.0,1024,1.1265082170011738,,,,,,,,,
,2,0.12773456355180834,20,105936610,henon_loc,,,,,,,,,,,,,,,,,,,,,,,estimated,0,2,,pad0,1,1,False,False,,10,ok,henon,henon_loc:00299,10.0,1024,2.793342750001102,2.0,8.0,0.009532466111022764,0.002949290359826884,1.0,0.002949290359826884,0.9758000511750563,-0.47580005117505625,True
0.0,2,0.15328147626217,20,105936610,henon_loc,0.0,0.019430650657865978,0.05397543144044892,0.019430650657865978,-0.00011273756556073877,-0.0008245310071480771,0.6507851277473706,1.0,True,0.6313544770895047,True,0.0,1.7821396048368754,1.8166843856194583,1.7821396048368754,1.7625962166134488,0.008585673256329862,0.6507851277473706,1.0,True,-1.1313544770895048,False,estimated,0,1,7.201552786294973,pad10,1,1,True,True,1.0,1,ok,henon,henon_loc:00300,10.0,1024,38.61545652700079,,,,,,,,,
,2,0.15328147626217,20,105936610,henon_loc,,,,,,,,,,,,,,,,,,,,,,,estimated,0,2,,pad10,1,1,False,False,,11,ok,henon,henon_loc:00301,10.0,1024,3.6176574820001406,2.0,9.0,0.007440801740996705,0.005013703482564802,1.0,0.005013703482564802,0.9758000511750563,-0.47580005117505625,True
,2,0.19160184532771254,20,105936610,henon_loc,,0.006131650453171766,0.03481524690767823,0.006131650453171766,-9.540951997888403e-05,-0.0008245310071480771,0.6374861275426764,1.0,,0.6313544770895047,True,,1.7688406046321812,1.7975242010866876,1.7688406046321812,1.7626135446590305,0.008585673256329862,0.6374861275426764,1.0,,-1.1313544770895048,False,estimated,0,1,,pad25,1,1,False,False,,1,ok,henon,henon_loc:00302,10.0,1024,1.756118265000623,,,,,,,,,
,2,0.19160184532771254,20,105936610,henon_loc,,,,,,,,,,,,,,,,,,,,,,,estimated,0,2,,pad25,1,1,False,False,,6,ok,henon,henon_loc:00303,10.0,1024,4.436505173000114,1.0,5.0,0.0073416685343072885,0.005244813088188471,1.0,0.008108970471541466,0.9758000511750563,-0.47580005117505625,True
,2,0.15328147626217,20,105936610,henon_loc,,0.015916585230161928,-0.022665306690636267,-0.015916585230161928,-0.00020523391328952645,-0.0008245310071480771,0.6154378918593427,1.0,,0.6313544770895047,True,,1.7467923689488476,1.7400436474883731,1.7467923689488476,1.7625037202657199,0.008585673256329862,0.6154378918593427,1.0,,-1.1313544770895048,False,estimated,0,1,,pad10_shift,1,1,False,False,,1,ok,henon,henon_loc:00304,10.0,1024,1.1438542739997501,,,,,,,,,
,2,0.15328147626217,20,105936610,henon_loc,,,,,,,,,,,,,,,,,,,,,,,estimated,0,2,,pad10_shift,1,1,False,False,,10,ok,henon,henon_loc:00305,10.0,1024,2.6836689120009396,2.0,8.0,0.0006094202505250168,0.002691937785974541,1.0,0.004478303639281089,0.9758000511750563,-0.47580005117505625,True
,2,0.12773456355180834,20,105936610,henon_loc,,0.0459367263773266,-0.06098567575617864,-0.0459367263773266,4.771650132440186e-05,-0.0014432240455267697,0.585417750712178,1.0,,0.6313544770895047,True,,1.7167722278016828,1.7017232784228309,1.7167722278016828,1.762756670680334,0.00035278356473833483,0.585417750712178,1.0,,-1.1313544770895048,False,estimated,0,1,,pad0,1,1,False,False,,1,ok,henon,henon_loc:00306,20.0,1024,1.541784397999436,,,,,,,,,
,2,0.12773456355180834,20,105936610,henon_loc,,,,,,,,,,,,,,,,,,,,,,,estimated,0,2,,pad0,1,1,False,False,,7,ok,henon,henon_loc:00307,20.0,1024,2.705576395999742,1.0,6.0,0.004032896415132714,0.0026335479961689945,1.0,0.0026335479961689945,0.9758000511750563,-0.47580005117505625,True
,2,0.15328147626217,20,105936610,henon_loc,,0.027295379503886608,0.05397543144044892,0.027295379503886608,8.791746735148376e-05,-0.0014432240455267697,0.6586498565933913,1.0,,0.6313544770895047,True,,1.7900043336828961,1.8166843856194583,1.7900043336828961,1.762796871646361,0.00035278356473833483,0.6586498565933913,1.0,,-1.1313544770895048,False,estimated,0,1,,pad10,1,1,False,False,,1,ok,henon,henon_loc:00308,20.0,1024,1.7798456990003615,,,,,,,,,
,2,0.15328147626217,20,105936610,henon_loc,,,,,,,,,,,,,,,,,,,,,,,estimated,0,2,,pad10,1,1,False,False,,11,ok,henon,henon_loc:00309,20.0,1024,4.358440780000819,2.0,9.0,0.01104177912598625,0.0072480986729663854,1.0,0.0072480986729663854,0.9758000511750563,-0.47580005117505625,True
,2,0.19160184532771254,20,105936610,henon_loc,,0.010596554913078204,0.03481524690767823,0.010596554913078204,5.8453420054060956e-05,-0.0014432240455267697,0.6419510320025829,1.0,,0.6313544770895047,True,,1.7733055090920877,1.7975242010866876,1.7733055090920877,1.7627674075990636,0.00035278356473833483,0.6419510320025829,1.0,,-1.1313544770895048,False,estimated,0,1,,pad25,1,1,False,False,,1,ok,henon,henon_loc:00310,20.0,1024,2.7267140239982837,,,,,,,,,
,2,0.19160184532771254,20,105936610,henon_loc,,,,,,,,,,,,,,,,,,,,,,,estimated,0,2,,pad25,1,1,False,False,,6,ok,henon,henon_loc:00311,20.0,1024,2.624251754001307,1.0,5.0,0.009233672265717696,0.007537986085924042,1.0,0.013325925998338928,0.9758000511750563,-0.47580005117505625,True
,2,0.15328147626217,20,105936610,henon_loc,,0.019670517840537083,-0.022665306690636267,-0.019670517840537083,-0.0001271296171103664,-0.0014432240455267697,0.6116839592489676,1.0,,0.6313544770895047,True,,1.7430384363384723,1.7400436474883731,1.7430384363384723,1.7625818245618992,0.00035278356473833483,0.6116839592489676,1.0,,-1.1313544770895048,False,estimated,0,1,,pad10_shift,1,1,False,False,,1,ok,henon,henon_loc:00312,20.0,1024,1.5387603010003659,,,,,,,,,
,2,0.15328147626217,20,105936610,henon_loc,,,,,,,,,,,,,,,,,,,,,,,estimated,0,2,,pad10_shift,1,1,False,False,,8,ok,henon,henon_loc:00313,20.0,1024,2.64552753299904,1.0,7.0,0.0009342492581213557,0.005544983227739386,1.0,0.005544983227739386,0.9758000511750563,-0.47580005117505625,True
,2,0.12773456355180834,20,105936610,henon_loc,,0.04942060590911479,-0.06098567575617864,-0.04942060590911479,-0.00024279894166856497,-0.0019511540465748656,0.5819338711803899,1.0,,0.6313544770895047,True,,1.7132883482698946,1.7017232784228309,1.7132883482698946,1.7624661552373408,-0.0001162229851068286,0.5819338711803899,1.0,,-1.1313544770895048,False,estimated,0,1,,pad0,1,1,False,False,,1,ok,henon,henon_loc:00314,40.0,1024,1.937121794999257,,,,,,,,,
,2,0.12773456355180834,20,105936610,henon_loc,,,,,,,,,,,,,,,,,,,,,,,estimated,0,2,,pad0,1,1,False,False,,7,ok,henon,henon_loc:00315,40.0,1024,3.9338270309999643,1.0,6.0,0.005330814471221523,0.0014191165896936253,1.0,0.0014191165896936253,0.9758000511750563,-0.47580005117505625,True
,2,0.15328147626217,20,105936610,henon_loc,,0.033410620570131444,0.05397543144044892,0.033410620570131444,-0.00031130420754599264,-0.0019511540465748656,0.6647650976596361,1.0,,0.6313544770895047,True,,1.7961195747491407,1.8166843856194583,1.7961195747491407,1.7623976499714633,-0.0001162229851068286,0.6647650976596361,1.0,,-1.1313544770895048,False,estimated,0,1,,pad10,1,1,False,False,,1,ok,henon,henon_loc:00316,40.0,1024,3.429093386999739,,,,,,,,,
,2,0.15328147626217,20,105936610,henon_loc,,,,,,,,,,,,,,,,,,,,,,,estimated,0,2,,pad10,1,1,False,False,,10,ok,henon,henon_loc:00317,40.0,1024,4.747405313999479,2.0,8.0,0.01622196511631102,0.013185655132169183,1.0,0.013185655132169183,0.9758000511750563,-0.47580005117505625,True
,2,0.19160184532771254,20,105936610,henon_loc,,0.015401347142184996,0.03481524690767823,0.015401347142184996,7.319951596806984e-05,-0.0019511540465748656,0.6467558242316896,1.0,,0.6313544770895047,True,,1.7781103013211945,1.7975242010866876,1.7781103013211945,1.7627821536949775,-0.0001162229851068286,0.6467558242316896,1.0,,-1.1313544770895048,False,estimated,0,1,,pad25,1,1,False,False,,1,ok,henon,henon_loc:00318,40.0,1024,3.701410613999542,,,,,,,,,
,2,0.19160184532771254,20,105936610,henon_loc,,,,,,,,,,,,,,,,,,,,,,,estimated,0,2,,pad25,1,1,False,False,,5,ok,henon,henon_loc:00319,40.0,1024,2.73434668399932,1.0,4.0,0.011474761901674513,0.01035067990077565,1.0,0.020188873776246008,0.9758000511750563,-0.47580005117505625,True
,2,0.15328147626217,20,105936610,henon_loc,,0.020576707609015865,-0.022665306690636267,-0.020576707609015865,-0.00026691200427830797,-0.0019511540465748656,0.6107777694804888,1.0,,0.6313544770895047,True,,1.7421322465699935,1.7400436474883731,1.7421322465699935,1.762442042174731,-0.0001162229851068286,0.6107777694804888,1.0,,-1.1313544770895048,False,estimated,0,1,,pad10_shift,1,1,False,False,,1,ok,henon,henon_loc:00320,40.0,1024,2.046616907000498,,,,,,,,,
,2,0.15328147626217,20,105936610,henon_loc,,,,,,,,,,,,,,,,,,,,,,,estimated,0,2,,pad10_shift,1,1,False,False,,7,ok,henon,henon_loc:00321,40.0,1024,2.7707632950005063,1.0,6.0,0.0022694033885221065,0.008368222615639298,1.0,0.008368222615639298,0.9758000511750563,-0.47580005117505625,True
,2,0.08515637570120556,30,105936610,henon_loc,,0.000730141172063048,0.0028816060197254245,-0.000730141172063048,-9.14683543039585e-05,-0.00021449258022121498,0.6306243359174416,1.0,,0.6313544770895047,True,,1.7619788130069463,1.765590560198735,1.7619788130069463,1.7626174858247055,0.02503397370832383,0.6306243359174416,1.0,,-1.1313544770895048,False,estimated,0,1,,pad0,1,1,False,False,,1,ok,henon,henon_loc:00322,2.5,1024,0.6937163970014808,,,,,,,,,
,2,0.08515637570120556,30,105936610,henon_loc,,,,,,,,,,,,,,,,,,,,,,,estimated,0,2,,pad0,1,1,False,False,,8,ok,henon,henon_loc:00323,2.5,1024,2.702110066999012,1.0,7.0,0.0006350932915241136,0.0004622743172575938,1.0,0.001829296941279479,0.9758000511750563,-0.47580005117505625,True
0.0,2,0.10218765084144668,30,105936610,henon_loc,0.0,0.004598509788121041,0.028428518730087338,0.004598509788121041,-0.00025540362684772777,-0.00021449258022121498,0.6359529868776257,1.0,True,0.6313544770895047,True,0.0,1.7673074639671305,1.7911374729090968,1.7673074639671305,1.7624535505521617,0.02503397370832383,0.6359529868776257,1.0,True,-1.1313544770895048,False,estimated,0,1,5.64756688434801,pad10,1,1,True,True,1.0,1,ok,henon,henon_loc:00324,2.5,1024,36.93384765399969,,,,,,,,,
,2,0.10218765084144668,30,105936610,henon_loc,,,,,,,,,,,,,,,,,,,,,,,estimated,0,2,,pad10,1,1,False,False,,10,ok,henon,henon_loc:00325,2.5,1024,2.627123782000126,1.0,9.0,0.0017005384714462446,5.143360543091724e-05,1.0,0.0018347796641789982,0.9758000511750563,-0.47580005117505625,True
,2,0.12773456355180837,30,105936610,henon_loc,,0.01846216855421634,-0.06098567575617797,-0.01846216855421634,-0.00025999324808367863,-0.00021449258022121498,0.6128923085352883,1.0,,0.6313544770895047,True,,1.7442467856247932,1.7017232784228313,1.7442467856247932,1.7624489609309257,0.02503397370832383,0.6128923085352883,1.0,,-1.1313544770895048,False,estimated,0,1,,pad25,1,1,False,False,,1,ok,henon,henon_loc:00326,2.5,1024,0.731876675001331,,,,,,,,,
,2,0.12773456355180837,30,105936610,henon_loc,,,,,,,,,,,,,,,,,,,,,,,estimated,0,2,,pad25,1,1,False,False,,7,ok,henon,henon_loc:00327,2.5,1024,4.023043838000376,1.0,6.0,0.0003005640825882727,0.00032654436437501433,1.0,0.0017691176324534652,0.9758000511750563,-0.47580005117505625,True
,2,0.10218765084144668,30,105936610,henon_loc,,0.006566553560079402,-0.022665306690636045,-0.006566553560079402,-0.00017982538248895175,-0.00021449258022121498,0.6247879235294252,1.0,,0.6313544770895047,True,,1.7561424006189301,1.7400436474883734,1.7561424006189301,1.7625291287965204,0.02503397370832383,0.6247879235294252,1.0,,-1.1313544770895048,False,estimated,0,1,,pad10_shift,1,1,False,False,,1,ok,henon,henon_loc:00328,2.5,1024,1.2668601669993222,,,,,,,,,
,2,0.10218765084144668,30,105936610,henon_loc,,,,,,,,,,,,,,,,,,,,,,,estimated,0,2,,pad10_shift,1,1,False,False,,8,ok,henon,henon_loc:00329,2.5,1024,3.934697610000512,1.0,7.0,0.00017434018248618788,0.0019775973541350522,1.0,0.0019775973541350522,0.9758000511750563,-0.47580005117505625,True
,2,0.08515637570120556,30,105936610,henon_loc,,0.0005087103350939204,0.0028816060197254245,-0.0005087103350939204,-8.292845658786074e-05,-0.00031229141920208203,0.6308457667544107,1.0,,0.6313544770895047,True,,1.7622002438439155,1.765590560198735,1.7622002438439155,1.7626260257224216,0.019115525383805787,0.6308457667544107,1.0,,-1.1313544770895048,False,estimated,0,1,,pad0,1,1,False,False,,1,ok,henon,henon_loc:00330,5.0,1024,0.8297258130005503,,,,,,,,,
,2,0.08515637570120556,30,105936610,henon_loc,,,,,,,,,,,,,,,,,,,,,,,estimated,0,2,,pad0,1,1,False,False,,20,ok,henon,henon_loc:00331,5.0,1024,2.6849384199995256,2.0,18.0,0.0010770148196476148,0.0004161940286687149,1.0,0.0027351675787877783,0.9758000511750563,-0.47580005117505625,True
0.0,2,0.10218765084144668,30,105936610,henon_loc,0.0,0.007999474309753563,0.028428518730087338,0.007999474309753563,-0.00017553775756218304,-0.00031229141920208203,0.6393539513992582,1.0,True,0.6313544770895047,True,0.0,1.770708428488763,1.7911374729090968,1.770708428488763,1.7625334164214472,0.019115525383805787,0.6393539513992582,1.0,True,-1.1313544770895048,False,estimated,0,1,6.351309033972982,pad10,1,1,True,True,1.0,1,ok,henon,henon_loc:00332,5.0,1024,37.7893682670001,,,,,,,,,
,2,0.10218765084144668,30,105936610,henon_loc,,,,,,,,,,,,,,,,,,,,,,,estimated,0,2,,pad10,1,1,False,False,,13,ok,henon,henon_loc:00333,5.0,1024,2.7839890159993956,1.0,12.0,0.0029322414776077332,0.0005132158133346332,1.0,0.002710014589855536,0.9758000511750563,-0.47580005117505625,True
,2,0.12773456355180837,30,105936610,henon_loc,,0.02827779160953703,-0.06098567575617797,-0.02827779160953703,-0.00017618762813920164,-0.00031229141920208203,0.6030766854799676,1.0,,0.6313544770895047,True,,1.7344311625694724,1.7017232784228313,1.7344311625694724,1.76253276655087,0.019115525383805787,0.6030766854799676,1.0,,-1.1313544770895048,False,estimated,0,1,,pad25,1,1,False,False,,1,ok,henon,henon_loc:00334,5.0,1024,1.1784063979994244,,,,,,,,,
,2,0.12773456355180837,30,105936610,henon_loc,,,,,,,,,,,,,,,,,,,,,,,estimated,0,2,,pad25,1,1,False,False,,10,ok,henon,henon_loc:00335,5.0,1024,5.014784221000809,1.0,9.0,0.0006121289997768065,0.0014995013180008065,1.0,0.0026372080185183,0.9758000511750563,-0.47580005117505625,True
,2,0.10218765084144668,30,105936610,henon_loc,,0.009762213544901033,-0.022665306690636045,-0.009762213544901033,-5.43867149636057e-05,-0.00031229141920208203,0.6215922635446036,1.0,,0.6313544770895047,True,,1.7529467406341084,1.7400436474883734,1.7529467406341084,1.762654567464046,0.019115525383805787,0.6215922635446036,1.0,,-1.1313544770895048,False,estimated,0,1,,pad10_shift,1,1,False,False,,1,ok,henon,henon_loc:00336,5.0,1024,1.3441144910011644,,,,,,,,,
,2,0.10218765084144668,30,105936610,henon_loc,,,,,,,,,,,,,,,,,,,,,,,estimated,0,2,,pad10_shift,1,1,False,False,,15,ok,henon,henon_loc:00337,5.0,1024,2.787732992999736,1.0,14.0,0.0006274033317428263,0.003356295106281104,1.0,0.003356295106281104,0.9758000511750563,-0.47580005117505625,True
0.0,2,0.08515637570120556,30,105936610,henon_loc,0.0,0.0006034765616630411,0.0028816060197254245,-0.0006034765616630411,-0.00017769468315698145,-0.0008245310071480771,0.6307510005278416,1.0,True,0.6313544770895047,True,0.0,1.7621054776173464,1.765590560198735,1.7621054776173464,1.7625312594958524,0.008585673256329862,0.6307510005278416,1.0,True,-1.1313544770895048,False,estimated,0,1,9.073346487089301,pad0,1,1,True,True,1.0,1,ok,henon,henon_loc:00338,10.0,1024,37.67161424599908,,,,,,,,,
,2,0.08515637570120556,30,105936610,henon_loc,,,,,,,,,,,,,,,,,,,,,,,estimated,0,2,,pad0,1,1,False,False,,21,ok,henon,henon_loc:00339,10.0,1024,3.0900032770005055,2.0,19.0,0.0019346147156319438,0.0004444993420588128,1.0,0.00320976936486822,0.9758000511750563,-0.47580005117505625,True
0.0,2,0.10218765084144668,30,105936610,henon_loc,0.0,0.011907406935351639,0.028428518730087338,0.011907406935351639,-9.964203851831055e-05,-0.0008245310071480771,0.6432618840248563,1.0,True,0.6313544770895047,True,0.0,1.774616361114361,1.7911374729090968,1.774616361114361,1.762609312140491,0.008585673256329862,0.6432618840248563,1.0,True,-1.1313544770895048,False,estimated,0,1,7.4996503203066,pad10,1,1,True,True,1.0,1,ok,henon,henon_loc:00340,10.0,1024,40.37445148000006,,,,,,,,,
,2,0.10218765084144668,30,105936610,henon_loc,,,,,,,,,,,,,,,,,,,,,,,estimated,0,2,,pad10,1,1,False,False,,18,ok,henon,henon_loc:00341,10.0,1024,2.725807099999656,2.0,16.0,0.005023297510502567,0.0023859594042691112,1.0,0.0030989450843858513,0.9758000511750563,-0.47580005117505625,True
0.0,2,0.12773456355180837,30,105936610,henon_loc,0.0,0.03808481373343864,-0.06098567575617797,-0.03808481373343864,-8.378107677564639e-05,-0.0008245310071480771,0.593269663356066,1.0,True,0.6313544770895047,True,0.0,1.7246241404455707,1.7017232784228313,1.7246241404455707,1.7626251731022338,0.008585673256329862,0.593269663356066,1.0,True,-1.1313544770895048,False,estimated,0,1,7.790579799728025,pad25,1,1,True,True,1.0,1,ok,henon,henon_loc:00342,10.0,1024,39.231165788,,,,,,,,,
,2,0.12773456355180837,30,105936610,henon_loc,,,,,,,,,,,,,,,,,,,,,,,estimated,0,2,,pad25,1,1,False,False,,15,ok,henon,henon_loc:00343,10.0,1024,3.2264723460011737,2.0,13.0,0.009532466111022764,0.002949290359826884,1.0,0.002949290359826884,0.9758000511750563,-0.47580005117505625,True
0.0,2,0.10218765084144668,30,105936610,henon_loc,0.0,0.01411239195513081,-0.022665306690636045,-0.01411239195513081,-6.158996443195175e-05,-0.0008245310071480771,0.6172420851343738,1.0,True,0.6313544770895047,True,0.0,1.7485965622238786,1.7400436474883734,1.7485965622238786,1.7626473642145775,0.008585673256329862,0.6172420851343738,1.0,True,-1.1313544770895048,False,estimated,0,1,10.14339038349877,pad10_shift,1,1,True,True,1.0,1,ok,henon,henon_loc:00344,10.0,1024,38.23637301999952,,,,,,,,,
,2,0.10218765084144668,30,105936610,henon_loc,,,,,,,,,,,,,,,,,,,,,,,estimated,0,2,,pad10_shift,1,1,False,False,,21,ok,henon,henon_loc:00345,10.0,1024,4.6538958759992965,3.0,18.0,0.0009913749879501,0.0051447120480617725,1.0,0.0051447120480617725,0.9758000511750563,-0.47580005117505625,True
,2,0.08515637570120556,30,105936610,henon_loc,,0.0004692695282919601,0.0028816060197254245,-0.0004692695282919601,-4.348764978590047e-05,-0.0014432240455267697,0.6308852075612127,1.0,,0.6313544770895047,True,,1.7622396846507176,1.765590560198735,1.7622396846507176,1.7626654665292234,0.00035278356473833483,0.6308852075612127,1.0,,-1.1313544770895048,False,estimated,0,1,,pad0,1,1,False,False,,1,ok,henon,henon_loc:00346,20.0,1024,1.2949284970000008,,,,,,,,,
,2,0.08515637570120556,30,105936610,henon_loc,,,,,,,,,,,,,,,,,,,,,,,estimated,0,2,,pad0,1,1,False,False,,18,ok,henon,henon_loc:00347,20.0,1024,2.6292172680005024,2.0,16.0,0.002509990090257319,0.0014355764188233033,1.0,0.003032279863447729,0.9758000511750563,-0.47580005117505625,True
0.0,2,0.10218765084144668,30,105936610,henon_loc,0.0,0.015609746727924478,0.028428518730087338,0.015609746727924478,2.6129974603827932e-05,-0.0014432240455267697,0.6469642238174291,1.0,True,0.6313544770895047,True,0.0,1.778318700906934,1.7911374729090968,1.778318700906934,1.7627350841536131,0.00035278356473833483,0.6469642238174291,1.0,True,-1.1313544770895048,False,estimated,0,1,8.525046002862403,pad10,1,1,True,True,1.0,1,ok,henon,henon_loc:00348,20.0,1024,38.52813307299948,,,,,,,,,
,2,0.10218765084144668,30,105936610,henon_loc,,,,,,,,,,,,,,,,,,,,,,,estimated,0,2,,pad10,1,1,False,False,,17,ok,henon,henon_loc:00349,20.0,1024,2.74269760199968,2.0,15.0,0.007497130245311179,0.002911289364159797,1.0,0.002911289364159797,0.9758000511750563,-0.47580005117505625,True
,2,0.12773456355180837,30,105936610,henon_loc,,0.0459367263773266,-0.06098567575617797,-0.0459367263773266,4.771650132440186e-05,-0.0014432240455267697,0.585417750712178,1.0,,0.6313544770895047,True,,1.7167722278016828,1.7017232784228313,1.7167722278016828,1.762756670680334,0.00035278356473833483,0.585417750712178,1.0,,-1.1313544770895048,False,estimated,0,1,,pad25,1,1,False,False,,1,ok,henon,henon_loc:00350,20.0,1024,1.501754135999363,,,,,,,,,
,2,0.12773456355180837,30,105936610,henon_loc,,,,,,,,,,,,,,,,,,,,,,,estimated,0,2,,pad25,1,1,False,False,,13,ok,henon,henon_loc:00351,20.0,1024,4.339462563999405,1.0,12.0,0.004032896415132714,0.0026335479961689945,1.0,0.0026335479961689945,0.9758000511750563,-0.47580005117505625,True
,2,0.10218765084144668,30,105936610,henon_loc,,0.017523423826117934,-0.022665306690636045,-0.017523423826117934,-0.00015152318307198875,-0.0014432240455267697,0.6138310532633867,1.0,,0.6313544770895047,True,,1.7451855303528916,1.7400436474883734,1.7451855303528916,1.7625574309959373,0.00035278356473833483,0.6138310532633867,1.0,,-1.1313544770895048,False,estimated,0,1,,pad10_shift,1,1,False,False,,1,ok,henon,henon_loc:00352,20.0,1024,2.284177304998593,,,,,,,,,
,2,0.10218765084144668,30,105936610,henon_loc,,,,,,,,,,,,,,,,,,,,,,,estimated,0,2,,pad10_shift,1,1,False,False,,18,ok,henon,henon_loc:00353,20.0,1024,3.27185610000015,3.0,15.0,0.0019472514825508158,0.007874523843853232,1.0,0.007874523843853232,0.9758000511750563,-0.47580005117505625,True
,2,0.08515637570120556,30,105936610,henon_loc,,0.0002074352450696093,0.0028816060197254245,-0.0002074352450696093,-0.0002074352450696093,-0.0019511540465748656,0.631147041844435,1.0,,0.6313544770895047,True,,1.7625015189339397,1.765590560198735,1.7625015189339397,1.7625015189339397,-0.0001162229851068286,0.631147041844435,1.0,,-1.1313544770895048,False,estimated,0,1,,pad0,1,1,False,False,,1,ok,henon,henon_loc:00354,40.0,1024,1.550822777000576,,,,,,,,,
,2,0.08515637570120556,30,105936610,henon_loc,,,,,,,,,,,,,,,,,,,,,,,estimated,0,2,,pad0,1,1,False,False,,15,ok,henon,henon_loc:00355,40.0,1024,2.7739003379992937,2.0,13.0,0.0024707483926712515,0.0016825832087363213,1.0,0.002922572656044009,0.9758000511750563,-0.47580005117505625,True
0.0,2,0.10218765084144668,30,105936610,henon_loc,0.0,0.018259693515787268,0.028428518730087338,0.018259693515787268,-0.0001340836356731323,-0.0019511540465748656,0.6496141706052919,1.0,True,0.6313544770895047,True,0.0,1.7809686476947966,1.7911374729090968,1.7809686476947966,1.7625748705433364,-0.0001162229851068286,0.6496141706052919,1.0,True,-1.1313544770895048,False,estimated,0,1,8.29895366218236,pad10,1,1,True,True,1.0,1,ok,henon,henon_loc:00356,40.0,1024,39.34356401900004,,,,,,,,,
,2,0.10218765084144668,30,105936610,henon_loc,,,,,,,,,,,,,,,,,,,,,,,estimated,0,2,,pad10,1,1,False,False,,15,ok,henon,henon_loc:00357,40.0,1024,3.0560928449995117,1.0,14.0,0.010126393282063884,0.002217984360884273,1.0,0.002217984360884273,0.9758000511750563,-0.47580005117505625,True
,2,0.12773456355180837,30,105936610,henon_loc,,0.04942060590911479,-0.06098567575617797,-0.04942060590911479,-0.00024279894166856497,-0.0019511540465748656,0.5819338711803899,1.0,,0.6313544770895047,True,,1.7132883482698946,1.7017232784228313,1.7132883482698946,1.7624661552373408,-0.0001162229851068286,0.5819338711803899,1.0,,-1.1313544770895048,False,estimated,0,1,,pad25,1,1,False,False,,1,ok,henon,henon_loc:00358,40.0,1024,3.265273249000529,,,,,,,,,
,2,0.12773456355180837,30,105936610,henon_loc,,,,,,,,,,,,,,,,,,,,,,,estimated,0,2,,pad25,1,1,False,False,,10,ok,henon,henon_loc:00359,40.0,1024,4.2730455020009686,1.0,9.0,0.005330814471221523,0.0014191165896936253,1.0,0.0014191165896936253,0.9758000511750563,-0.47580005117505625,True
,2,0.10218765084144668,30,105936610,henon_loc,,0.018727730422818945,-0.022665306690636045,-0.018727730422818945,-7.848414425493111e-05,-0.0019511540465748656,0.6126267466666857,1.0,,0.6313544770895047,True,,1.7439812237561905,1.7400436474883734,1.7439812237561905,1.7626304700347544,-0.0001162229851068286,0.6126267466666857,1.0,,-1.1313544770895048,False,estimated,0,1,,pad10_shift,1,1,False,False,,1,ok,henon,henon_loc:00360,40.0,1024,1.7190165339998202,,,,,,,,,
,2,0.10218765084144668,30,105936610,henon_loc,,,,,,,,,,,,,,,,,,,,,,,estimated,0,2,,pad10_shift,1,1,False,False,,15,ok,henon,henon_loc:00361,40.0,1024,2.801356866999413,1.0,14.0,0.004141496008123857,0.01226087147679833,1.0,0.01226087147679833,0.9758000511750563,-0.47580005117505625,True
,2,0.05677091713413704,45,105936610,henon_loc,,0.0032615735895162867,-0.011311123263808787,-0.0032615735895162867,-0.00013917314713873807,-0.00021449258022121498,0.6280929034999884,1.0,,0.6313544770895047,True,,1.759447380589493,1.7513978309152005,1.759447380589493,1.7625697810318708,0.02503397370832383,0.6280929034999884,1.0,,-1.1313544770895048,False,estimated,0,1,,pad0,1,1,False,False,,1,ok,henon,henon_loc:00362,2.5,1024,0.6722695320004277,,,,,,,,,
,2,0.05677091713413704,45,105936610,henon_loc,,,,,,,,,,,,,,,,,,,,,,,estimated,0,2,,pad0,1,1,False,False,,11,ok,henon,henon_loc:00363,2.5,1024,2.6596428689990717,1.0,10.0,5.265769709161816e-09,0.0004898767520109537,1.0,0.0004898767520109537,0.9758000511750563,-0.47580005117505625,True
,2,0.06812510056096445,45,105936610,henon_loc,,0.006196495274176206,-0.022665306690636378,-0.006196495274176206,-0.00023554897509181494,-0.00021449258022121498,0.6251579818153284,1.0,,0.6313544770895047,True,,1.756512458904833,1.7400436474883731,1.756512458904833,1.7624734052039175,0.02503397370832383,0.6251579818153284,1.0,,-1.1313544770895048,False,estimated,0,1,,pad10,1,1,False,False,,1,ok,henon,henon_loc:00364,2.5,1024,0.7237157149993436,,,,,,,,,
,2,0.06812510056096445,45,105936610,henon_loc,,,,,,,,,,,,,,,,,,,,,,,estimated,0,2,,pad10,1,1,False,False,,10,ok,henon,henon_loc:00365,2.5,1024,5.267379901999448,1.0,9.0,0.00010673101904890014,0.0005695147484211516,1.0,0.0018308904617609922,0.9758000511750563,-0.47580005117505625,True
,2,0.08515637570120557,45,105936610,henon_loc,,0.01230811674678245,-0.03969658183087699,-0.01230811674678245,-0.00017333320936063767,-0.00021449258022121498,0.6190463603427222,1.0,,0.6313544770895047,True,,1.750400837432227,1.7230123723481325,1.750400837432227,1.7625356209696488,0.02503397370832383,0.6190463603427222,1.0,,-1.1313544770895048,False,estimated,0,1,,pad25,1,1,False,False,,1,ok,henon,henon_loc:00366,2.5,1024,1.9870443090003391,,,,,,,,,
,2,0.08515637570120557,45,105936610,henon_loc,,,,,,,,,,,,,,,,,,,,,,,estimated,0,2,,pad25,1,1,False,False,,7,ok,henon,henon_loc:00367,2.5,1024,4.793766762000814,1.0,6.0,0.0003005640825882727,0.001915165766629312,1.0,0.001915165766629312,0.9758000511750563,-0.47580005117505625,True
,2,0.06812510056096445,45,105936610,henon_loc,,0.0016509079672752947,0.011397243589845951,0.0016509079672752947,-0.00022253229815116793,-0.00021449258022121498,0.63300538505678,1.0,,0.6313544770895047,True,,1.7643598621462848,1.7741061977688553,1.7643598621462848,1.7624864218808582,0.02503397370832383,0.63300538505678,1.0,,-1.1313544770895048,False,estimated,0,1,,pad10_shift,1,1,False,False,,1,ok,henon,henon_loc:00368,2.5,1024,1.4161538569987897,,,,,,,,,
,2,0.06812510056096445,45,105936610,henon_loc,,,,,,,,,,,,,,,,,,,,,,,estimated,0,2,,pad10_shift,1,1,False,False,,10,ok,henon,henon_loc:00369,2.5,1024,3.290689070001463,1.0,9.0,0.0008165306431614505,0.001334848443581227,1.0,0.001334848443581227,0.9758000511750563,-0.47580005117505625,True
,2,0.05677091713413704,45,105936610,henon_loc,,0.005087061636546819,-0.011311123263808787,-0.005087061636546819,-0.00011960638730978967,-0.00031229141920208203,0.6262674154529578,1.0,,0.6313544770895047,True,,1.7576218925424625,1.7513978309152005,1.7576218925424625,1.7625893477916996,0.019115525383805787,0.6262674154529578,1.0,,-1.1313544770895048,False,estimated,0,1,,pad0,1,1,False,False,,1,ok,henon,henon_loc:00370,5.0,1024,0.7285938439999882,,,,,,,,,
,2,0.05677091713413704,45,105936610,henon_loc,,,,,,,,,,,,,,,,,,,,,,,estimated,0,2,,pad0,1,1,False,False,,22,ok,henon,henon_loc:00371,5.0,1024,2.7474547020010505,1.0,21.0,0.00017060102678934097,0.0007496900175107957,1.0,0.0007496900175107957,0.9758000511750563,-0.47580005117505625,True
,2,0.06812510056096445,45,105936610,henon_loc,,0.010156834401619297,-0.022665306690636378,-0.010156834401619297,-0.00010838206887708868,-0.00031229141920208203,0.6211976426878854,1.0,,0.6313544770895047,True,,1.7525521197773901,1.7400436474883731,1.7525521197773901,1.7626005721101323,0.019115525383805787,0.6211976426878854,1.0,,-1.1313544770895048,False,estimated,0,1,,pad10,1,1,False,False,,1,ok,henon,henon_loc:00372,5.0,1024,0.8135239340008411,,,,,,,,,
,2,0.06812510056096445,45,105936610,henon_loc,,,,,,,,,,,,,,,,,,,,,,,estimated,0,2,,pad10,1,1,False,False,,20,ok,henon,henon_loc:00373,5.0,1024,2.694851849999395,1.0,19.0,0.00028896729666916254,0.0007264036568132015,1.0,0.002932780414210856,0.9758000511750563,-0.47580005117505625,True
,2,0.08515637570120557,45,105936610,henon_loc,,0.0190367469130146,-0.03969658183087699,-0.0190367469130146,-8.94533194963909e-05,-0.00031229141920208203,0.61231773017649,1.0,,0.6313544770895047,True,,1.7436722072659947,1.7230123723481325,1.7436722072659947,1.762619500859513,0.019115525383805787,0.61231773017649,1.0,,-1.1313544770895048,False,estimated,0,1,,pad25,1,1,False,False,,1,ok,henon,henon_loc:00374,5.0,1024,0.8033038670000678,,,,,,,,,
,2,0.08515637570120557,45,105936610,henon_loc,,,,,,,,,,,,,,,,,,,,,,,estimated,0,2,,pad25,1,1,False,False,,17,ok,henon,henon_loc:00375,5.0,1024,2.7250442749991635,1.0,16.0,0.0005552916689671727,0.00346496834161103,1.0,0.00346496834161103,0.9758000511750563,-0.47580005117505625,True
,2,0.06812510056096445,45,105936610,henon_loc,,0.0033020651088015995,0.011397243589845951,0.0033020651088015995,-0.00010418991924665555,-0.00031229141920208203,0.6346565421983063,1.0,,0.6313544770895047,True,,1.7660110192878111,1.7741061977688553,1.7660110192878111,1.7626047642597626,0.019115525383805787,0.6346565421983063,1.0,,-1.1313544770895048,False,estimated,0,1,,pad10_shift,1,1,False,False,,1,ok,henon,henon_loc:00376,5.0,1024,0.7839159129998734,,,,,,,,,
,2,0.06812510056096445,45,105936610,henon_loc,,,,,,,,,,,,,,,,,,,,,,,estimated,0,2,,pad10_shift,1,1,False,False,,22,ok,henon,henon_loc:00377,5.0,1024,2.634927205999702,1.0,21.0,0.0014863430209562933,0.0024780096212514424,1.0,0.0024780096212514424,0.9758000511750563,-0.47580005117505625,True
,2,0.05677091713413704,45,105936610,henon_loc,,0.0072189495438447215,-0.011311123263808787,-0.0072189495438447215,-0.00012258490207761596,-0.0008245310071480771,0.6241355275456599,1.0,,0.6313544770895047,True,,1.7554900046351647,1.7513978309152005,1.7554900046351647,1.762586369276932,0.008585673256329862,0.6241355275456599,1.0,,-1.1313544770895048,False,estimated,0,1,,pad0,1,1,False,False,,1,ok,henon,henon_loc:00378,10.0,1024,0.8675553490011225,,,,,,,,,
,2,0.05677091713413704,45,105936610,henon_loc,,,,,,,,,,,,,,,,,,,,,,,estimated,0,2,,pad0,1,1,False,False,,38,ok,henon,henon_loc:00379,10.0,1024,3.60037405300136,3.0,35.0,0.00040506705648690744,0.0007752588008616557,1.0,0.0007752588008616557,0.9758000511750563,-0.47580005117505625,True
0.0,2,0.06812510056096445,45,105936610,henon_loc,0.0,0.014471883824538678,-0.022665306690636378,-0.014471883824538678,-0.00016561270673609574,-0.0008245310071480771,0.616882593264966,1.0,True,0.6313544770895047,True,0.0,1.7482370703544707,1.7400436474883731,1.7482370703544707,1.7625433414722733,0.008585673256329862,0.616882593264966,1.0,True,-1.1313544770895048,False,estimated,0,1,8.638749819128924,pad10,1,1,True,True,1.0,1,ok,henon,henon_loc:00380,10.0,1024,39.8566172310002,,,,,,,,,
,2,0.06812510056096445,45,105936610,henon_loc,,,,,,,,,,,,,,,,,,,,,,,estimated,0,2,,pad10,1,1,False,False,,35,ok,henon,henon_loc:00381,10.0,1024,4.736471407000863,2.0,33.0,0.0008923086491089416,0.0009602718288549417,1.0,0.004148878411959156,0.9758000511750563,-0.47580005117505625,True
,2,0.08515637570120557,45,105936610,henon_loc,,0.02617558628529304,-0.03969658183087699,-0.02617558628529304,9.99924282762965e-06,-0.0008245310071480771,0.6051788908042116,1.0,,0.6313544770895047,True,,1.7365333678937165,1.7230123723481325,1.7365333678937165,1.762718953421837,0.008585673256329862,0.6051788908042116,1.0,,-1.1313544770895048,False,estimated,0,1,,pad25,1,1,False,False,,1,ok,henon,henon_loc:00382,10.0,1024,1.2758188230000087,,,,,,,,,
,2,0.08515637570120557,45,105936610,henon_loc,,,,,,,,,,,,,,,,,,,,,,,estimated,0,2,,pad25,1,1,False,False,,24,ok,henon,henon_loc:00383,10.0,1024,2.783299751999948,2.0,22.0,0.0068016759597587795,0.005883834522517062,1.0,0.005883834522517062,0.9758000511750563,-0.47580005117505625,True
,2,0.06812510056096445,45,105936610,henon_loc,,0.004769369991696526,0.011397243589845951,0.004769369991696526,-0.0001696997989734106,-0.0008245310071480771,0.6361238470812012,1.0,,0.6313544770895047,True,,1.767478324170706,1.7741061977688553,1.767478324170706,1.762539254380036,0.008585673256329862,0.6361238470812012,1.0,,-1.1313544770895048,False,estimated,0,1,,pad10_shift,1,1,False,False,,1,ok,henon,henon_loc:00384,10.0,1024,0.878735604999747,,,,,,,,,
,2,0.06812510056096445,45,105936610,henon_loc,,,,,,,,,,,,,,,,,,,,,,,estimated,0,2,,pad10_shift,1,1,False,False,,33,ok,henon,henon_loc:00385,10.0,1024,2.7017293039989454,1.0,32.0,0.0028109376239960904,0.004077087358406173,1.0,0.004077087358406173,0.9758000511750563,-0.47580005117505625,True
,2,0.05677091713413704,45,105936610,henon_loc,,0.009005730952291957,-0.011311123263808787,-0.009005730952291957,-6.431150366537075e-05,-0.0014432240455267697,0.6223487461372127,1.0,,0.6313544770895047,True,,1.7537032232267173,1.7513978309152005,1.7537032232267173,1.762644642675344,0.00035278356473833483,0.6223487461372127,1.0,,-1.1313544770895048,False,estimated,0,1,,pad0,1,1,False,False,,1,ok,henon,henon_loc:00386,20.0,1024,1.1266493520015501,,,,,,,,,
,2,0.05677091713413704,45,105936610,henon_loc,,,,,,,,,,,,,,,,,,,,,,,estimated,0,2,,pad0,1,1,False,False,,47,ok,henon,henon_loc:00387,20.0,1024,3.3741608790005557,2.0,45.0,0.0011443246607986124,0.0004992037680365824,1.0,0.0004992037680365824,0.9758000511750563,-0.47580005117505625,True
,2,0.06812510056096445,45,105936610,henon_loc,,0.017448894301006157,-0.022665306690636378,-0.017448894301006157,-7.699365796021151e-05,-0.0014432240455267697,0.6139055827884985,1.0,,0.6313544770895047,True,,1.7452600598780033,1.7400436474883731,1.7452600598780033,1.7626319605210492,0.00035278356473833483,0.6139055827884985,1.0,,-1.1313544770895048,False,estimated,0,1,,pad10,1,1,False,False,,1,ok,henon,henon_loc:00388,20.0,1024,2.1979583150005055,,,,,,,,,
,2,0.06812510056096445,45,105936610,henon_loc,,,,,,,,,,,,,,,,,,,,,,,estimated,0,2,,pad10,1,1,False,False,,45,ok,henon,henon_loc:00389,20.0,1024,4.406303965999541,2.0,43.0,0.0025675183297290127,0.0017958393650993054,1.0,0.004914918578580341,0.9758000511750563,-0.47580005117505625,True
,2,0.08515637570120557,45,105936610,henon_loc,,0.03129792890747041,-0.03969658183087699,-0.03129792890747041,-2.9608372773548552e-06,-0.0014432240455267697,0.6000565481820342,1.0,,0.6313544770895047,True,,1.7314110252715391,1.7230123723481325,1.7314110252715391,1.762705993341732,0.00035278356473833483,0.6000565481820342,1.0,,-1.1313544770895048,False,estimated,0,1,,pad25,1,1,False,False,,1,ok,henon,henon_loc:00390,20.0,1024,1.2815558120000787,,,,,,,,,
,2,0.08515637570120557,45,105936610,henon_loc,,,,,,,,,,,,,,,,,,,,,,,estimated,0,2,,pad25,1,1,False,False,,28,ok,henon,henon_loc:00391,20.0,1024,2.8516979690011794,3.0,25.0,0.008629067080902386,0.009241114021543706,1.0,0.009241114021543706,0.9758000511750563,-0.47580005117505625,True
,2,0.06812510056096445,45,105936610,henon_loc,,0.006274363405815997,0.011397243589845951,0.006274363405815997,-2.7208396073175045e-05,-0.0014432240455267697,0.6376288404953206,1.0,,0.6313544770895047,True,,1.7689833175848255,1.7741061977688553,1.7689833175848255,1.7626817457829362,0.00035278356473833483,0.6376288404953206,1.0,,-1.1313544770895048,False,estimated,0,1,,pad10_shift,1,1,False,False,,1,ok,henon,henon_loc:00392,20.0,1024,1.1777165900002728,,,,,,,,,
,2,0.06812510056096445,45,105936610,henon_loc,,,,,,,,,,,,,,,,,,,,,,,estimated,0,2,,pad10_shift,1,1,False,False,,47,ok,henon,henon_loc:00393,20.0,1024,2.762402139000187,1.0,46.0,0.004124255720838854,0.005215315383313435,1.0,0.005215315383313435,0.9758000511750563,-0.47580005117505625,True
,2,0.05677091713413704,45,105936610,henon_loc,,0.009695156881661116,-0.011311123263808787,-0.009695156881661116,-0.00018602826169311637,-0.0019511540465748656,0.6216593202078435,1.0,,0.6313544770895047,True,,1.7530137972973483,1.7513978309152005,1.7530137972973483,1.7625229259173163,-0.0001162229851068286,0.6216593202078435,1.0,,-1.1313544770895048,False,estimated,0,1,,pad0,1,1,False,False,,1,ok,henon,henon_loc:00394,40.0,1024,1.5302513749993523,,,,,,,,,
,2,0.05677091713413704,45,105936610,henon_loc,,,,,,,,,,,,,,,,,,,,,,,estimated,0,2,,pad0,1,1,False,False,,22,ok,henon,henon_loc:00395,40.0,1024,4.810880422999617,1.0,21.0,0.0026997466043167107,0.0018770911869733231,1.0,0.0018770911869733231,0.9758000511750563,-0.47580005117505625,True
,2,0.06812510056096445,45,105936610,henon_loc,,0.018757459732873905,-0.022665306690636378,-0.018757459732873905,-0.00019336983001105867,-0.0019511540465748656,0.6125970173566307,1.0,,0.6313544770895047,True,,1.7439514944461356,1.7400436474883731,1.7439514944461356,1.7625155843489984,-0.0001162229851068286,0.6125970173566307,1.0,,-1.1313544770895048,False,estimated,0,1,,pad10,1,1,False,False,,1,ok,henon,henon_loc:00396,40.0,1024,2.6867668139984744,,,,,,,,,
,2,0.06812510056096445,45,105936610,henon_loc,,,,,,,,,,,,,,,,,,,,,,,estimated,0,2,,pad10,1,1,False,False,,29,ok,henon,henon_loc:00397,40.0,1024,3.5966675939998822,1.0,28.0,0.0053804373243373504,0.004022441353932704,1.0,0.006014113562364809,0.9758000511750563,-0.47580005117505625,True
,2,0.08515637570120557,45,105936610,henon_loc,,0.03300589982924851,-0.03969658183087699,-0.03300589982924851,-0.00022069518428435853,-0.0019511540465748656,0.5983485772602561,1.0,,0.6313544770895047,True,,1.729703054349761,1.7230123723481325,1.729703054349761,1.762488258994725,-0.0001162229851068286,0.5983485772602561,1.0,,-1.1313544770895048,False,estimated,0,1,,pad25,1,1,False,False,,1,ok,henon,henon_loc:00398,40.0,1024,1.8584855949993653,,,,,,,,,
,2,0.08515637570120557,45,105936610,henon_loc,,,,,,,,,,,,,,,,,,,,,,,estimated,0,2,,pad25,1,1,False,False,,24,ok,henon,henon_loc:00399,40.0,1024,2.9127917870009696,1.0,23.0,0.00802230336296128,0.014564025589289153,1.0,0.028374483356231994,0.9758000511750563,-0.47580005117505625,True
,2,0.06812510056096445,45,105936610,henon_loc,,0.0070714159010120126,0.011397243589845951,0.0070714159010120126,-8.171965788927871e-05,-0.0019511540465748656,0.6384258929905167,1.0,,0.6313544770895047,True,,1.7697803700800214,1.7741061977688553,1.7697803700800214,1.76262723452112,-0.0001162229851068286,0.6384258929905167,1.0,,-1.1313544770895048,False,estimated,0,1,,pad10_shift,1,1,False,False,,1,ok,henon,henon_loc:00400,40.0,1024,1.5291064989996812,,,,,,,,,
,2,0.06812510056096445,45,105936610,henon_loc,,,,,,,,,,,,,,,,,,,,,,,estimated,0,2,,pad10_shift,1,1,False,False,,33,ok,henon,henon_loc:00401,40.0,1024,2.880444617001558,1.0,32.0,0.00502528031313354,0.007730262913111796,1.0,0.007730262913111796,0.9758000511750563,-0.47580005117505625,True
,2,0.04257818785060278,60,105936610,henon_loc,,0.006072309999489711,-0.018407487905575892,-0.006072309999489711,-0.0002178091700318907,-0.00021449258022121498,0.6252821670900149,1.0,,0.6313544770895047,True,,1.4443973856597687,1.446254151319214,1.4443973856597687,1.4321561566527206,0.02503397370832383,0.313042908570264,3.0,,-1.1313544770895048,False,estimated,0,1,,pad0,1,1,False,False,,3,ok,henon,henon_loc:00402,2.5,1024,0.6358339800008252,,,,,,,,,
,2,0.04257818785060278,60,105936610,henon_loc,,,,,,,,,,,,,,,,,,,,,,,estimated,0,2,,pad0,1,1,False,False,,16,ok,henon,henon_loc:00403,2.5,1024,2.681481954999981,1.0,15.0,0.00017390016631180227,0.0016054999086118626,1.0,0.0018127030248764608,0.9758000511750563,-0.47580005117505625,True
,2,0.05109382542072334,60,105936610,henon_loc,,0.0001865110141464621,0.0028816060197256466,0.0001865110141464621,-0.00019669267650901379,-0.00021449258022121498,0.6315409881036511,1.0,,0.6313544770895047,True,,1.5626123360158224,1.5612152585158419,1.5626123360158224,1.5660611692317212,0.02503397370832383,0.43125785892631757,2.0,,-1.1313544770895048,False,estimated,0,1,,pad10,1,1,False,False,,2,ok,henon,henon_loc:00404,2.5,1024,0.6840034939996258,,,,,,,,,
,2,0.05109382542072334,60,105936610,henon_loc,,,,,,,,,,,,,,,,,,,,,,,estimated,0,2,,pad10,1,1,False,False,,15,ok,henon,henon_loc:00405,2.5,1024,2.7110169810002844,1.0,14.0,0.000506022212097168,0.001175783792077223,1.0,0.0018048651664279713,0.9758000511750563,-0.47580005117505625,True
,2,0.06386728177590419,60,105936610,henon_loc,,0.009310297076068674,-0.02905203486822594,-0.009310297076068674,-0.00020920942300228784,-0.00021449258022121498,0.622044180013436,1.0,,0.6313544770895047,True,,1.7533986571029407,1.7336569193107834,1.7533986571029407,1.7624997447560071,0.02503397370832383,0.622044180013436,1.0,,-1.1313544770895048,False,estimated,0,1,,pad25,1,1,False,False,,1,ok,henon,henon_loc:00406,2.5,1024,0.7006978179997532,,,,,,,,,
,2,0.06386728177590419,60,105936610,henon_loc,,,,,,,,,,,,,,,,,,,,,,,estimated,0,2,,pad25,1,1,False,False,,8,ok,henon,henon_loc:00407,2.5,1024,3.2779700459996093,1.0,7.0,0.0003005640825882727,0.000932151405867776,1.0,0.0018117371614209121,0.9758000511750563,-0.47580005117505625,True
,2,0.05109382542072334,60,105936610,henon_loc,,0.007383842356066039,-0.022665306690635934,-0.007383842356066039,-0.00023070679716474807,-0.00021449258022121498,0.6239706347334386,1.0,,0.6313544770895047,True,,1.4349264011703373,1.4334806949640333,1.4349264011703373,1.4322439753357494,0.02503397370832383,0.3035719240808326,2.0,,-1.1313544770895048,False,estimated,0,1,,pad10_shift,1,1,False,False,,2,ok,henon,henon_loc:00408,2.5,1024,0.7083083420002367,,,,,,,,,
,2,0.05109382542072334,60,105936610,henon_loc,,,,,,,,,,,,,,,,,,,,,,,estimated,0,2,,pad10_shift,1,1,False,False,,13,ok,henon,henon_loc:00409,2.5,1024,4.909805639999831,1.0,12.0,0.00021502281665564116,0.00020237848842774575,1.0,0.0005486082938143122,0.9758000511750563,-0.47580005117505625,True
,2,0.04257818785060278,60,105936610,henon_loc,,0.00930331821015229,-0.018407487905575892,-0.00930331821015229,-0.00014900782227267317,-0.00031229141920208203,0.6220511588793524,1.0,,0.6313544770895047,True,,1.753405635968857,1.7443014662734335,1.753405635968857,1.7625599463567367,0.019115525383805787,0.6220511588793524,1.0,,-1.1313544770895048,False,estimated,0,1,,pad0,1,1,False,False,,1,ok,henon,henon_loc:00410,5.0,1024,1.3553998400002456,,,,,,,,,
,2,0.04257818785060278,60,105936610,henon_loc,,,,,,,,,,,,,,,,,,,,,,,estimated,0,2,,pad0,1,1,False,False,,24,ok,henon,henon_loc:00411,5.0,1024,4.69288246799988,1.0,23.0,0.0003236582517890385,0.003183221634358413,1.0,0.0032227445582809766,0.9758000511750563,-0.47580005117505625,True
,2,0.05109382542072334,60,105936610,henon_loc,,0.0009570866959881519,0.0028816060197256466,0.0009570866959881519,-0.00019252437597816474,-0.00031229141920208203,0.6323115637854928,1.0,,0.6313544770895047,True,,1.7636660408749976,1.765590560198735,1.7636660408749976,1.7625164298030311,0.019115525383805787,0.6323115637854928,1.0,,-1.1313544770895048,False,estimated,0,1,,pad10,1,1,False,False,,1,ok,henon,henon_loc:00412,5.0,1024,1.3722417549997772,,,,,,,,,
,2,0.05109382542072334,60,105936610,henon_loc,,,,,,,,,,,,,,,,,,,,,,,estimated,0,2,,pad10,1,1,False,False,,20,ok,henon,henon_loc:00413,5.0,1024,2.9465524650004227,1.0,19.0,0.0007578563744089495,0.002174101135792139,1.0,0.0029604867868624485,0.9758000511750563,-0.47580005117505625,True
,2,0.06386728177590419,60,105936610,henon_loc,,0.014646133619946267,-0.02905203486822594,-0.014646133619946267,-0.00011632701592800831,-0.00031229141920208203,0.6167083434695584,1.0,,0.6313544770895047,True,,1.7480628205590631,1.7336569193107834,1.7480628205590631,1.7625926271630814,0.019115525383805787,0.6167083434695584,1.0,,-1.1313544770895048,False,estimated,0,1,,pad25,1,1,False,False,,1,ok,henon,henon_loc:00414,5.0,1024,0.7921791989992926,,,,,,,,,
,2,0.06386728177590419,60,105936610,henon_loc,,,,,,,,,,,,,,,,,,,,,,,estimated,0,2,,pad25,1,1,False,False,,22,ok,henon,henon_loc:00415,5.0,1024,2.6932953010000347,2.0,20.0,0.0005224921885141898,0.0015566371192751172,1.0,0.0025967324679013193,0.9758000511750563,-0.47580005117505625,True
,2,0.05109382542072334,60,105936610,henon_loc,,0.011339901485535542,-0.022665306690635934,-0.011339901485535542,-9.925989297643323e-05,-0.00031229141920208203,0.6200145756039691,1.0,,0.6313544770895047,True,,1.751369052693474,1.7400436474883736,1.751369052693474,1.762609694286033,0.019115525383805787,0.6200145756039691,1.0,,-1.1313544770895048,False,estimated,0,1,,pad10_shift,1,1,False,False,,1,ok,henon,henon_loc:00416,5.0,1024,0.7667710850000731,,,,,,,,,
,2,0.05109382542072334,60,105936610,henon_loc,,,,,,,,,,,,,,,,,,,,,,,estimated,0,2,,pad10_shift,1,1,False,False,,20,ok,henon,henon_loc:00417,5.0,1024,2.7407731780003814,1.0,19.0,0.0004250086254242724,0.0008828032928188678,1.0,0.0009307110331179813,0.9758000511750563,-0.47580005117505625,True
,2,0.04257818785060278,60,105936610,henon_loc,,0.01231934096572418,-0.018407487905575892,-0.01231934096572418,-7.811195867590826e-05,-0.0008245310071480771,0.6190351361237805,1.0,,0.6313544770895047,True,,1.7503896132132852,1.7443014662734335,1.7503896132132852,1.7626308422203336,0.008585673256329862,0.6190351361237805,1.0,,-1.1313544770895048,False,estimated,0,1,,pad0,1,1,False,False,,1,ok,henon,henon_loc:00418,10.0,1024,0.8638610180005344,,,,,,,,,
,2,0.04257818785060278,60,105936610,henon_loc,,,,,,,,,,,,,,,,,,,,,,,estimated,0,2,,pad0,1,1,False,False,,56,ok,henon,henon_loc:00419,10.0,1024,2.7605532160014263,2.0,54.0,0.001102784215749275,0.005134289520134505,1.0,0.005134289520134505,0.9758000511750563,-0.47580005117505625,True
0.0,2,0.05109382542072334,60,105936610,henon_loc,0.0,0.0012978669517537123,0.0028816060197256466,0.0012978669517537123,-0.00010721324731621795,-0.0008245310071480771,0.6326523440412584,1.0,True,0.6313544770895047,True,0.0,1.7640068211307631,1.765590560198735,1.7640068211307631,1.7626017409316932,0.008585673256329862,0.6326523440412584,1.0,True,-1.1313544770895048,False,estimated,0,1,7.9402297438417575,pad10,1,1,True,True,1.0,1,ok,henon,henon_loc:00420,10.0,1024,38.208007825000095,,,,,,,,,
,2,0.05109382542072334,60,105936610,henon_loc,,,,,,,,,,,,,,,,,,,,,,,estimated,0,2,,pad10,1,1,False,False,,45,ok,henon,henon_loc:00421,10.0,1024,2.8595922840013372,2.0,43.0,0.0014627894956641407,0.003952989820941444,1.0,0.004230207533417851,0.9758000511750563,-0.47580005117505625,True
,2,0.06386728177590419,60,105936610,henon_loc,,0.019708577295214913,-0.02905203486822594,-0.019708577295214913,-6.938814912438307e-05,-0.0008245310071480771,0.6116458997942897,1.0,,0.6313544770895047,True,,1.7430003768837945,1.7336569193107834,1.7430003768837945,1.762639566029885,0.008585673256329862,0.6116458997942897,1.0,,-1.1313544770895048,False,estimated,0,1,,pad25,1,1,False,False,,1,ok,henon,henon_loc:00422,10.0,1024,1.673785766999572,,,,,,,,,
,2,0.06386728177590419,60,105936610,henon_loc,,,,,,,,,,,,,,,,,,,,,,,estimated,0,2,,pad25,1,1,False,False,,40,ok,henon,henon_loc:00423,10.0,1024,4.664249359000678,3.0,37.0,0.007142082816140927,0.0024345241587915845,1.0,0.0030359848540911782,0.9758000511750563,-0.47580005117505625,True
,2,0.05109382542072334,60,105936610,henon_loc,,0.01529594188622796,-0.022665306690635934,-0.01529594188622796,-9.552882356278491e-05,-0.0008245310071480771,0.6160585352032767,1.0,,0.6313544770895047,True,,1.7474130122927813,1.7400436474883736,1.7474130122927813,1.7626134253554466,0.008585673256329862,0.6160585352032767,1.0,,-1.1313544770895048,False,estimated,0,1,,pad10_shift,1,1,False,False,,1,ok,henon,henon_loc:00424,10.0,1024,1.089666584999577,,,,,,,,,
,2,0.05109382542072334,60,105936610,henon_loc,,,,,,,,,,,,,,,,,,,,,,,estimated,0,2,,pad10_shift,1,1,False,False,,51,ok,henon,henon_loc:00425,10.0,1024,2.721864507999271,3.0,48.0,0.006171784246160716,0.0011450808267333135,1.0,0.0011450808267333135,0.9758000511750563,-0.47580005117505625,True
,2,0.04257818785060278,60,105936610,henon_loc,,0.014529611358273242,-0.018407487905575892,-0.014529611358273242,-5.302748906832466e-05,-0.0014432240455267697,0.6168248657312314,1.0,,0.6313544770895047,True,,1.7481793428207362,1.7443014662734335,1.7481793428207362,1.762655926689941,0.00035278356473833483,0.6168248657312314,1.0,,-1.1313544770895048,False,estimated,0,1,,pad0,1,1,False,False,,1,ok,henon,henon_loc:00426,20.0,1024,0.944772255999851,,,,,,,,,
,2,0.04257818785060278,60,105936610,henon_loc,,,,,,,,,,,,,,,,,,,,,,,estimated,0,2,,pad0,1,1,False,False,,80,ok,henon,henon_loc:00427,20.0,1024,2.848387535999791,2.0,78.0,0.005556069167760858,0.006927829133260954,1.0,0.006927829133260954,0.9758000511750563,-0.47580005117505625,True
,2,0.05109382542072334,60,105936610,henon_loc,,0.0014666904749728316,0.0028816060197256466,0.0014666904749728316,-6.612428764884992e-05,-0.0014432240455267697,0.6328211675644775,1.0,,0.6313544770895047,True,,1.7641756446539822,1.765590560198735,1.7641756446539822,1.7626428298913606,0.00035278356473833483,0.6328211675644775,1.0,,-1.1313544770895048,False,estimated,0,1,,pad10,1,1,False,False,,1,ok,henon,henon_loc:00428,20.0,1024,0.9942917480002507,,,,,,,,,
,2,0.05109382542072334,60,105936610,henon_loc,,,,,,,,,,,,,,,,,,,,,,,estimated,0,2,,pad10,1,1,False,False,,68,ok,henon,henon_loc:00429,20.0,1024,3.3535904529999243,2.0,66.0,0.0019878857048499787,0.005193123396138866,1.0,0.005193123396138866,0.9758000511750563,-0.47580005117505625,True
,2,0.06386728177590419,60,105936610,henon_loc,,0.023102679264822457,-0.02905203486822594,-0.023102679264822457,-0.00011045782549701233,-0.0014432240455267697,0.6082517978246822,1.0,,0.6313544770895047,True,,1.739606274914187,1.7336569193107834,1.739606274914187,1.7625984963535124,0.00035278356473833483,0.6082517978246822,1.0,,-1.1313544770895048,False,estimated,0,1,,pad25,1,1,False,False,,1,ok,henon,henon_loc:00430,20.0,1024,1.8977703879991168,,,,,,,,,
,2,0.06386728177590419,60,105936610,henon_loc,,,,,,,,,,,,,,,,,,,,,,,estimated,0,2,,pad25,1,1,False,False,,53,ok,henon,henon_loc:00431,20.0,1024,4.60524501799955,2.0,51.0,0.007920140731788705,0.0037061347940325895,1.0,0.0037660260218916886,0.9758000511750563,-0.47580005117505625,True
,2,0.05109382542072334,60,105936610,henon_loc,,0.017957706426065867,-0.022665306690635934,-0.017957706426065867,-7.486752881269432e-05,-0.0014432240455267697,0.6133967706634388,1.0,,0.6313544770895047,True,,1.7447512477529434,1.7400436474883736,1.7447512477529434,1.7626340866501966,0.00035278356473833483,0.6133967706634388,1.0,,-1.1313544770895048,False,estimated,0,1,,pad10_shift,1,1,False,False,,1,ok,henon,henon_loc:00432,20.0,1024,1.084553478000089,,,,,,,,,
,2,0.05109382542072334,60,105936610,henon_loc,,,,,,,,,,,,,,,,,,,,,,,estimated,0,2,,pad10_shift,1,1,False,False,,71,ok,henon,henon_loc:00433,20.0,1024,2.752361730999837,2.0,69.0,0.006604102545803681,0.0006167990506870114,1.0,0.0006167990506870114,0.9758000511750563,-0.47580005117505625,True
,2,0.04257818785060278,60,105936610,henon_loc,,0.01540556605756871,-0.018407487905575892,-0.01540556605756871,-7.741843135167237e-05,-0.0019511540465748656,0.6159489110319359,1.0,,0.6313544770895047,True,,1.7473033881214408,1.7443014662734335,1.7473033881214408,1.7626315357476576,-0.0001162229851068286,0.6159489110319359,1.0,,-1.1313544770895048,False,estimated,0,1,,pad0,1,1,False,False,,1,ok,henon,henon_loc:00434,40.0,1024,1.0773200029998407,,,,,,,,,
,2,0.04257818785060278,60,105936610,henon_loc,,,,,,,,,,,,,,,,,,,,,,,estimated,0,2,,pad0,1,1,False,False,,48,ok,henon,henon_loc:00435,40.0,1024,2.806739222998658,1.0,47.0,0.004595243305617558,0.00777244660580223,1.0,0.00777244660580223,0.9758000511750563,-0.47580005117505625,True
,2,0.05109382542072334,60,105936610,henon_loc,,0.0016153107144810663,0.0028816060197256466,0.0016153107144810663,-0.00017297317524422873,-0.0019511540465748656,0.6329697878039857,1.0,,0.6313544770895047,True,,1.7643242648934905,1.765590560198735,1.7643242648934905,1.762535981003765,-0.0001162229851068286,0.6329697878039857,1.0,,-1.1313544770895048,False,estimated,0,1,,pad10,1,1,False,False,,1,ok,henon,henon_loc:00436,40.0,1024,1.1501711569999316,,,,,,,,,
,2,0.05109382542072334,60,105936610,henon_loc,,,,,,,,,,,,,,,,,,,,,,,estimated,0,2,,pad10,1,1,False,False,,57,ok,henon,henon_loc:00437,40.0,1024,4.070968287000142,2.0,55.0,0.0019017546956168196,0.005746190376641369,1.0,0.005746190376641369,0.9758000511750563,-0.47580005117505625,True
,2,0.06386728177590419,60,105936610,henon_loc,,0.024408084890433224,-0.02905203486822594,-0.024408084890433224,-0.00013851781558960052,-0.0019511540465748656,0.6069463921990714,1.0,,0.6313544770895047,True,,1.7383008692885762,1.7336569193107834,1.7383008692885762,1.7625704363634198,-0.0001162229851068286,0.6069463921990714,1.0,,-1.1313544770895048,False,estimated,0,1,,pad25,1,1,False,False,,1,ok,henon,henon_loc:00438,40.0,1024,1.703813853999236,,,,,,,,,
,2,0.06386728177590419,60,105936610,henon_loc,,,,,,,,,,,,,,,,,,,,,,,estimated,0,2,,pad25,1,1,False,False,,62,ok,henon,henon_loc:00439,40.0,1024,5.013992661999509,2.0,60.0,0.006591424628235365,0.003964711528345877,1.0,0.003964711528345877,0.9758000511750563,-0.47580005117505625,True
,2,0.05109382542072334,60,105936610,henon_loc,,0.019071113083656166,-0.022665306690635934,-0.019071113083656166,-0.000166397677988539,-0.0019511540465748656,0.6122833640058485,1.0,,0.6313544770895047,True,,1.7436378410953532,1.7400436474883736,1.7436378410953532,1.7625425565010209,-0.0001162229851068286,0.6122833640058485,1.0,,-1.1313544770895048,False,estimated,0,1,,pad10_shift,1,1,False,False,,1,ok,henon,henon_loc:00440,40.0,1024,2.0857732109998324,,,,,,,,,
,2,0.05109382542072334,60,105936610,henon_loc,,,,,,,,,,,,,,,,,,,,,,,estimated,0,2,,pad10_shift,1,1,False,False,,57,ok,henon,henon_loc:00441,40.0,1024,3.862681013999463,1.0,56.0,0.005354369774457468,0.0009088107139664237,1.0,0.0009088107139664237,0.9758000511750563,-0.47580005117505625,True
,2,0.02838545856706852,90,105936610,henon_loc,,0.00040504992857504085,0.0028816060197253135,0.00040504992857504085,-0.000162659242766372,-0.00021449258022121498,0.6317595270180797,1.0,,0.6313544770895047,True,,1.4246462189124467,1.4249650573939125,1.4246462189124467,1.43216836543272,0.02503397370832383,0.29329174182294193,4.0,,-1.1313544770895048,False,estimated,0,1,,pad0,1,1,False,False,,4,ok,henon,henon_loc:00442,2.5,1024,1.2154864840013033,,,,,,,,,
,2,0.02838545856706852,90,105936610,henon_loc,,,,,,,,,,,,,,,,,,,,,,,estimated,0,2,,pad0,1,1,False,False,,20,ok,henon,henon_loc:00443,2.5,1024,2.72688030000063,1.0,19.0,0.0002847699324822761,0.00021620225990076625,1.0,0.00045553194556274823,0.9758000511750563,-0.47580005117505625,True
,2,0.034062550280482225,90,105936610,henon_loc,,0.0015127306569084897,-0.00563403155039488,-0.0015127306569084897,-0.00015022864568925431,-0.00021449258022121498,0.6298417464325962,1.0,,0.6313544770895047,True,,1.449567017385688,1.4505119701042744,1.449567017385688,1.4321951167426419,0.02503397370832383,0.3182125402961832,4.0,,-1.1313544770895048,False,estimated,0,1,,pad10,1,1,False,False,,4,ok,henon,henon_loc:00444,2.5,1024,0.6374017859998276,,,,,,,,,
,2,0.034062550280482225,90,105936610,henon_loc,,,,,,,,,,,,,,,,,,,,,,,estimated,0,2,,pad10,1,1,False,False,,19,ok,henon,henon_loc:00445,2.5,1024,2.67071039899929,1.0,18.0,5.9083250354530215e-05,0.00011538170179831164,1.0,0.00011538170179831164,0.9758000511750563,-0.47580005117505625,True
,2,0.042578187850602786,90,105936610,henon_loc,,0.006072309999489711,-0.018407487905575448,-0.006072309999489711,-0.0002178091700318907,-0.00021449258022121498,0.6252821670900149,1.0,,0.6313544770895047,True,,1.4443973856597687,1.4462541513192144,1.4443973856597687,1.4321561566527206,0.02503397370832383,0.313042908570264,3.0,,-1.1313544770895048,False,estimated,0,1,,pad25,1,1,False,False,,3,ok,henon,henon_loc:00446,2.5,1024,0.6867836030014587,,,,,,,,,
,2,0.042578187850602786,90,105936610,henon_loc,,,,,,,,,,,,,,,,,,,,,,,estimated,0,2,,pad25,1,1,False,False,,16,ok,henon,henon_loc:00447,2.5,1024,2.7095742390010855,1.0,15.0,0.00017390016631180227,0.0016054999086118626,1.0,0.0018127030248764608,0.9758000511750563,-0.47580005117505625,True
,2,0.034062550280482225,90,105936610,henon_loc,,0.00267950237052339,0.011397243589846173,0.00267950237052339,-0.0002158144033176379,-0.00021449258022121498,0.634033979460028,1.0,,0.6313544770895047,True,,1.4350803139079487,1.433480694964033,1.4350803139079487,1.4321849971341076,0.02503397370832383,0.3037258368184438,3.0,,-1.1313544770895048,False,estimated,0,1,,pad10_shift,1,1,False,False,,3,ok,henon,henon_loc:00448,2.5,1024,0.6296887440003047,,,,,,,,,
,2,0.034062550280482225,90,105936610,henon_loc,,,,,,,,,,,,,,,,,,,,,,,estimated,0,2,,pad10_shift,1,1,False,False,,21,ok,henon,henon_loc:00449,2.5,1024,2.6813524949993734,1.0,20.0,0.0005475571894105746,0.0006895652572661004,1.0,0.001095206576245955,0.9758000511750563,-0.47580005117505625,True
,2,0.02838545856706852,90,105936610,henon_loc,,0.0010131305253251455,0.0028816060197253135,0.0010131305253251455,-0.00012228781735756922,-0.00031229141920208203,0.6323676076148298,1.0,,0.6313544770895047,True,,1.656166026587707,1.6520487259304608,1.656166026587707,1.6646107005114097,0.019115525383805787,0.5248115494982021,2.0,,-1.1313544770895048,False,estimated,0,1,,pad0,1,1,False,False,,2,ok,henon,henon_loc:00450,5.0,1024,0.6527321730009135,,,,,,,,,
,2,0.02838545856706852,90,105936610,henon_loc,,,,,,,,,,,,,,,,,,,,,,,estimated,0,2,,pad0,1,1,False,False,,32,ok,henon,henon_loc:00451,5.0,1024,2.7396913249995123,1.0,31.0,0.0004442806932177801,0.00012581644973364003,1.0,0.0007130484761156408,0.9758000511750563,-0.47580005117505625,True
,2,0.034062550280482225,90,105936610,henon_loc,,0.002437828701574718,-0.00563403155039488,-0.002437828701574718,-0.00013860655764219576,-0.00031229141920208203,0.6289166483879299,1.0,,0.6313544770895047,True,,1.7602711254774346,1.7570749226286146,1.7602711254774346,1.7625703476213672,0.019115525383805787,0.6289166483879299,1.0,,-1.1313544770895048,False,estimated,0,1,,pad10,1,1,False,False,,1,ok,henon,henon_loc:00452,5.0,1024,0.6939334920007241,,,,,,,,,
,2,0.034062550280482225,90,105936610,henon_loc,,,,,,,,,,,,,,,,,,,,,,,estimated,0,2,,pad10,1,1,False,False,,26,ok,henon,henon_loc:00453,5.0,1024,4.046636077000585,1.0,25.0,3.1625340192187323e-06,0.00014458293944674683,1.0,0.00014458293944674683,0.9758000511750563,-0.47580005117505625,True
,2,0.042578187850602786,90,105936610,henon_loc,,0.00930331821015229,-0.018407487905575448,-0.00930331821015229,-0.00014900782227267317,-0.00031229141920208203,0.6220511588793524,1.0,,0.6313544770895047,True,,1.753405635968857,1.744301466273434,1.753405635968857,1.7625599463567367,0.019115525383805787,0.6220511588793524,1.0,,-1.1313544770895048,False,estimated,0,1,,pad25,1,1,False,False,,1,ok,henon,henon_loc:00454,5.0,1024,0.7360006590006378,,,,,,,,,
,2,0.042578187850602786,90,105936610,henon_loc,,,,,,,,,,,,,,,,,,,,,,,estimated,0,2,,pad25,1,1,False,False,,24,ok,henon,henon_loc:00455,5.0,1024,4.463759363999998,1.0,23.0,0.0003236582517890385,0.003183221634358413,1.0,0.0032227445582809766,0.9758000511750563,-0.47580005117505625,True
,2,0.034062550280482225,90,105936610,henon_loc,,0.005008081895341077,0.011397243589846173,0.005008081895341077,-0.00010130064673130601,-0.00031229141920208203,0.6363625589848457,1.0,,0.6313544770895047,True,,1.6055561441806396,1.6037934463664443,1.6055561441806396,1.6162006911432902,0.019115525383805787,0.47420166709113487,2.0,,-1.1313544770895048,False,estimated,0,1,,pad10_shift,1,1,False,False,,2,ok,henon,henon_loc:00456,5.0,1024,1.214196142000219,,,,,,,,,
,2,0.034062550280482225,90,105936610,henon_loc,,,,,,,,,,,,,,,,,,,,,,,estimated,0,2,,pad10_shift,1,1,False,False,,25,ok,henon,henon_loc:00457,5.0,1024,4.15901286999906,1.0,24.0,0.0009084436960214992,0.0010883745105058074,1.0,0.0019196537163921334,0.9758000511750563,-0.47580005117505625,True
,2,0.02838545856706852,90,105936610,henon_loc,,0.001479196425403173,0.0028816060197253135,0.001479196425403173,-8.200379578560124e-05,-0.0008245310071480771,0.6328336735149078,1.0,,0.6313544770895047,True,,1.7641881506044126,1.7655905601987347,1.7641881506044126,1.7626269503832237,0.008585673256329862,0.6328336735149078,1.0,,-1.1313544770895048,False,estimated,0,1,,pad0,1,1,False,False,,1,ok,henon,henon_loc:00458,10.0,1024,1.3164244719991984,,,,,,,,,
,2,0.02838545856706852,90,105936610,henon_loc,,,,,,,,,,,,,,,,,,,,,,,estimated,0,2,,pad0,1,1,False,False,,69,ok,henon,henon_loc:00459,10.0,1024,3.2622587550013122,2.0,67.0,0.0009296781112101415,0.00043880178584249085,1.0,0.0007475596301558807,0.9758000511750563,-0.47580005117505625,True
0.0,2,0.034062550280482225,90,105936610,henon_loc,0.0,0.0034573126796475506,-0.00563403155039488,-0.0034573126796475506,-0.00013621402730057408,-0.0008245310071480771,0.6278971644098571,1.0,True,0.6313544770895047,True,0.0,1.759251641499362,1.7570749226286146,1.759251641499362,1.7625727401517088,0.008585673256329862,0.6278971644098571,1.0,True,-1.1313544770895048,False,estimated,0,1,7.287437561588909,pad10,1,1,True,True,1.0,1,ok,henon,henon_loc:00460,10.0,1024,38.95350061600038,,,,,,,,,
,2,0.034062550280482225,90,105936610,henon_loc,,,,,,,,,,,,,,,,,,,,,,,estimated,0,2,,pad10,1,1,False,False,,56,ok,henon,henon_loc:00461,10.0,1024,2.7837711190004484,2.0,54.0,0.00016727939575111872,0.0001566048104593154,1.0,0.0001566048104593154,0.9758000511750563,-0.47580005117505625,True
,2,0.042578187850602786,90,105936610,henon_loc,,0.01231934096572418,-0.018407487905575448,-0.01231934096572418,-7.811195867590826e-05,-0.0008245310071480771,0.6190351361237805,1.0,,0.6313544770895047,True,,1.7503896132132852,1.744301466273434,1.7503896132132852,1.7626308422203336,0.008585673256329862,0.6190351361237805,1.0,,-1.1313544770895048,False,estimated,0,1,,pad25,1,1,False,False,,1,ok,henon,henon_loc:00462,10.0,1024,0.8048063000005641,,,,,,,,,
,2,0.042578187850602786,90,105936610,henon_loc,,,,,,,,,,,,,,,,,,,,,,,estimated,0,2,,pad25,1,1,False,False,,59,ok,henon,henon_loc:00463,10.0,1024,2.808036828000695,2.0,57.0,0.001102784215749275,0.005134289520134505,1.0,0.005134289520134505,0.9758000511750563,-0.47580005117505625,True
,2,0.034062550280482225,90,105936610,henon_loc,,0.006715993526673958,0.011397243589846173,0.006715993526673958,-9.651652942244127e-05,-0.0008245310071480771,0.6380704706161786,1.0,,0.6313544770895047,True,,1.7694249477056834,1.7741061977688557,1.7694249477056834,1.762612437649587,0.008585673256329862,0.6380704706161786,1.0,,-1.1313544770895048,False,estimated,0,1,,pad10_shift,1,1,False,False,,1,ok,henon,henon_loc:00464,10.0,1024,0.7578524479995394,,,,,,,,,
,2,0.034062550280482225,90,105936610,henon_loc,,,,,,,,,,,,,,,,,,,,,,,estimated,0,2,,pad10_shift,1,1,False,False,,63,ok,henon,henon_loc:00465,10.0,1024,3.9761153859999467,2.0,61.0,0.002102827310610622,0.0017402278315785114,1.0,0.002784104732428183,0.9758000511750563,-0.47580005117505625,True
,2,0.02838545856706852,90,105936610,henon_loc,,0.0016725486686779423,0.0028816060197253135,0.0016725486686779423,-0.00010154249176386188,-0.0014432240455267697,0.6330270257581826,1.0,,0.6313544770895047,True,,1.3674606717364952,1.3681941402597755,1.3674606717364952,1.360151416155475,0.00035278356473833483,0.23610619464699034,2.0,,-1.1313544770895048,False,estimated,0,1,,pad0,1,1,False,False,,2,ok,henon,henon_loc:00466,20.0,1024,1.6147671779999655,,,,,,,,,
,2,0.02838545856706852,90,105936610,henon_loc,,,,,,,,,,,,,,,,,,,,,,,estimated,0,2,,pad0,1,1,False,False,,120,ok,henon,henon_loc:00467,20.0,1024,4.589107151999997,4.0,116.0,0.001289708066043116,0.0006396075793669853,1.0,0.0006396075793669853,0.9758000511750563,-0.47580005117505625,True
,2,0.034062550280482225,90,105936610,henon_loc,,0.004171810075007221,-0.00563403155039488,-0.004171810075007221,-8.430404134940339e-05,-0.0014432240455267697,0.6271826670144974,1.0,,0.6313544770895047,True,,1.758537144104002,1.7570749226286146,1.758537144104002,1.76262465013766,0.00035278356473833483,0.6271826670144974,1.0,,-1.1313544770895048,False,estimated,0,1,,pad10,1,1,False,False,,1,ok,henon,henon_loc:00468,20.0,1024,0.8900588880005671,,,,,,,,,
,2,0.034062550280482225,90,105936610,henon_loc,,,,,,,,,,,,,,,,,,,,,,,estimated,0,2,,pad10,1,1,False,False,,108,ok,henon,henon_loc:00469,20.0,1024,2.852735610000309,3.0,105.0,0.000611211031590897,0.0011157379967638992,1.0,0.0011157379967638992,0.9758000511750563,-0.47580005117505625,True
,2,0.042578187850602786,90,105936610,henon_loc,,0.014529611358273242,-0.018407487905575448,-0.014529611358273242,-5.302748906832466e-05,-0.0014432240455267697,0.6168248657312314,1.0,,0.6313544770895047,True,,1.7481793428207362,1.744301466273434,1.7481793428207362,1.762655926689941,0.00035278356473833483,0.6168248657312314,1.0,,-1.1313544770895048,False,estimated,0,1,,pad25,1,1,False,False,,1,ok,henon,henon_loc:00470,20.0,1024,0.9312007400003495,,,,,,,,,
,2,0.042578187850602786,90,105936610,henon_loc,,,,,,,,,,,,,,,,,,,,,,,estimated,0,2,,pad25,1,1,False,False,,99,ok,henon,henon_loc:00471,20.0,1024,3.063644988998931,2.0,97.0,0.005556069167760858,0.006927829133260954,1.0,0.006927829133260954,0.9758000511750563,-0.47580005117505625,True
,2,0.034062550280482225,90,105936610,henon_loc,,0.007892606231003296,0.011397243589846173,0.007892606231003296,-0.00011209308491000325,-0.0014432240455267697,0.639247083320508,1.0,,0.6313544770895047,True,,1.7706015604100127,1.7741061977688557,1.7706015604100127,1.7625968610940994,0.00035278356473833483,0.639247083320508,1.0,,-1.1313544770895048,False,estimated,0,1,,pad10_shift,1,1,False,False,,1,ok,henon,henon_loc:00472,20.0,1024,1.0093083529991418,,,,,,,,,
,2,0.034062550280482225,90,105936610,henon_loc,,,,,,,,,,,,,,,,,,,,,,,estimated,0,2,,pad10_shift,1,1,False,False,,103,ok,henon,henon_loc:00473,20.0,1024,4.91576390299997,2.0,101.0,0.003539961751391263,0.002590725835458163,1.0,0.00324005629108004,0.9758000511750563,-0.47580005117505625,True
,2,0.02838545856706852,90,105936610,henon_loc,,0.0018241130294306407,0.0028816060197253135,0.0018241130294306407,-9.190542384651668e-05,-0.0019511540465748656,0.6331785901189353,1.0,,0.6313544770895047,True,,1.76453306720844,1.7655905601987347,1.76453306720844,1.762617048755163,-0.0001162229851068286,0.6331785901189353,1.0,,-1.1313544770895048,False,estimated,0,1,,pad0,1,1,False,False,,1,ok,henon,henon_loc:00474,40.0,1024,1.6166576270006772,,,,,,,,,
,2,0.02838545856706852,90,105936610,henon_loc,,,,,,,,,,,,,,,,,,,,,,,estimated,0,2,,pad0,1,1,False,False,,200,ok,henon,henon_loc:00475,40.0,1024,3.342739414998505,1.0,199.0,0.0013461001014600793,0.0005458701685396861,1.0,0.0005458701685396861,0.9758000511750563,-0.47580005117505625,True
,2,0.034062550280482225,90,105936610,henon_loc,,0.004587032616514275,-0.00563403155039488,-0.004587032616514275,-0.00015890108005156556,-0.0019511540465748656,0.6267674444729904,1.0,,0.6313544770895047,True,,1.7581219215624952,1.7570749226286146,1.7581219215624952,1.7625500530989577,-0.0001162229851068286,0.6267674444729904,1.0,,-1.1313544770895048,False,estimated,0,1,,pad10,1,1,False,False,,1,ok,henon,henon_loc:00476,40.0,1024,0.9819495739993727,,,,,,,,,
,2,0.034062550280482225,90,105936610,henon_loc,,,,,,,,,,,,,,,,,,,,,,,estimated,0,2,,pad10,1,1,False,False,,183,ok,henon,henon_loc:00477,40.0,1024,3.249860052999793,2.0,181.0,0.0013083744567753408,0.0020350992091199838,1.0,0.0020350992091199838,0.9758000511750563,-0.47580005117505625,True
,2,0.042578187850602786,90,105936610,henon_loc,,0.01540556605756871,-0.018407487905575448,-0.01540556605756871,-7.741843135167237e-05,-0.0019511540465748656,0.6159489110319359,1.0,,0.6313544770895047,True,,1.7473033881214408,1.744301466273434,1.7473033881214408,1.7626315357476576,-0.0001162229851068286,0.6159489110319359,1.0,,-1.1313544770895048,False,estimated,0,1,,pad25,1,1,False,False,,1,ok,henon,henon_loc:00478,40.0,1024,1.1040938919995824,,,,,,,,,
,2,0.042578187850602786,90,105936610,henon_loc,,,,,,,,,,,,,,,,,,,,,,,estimated,0,2,,pad25,1,1,False,False,,139,ok,henon,henon_loc:00479,40.0,1024,3.0925588170011906,2.0,137.0,0.004595243305617558,0.00777244660580223,1.0,0.00777244660580223,0.9758000511750563,-0.47580005117505625,True
,2,0.034062550280482225,90,105936610,henon_loc,,0.008503052254190013,0.011397243589846173,0.008503052254190013,-9.774169163179192e-05,-0.0019511540465748656,0.6398575293436947,1.0,,0.6313544770895047,True,,1.7712120064331995,1.7741061977688557,1.7712120064331995,1.7626112124873776,-0.0001162229851068286,0.6398575293436947,1.0,,-1.1313544770895048,False,estimated,0,1,,pad10_shift,1,1,False,False,,1,ok,henon,henon_loc:00480,40.0,1024,1.0100268669993966,,,,,,,,,
,2,0.034062550280482225,90,105936610,henon_loc,,,,,,,,,,,,,,,,,,,,,,,estimated,0,2,,pad10_shift,1,1,False,False,,183,ok,henon,henon_loc:00481,40.0,1024,4.24156836200018,2.0,181.0,0.004270276854752564,0.002929032325372949,1.0,0.0032784087907941073,0.9758000511750563,-0.47580005117505625,True
0.0,7,0.10218765084144668,30,105936610,henon_loc,0.0,0.011192906810421177,0.028428518730087338,0.011192906810421177,-4.7734782137931475e-05,-0.000524956754699546,0.6425473838999258,1.0,True,0.6313544770895047,True,0.0,1.7739018609894306,1.7911374729090968,1.7739018609894306,1.7626612193968714,-0.0012436410086436034,0.6425473838999258,1.0,True,-1.1313544770895048,False,estimated,0,1,9.380282533221598,pad10,1,1,True,True,1.0,1,ok,henon,henon_loc:00482,10.0,1024,43.14490848599962,,,,,,,,,
,7,0.10218765084144668,30,105936610,henon_loc,,,,,,,,,,,,,,,,,,,,,,,estimated,0,2,,pad10,1,1,False,False,,20,ok,henon,henon_loc:00483,10.0,1024,4.73637452299954,1.0,19.0,0.004550884642125386,0.0037970126040159924,1.0,0.0040365898478677,0.9758000511750563,-0.47580005117505625,True
,2,0.17040668684425236,15,197256315,henon_loc,,0.0030312363813207455,0.0451807645452037,0.0030312363813207455,4.911936154627927e-05,4.356697879825955e-05,0.6343857134708254,1.0,,0.6313544770895047,True,,1.7657401905603303,1.8078897187242131,1.7657401905603303,1.7627580735405557,0.004578211636590446,0.6343857134708254,1.0,,-1.1313544770895048,False,estimated,0,1,,pad0,2,2,False,False,,1,ok,henon,henon_loc:00484,2.5,1024,0.8315156630014826,,,,,,,,,
,2,0.17040668684425236,15,197256315,henon_loc,,,,,,,,,,,,,,,,,,,,,,,estimated,0,2,,pad0,2,2,False,False,,4,ok,henon,henon_loc:00485,2.5,1024,2.659291463000045,1.0,3.0,0.0013560175686461173,0.003551156070371042,1.0,0.003551156070371042,0.9758000511750563,-0.47580005117505625,True
,2,0.20448802421310283,15,197256315,henon_loc,,0.0010576499394909789,-0.022981910192497512,-0.0010576499394909789,-3.520981842541904e-05,4.356697879825955e-05,0.6302968271500137,1.0,,0.6313544770895047,True,,1.7616513042395185,1.739727043986512,1.7616513042395185,1.762673744360584,0.004578211636590446,0.6302968271500137,1.0,,-1.1313544770895048,False,estimated,0,1,,pad10,2,2,False,False,,1,ok,henon,henon_loc:00486,2.5,1024,0.7409858579994761,,,,,,,,,
,2,0.20448802421310283,15,197256315,henon_loc,,,,,,,,,,,,,,,,,,,,,,,estimated,0,2,,pad10,2,2,False,False,,5,ok,henon,henon_loc:00487,2.5,1024,3.9397032330016373,2.0,3.0,0.0003219525916208221,0.0035134809974509684,1.0,0.0035134809974509684,0.9758000511750563,-0.47580005117505625,True
,2,0.2556100302663785,15,197256315,henon_loc,,0.011555794896240368,-0.12522592229904872,-0.011555794896240368,-5.334353425334726e-05,4.356697879825955e-05,0.6197986821932643,1.0,,0.6313544770895047,True,,1.7511531592827692,1.6374830318799607,1.7511531592827692,1.7626556106447562,0.004578211636590446,0.6197986821932643,1.0,,-1.1313544770895048,False,estimated,0,1,,pad25,2,2,False,False,,1,ok,henon,henon_loc:00488,2.5,1024,1.2861625389996334,,,,,,,,,
,2,0.2556100302663785,15,197256315,henon_loc,,,,,,,,,,,,,,,,,,,,,,,estimated,0,2,,pad25,2,2,False,False,,7,ok,henon,henon_loc:00489,2.5,1024,3.865023606998875,2.0,5.0,0.00018502386955765449,0.0032247900167108323,1.0,0.0032247900167108323,0.9758000511750563,-0.47580005117505625,True
,2,0.20448802421310283,15,197256315,henon_loc,,0.004914769559229315,0.0792621019140538,0.004914769559229315,-0.000197431046098262,4.356697879825955e-05,0.636269246648734,1.0,,0.6313544770895047,True,,1.7676237237382386,1.841971056093063,1.7676237237382386,1.7625115231329112,0.004578211636590446,0.636269246648734,1.0,,-1.1313544770895048,False,estimated,0,1,,pad10_shift,2,2,False,False,,1,ok,henon,henon_loc:00490,2.5,1024,0.7529216279999673,,,,,,,,,
,2,0.20448802421310283,15,197256315,henon_loc,,,,,,,,,,,,,,,,,,,,,,,estimated,0,2,,pad10_shift,2,2,False,False,,7,ok,henon,henon_loc:00491,2.5,1024,2.6995714220010996,2.0,5.0,0.0013822982023806718,0.0022648746755525306,1.0,0.0022648746755525306,0.9758000511750563,-0.47580005117505625,True
,2,0.17040668684425236,15,197256315,henon_loc,,0.004753115878836978,0.0451807645452037,0.004753115878836978,6.693199062002275e-05,8.363844812286914e-06,0.6361075929683416,1.0,,0.6313544770895047,True,,1.7674620700578463,1.8078897187242131,1.7674620700578463,1.7627758861696294,0.008155588574287664,0.6361075929683416,1.0,,-1.1313544770895048,False,estimated,0,1,,pad0,2,2,False,False,,1,ok,henon,henon_loc:00492,5.0,1024,0.8777182770008949,,,,,,,,,
,2,0.17040668684425236,15,197256315,henon_loc,,,,,,,,,,,,,,,,,,,,,,,estimated,0,2,,pad0,2,2,False,False,,5,ok,henon,henon_loc:00493,5.0,1024,2.581742143000156,1.0,4.0,0.0020698225362328904,0.004646962284457601,1.0,0.004646962284457601,0.9758000511750563,-0.47580005117505625,True
,2,0.20448802421310283,15,197256315,henon_loc,,0.0031284325758703657,-0.022981910192497512,-0.0031284325758703657,-6.11122126737973e-05,8.363844812286914e-06,0.6282260445136343,1.0,,0.6313544770895047,True,,1.759580521603139,1.739727043986512,1.759580521603139,1.7626478419663356,0.008155588574287664,0.6282260445136343,1.0,,-1.1313544770895048,False,estimated,0,1,,pad10,2,2,False,False,,1,ok,henon,henon_loc:00494,5.0,1024,0.9114712739992683,,,,,,,,,
,2,0.20448802421310283,15,197256315,henon_loc,,,,,,,,,,,,,,,,,,,,,,,estimated,0,2,,pad10,2,2,False,False,,6,ok,henon,henon_loc:00495,5.0,1024,2.6887622060003196,1.0,5.0,0.0004352879473273896,0.004393461748107508,1.0,0.004393461748107508,0.9758000511750563,-0.47580005117505625,True
,2,0.2556100302663785,15,197256315,henon_loc,,0.022028385282611085,-0.12522592229904872,-0.022028385282611085,-0.00030153270996891024,8.363844812286914e-06,0.6093260918068936,1.0,,0.6313544770895047,True,,1.7406805688963982,1.6374830318799607,1.7406805688963982,1.7624074214690406,0.008155588574287664,0.6093260918068936,1.0,,-1.1313544770895048,False,estimated,0,1,,pad25,2,2,False,False,,1,ok,henon,henon_loc:00496,5.0,1024,0.8622942509991844,,,,,,,,,
,2,0.2556100302663785,15,197256315,henon_loc,,,,,,,,,,,,,,,,,,,,,,,estimated,0,2,,pad25,2,2,False,False,,7,ok,henon,henon_loc:00497,5.0,1024,2.6623545519996696,1.0,6.0,0.00048205327770844963,0.004012649713692307,1.0,0.004012649713692307,0.9758000511750563,-0.47580005117505625,True
,2,0.20448802421310283,15,197256315,henon_loc,,0.00853213853902035,0.0792621019140538,0.00853213853902035,-0.00015860249003651905,8.363844812286914e-06,0.639886615628525,1.0,,0.6313544770895047,True,,1.7712410927180298,1.841971056093063,1.7712410927180298,1.762550351688973,0.008155588574287664,0.639886615628525,1.0,,-1.1313544770895048,False,estimated,0,1,,pad10_shift,2,2,False,False,,1,ok,henon,henon_loc:00498,5.0,1024,0.9012576959994476,,,,,,,,,
,2,0.20448802421310283,15,197256315,henon_loc,,,,,,,,,,,,,,,,,,,,,,,estimated,0,2,,pad10_shift,2,2,False,False,,5,ok,henon,henon_loc:00499,5.0,1024,3.1080252709998604,1.0,4.0,0.0020286885892281115,0.0022360959235996347,1.0,0.0022360959235996347,0.9758000511750563,-0.47580005117505625,True
,2,0.17040668684425236,15,197256315,henon_loc,,0.00827620464275336,0.0451807645452037,0.00827620464275336,-0.00024412969945930563,-0.0002300256859416594,0.639630681732258,1.0,,0.6313544770895047,True,,1.7709851588217629,1.8078897187242131,1.7709851588217629,1.76246482447955,0.01230603523969065,0.639630681732258,1.0,,-1.1313544770895048,False,estimated,0,1,,pad0,2,2,False,False,,1,ok,henon,henon_loc:00500,10.0,1024,1.1844140899993363,,,,,,,,,
,2,0.17040668684425236,15,197256315,henon_loc,,,,,,,,,,,,,,,,,,,,,,,estimated,0,2,,pad0,2,2,False,False,,5,ok,henon,henon_loc:00501,10.0,1024,4.345772482998655,1.0,4.0,0.003361349016034576,0.006893361465218795,1.0,0.006893361465218795,0.9758000511750563,-0.47580005117505625,True
0.0,2,0.20448802421310283,15,197256315,henon_loc,0.0,0.007493292841647903,-0.022981910192497512,-0.007493292841647903,0.0001750080663435183,-0.0002300256859416594,0.6238611842478567,1.0,True,0.6313544770895047,True,0.0,1.7552156613373615,1.739727043986512,1.7552156613373615,1.762883962245353,0.01230603523969065,0.6238611842478567,1.0,True,-1.1313544770895048,False,estimated,0,1,14.840519698742758,pad10,2,2,True,True,1.0,1,ok,henon,henon_loc:00502,10.0,1024,40.83764857599999,,,,,,,,,
,2,0.20448802421310283,15,197256315,henon_loc,,,,,,,,,,,,,,,,,,,,,,,estimated,0,2,,pad10,2,2,False,False,,5,ok,henon,henon_loc:00503,10.0,1024,4.331446885000332,1.0,4.0,0.0006204269663973028,0.006820867725434221,1.0,0.006820867725434221,0.9758000511750563,-0.47580005117505625,True
,2,0.2556100302663785,15,197256315,henon_loc,,0.03831536493085208,-0.12522592229904872,-0.03831536493085208,2.6139609104691708e-05,-0.0002300256859416594,0.5930391121586526,1.0,,0.6313544770895047,True,,1.7243935892481574,1.6374830318799607,1.7243935892481574,1.762735093788114,0.01230603523969065,0.5930391121586526,1.0,,-1.1313544770895048,False,estimated,0,1,,pad25,2,2,False,False,,1,ok,henon,henon_loc:00504,10.0,1024,1.1894845959996019,,,,,,,,,
,2,0.2556100302663785,15,197256315,henon_loc,,,,,,,,,,,,,,,,,,,,,,,estimated,0,2,,pad25,2,2,False,False,,7,ok,henon,henon_loc:00505,10.0,1024,2.6906152209994616,1.0,6.0,0.012005932308096212,0.006144492360342424,1.0,0.006144492360342424,0.9758000511750563,-0.47580005117505625,True
,2,0.20448802421310283,15,197256315,henon_loc,,0.015534000635110456,0.0792621019140538,0.015534000635110456,0.0001973988191277254,-0.0002300256859416594,0.6468884777246151,1.0,,0.6313544770895047,True,,1.7782429548141199,1.841971056093063,1.7782429548141199,1.762906352998137,0.01230603523969065,0.6468884777246151,1.0,,-1.1313544770895048,False,estimated,0,1,,pad10_shift,2,2,False,False,,1,ok,henon,henon_loc:00506,10.0,1024,1.1887112200001866,,,,,,,,,
,2,0.20448802421310283,15,197256315,henon_loc,,,,,,,,,,,,,,,,,,,,,,,estimated,0,2,,pad10_shift,2,2,False,False,,5,ok,henon,henon_loc:00507,10.0,1024,2.7316949850010133,1.0,4.0,0.0035235443156323987,0.0037007432632781834,1.0,0.0037007432632781834,0.9758000511750563,-0.47580005117505625,True
,2,0.17040668684425236,15,197256315,henon_loc,,0.01470741177898538,0.0451807645452037,0.01470741177898538,-0.00020317331988672915,-0.0006008688725062106,0.64606188886849,1.0,,0.6313544770895047,True,,1.7774163659579947,1.8078897187242131,1.7774163659579947,1.7625057808591227,0.010430859951192417,0.64606188886849,1.0,,-1.1313544770895048,False,estimated,0,1,,pad0,2,2,False,False,,1,ok,henon,henon_loc:00508,20.0,1024,1.922646299999542,,,,,,,,,
,2,0.17040668684425236,15,197256315,henon_loc,,,,,,,,,,,,,,,,,,,,,,,estimated,0,2,,pad0,2,2,False,False,,6,ok,henon,henon_loc:00509,20.0,1024,4.891673444999469,2.0,4.0,0.00536147803665632,0.009689163293785441,1.0,0.009689163293785441,0.9758000511750563,-0.47580005117505625,True
,2,0.20448802421310283,15,197256315,henon_loc,,0.014722316276017056,-0.022981910192497512,-0.014722316276017056,0.00010306547943284006,-0.0006008688725062106,0.6166321608134876,1.0,,0.6313544770895047,True,,1.7479866379029922,1.739727043986512,1.7479866379029922,1.7628120196584423,0.010430859951192417,0.6166321608134876,1.0,,-1.1313544770895048,False,estimated,0,1,,pad10,2,2,False,False,,1,ok,henon,henon_loc:00510,20.0,1024,2.456547980000323,,,,,,,,,
,2,0.20448802421310283,15,197256315,henon_loc,,,,,,,,,,,,,,,,,,,,,,,estimated,0,2,,pad10,2,2,False,False,,5,ok,henon,henon_loc:00511,20.0,1024,2.6480966479994095,1.0,4.0,0.0006032549533827591,0.010733961660210789,1.0,0.010733961660210789,0.9758000511750563,-0.47580005117505625,True
,2,0.2556100302663785,15,197256315,henon_loc,,0.059908155815009745,-0.12522592229904872,-0.059908155815009745,0.00016020129758920199,-0.0006008688725062106,0.5714463212744949,1.0,,0.6313544770895047,True,,1.7028007983639997,1.6374830318799607,1.7028007983639997,1.7628691554765985,0.010430859951192417,0.5714463212744949,1.0,,-1.1313544770895048,False,estimated,0,1,,pad25,2,2,False,False,,1,ok,henon,henon_loc:00512,20.0,1024,1.7400813269996434,,,,,,,,,
,2,0.2556100302663785,15,197256315,henon_loc,,,,,,,,,,,,,,,,,,,,,,,estimated,0,2,,pad25,2,2,False,False,,4,ok,henon,henon_loc:00513,20.0,1024,2.7032534450008825,1.0,3.0,0.016018067491914145,0.009578618880394685,1.0,0.009578618880394685,0.9758000511750563,-0.47580005117505625,True
,2,0.20448802421310283,15,197256315,henon_loc,,0.026450572579109988,0.0792621019140538,0.026450572579109988,-0.00013287056859334623,-0.0006008688725062106,0.6578050496686146,1.0,,0.6313544770895047,True,,1.7891595267581195,1.841971056093063,1.7891595267581195,1.762576083610416,0.010430859951192417,0.6578050496686146,1.0,,-1.1313544770895048,False,estimated,0,1,,pad10_shift,2,2,False,False,,1,ok,henon,henon_loc:00514,20.0,1024,1.7141832380002597,,,,,,,,,
,2,0.20448802421310283,15,197256315,henon_loc,,,,,,,,,,,,,,,,,,,,,,,estimated,0,2,,pad10_shift,2,2,False,False,,5,ok,henon,henon_loc:00515,20.0,1024,4.04814023399922,1.0,4.0,0.006028314352338859,0.006407386274283222,1.0,0.006407386274283222,0.9758000511750563,-0.47580005117505625,True
,2,0.17040668684425236,15,197256315,henon_loc,,0.02088000466408768,0.0451807645452037,0.02088000466408768,5.185525666751012e-06,-0.000740319937598044,0.6522344817535923,1.0,,0.6313544770895047,True,,1.783588958843097,1.8078897187242131,1.783588958843097,1.7627141397046762,0.0031118445174505016,0.6522344817535923,1.0,,-1.1313544770895048,False,estimated,0,1,,pad0,2,2,False,False,,1,ok,henon,henon_loc:00516,40.0,1024,3.913886142001502,,,,,,,,,
,2,0.17040668684425236,15,197256315,henon_loc,,,,,,,,,,,,,,,,,,,,,,,estimated,0,2,,pad0,2,2,False,False,,6,ok,henon,henon_loc:00517,40.0,1024,2.725735996998992,1.0,5.0,0.0083191945038813,0.01265209318401761,1.0,0.01265209318401761,0.9758000511750563,-0.47580005117505625,True
,2,0.20448802421310283,15,197256315,henon_loc,,0.017550509143738457,-0.022981910192497512,-0.017550509143738457,-0.0001690270856247178,-0.000740319937598044,0.6138039679457662,1.0,,0.6313544770895047,True,,1.7451584450352708,1.739727043986512,1.7451584450352708,1.7625399270933846,0.0031118445174505016,0.6138039679457662,1.0,,-1.1313544770895048,False,estimated,0,1,,pad10,2,2,False,False,,1,ok,henon,henon_loc:00518,40.0,1024,2.3993772210014868,,,,,,,,,
,2,0.20448802421310283,15,197256315,henon_loc,,,,,,,,,,,,,,,,,,,,,,,estimated,0,2,,pad10,2,2,False,False,,5,ok,henon,henon_loc:00519,40.0,1024,2.7726601180002035,1.0,4.0,0.0003736390626759567,0.016889814406018444,1.0,0.016889814406018444,0.9758000511750563,-0.47580005117505625,True
,2,0.2556100302663785,15,197256315,henon_loc,,0.08001253925208385,-0.12522592229904872,-0.08001253925208385,-0.00013440479384063675,-0.000740319937598044,0.5513419378374208,1.0,,0.6313544770895047,True,,1.6826964149269257,1.6374830318799607,1.6826964149269257,1.7625745493851688,0.0031118445174505016,0.5513419378374208,1.0,,-1.1313544770895048,False,estimated,0,1,,pad25,2,2,False,False,,1,ok,henon,henon_loc:00520,40.0,1024,2.4924489479999465,,,,,,,,,
,2,0.2556100302663785,15,197256315,henon_loc,,,,,,,,,,,,,,,,,,,,,,,estimated,0,2,,pad25,2,2,False,False,,5,ok,henon,henon_loc:00521,40.0,1024,2.9835660329990787,1.0,4.0,0.02072632092774296,0.013097449805555494,1.0,0.022819264898348623,0.9758000511750563,-0.47580005117505625,True
,2,0.20448802421310283,15,197256315,henon_loc,,0.03775486866673139,0.0792621019140538,0.03775486866673139,-7.541581269265851e-05,-0.000740319937598044,0.669109345756236,1.0,,0.6313544770895047,True,,1.8004638228457408,1.841971056093063,1.8004638228457408,1.7626335383663168,0.0031118445174505016,0.669109345756236,1.0,,-1.1313544770895048,False,estimated,0,1,,pad10_shift,2,2,False,False,,1,ok,henon,henon_loc:00522,40.0,1024,2.2117603000006056,,,,,,,,,
,2,0.20448802421310283,15,197256315,henon_loc,,,,,,,,,,,,,,,,,,,,,,,estimated,0,2,,pad10_shift,2,2,False,False,,5,ok,henon,henon_loc:00523,40.0,1024,2.782350782999856,2.0,3.0,0.01159002664128106,0.011319352111779146,1.0,0.011319352111779146,0.9758000511750563,-0.47580005117505625,True
,2,0.12780501513318926,20,197256315,henon_loc,,0.006547774441685084,-0.061323414732454284,-0.006547774441685084,-0.00015752368502564007,4.356697879825955e-05,0.6248067026478196,1.0,,0.6313544770895047,True,,1.7561611797373242,1.7013855394465551,1.7561611797373242,1.7625514304939838,0.004578211636590446,0.6248067026478196,1.0,,-1.1313544770895048,False,estimated,0,1,,pad0,2,2,False,False,,1,ok,henon,henon_loc:00524,2.5,1024,0.7393188099995314,,,,,,,,,
,2,0.12780501513318926,20,197256315,henon_loc,,,,,,,,,,,,,,,,,,,,,,,estimated,0,2,,pad0,2,2,False,False,,6,ok,henon,henon_loc:00525,2.5,1024,3.6312042190002103,1.0,5.0,7.529219372537366e-05,0.0009448062010495306,1.0,0.0009448062010495306,0.9758000511750563,-0.47580005117505625,True
,2,0.15336601815982714,20,197256315,henon_loc,,0.003959916399506658,0.05370109888741659,0.003959916399506658,0.00012576594551094722,4.356697879825955e-05,0.6353143934890113,1.0,,0.6313544770895047,True,,1.766668870578516,1.816410053066426,1.766668870578516,1.7628347201245202,0.004578211636590446,0.6353143934890113,1.0,,-1.1313544770895048,False,estimated,0,1,,pad10,2,2,False,False,,1,ok,henon,henon_loc:00526,2.5,1024,1.1621534980004071,,,,,,,,,
,2,0.15336601815982714,20,197256315,henon_loc,,,,,,,,,,,,,,,,,,,,,,,estimated,0,2,,pad10,2,2,False,False,,5,ok,henon,henon_loc:00527,2.5,1024,4.699002491999636,1.0,4.0,0.0012388609035723919,0.0027671438804302007,1.0,0.0027671438804302007,0.9758000511750563,-0.47580005117505625,True
,2,0.19170752269978392,20,197256315,henon_loc,,0.0022548200246601535,0.034530346617437924,0.0022548200246601535,-0.00014152400908717944,4.356697879825955e-05,0.6336092971141648,1.0,,0.6313544770895047,True,,1.7649637742036695,1.7972393007964473,1.7649637742036695,1.7625674301699221,0.004578211636590446,0.6336092971141648,1.0,,-1.1313544770895048,False,estimated,0,1,,pad25,2,2,False,False,,1,ok,henon,henon_loc:00528,2.5,1024,1.2132228149985167,,,,,,,,,
,2,0.19170752269978392,20,197256315,henon_loc,,,,,,,,,,,,,,,,,,,,,,,estimated,0,2,,pad25,2,2,False,False,,5,ok,henon,henon_loc:00529,2.5,1024,4.389817429000686,1.0,4.0,0.0012697626028063125,0.0017023966087054143,1.0,0.004767108271404474,0.9758000511750563,-0.47580005117505625,True
,2,0.15336601815982714,20,197256315,henon_loc,,0.0011470815501555265,-0.02298191019249718,-0.0011470815501555265,3.1635860432421836e-06,4.356697879825955e-05,0.6302073955393491,1.0,,0.6313544770895047,True,,1.761561872628854,1.7397270439865122,1.761561872628854,1.7627121177650527,0.004578211636590446,0.6302073955393491,1.0,,-1.1313544770895048,False,estimated,0,1,,pad10_shift,2,2,False,False,,1,ok,henon,henon_loc:00530,2.5,1024,1.1710344330003863,,,,,,,,,
,2,0.15336601815982714,20,197256315,henon_loc,,,,,,,,,,,,,,,,,,,,,,,estimated,0,2,,pad10_shift,2,2,False,False,,8,ok,henon,henon_loc:00531,2.5,1024,2.8649486700014677,1.0,7.0,0.0001873638890169671,0.001672058320055736,1.0,0.0019237297622959337,0.9758000511750563,-0.47580005117505625,True
,2,0.12780501513318926,20,197256315,henon_loc,,0.013334979923104395,-0.061323414732454284,-0.013334979923104395,8.454666588042503e-05,8.363844812286914e-06,0.6180194971664003,1.0,,0.6313544770895047,True,,1.7493739742559051,1.7013855394465551,1.7493739742559051,1.7627935008448898,0.008155588574287664,0.6180194971664003,1.0,,-1.1313544770895048,False,estimated,0,1,,pad0,2,2,False,False,,1,ok,henon,henon_loc:00532,5.0,1024,0.8917043000001286,,,,,,,,,
,2,0.12780501513318926,20,197256315,henon_loc,,,,,,,,,,,,,,,,,,,,,,,estimated,0,2,,pad0,2,2,False,False,,8,ok,henon,henon_loc:00533,5.0,1024,2.766621385999315,1.0,7.0,0.00034258897185723836,0.0007671431088381864,1.0,0.0007671431088381864,0.9758000511750563,-0.47580005117505625,True
,2,0.15336601815982714,20,197256315,henon_loc,,0.006698590292571915,0.05370109888741659,0.006698590292571915,-0.00020288052462036354,8.363844812286914e-06,0.6380530673820766,1.0,,0.6313544770895047,True,,1.7694075444715813,1.816410053066426,1.7694075444715813,1.762506073654389,0.008155588574287664,0.6380530673820766,1.0,,-1.1313544770895048,False,estimated,0,1,,pad10,2,2,False,False,,1,ok,henon,henon_loc:00534,5.0,1024,0.8522800280006777,,,,,,,,,
,2,0.15336601815982714,20,197256315,henon_loc,,,,,,,,,,,,,,,,,,,,,,,estimated,0,2,,pad10,2,2,False,False,,9,ok,henon,henon_loc:00535,5.0,1024,2.8146490290000656,1.0,8.0,0.0018763233850298544,0.003674983610305216,1.0,0.003674983610305216,0.9758000511750563,-0.47580005117505625,True
,2,0.19170752269978392,20,197256315,henon_loc,,0.0032294305849489557,0.034530346617437924,0.0032294305849489557,-0.0001254510622973326,8.363844812286914e-06,0.6345839076744536,1.0,,0.6313544770895047,True,,1.7659383847639583,1.7972393007964473,1.7659383847639583,1.762583503116712,0.008155588574287664,0.6345839076744536,1.0,,-1.1313544770895048,False,estimated,0,1,,pad25,2,2,False,False,,1,ok,henon,henon_loc:00536,5.0,1024,0.8956579659989075,,,,,,,,,
,2,0.19170752269978392,20,197256315,henon_loc,,,,,,,,,,,,,,,,,,,,,,,estimated,0,2,,pad25,2,2,False,False,,8,ok,henon,henon_loc:00537,5.0,1024,2.6576901959997485,1.0,7.0,0.0018994961309649616,0.0029601422555137757,1.0,0.006088932875436659,0.9758000511750563,-0.47580005117505625,True
,2,0.15336601815982714,20,197256315,henon_loc,,0.0033130062385419157,-0.02298191019249718,-0.0033130062385419157,0.0001377291700541683,8.363844812286914e-06,0.6280414708509627,1.0,,0.6313544770895047,True,,1.7593959479404675,1.7397270439865122,1.7593959479404675,1.7628466833490637,0.008155588574287664,0.6280414708509627,1.0,,-1.1313544770895048,False,estimated,0,1,,pad10_shift,2,2,False,False,,1,ok,henon,henon_loc:00538,5.0,1024,0.9347620659991662,,,,,,,,,
,2,0.15336601815982714,20,197256315,henon_loc,,,,,,,,,,,,,,,,,,,,,,,estimated,0,2,,pad10_shift,2,2,False,False,,10,ok,henon,henon_loc:00539,5.0,1024,2.7233980759992846,1.0,9.0,0.00024098286069762498,0.0030837954750629892,1.0,0.0030837954750629892,0.9758000511750563,-0.47580005117505625,True
,2,0.12780501513318926,20,197256315,henon_loc,,0.02417754478621026,-0.061323414732454284,-0.02417754478621026,0.0001054080890956488,-0.0002300256859416594,0.6071769323032944,1.0,,0.6313544770895047,True,,1.7385314093927993,1.7013855394465551,1.7385314093927993,1.762814362268105,0.01230603523969065,0.6071769323032944,1.0,,-1.1313544770895048,False,estimated,0,1,,pad0,2,2,False,False,,1,ok,henon,henon_loc:00540,10.0,1024,1.1830009580007754,,,,,,,,,
,2,0.12780501513318926,20,197256315,henon_loc,,,,,,,,,,,,,,,,,,,,,,,estimated,0,2,,pad0,2,2,False,False,,9,ok,henon,henon_loc:00541,10.0,1024,3.7138908079996327,1.0,8.0,0.00878763980408015,0.001205013231811325,1.0,0.001205013231811325,0.9758000511750563,-0.47580005117505625,True
0.0,2,0.15336601815982714,20,197256315,henon_loc,0.0,0.012196506514052796,0.05370109888741659,0.012196506514052796,-7.277493873336649e-05,-0.0002300256859416594,0.6435509836035574,1.0,True,0.6313544770895047,True,0.0,1.7749054606930623,1.816410053066426,1.7749054606930623,1.762636179240276,0.01230603523969065,0.6435509836035574,1.0,True,-1.1313544770895048,False,estimated,0,1,11.767800301558049,pad10,2,2,True,True,1.0,1,ok,henon,henon_loc:00542,10.0,1024,40.66373787700104,,,,,,,,,
,2,0.15336601815982714,20,197256315,henon_loc,,,,,,,,,,,,,,,,,,,,,,,estimated,0,2,,pad10,2,2,False,False,,7,ok,henon,henon_loc:00543,10.0,1024,4.864432669999587,1.0,6.0,0.0031912734848005275,0.005548006455003418,1.0,0.005548006455003418,0.9758000511750563,-0.47580005117505625,True
,2,0.19170752269978392,20,197256315,henon_loc,,0.004347041325479806,0.034530346617437924,0.004347041325479806,3.3622064734672996e-05,-0.0002300256859416594,0.6357015184149845,1.0,,0.6313544770895047,True,,1.767055995504489,1.7972393007964473,1.767055995504489,1.762742576243744,0.01230603523969065,0.6357015184149845,1.0,,-1.1313544770895048,False,estimated,0,1,,pad25,2,2,False,False,,1,ok,henon,henon_loc:00544,10.0,1024,1.23590661200069,,,,,,,,,
,2,0.19170752269978392,20,197256315,henon_loc,,,,,,,,,,,,,,,,,,,,,,,estimated,0,2,,pad25,2,2,False,False,,8,ok,henon,henon_loc:00545,10.0,1024,2.6292338100010966,1.0,7.0,0.003035416981841621,0.004780110008109517,1.0,0.009372075149431058,0.9758000511750563,-0.47580005117505625,True
,2,0.15336601815982714,20,197256315,henon_loc,,0.007482933339042486,-0.02298191019249718,-0.007482933339042486,-0.0001980474764506912,-0.0002300256859416594,0.6238715437504622,1.0,,0.6313544770895047,True,,1.755226020839967,1.7397270439865122,1.755226020839967,1.7625109067025586,0.01230603523969065,0.6238715437504622,1.0,,-1.1313544770895048,False,estimated,0,1,,pad10_shift,2,2,False,False,,1,ok,henon,henon_loc:00546,10.0,1024,1.1943866880010319,,,,,,,,,
,2,0.15336601815982714,20,197256315,henon_loc,,,,,,,,,,,,,,,,,,,,,,,estimated,0,2,,pad10_shift,2,2,False,False,,8,ok,henon,henon_loc:00547,10.0,1024,2.7053693950001616,1.0,7.0,0.00029304398878005067,0.004780040184071077,1.0,0.004780040184071077,0.9758000511750563,-0.47580005117505625,True
,2,0.12780501513318926,20,197256315,henon_loc,,0.03745025472527386,-0.061323414732454284,-0.03745025472527386,-6.728779881592928e-05,-0.0006008688725062106,0.5939042223642308,1.0,,0.6313544770895047,True,,1.7252586994537356,1.7013855394465551,1.7252586994537356,1.7626416663801936,0.010430859951192417,0.5939042223642308,1.0,,-1.1313544770895048,False,estimated,0,1,,pad0,2,2,False,False,,1,ok,henon,henon_loc:00548,20.0,1024,1.6043361230003939,,,,,,,,,
,2,0.12780501513318926,20,197256315,henon_loc,,,,,,,,,,,,,,,,,,,,,,,estimated,0,2,,pad0,2,2,False,False,,6,ok,henon,henon_loc:00549,20.0,1024,4.3000735950008675,1.0,5.0,0.010899279812880192,0.0018886436963744258,1.0,0.0018886436963744258,0.9758000511750563,-0.47580005117505625,True
,2,0.15336601815982714,20,197256315,henon_loc,,0.020381992814196614,0.05370109888741659,0.020381992814196614,6.0995408019515196e-05,-0.0006008688725062106,0.6517364699037013,1.0,,0.6313544770895047,True,,1.7830909469932061,1.816410053066426,1.7830909469932061,1.762769949587029,0.010430859951192417,0.6517364699037013,1.0,,-1.1313544770895048,False,estimated,0,1,,pad10,2,2,False,False,,1,ok,henon,henon_loc:00550,20.0,1024,3.0544883989987284,,,,,,,,,
,2,0.15336601815982714,20,197256315,henon_loc,,,,,,,,,,,,,,,,,,,,,,,estimated,0,2,,pad10,2,2,False,False,,9,ok,henon,henon_loc:00551,20.0,1024,3.1305564859994774,2.0,7.0,0.0053352157745875095,0.008713200774669638,1.0,0.008713200774669638,0.9758000511750563,-0.47580005117505625,True
,2,0.19170752269978392,20,197256315,henon_loc,,0.00844686929199523,0.034530346617437924,0.00844686929199523,-0.00017996922949514715,-0.0006008688725062106,0.6398013463814999,1.0,,0.6313544770895047,True,,1.7711558234710045,1.7972393007964473,1.7711558234710045,1.7625289849495143,0.010430859951192417,0.6398013463814999,1.0,,-1.1313544770895048,False,estimated,0,1,,pad25,2,2,False,False,,1,ok,henon,henon_loc:00552,20.0,1024,1.8256531120005093,,,,,,,,,
,2,0.19170752269978392,20,197256315,henon_loc,,,,,,,,,,,,,,,,,,,,,,,estimated,0,2,,pad25,2,2,False,False,,7,ok,henon,henon_loc:00553,20.0,1024,2.7871186319989647,1.0,6.0,0.004815063606769976,0.006554549382000396,1.0,0.014527206501381285,0.9758000511750563,-0.47580005117505625,True
,2,0.15336601815982714,20,197256315,henon_loc,,0.014006724829126904,-0.02298191019249718,-0.014006724829126904,0.00017963185065716925,-0.0006008688725062106,0.6173477522603777,1.0,,0.6313544770895047,True,,1.7487022293498824,1.7397270439865122,1.7487022293498824,1.7628885860296666,0.010430859951192417,0.6173477522603777,1.0,,-1.1313544770895048,False,estimated,0,1,,pad10_shift,2,2,False,False,,1,ok,henon,henon_loc:00554,20.0,1024,1.630220315999395,,,,,,,,,
,2,0.15336601815982714,20,197256315,henon_loc,,,,,,,,,,,,,,,,,,,,,,,estimated,0,2,,pad10_shift,2,2,False,False,,8,ok,henon,henon_loc:00555,20.0,1024,3.55054428800031,1.0,7.0,3.823081659137806e-06,0.0069749946486044045,1.0,0.0069749946486044045,0.9758000511750563,-0.47580005117505625,True
,2,0.12780501513318926,20,197256315,henon_loc,,0.04373050196683703,-0.061323414732454284,-0.04373050196683703,4.27157162802283e-05,-0.000740319937598044,0.5876239751226676,1.0,,0.6313544770895047,True,,1.7189784522121725,1.7013855394465551,1.7189784522121725,1.7627516698952896,0.0031118445174505016,0.5876239751226676,1.0,,-1.1313544770895048,False,estimated,0,1,,pad0,2,2,False,False,,1,ok,henon,henon_loc:00556,40.0,1024,3.7105554650006525,,,,,,,,,
,2,0.12780501513318926,20,197256315,henon_loc,,,,,,,,,,,,,,,,,,,,,,,estimated,0,2,,pad0,2,2,False,False,,7,ok,henon,henon_loc:00557,40.0,1024,3.3908096230006777,1.0,6.0,0.011674415710211217,0.0018898881911534882,1.0,0.0018898881911534882,0.9758000511750563,-0.47580005117505625,True
,2,0.15336601815982714,20,197256315,henon_loc,,0.02762065185680207,0.05370109888741659,0.02762065185680207,1.4768588033176044e-05,-0.000740319937598044,0.6589751289463067,1.0,,0.6313544770895047,True,,1.7903296060358116,1.816410053066426,1.7903296060358116,1.7627237227670425,0.0031118445174505016,0.6589751289463067,1.0,,-1.1313544770895048,False,estimated,0,1,,pad10,2,2,False,False,,1,ok,henon,henon_loc:00558,40.0,1024,2.7354434489989217,,,,,,,,,
,2,0.15336601815982714,20,197256315,henon_loc,,,,,,,,,,,,,,,,,,,,,,,estimated,0,2,,pad10,2,2,False,False,,8,ok,henon,henon_loc:00559,40.0,1024,2.7292497389989876,2.0,6.0,0.00927459424475463,0.01490537296978145,1.0,0.01490537296978145,0.9758000511750563,-0.47580005117505625,True
,2,0.19170752269978392,20,197256315,henon_loc,,0.013408336714595182,0.034530346617437924,0.013408336714595182,-1.1189874389749832e-05,-0.000740319937598044,0.6447628138040998,1.0,,0.6313544770895047,True,,1.7761172908936045,1.7972393007964473,1.7761172908936045,1.7626977643046198,0.0031118445174505016,0.6447628138040998,1.0,,-1.1313544770895048,False,estimated,0,1,,pad25,2,2,False,False,,1,ok,henon,henon_loc:00560,40.0,1024,2.359848439000416,,,,,,,,,
,2,0.19170752269978392,20,197256315,henon_loc,,,,,,,,,,,,,,,,,,,,,,,estimated,0,2,,pad25,2,2,False,False,,5,ok,henon,henon_loc:00561,40.0,1024,2.7402719169986085,1.0,4.0,0.007215352471083958,0.011076139020751108,1.0,0.021457539164200456,0.9758000511750563,-0.47580005117505625,True
,2,0.15336601815982714,20,197256315,henon_loc,,0.016420336460463703,-0.02298191019249718,-0.016420336460463703,6.651049171768619e-05,-0.000740319937598044,0.614934140629041,1.0,,0.6313544770895047,True,,1.7462886177185457,1.7397270439865122,1.7462886177185457,1.7627754646707272,0.0031118445174505016,0.614934140629041,1.0,,-1.1313544770895048,False,estimated,0,1,,pad10_shift,2,2,False,False,,1,ok,henon,henon_loc:00562,40.0,1024,2.167210587000227,,,,,,,,,
,2,0.15336601815982714,20,197256315,henon_loc,,,,,,,,,,,,,,,,,,,,,,,estimated,0,2,,pad10_shift,2,2,False,False,,6,ok,henon,henon_loc:00563,40.0,1024,2.7400742179997906,1.0,5.0,0.0010916031952888927,0.011117877889064043,1.0,0.011117877889064043,0.9758000511750563,-0.47580005117505625,True
,2,0.08520334342212618,30,197256315,henon_loc,,0.0003682312328012749,0.002579092834140595,0.0003682312328012749,-5.778548430934727e-05,4.356697879825955e-05,0.6317227083223059,1.0,,0.6313544770895047,True,,1.7630771854118108,1.76528804701315,1.7630771854118108,1.7626511686947,0.004578211636590446,0.6317227083223059,1.0,,-1.1313544770895048,False,estimated,0,1,,pad0,2,2,False,False,,1,ok,henon,henon_loc:00564,2.5,1024,0.7337502219997987,,,,,,,,,
,2,0.08520334342212618,30,197256315,henon_loc,,,,,,,,,,,,,,,,,,,,,,,estimated,0,2,,pad0,2,2,False,False,,7,ok,henon,henon_loc:00565,2.5,1024,2.6814754730003187,1.0,6.0,0.0005655194301311672,0.0008135151647389316,1.0,0.0016661780578030028,0.9758000511750563,-0.47580005117505625,True
0.0,2,0.10224401210655142,30,197256315,henon_loc,0.0,0.0027836093853543797,0.028140095860778258,0.0027836093853543797,-2.8100947575770974e-05,4.356697879825955e-05,0.634138086474859,1.0,True,0.6313544770895047,True,0.0,1.7654925635643637,1.7908490500397876,1.7654925635643637,1.7626808532314335,0.004578211636590446,0.634138086474859,1.0,True,-1.1313544770895048,False,estimated,0,1,8.861470956957794,pad10,2,2,True,True,1.0,1,ok,henon,henon_loc:00566,2.5,1024,38.7113000850004,,,,,,,,,
,2,0.10224401210655142,30,197256315,henon_loc,,,,,,,,,,,,,,,,,,,,,,,estimated,0,2,,pad10,2,2,False,False,,7,ok,henon,henon_loc:00567,2.5,1024,4.397754419998819,1.0,6.0,0.0010074674333725442,0.0008727014154448209,1.0,0.001200726140020092,0.9758000511750563,-0.47580005117505625,True
,2,0.12780501513318926,30,197256315,henon_loc,,0.006547774441685084,-0.06132341473245406,-0.006547774441685084,-0.00015752368502564007,4.356697879825955e-05,0.6248067026478196,1.0,,0.6313544770895047,True,,1.7561611797373242,1.7013855394465554,1.7561611797373242,1.7625514304939838,0.004578211636590446,0.6248067026478196,1.0,,-1.1313544770895048,False,estimated,0,1,,pad25,2,2,False,False,,1,ok,henon,henon_loc:00568,2.5,1024,1.4078781730004266,,,,,,,,,
,2,0.12780501513318926,30,197256315,henon_loc,,,,,,,,,,,,,,,,,,,,,,,estimated,0,2,,pad25,2,2,False,False,,6,ok,henon,henon_loc:00569,2.5,1024,3.258145933999913,1.0,5.0,7.529219372537366e-05,0.0009448062010495306,1.0,0.0009448062010495306,0.9758000511750563,-0.47580005117505625,True
,2,0.10224401210655142,30,197256315,henon_loc,,0.001963396549237717,-0.022981910192497512,-0.001963396549237717,8.14836928932916e-05,4.356697879825955e-05,0.6293910805402669,1.0,,0.6313544770895047,True,,1.7607455576297717,1.739727043986512,1.7607455576297717,1.7627904378719026,0.004578211636590446,0.6293910805402669,1.0,,-1.1313544770895048,False,estimated,0,1,,pad10_shift,2,2,False,False,,1,ok,henon,henon_loc:00570,2.5,1024,0.7758149519995641,,,,,,,,,
,2,0.10224401210655142,30,197256315,henon_loc,,,,,,,,,,,,,,,,,,,,,,,estimated,0,2,,pad10_shift,2,2,False,False,,5,ok,henon,henon_loc:00571,2.5,1024,2.667485547999604,1.0,4.0,0.00010192020929211676,0.002589394707001036,1.0,0.002589394707001036,0.9758000511750563,-0.47580005117505625,True
,2,0.08520334342212618,30,197256315,henon_loc,,0.00012038856716978241,0.002579092834140595,0.00012038856716978241,-9.261979138552867e-05,8.363844812286914e-06,0.6314748656566744,1.0,,0.6313544770895047,True,,1.7628293427461792,1.76528804701315,1.7628293427461792,1.7626163343876238,0.008155588574287664,0.6314748656566744,1.0,,-1.1313544770895048,False,estimated,0,1,,pad0,2,2,False,False,,1,ok,henon,henon_loc:00572,5.0,1024,0.8396360549995734,,,,,,,,,
,2,0.08520334342212618,30,197256315,henon_loc,,,,,,,,,,,,,,,,,,,,,,,estimated,0,2,,pad0,2,2,False,False,,13,ok,henon,henon_loc:00573,5.0,1024,2.6151202699984424,1.0,12.0,0.0008286519463843733,0.0011170708430450205,1.0,0.001802081042562853,0.9758000511750563,-0.47580005117505625,True
0.0,2,0.10224401210655142,30,197256315,henon_loc,0.0,0.0045185647014851504,0.028140095860778258,0.0045185647014851504,-8.24158433097022e-05,8.363844812286914e-06,0.6358730417909898,1.0,True,0.6313544770895047,True,0.0,1.7672275188804947,1.7908490500397876,1.7672275188804947,1.7626265383356996,0.008155588574287664,0.6358730417909898,1.0,True,-1.1313544770895048,False,estimated,0,1,11.899858328273629,pad10,2,2,True,True,1.0,1,ok,henon,henon_loc:00574,5.0,1024,37.994147559998964,,,,,,,,,
,2,0.10224401210655142,30,197256315,henon_loc,,,,,,,,,,,,,,,,,,,,,,,estimated,0,2,,pad10,2,2,False,False,,13,ok,henon,henon_loc:00575,5.0,1024,4.667361224999695,1.0,12.0,0.0015979374190837614,0.0011050007329901357,1.0,0.0011050007329901357,0.9758000511750563,-0.47580005117505625,True
,2,0.12780501513318926,30,197256315,henon_loc,,0.013334979923104395,-0.06132341473245406,-0.013334979923104395,8.454666588042503e-05,8.363844812286914e-06,0.6180194971664003,1.0,,0.6313544770895047,True,,1.7493739742559051,1.7013855394465554,1.7493739742559051,1.7627935008448898,0.008155588574287664,0.6180194971664003,1.0,,-1.1313544770895048,False,estimated,0,1,,pad25,2,2,False,False,,1,ok,henon,henon_loc:00576,5.0,1024,0.9185685329994158,,,,,,,,,
,2,0.12780501513318926,30,197256315,henon_loc,,,,,,,,,,,,,,,,,,,,,,,estimated,0,2,,pad25,2,2,False,False,,9,ok,henon,henon_loc:00577,5.0,1024,2.7146978420005325,1.0,8.0,0.00034258897185723836,0.0007671431088381864,1.0,0.0007671431088381864,0.9758000511750563,-0.47580005117505625,True
,2,0.10224401210655142,30,197256315,henon_loc,,0.0039870869623749305,-0.022981910192497512,-0.0039870869623749305,-0.00015293650837922002,8.363844812286914e-06,0.6273673901271297,1.0,,0.6313544770895047,True,,1.7587218672166345,1.739727043986512,1.7587218672166345,1.7625560176706303,0.008155588574287664,0.6273673901271297,1.0,,-1.1313544770895048,False,estimated,0,1,,pad10_shift,2,2,False,False,,1,ok,henon,henon_loc:00578,5.0,1024,0.8785595270001068,,,,,,,,,
,2,0.10224401210655142,30,197256315,henon_loc,,,,,,,,,,,,,,,,,,,,,,,estimated,0,2,,pad10_shift,2,2,False,False,,11,ok,henon,henon_loc:00579,5.0,1024,2.6758038090010814,1.0,10.0,4.1286348771096826e-05,0.003625961819429979,1.0,0.003625961819429979,0.9758000511750563,-0.47580005117505625,True
0.0,2,0.08520334342212618,30,197256315,henon_loc,0.0,7.844665003020612e-05,0.002579092834140595,-7.844665003020612e-05,-7.844665003020612e-05,-0.0002300256859416594,0.6312760304394744,1.0,True,0.6313544770895047,True,0.0,1.7626305075289792,1.76528804701315,1.7626305075289792,1.7626305075289792,0.01230603523969065,0.6312760304394744,1.0,True,-1.1313544770895048,False,estimated,0,1,15.507988438204745,pad0,2,2,True,True,1.0,1,ok,henon,henon_loc:00580,10.0,1024,37.20683094500055,,,,,,,,,
,2,0.08520334342212618,30,197256315,henon_loc,,,,,,,,,,,,,,,,,,,,,,,estimated,0,2,,pad0,2,2,False,False,,20,ok,henon,henon_loc:00581,10.0,1024,4.753378387000339,2.0,18.0,0.0012733709000813942,0.001692526247221049,1.0,0.002432229839791411,0.9758000511750563,-0.47580005117505625,True
0.0,2,0.10224401210655142,30,197256315,henon_loc,0.0,0.007885519087750592,0.028140095860778258,0.007885519087750592,-3.839185050713567e-05,-0.0002300256859416594,0.6392399961772552,1.0,True,0.6313544770895047,True,0.0,1.77059447326676,1.7908490500397876,1.77059447326676,1.7626705623285024,0.01230603523969065,0.6392399961772552,1.0,True,-1.1313544770895048,False,estimated,0,1,13.24668055969038,pad10,2,2,True,True,1.0,1,ok,henon,henon_loc:00582,10.0,1024,37.766700633001165,,,,,,,,,
,2,0.10224401210655142,30,197256315,henon_loc,,,,,,,,,,,,,,,,,,,,,,,estimated,0,2,,pad10,2,2,False,False,,16,ok,henon,henon_loc:00583,10.0,1024,3.9841344359992945,1.0,15.0,0.0026483742152899614,0.0017655136447040087,1.0,0.0017655136447040087,0.9758000511750563,-0.47580005117505625,True
0.0,2,0.12780501513318926,30,197256315,henon_loc,0.0,0.02417754478621026,-0.06132341473245406,-0.02417754478621026,0.0001054080890956488,-0.0002300256859416594,0.6071769323032944,1.0,True,0.6313544770895047,True,0.0,1.7385314093927993,1.7013855394465554,1.7385314093927993,1.762814362268105,0.01230603523969065,0.6071769323032944,1.0,True,-1.1313544770895048,False,estimated,0,1,9.63784887678693,pad25,2,2,True,True,1.0,1,ok,henon,henon_loc:00584,10.0,1024,39.39272630800042,,,,,,,,,
,2,0.12780501513318926,30,197256315,henon_loc,,,,,,,,,,,,,,,,,,,,,,,estimated,0,2,,pad25,2,2,False,False,,14,ok,henon,henon_loc:00585,10.0,1024,2.675932059999468,2.0,12.0,0.00878763980408015,0.001205013231811325,1.0,0.001205013231811325,0.9758000511750563,-0.47580005117505625,True
0.0,2,0.10224401210655142,30,197256315,henon_loc,0.0,0.008604551139572036,-0.022981910192497512,-0.008604551139572036,8.618988948483342e-05,-0.0002300256859416594,0.6227499259499326,1.0,True,0.6313544770895047,True,0.0,1.7541044030394373,1.739727043986512,1.7541044030394373,1.7627951440684941,0.01230603523969065,0.6227499259499326,1.0,True,-1.1313544770895048,False,estimated,0,1,14.205571288215914,pad10_shift,2,2,True,True,1.0,1,ok,henon,henon_loc:00586,10.0,1024,37.60682242400071,,,,,,,,,
,2,0.10224401210655142,30,197256315,henon_loc,,,,,,,,,,,,,,,,,,,,,,,estimated,0,2,,pad10_shift,2,2,False,False,,18,ok,henon,henon_loc:00587,10.0,1024,2.6906790289995115,2.0,16.0,0.00013334755435356893,0.005944776474127833,1.0,0.005944776474127833,0.9758000511750563,-0.47580005117505625,True
,2,0.08520334342212618,30,197256315,henon_loc,,6.092091729892335e-05,0.002579092834140595,-6.092091729892335e-05,-6.092091729892335e-05,-0.0006008688725062106,0.6312935561722057,1.0,,0.6313544770895047,True,,1.7626480332617105,1.76528804701315,1.7626480332617105,1.7626480332617105,0.010430859951192417,0.6312935561722057,1.0,,-1.1313544770895048,False,estimated,0,1,,pad0,2,2,False,False,,1,ok,henon,henon_loc:00588,20.0,1024,1.423035678000815,,,,,,,,,
,2,0.08520334342212618,30,197256315,henon_loc,,,,,,,,,,,,,,,,,,,,,,,estimated,0,2,,pad0,2,2,False,False,,18,ok,henon,henon_loc:00589,20.0,1024,2.7185580619989196,3.0,15.0,0.0017199708929321877,0.0024951452001730767,1.0,0.003305228986344555,0.9758000511750563,-0.47580005117505625,True
0.0,2,0.10224401210655142,30,197256315,henon_loc,0.0,0.012274517359294523,0.028140095860778258,0.012274517359294523,5.235906508360699e-06,-0.0006008688725062106,0.6436289944487992,1.0,True,0.6313544770895047,True,0.0,1.774983471538304,1.7908490500397876,1.774983471538304,1.7627141900855179,0.010430859951192417,0.6436289944487992,1.0,True,-1.1313544770895048,False,estimated,0,1,13.04086735258325,pad10,2,2,True,True,1.0,1,ok,henon,henon_loc:00590,20.0,1024,39.20689570099967,,,,,,,,,
,2,0.10224401210655142,30,197256315,henon_loc,,,,,,,,,,,,,,,,,,,,,,,estimated,0,2,,pad10,2,2,False,False,,15,ok,henon,henon_loc:00591,20.0,1024,3.1255677080007445,1.0,14.0,0.004176651836196199,0.002565846461639376,1.0,0.002565846461639376,0.9758000511750563,-0.47580005117505625,True
,2,0.12780501513318926,30,197256315,henon_loc,,0.03745025472527386,-0.06132341473245406,-0.03745025472527386,-6.728779881592928e-05,-0.0006008688725062106,0.5939042223642308,1.0,,0.6313544770895047,True,,1.7252586994537356,1.7013855394465554,1.7252586994537356,1.7626416663801936,0.010430859951192417,0.5939042223642308,1.0,,-1.1313544770895048,False,estimated,0,1,,pad25,2,2,False,False,,1,ok,henon,henon_loc:00592,20.0,1024,2.8609532679984113,,,,,,,,,
,2,0.12780501513318926,30,197256315,henon_loc,,,,,,,,,,,,,,,,,,,,,,,estimated,0,2,,pad25,2,2,False,False,,13,ok,henon,henon_loc:00593,20.0,1024,4.297941761000402,1.0,12.0,0.010899279812880192,0.0018886436963744258,1.0,0.0018886436963744258,0.9758000511750563,-0.47580005117505625,True
,2,0.10224401210655142,30,197256315,henon_loc,,0.013300755089430072,-0.022981910192497512,-0.013300755089430072,-9.033515578349416e-06,-0.0006008688725062106,0.6180537220000746,1.0,,0.6313544770895047,True,,1.7494081990895793,1.739727043986512,1.7494081990895793,1.762699920663431,0.010430859951192417,0.6180537220000746,1.0,,-1.1313544770895048,False,estimated,0,1,,pad10_shift,2,2,False,False,,1,ok,henon,henon_loc:00594,20.0,1024,1.4980673320005735,,,,,,,,,
,2,0.10224401210655142,30,197256315,henon_loc,,,,,,,,,,,,,,,,,,,,,,,estimated,0,2,,pad10_shift,2,2,False,False,,15,ok,henon,henon_loc:00595,20.0,1024,2.6717533199989703,1.0,14.0,0.0006637785289186349,0.009192314957037429,1.0,0.009192314957037429,0.9758000511750563,-0.47580005117505625,True
,2,0.08520334342212618,30,197256315,henon_loc,,0.0001523696096779048,0.002579092834140595,0.0001523696096779048,-6.063874887740628e-05,-0.000740319937598044,0.6315068466991826,1.0,,0.6313544770895047,True,,1.7628613237886874,1.76528804701315,1.7628613237886874,1.762648315430132,0.0031118445174505016,0.6315068466991826,1.0,,-1.1313544770895048,False,estimated,0,1,,pad0,2,2,False,False,,1,ok,henon,henon_loc:00596,40.0,1024,1.746288503998585,,,,,,,,,
,2,0.08520334342212618,30,197256315,henon_loc,,,,,,,,,,,,,,,,,,,,,,,estimated,0,2,,pad0,2,2,False,False,,14,ok,henon,henon_loc:00597,40.0,1024,2.850561593999373,2.0,12.0,0.0018000181258125414,0.002739450466458848,1.0,0.003628542410458069,0.9758000511750563,-0.47580005117505625,True
0.0,2,0.10224401210655142,30,197256315,henon_loc,0.0,0.015424915639598802,0.028140095860778258,0.015424915639598802,-0.00016729620665023592,-0.000740319937598044,0.6467793927291035,1.0,True,0.6313544770895047,True,0.0,1.7781338698186082,1.7908490500397876,1.7781338698186082,1.7625416579723592,0.0031118445174505016,0.6467793927291035,1.0,True,-1.1313544770895048,False,estimated,0,1,11.896690324449592,pad10,2,2,True,True,1.0,1,ok,henon,henon_loc:00598,40.0,1024,40.965797511000346,,,,,,,,,
,2,0.10224401210655142,30,197256315,henon_loc,,,,,,,,,,,,,,,,,,,,,,,estimated,0,2,,pad10,2,2,False,False,,11,ok,henon,henon_loc:00599,40.0,1024,4.87634956400143,1.0,10.0,0.006122920032365253,0.0026370673371539644,1.0,0.0026370673371539644,0.9758000511750563,-0.47580005117505625,True
,2,0.12780501513318926,30,197256315,henon_loc,,0.04373050196683703,-0.06132341473245406,-0.04373050196683703,4.27157162802283e-05,-0.000740319937598044,0.5876239751226676,1.0,,0.6313544770895047,True,,1.7189784522121725,1.7013855394465554,1.7189784522121725,1.7627516698952896,0.0031118445174505016,0.5876239751226676,1.0,,-1.1313544770895048,False,estimated,0,1,,pad25,2,2,False,False,,1,ok,henon,henon_loc:00600,40.0,1024,2.049992624999504,,,,,,,,,
,2,0.12780501513318926,30,197256315,henon_loc,,,,,,,,,,,,,,,,,,,,,,,estimated,0,2,,pad25,2,2,False,False,,9,ok,henon,henon_loc:00601,40.0,1024,2.7388893330007704,1.0,8.0,0.011674415710211217,0.0018898881911534882,1.0,0.0018898881911534882,0.9758000511750563,-0.47580005117505625,True
,2,0.10224401210655142,30,197256315,henon_loc,,0.015592054903382002,-0.022981910192497512,-0.015592054903382002,1.5694286703560323e-07,-0.000740319937598044,0.6157624221861226,1.0,,0.6313544770895047,True,,1.7471168992756274,1.739727043986512,1.7471168992756274,1.7627091111218764,0.0031118445174505016,0.6157624221861226,1.0,,-1.1313544770895048,False,estimated,0,1,,pad10_shift,2,2,False,False,,1,ok,henon,henon_loc:00602,40.0,1024,1.8325424769991514,,,,,,,,,
,2,0.10224401210655142,30,197256315,henon_loc,,,,,,,,,,,,,,,,,,,,,,,estimated,0,2,,pad10_shift,2,2,False,False,,16,ok,henon,henon_loc:00603,40.0,1024,2.7967729330011935,2.0,14.0,0.002205053089420761,0.013467950433628695,1.0,0.013467950433628695,0.9758000511750563,-0.47580005117505625,True
,2,0.05680222894808412,45,197256315,henon_loc,,0.00124295709198885,-0.011621464402880477,-0.00124295709198885,3.509305934301654e-05,4.356697879825955e-05,0.6301115199975158,1.0,,0.6313544770895047,True,,1.5276619018925084,1.5238785739837923,1.5276619018925084,1.5299339910504317,0.004578211636590446,0.3963074248030036,2.0,,-1.1313544770895048,False,estimated,0,1,,pad0,2,2,False,False,,2,ok,henon,henon_loc:00604,2.5,1024,0.7095885960006854,,,,,,,,,
,2,0.05680222894808412,45,197256315,henon_loc,,,,,,,,,,,,,,,,,,,,,,,estimated,0,2,,pad0,2,2,False,False,,13,ok,henon,henon_loc:00605,2.5,1024,4.572096259998943,1.0,12.0,6.136635462172801e-05,0.0010162002349481947,1.0,0.0010885439340929115,0.9758000511750563,-0.47580005117505625,True
,2,0.06816267473770095,45,197256315,henon_loc,,0.0021673866611486847,-0.02298191019249718,-0.0021673866611486847,4.7900267826639364e-05,4.356697879825955e-05,0.629187090428356,1.0,,0.6313544770895047,True,,1.7605415675178606,1.7397270439865122,1.7605415675178606,1.762756854446836,0.004578211636590446,0.629187090428356,1.0,,-1.1313544770895048,False,estimated,0,1,,pad10,2,2,False,False,,1,ok,henon,henon_loc:00606,2.5,1024,1.4145331689996965,,,,,,,,,
,2,0.06816267473770095,45,197256315,henon_loc,,,,,,,,,,,,,,,,,,,,,,,estimated,0,2,,pad10,2,2,False,False,,9,ok,henon,henon_loc:00607,2.5,1024,3.1744797450010083,1.0,8.0,2.415089719676189e-05,3.9596541136055485e-05,1.0,0.0025936353081710273,0.9758000511750563,-0.47580005117505625,True
,2,0.08520334342212618,45,197256315,henon_loc,,0.004785543543053938,-0.04002257887692251,-0.004785543543053938,-9.93596548369835e-05,4.356697879825955e-05,0.6265689335464507,1.0,,0.6313544770895047,True,,0.012063658667246013,0.018619506859563373,0.012063658667246013,0.003543324325033348,0.004578211636590446,-1.1192908184222587,2.0,,-1.1313544770895048,True,estimated,0,1,,pad25,2,2,False,False,,3,ok,henon,henon_loc:00608,2.5,1024,1.2228554419998545,,,,,,,,,
,2,0.08520334342212618,45,197256315,henon_loc,,,,,,,,,,,,,,,,,,,,,,,estimated,0,2,,pad25,2,2,False,False,,7,ok,henon,henon_loc:00609,2.5,1024,2.649167158999262,1.0,6.0,7.529219372537366e-05,0.0029805367888358636,1.0,0.004227426626000841,0.9758000511750563,-0.47580005117505625,True
,2,0.06816267473770095,45,197256315,henon_loc,,0.0012564565478596634,0.01109942717635326,0.0012564565478596634,-0.0001067969468943053,4.356697879825955e-05,0.6326109336373643,1.0,,0.6313544770895047,True,,1.5099861712571225,1.5011576824045587,1.5099861712571225,1.5299237536179002,0.004578211636590446,0.3786316941676178,2.0,,-1.1313544770895048,False,estimated,0,1,,pad10_shift,2,2,False,False,,2,ok,henon,henon_loc:00610,2.5,1024,0.6578167690004193,,,,,,,,,
,2,0.06816267473770095,45,197256315,henon_loc,,,,,,,,,,,,,,,,,,,,,,,estimated,0,2,,pad10_shift,2,2,False,False,,8,ok,henon,henon_loc:00611,2.5,1024,2.6914105329997255,1.0,7.0,0.0007301211198577073,0.0024280810185599577,1.0,0.0028393993265615203,0.9758000511750563,-0.47580005117505625,True
,2,0.05680222894808412,45,197256315,henon_loc,,0.0025104576795669242,-0.011621464402880477,-0.0025104576795669242,-9.636294927328759e-05,8.363844812286914e-06,0.6288440194099377,1.0,,0.6313544770895047,True,,1.7601984964994424,1.751087489776129,1.7601984964994424,1.7626125912297361,0.008155588574287664,0.6288440194099377,1.0,,-1.1313544770895048,False,estimated,0,1,,pad0,2,2,False,False,,1,ok,henon,henon_loc:00612,5.0,1024,0.7895368200006487,,,,,,,,,
,2,0.05680222894808412,45,197256315,henon_loc,,,,,,,,,,,,,,,,,,,,,,,estimated,0,2,,pad0,2,2,False,False,,17,ok,henon,henon_loc:00613,5.0,1024,2.7024185949994717,1.0,16.0,5.735576734111625e-05,0.0011791312097944595,1.0,0.0011791312097944595,0.9758000511750563,-0.47580005117505625,True
,2,0.06816267473770095,45,197256315,henon_loc,,0.004601101240540362,-0.02298191019249718,-0.004601101240540362,-1.206957455091029e-07,8.363844812286914e-06,0.6267533758489643,1.0,,0.6313544770895047,True,,1.758107852938469,1.7397270439865122,1.758107852938469,1.762708833483264,0.008155588574287664,0.6267533758489643,1.0,,-1.1313544770895048,False,estimated,0,1,,pad10,2,2,False,False,,1,ok,henon,henon_loc:00614,5.0,1024,0.8362100470003497,,,,,,,,,
,2,0.06816267473770095,45,197256315,henon_loc,,,,,,,,,,,,,,,,,,,,,,,estimated,0,2,,pad10,2,2,False,False,,18,ok,henon,henon_loc:00615,5.0,1024,2.713276272999792,1.0,17.0,0.0002057191879812903,8.197260682962781e-05,1.0,0.003297428621398757,0.9758000511750563,-0.47580005117505625,True
,2,0.08520334342212618,45,197256315,henon_loc,,0.009849936019991845,-0.04002257887692251,-0.009849936019991845,-5.15515264473132e-05,8.363844812286914e-06,0.6215045410695128,1.0,,0.6313544770895047,True,,1.7528590181590176,1.722686375302087,1.7528590181590176,1.762657402652562,0.008155588574287664,0.6215045410695128,1.0,,-1.1313544770895048,False,estimated,0,1,,pad25,2,2,False,False,,1,ok,henon,henon_loc:00616,5.0,1024,0.8208300370006327,,,,,,,,,
,2,0.08520334342212618,45,197256315,henon_loc,,,,,,,,,,,,,,,,,,,,,,,estimated,0,2,,pad25,2,2,False,False,,13,ok,henon,henon_loc:00617,5.0,1024,2.674430992001362,1.0,12.0,0.0003020884167942439,0.0037880368197219516,1.0,0.0037880368197219516,0.9758000511750563,-0.47580005117505625,True
,2,0.06816267473770095,45,197256315,henon_loc,,0.0019323788039279366,0.01109942717635326,0.0019323788039279366,-0.00011250143820307201,8.363844812286914e-06,0.6332868558934326,1.0,,0.6313544770895047,True,,1.7646413329829373,1.7738083813553627,1.7646413329829373,1.7625964527408065,0.008155588574287664,0.6332868558934326,1.0,,-1.1313544770895048,False,estimated,0,1,,pad10_shift,2,2,False,False,,1,ok,henon,henon_loc:00618,5.0,1024,0.795846064998841,,,,,,,,,
,2,0.06816267473770095,45,197256315,henon_loc,,,,,,,,,,,,,,,,,,,,,,,estimated,0,2,,pad10_shift,2,2,False,False,,12,ok,henon,henon_loc:00619,5.0,1024,4.011020515001292,1.0,11.0,0.0011283927394095672,0.0036702314897257837,1.0,0.0036702314897257837,0.9758000511750563,-0.47580005117505625,True
,2,0.05680222894808412,45,197256315,henon_loc,,0.005057431883513153,-0.011621464402880477,-0.005057431883513153,-8.723685055578301e-05,-0.0002300256859416594,0.6262970452059915,1.0,,0.6313544770895047,True,,1.7576515222954963,1.751087489776129,1.7576515222954963,1.7626217173284537,0.01230603523969065,0.6262970452059915,1.0,,-1.1313544770895048,False,estimated,0,1,,pad0,2,2,False,False,,1,ok,henon,henon_loc:00620,10.0,1024,1.2573777950001386,,,,,,,,,
,2,0.05680222894808412,45,197256315,henon_loc,,,,,,,,,,,,,,,,,,,,,,,estimated,0,2,,pad0,2,2,False,False,,33,ok,henon,henon_loc:00621,10.0,1024,4.806208897000033,1.0,32.0,0.0002464360420427747,0.0011475222505447635,1.0,0.0011475222505447635,0.9758000511750563,-0.47580005117505625,True
0.0,2,0.06816267473770095,45,197256315,henon_loc,0.0,0.009666815896284375,-0.02298191019249718,-0.009666815896284375,-0.00012404143300626114,-0.0002300256859416594,0.6216876611932203,1.0,True,0.6313544770895047,True,0.0,1.753042138282725,1.7397270439865122,1.753042138282725,1.7625849127460032,0.01230603523969065,0.6216876611932203,1.0,True,-1.1313544770895048,False,estimated,0,1,13.940783986655545,pad10,2,2,True,True,1.0,1,ok,henon,henon_loc:00622,10.0,1024,44.55706702600037,,,,,,,,,
,2,0.06816267473770095,45,197256315,henon_loc,,,,,,,,,,,,,,,,,,,,,,,estimated,0,2,,pad10,2,2,False,False,,32,ok,henon,henon_loc:00623,10.0,1024,3.4690704429995094,2.0,30.0,0.0005449500438833299,0.00018443421033337293,1.0,0.005083066900003652,0.9758000511750563,-0.47580005117505625,True
,2,0.08520334342212618,45,197256315,henon_loc,,0.017745393760420725,-0.04002257887692251,-0.017745393760420725,-6.570000032957157e-05,-0.0002300256859416594,0.6136090833290839,1.0,,0.6313544770895047,True,,1.7449635604185887,1.722686375302087,1.7449635604185887,1.7626432541786798,0.01230603523969065,0.6136090833290839,1.0,,-1.1313544770895048,False,estimated,0,1,,pad25,2,2,False,False,,1,ok,henon,henon_loc:00624,10.0,1024,1.1374356120013545,,,,,,,,,
,2,0.08520334342212618,45,197256315,henon_loc,,,,,,,,,,,,,,,,,,,,,,,estimated,0,2,,pad25,2,2,False,False,,24,ok,henon,henon_loc:00625,10.0,1024,2.7263071320012386,1.0,23.0,0.007219200534635317,0.00646723064806487,1.0,0.00646723064806487,0.9758000511750563,-0.47580005117505625,True
,2,0.06816267473770095,45,197256315,henon_loc,,0.0034285263373763364,0.01109942717635326,0.0034285263373763364,2.0392600491248025e-05,-0.0002300256859416594,0.634783003426881,1.0,,0.6313544770895047,True,,1.7661374805163859,1.7738083813553627,1.7661374805163859,1.7627293467795007,0.01230603523969065,0.634783003426881,1.0,,-1.1313544770895048,False,estimated,0,1,,pad10_shift,2,2,False,False,,1,ok,henon,henon_loc:00626,10.0,1024,1.0679219470002863,,,,,,,,,
,2,0.06816267473770095,45,197256315,henon_loc,,,,,,,,,,,,,,,,,,,,,,,estimated,0,2,,pad10_shift,2,2,False,False,,25,ok,henon,henon_loc:00627,10.0,1024,2.7441859409991594,2.0,23.0,0.001817437751344908,0.006158877251678629,1.0,0.006158877251678629,0.9758000511750563,-0.47580005117505625,True
,2,0.05680222894808412,45,197256315,henon_loc,,0.006853087038581118,-0.011621464402880477,-0.006853087038581118,-3.681956481105253e-05,-0.0006008688725062106,0.6245013900509235,1.0,,0.6313544770895047,True,,1.7558558671404283,1.751087489776129,1.7558558671404283,1.7626721346141982,0.010430859951192417,0.6245013900509235,1.0,,-1.1313544770895048,False,estimated,0,1,,pad0,2,2,False,False,,1,ok,henon,henon_loc:00628,20.0,1024,1.5665126019994204,,,,,,,,,
,2,0.05680222894808412,45,197256315,henon_loc,,,,,,,,,,,,,,,,,,,,,,,estimated,0,2,,pad0,2,2,False,False,,41,ok,henon,henon_loc:00629,20.0,1024,4.470959374999438,3.0,38.0,0.0006342914600724336,0.0014343002820969009,1.0,0.0014343002820969009,0.9758000511750563,-0.47580005117505625,True
,2,0.06816267473770095,45,197256315,henon_loc,,0.013457250279939048,-0.02298191019249718,-0.013457250279939048,4.877980756878841e-06,-0.0006008688725062106,0.6178972268095656,1.0,,0.6313544770895047,True,,1.7492517038990703,1.7397270439865122,1.7492517038990703,1.7627138321597662,0.010430859951192417,0.6178972268095656,1.0,,-1.1313544770895048,False,estimated,0,1,,pad10,2,2,False,False,,1,ok,henon,henon_loc:00630,20.0,1024,2.5630058370006736,,,,,,,,,
,2,0.06816267473770095,45,197256315,henon_loc,,,,,,,,,,,,,,,,,,,,,,,estimated,0,2,,pad10,2,2,False,False,,46,ok,henon,henon_loc:00631,20.0,1024,5.18476168899906,2.0,44.0,0.0014512844446855633,0.0011378637043208961,1.0,0.006283590712036435,0.9758000511750563,-0.47580005117505625,True
,2,0.08520334342212618,45,197256315,henon_loc,,0.025292683379344538,-0.04002257887692251,-0.025292683379344538,5.531128873803581e-05,-0.0006008688725062106,0.6060617937101601,1.0,,0.6313544770895047,True,,1.737416270799665,1.722686375302087,1.737416270799665,1.7627642654677476,0.010430859951192417,0.6060617937101601,1.0,,-1.1313544770895048,False,estimated,0,1,,pad25,2,2,False,False,,1,ok,henon,henon_loc:00632,20.0,1024,1.4313727989992913,,,,,,,,,
,2,0.08520334342212618,45,197256315,henon_loc,,,,,,,,,,,,,,,,,,,,,,,estimated,0,2,,pad25,2,2,False,False,,34,ok,henon,henon_loc:00633,20.0,1024,2.898658976000661,3.0,31.0,0.008601450867364191,0.011367084070650901,1.0,0.011367084070650901,0.9758000511750563,-0.47580005117505625,True
,2,0.06816267473770095,45,197256315,henon_loc,,0.004812622998190297,0.01109942717635326,0.004812622998190297,4.123576655123973e-05,-0.0006008688725062106,0.636167100087695,1.0,,0.6313544770895047,True,,1.7675215771771997,1.7738083813553627,1.7675215771771997,1.7627501899455607,0.010430859951192417,0.636167100087695,1.0,,-1.1313544770895048,False,estimated,0,1,,pad10_shift,2,2,False,False,,1,ok,henon,henon_loc:00634,20.0,1024,2.428840886999751,,,,,,,,,
,2,0.06816267473770095,45,197256315,henon_loc,,,,,,,,,,,,,,,,,,,,,,,estimated,0,2,,pad10_shift,2,2,False,False,,40,ok,henon,henon_loc:00635,20.0,1024,5.454969140000685,2.0,38.0,0.0025821249446823513,0.007616775783918284,1.0,0.007616775783918284,0.9758000511750563,-0.47580005117505625,True
,2,0.05680222894808412,45,197256315,henon_loc,,0.007914987653255823,-0.011621464402880477,-0.007914987653255823,-0.00010468117289430534,-0.000740319937598044,0.6234394894362488,1.0,,0.6313544770895047,True,,1.7547939665257535,1.751087489776129,1.7547939665257535,1.762604273006115,0.0031118445174505016,0.6234394894362488,1.0,,-1.1313544770895048,False,estimated,0,1,,pad0,2,2,False,False,,1,ok,henon,henon_loc:00636,40.0,1024,1.875921822998862,,,,,,,,,
,2,0.05680222894808412,45,197256315,henon_loc,,,,,,,,,,,,,,,,,,,,,,,estimated,0,2,,pad0,2,2,False,False,,28,ok,henon,henon_loc:00637,40.0,1024,3.0880035619993578,2.0,26.0,0.001559888865545589,0.00283476967983487,1.0,0.00283476967983487,0.9758000511750563,-0.47580005117505625,True
,2,0.06816267473770095,45,197256315,henon_loc,,0.015558945496416232,-0.02298191019249718,-0.015558945496416232,-5.19369935892966e-05,-0.000740319937598044,0.6157955315930884,1.0,,0.6313544770895047,True,,1.7471500086825933,1.7397270439865122,1.7471500086825933,1.7626570171854201,0.0031118445174505016,0.6157955315930884,1.0,,-1.1313544770895048,False,estimated,0,1,,pad10,2,2,False,False,,1,ok,henon,henon_loc:00638,40.0,1024,1.5932429510012298,,,,,,,,,
,2,0.06816267473770095,45,197256315,henon_loc,,,,,,,,,,,,,,,,,,,,,,,estimated,0,2,,pad10,2,2,False,False,,28,ok,henon,henon_loc:00639,40.0,1024,2.94828648100156,1.0,27.0,0.003258376691839815,0.004676863467768744,1.0,0.007858628519050948,0.9758000511750563,-0.47580005117505625,True
,2,0.08520334342212618,45,197256315,henon_loc,,0.028597286303476688,-0.04002257887692251,-0.028597286303476688,-5.416625706444744e-05,-0.000740319937598044,0.602757190786028,1.0,,0.6313544770895047,True,,1.7341116678755326,1.722686375302087,1.7341116678755326,1.762654787921945,0.0031118445174505016,0.602757190786028,1.0,,-1.1313544770895048,False,estimated,0,1,,pad25,2,2,False,False,,1,ok,henon,henon_loc:00640,40.0,1024,1.7704442150006798,,,,,,,,,
,2,0.08520334342212618,45,197256315,henon_loc,,,,,,,,,,,,,,,,,,,,,,,estimated,0,2,,pad25,2,2,False,False,,24,ok,henon,henon_loc:00641,40.0,1024,3.3856735190001928,1.0,23.0,0.008354110538431603,0.029337909801576134,1.0,0.032579400672972325,0.9758000511750563,-0.47580005117505625,True
,2,0.06816267473770095,45,197256315,henon_loc,,0.005865802704904999,0.01109942717635326,0.005865802704904999,-9.843133464382259e-05,-0.000740319937598044,0.6372202797944096,1.0,,0.6313544770895047,True,,1.7685747568839143,1.7738083813553627,1.7685747568839143,1.7626105228443656,0.0031118445174505016,0.6372202797944096,1.0,,-1.1313544770895048,False,estimated,0,1,,pad10_shift,2,2,False,False,,1,ok,henon,henon_loc:00642,40.0,1024,1.5086172060000536,,,,,,,,,
,2,0.06816267473770095,45,197256315,henon_loc,,,,,,,,,,,,,,,,,,,,,,,estimated,0,2,,pad10_shift,2,2,False,False,,25,ok,henon,henon_loc:00643,40.0,1024,4.090668110000479,1.0,24.0,0.0032382026307730127,0.009396893910460613,1.0,0.009396893910460613,0.9758000511750563,-0.47580005117505625,True
,2,0.04260167171106309,60,197256315,henon_loc,,0.0029277098837878768,-0.018721743021390957,-0.0029277098837878768,-5.2097043291121636e-05,4.356697879825955e-05,0.6284267672057168,1.0,,0.6313544770895047,True,,1.530393387074272,1.5309788526023032,1.530393387074272,1.5299673703571615,0.004578211636590446,0.3990389099847674,2.0,,-1.1313544770895048,False,estimated,0,1,,pad0,2,2,False,False,,2,ok,henon,henon_loc:00644,2.5,1024,1.0338055350002833,,,,,,,,,
,2,0.04260167171106309,60,197256315,henon_loc,,,,,,,,,,,,,,,,,,,,,,,estimated,0,2,,pad0,2,2,False,False,,16,ok,henon,henon_loc:00645,2.5,1024,4.817803130999891,1.0,15.0,5.819194698097885e-05,0.0017703779289355293,1.0,0.0017703779289355293,0.9758000511750563,-0.47580005117505625,True
,2,0.05112200605327571,60,197256315,henon_loc,,0.000295532528451492,0.002579092834140484,0.000295532528451492,-8.788251694802351e-05,4.356697879825955e-05,0.6316500096179561,1.0,,0.6313544770895047,True,,1.5131514541476767,1.5096780167467714,1.5131514541476767,1.5300217161452578,0.004578211636590446,0.38179697705817195,2.0,,-1.1313544770895048,False,estimated,0,1,,pad10,2,2,False,False,,3,ok,henon,henon_loc:00646,2.5,1024,1.025860929999908,,,,,,,,,
,2,0.05112200605327571,60,197256315,henon_loc,,,,,,,,,,,,,,,,,,,,,,,estimated,0,2,,pad10,2,2,False,False,,13,ok,henon,henon_loc:00647,2.5,1024,4.400512677000734,1.0,12.0,0.00043122720421095995,0.001297709565326377,1.0,0.0021958436675070248,0.9758000511750563,-0.47580005117505625,True
,2,0.06390250756659463,60,197256315,henon_loc,,0.003852575675321379,-0.029372160949156734,-0.003852575675321379,-1.8425221325668595e-05,4.356697879825955e-05,0.6275019014141833,1.0,,0.6313544770895047,True,,1.7588563785036881,1.7333367932298527,1.7588563785036881,1.7626905289576837,0.004578211636590446,0.6275019014141833,1.0,,-1.1313544770895048,False,estimated,0,1,,pad25,2,2,False,False,,1,ok,henon,henon_loc:00648,2.5,1024,1.0065450759993837,,,,,,,,,
,2,0.06390250756659463,60,197256315,henon_loc,,,,,,,,,,,,,,,,,,,,,,,estimated,0,2,,pad25,2,2,False,False,,11,ok,henon,henon_loc:00649,2.5,1024,2.8264313979998406,1.0,10.0,5.819194698097885e-05,0.0008016685166795101,1.0,0.0019153730116473477,0.9758000511750563,-0.47580005117505625,True
,2,0.05112200605327571,60,197256315,henon_loc,,0.003289270324674076,-0.02298191019249729,-0.003289270324674076,3.36600687887989e-05,4.356697879825955e-05,0.6280652067648306,1.0,,0.6313544770895047,True,,1.5348908391320792,1.5352390197734092,1.5348908391320792,1.5300342485570182,0.004578211636590446,0.40353636204257454,2.0,,-1.1313544770895048,False,estimated,0,1,,pad10_shift,2,2,False,False,,2,ok,henon,henon_loc:00650,2.5,1024,0.7232437969996681,,,,,,,,,
,2,0.05112200605327571,60,197256315,henon_loc,,,,,,,,,,,,,,,,,,,,,,,estimated,0,2,,pad10_shift,2,2,False,False,,13,ok,henon,henon_loc:00651,2.5,1024,2.6856260999993538,1.0,12.0,5.819194698097885e-05,0.000579059783422653,1.0,0.0015554440781138101,0.9758000511750563,-0.47580005117505625,True
,2,0.04260167171106309,60,197256315,henon_loc,,0.005804224907195121,-0.018721743021390957,-0.005804224907195121,-5.2999226201611016e-05,8.363844812286914e-06,0.6255502521823095,1.0,,0.6313544770895047,True,,1.5340413702066609,1.5309788526023032,1.5340413702066609,1.5502300054568647,0.008155588574287664,0.40268689311715605,2.0,,-1.1313544770895048,False,estimated,0,1,,pad0,2,2,False,False,,2,ok,henon,henon_loc:00652,5.0,1024,0.7317143479995138,,,,,,,,,
,2,0.04260167171106309,60,197256315,henon_loc,,,,,,,,,,,,,,,,,,,,,,,estimated,0,2,,pad0,2,2,False,False,,22,ok,henon,henon_loc:00653,5.0,1024,2.7454677980003908,1.0,21.0,0.0002528309016455177,0.003035735273051454,1.0,0.003035735273051454,0.9758000511750563,-0.47580005117505625,True
,2,0.05112200605327571,60,197256315,henon_loc,,0.0004586413233206299,0.002579092834140484,0.0004586413233206299,-5.2578737212094495e-05,8.363844812286914e-06,0.6318131184128253,1.0,,0.6313544770895047,True,,1.76316759550233,1.7652880470131498,1.76316759550233,1.7626563754417974,0.008155588574287664,0.6318131184128253,1.0,,-1.1313544770895048,False,estimated,0,1,,pad10,2,2,False,False,,1,ok,henon,henon_loc:00654,5.0,1024,0.815112454998598,,,,,,,,,
,2,0.05112200605327571,60,197256315,henon_loc,,,,,,,,,,,,,,,,,,,,,,,estimated,0,2,,pad10,2,2,False,False,,21,ok,henon,henon_loc:00655,5.0,1024,2.957266425999478,1.0,20.0,0.0006379548217011477,0.0028657858422484472,1.0,0.0030286349088197717,0.9758000511750563,-0.47580005117505625,True
,2,0.06390250756659463,60,197256315,henon_loc,,0.0076834802037690775,-0.029372160949156734,-0.0076834802037690775,-1.5179295777767443e-05,8.363844812286914e-06,0.6236709968857356,1.0,,0.6313544770895047,True,,1.7550254739752402,1.7333367932298527,1.7550254739752402,1.7626937748832316,0.008155588574287664,0.6236709968857356,1.0,,-1.1313544770895048,False,estimated,0,1,,pad25,2,2,False,False,,1,ok,henon,henon_loc:00656,5.0,1024,0.9028531359999761,,,,,,,,,
,2,0.06390250756659463,60,197256315,henon_loc,,,,,,,,,,,,,,,,,,,,,,,estimated,0,2,,pad25,2,2,False,False,,16,ok,henon,henon_loc:00657,5.0,1024,2.9885655059988494,1.0,15.0,0.00027140869970010417,0.0016882558195674413,1.0,0.0026148625435467032,0.9758000511750563,-0.47580005117505625,True
,2,0.05112200605327571,60,197256315,henon_loc,,0.006659906588345699,-0.02298191019249729,-0.006659906588345699,-1.4045801419837467e-05,8.363844812286914e-06,0.624694570501159,1.0,,0.6313544770895047,True,,1.538494804488143,1.5352390197734092,1.538494804488143,1.5502528658803962,0.008155588574287664,0.4071403273986382,2.0,,-1.1313544770895048,False,estimated,0,1,,pad10_shift,2,2,False,False,,2,ok,henon,henon_loc:00658,5.0,1024,0.7239513129989064,,,,,,,,,
,2,0.05112200605327571,60,197256315,henon_loc,,,,,,,,,,,,,,,,,,,,,,,estimated,0,2,,pad10_shift,2,2,False,False,,16,ok,henon,henon_loc:00659,5.0,1024,3.9014206459996785,1.0,15.0,0.00027140869970010417,0.001684386550344752,1.0,0.0018000204472078396,0.9758000511750563,-0.47580005117505625,True
,2,0.04260167171106309,60,197256315,henon_loc,,0.009495340603365099,-0.018721743021390957,-0.009495340603365099,-1.646864765358913e-05,-0.0002300256859416594,0.6218591364861396,1.0,,0.6313544770895047,True,,1.7532136135756442,1.7439872111576185,1.7532136135756442,1.762692485531356,0.01230603523969065,0.6218591364861396,1.0,,-1.1313544770895048,False,estimated,0,1,,pad0,2,2,False,False,,1,ok,henon,henon_loc:00660,10.0,1024,1.5847601219993521,,,,,,,,,
,2,0.04260167171106309,60,197256315,henon_loc,,,,,,,,,,,,,,,,,,,,,,,estimated,0,2,,pad0,2,2,False,False,,45,ok,henon,henon_loc:00661,10.0,1024,4.653849812000772,1.0,44.0,0.004999415763347614,0.005062496267420502,1.0,0.005062496267420502,0.9758000511750563,-0.47580005117505625,True
0.0,2,0.05112200605327571,60,197256315,henon_loc,0.0,0.0006231602212325438,0.002579092834140484,0.0006231602212325438,-1.5864854433389475e-05,-0.0002300256859416594,0.6319776373107372,1.0,True,0.6313544770895047,True,0.0,1.7633321144002418,1.7652880470131498,1.7633321144002418,1.762693089324576,0.01230603523969065,0.6319776373107372,1.0,True,-1.1313544770895048,False,estimated,0,1,14.17754740502592,pad10,2,2,True,True,1.0,1,ok,henon,henon_loc:00662,10.0,1024,40.34820482299983,,,,,,,,,
,2,0.05112200605327571,60,197256315,henon_loc,,,,,,,,,,,,,,,,,,,,,,,estimated,0,2,,pad10,2,2,False,False,,38,ok,henon,henon_loc:00663,10.0,1024,3.2032911690002948,1.0,37.0,0.0009614040742139673,0.004804702383867654,1.0,0.004804702383867654,0.9758000511750563,-0.47580005117505625,True
,2,0.06390250756659463,60,197256315,henon_loc,,0.014062599554864441,-0.029372160949156734,-0.014062599554864441,-4.047890213576544e-06,-0.0002300256859416594,0.6172918775346402,1.0,,0.6313544770895047,True,,1.748646354624145,1.7333367932298527,1.748646354624145,1.7627049062887958,0.01230603523969065,0.6172918775346402,1.0,,-1.1313544770895048,False,estimated,0,1,,pad25,2,2,False,False,,1,ok,henon,henon_loc:00664,10.0,1024,1.0351553210002749,,,,,,,,,
,2,0.06390250756659463,60,197256315,henon_loc,,,,,,,,,,,,,,,,,,,,,,,estimated,0,2,,pad25,2,2,False,False,,34,ok,henon,henon_loc:00665,10.0,1024,2.7487516199998936,3.0,31.0,0.006204846953388965,0.0029948295517938095,1.0,0.0039640688371983535,0.9758000511750563,-0.47580005117505625,True
,2,0.05112200605327571,60,197256315,henon_loc,,0.011492945006933541,-0.02298191019249729,-0.011492945006933541,9.506355053479076e-06,-0.0002300256859416594,0.6198615320825711,1.0,,0.6313544770895047,True,,1.7512160091720759,1.739727043986512,1.7512160091720759,1.762718460534063,0.01230603523969065,0.6198615320825711,1.0,,-1.1313544770895048,False,estimated,0,1,,pad10_shift,2,2,False,False,,1,ok,henon,henon_loc:00666,10.0,1024,0.991451619000145,,,,,,,,,
,2,0.05112200605327571,60,197256315,henon_loc,,,,,,,,,,,,,,,,,,,,,,,estimated,0,2,,pad10_shift,2,2,False,False,,41,ok,henon,henon_loc:00667,10.0,1024,2.7421339609991264,1.0,40.0,0.005461546168711862,0.0021294812638787963,1.0,0.0021294812638787963,0.9758000511750563,-0.47580005117505625,True
,2,0.04260167171106309,60,197256315,henon_loc,,0.011875010706834166,-0.018721743021390957,-0.011875010706834166,-5.304680701412323e-05,-0.0006008688725062106,0.6194794663826705,1.0,,0.6313544770895047,True,,1.7508339434721751,1.7439872111576185,1.7508339434721751,1.7626559073719954,0.010430859951192417,0.6194794663826705,1.0,,-1.1313544770895048,False,estimated,0,1,,pad0,2,2,False,False,,1,ok,henon,henon_loc:00668,20.0,1024,1.4044483540001238,,,,,,,,,
,2,0.04260167171106309,60,197256315,henon_loc,,,,,,,,,,,,,,,,,,,,,,,estimated,0,2,,pad0,2,2,False,False,,77,ok,henon,henon_loc:00669,20.0,1024,5.206817443999171,3.0,74.0,0.005285953801776766,0.008726910275620892,1.0,0.008726910275620892,0.9758000511750563,-0.47580005117505625,True
,2,0.05112200605327571,60,197256315,henon_loc,,0.0007993392522568366,0.002579092834140484,0.0007993392522568366,3.2509161457694447e-05,-0.0006008688725062106,0.6321538163417615,1.0,,0.6313544770895047,True,,1.7635082934312662,1.7652880470131498,1.7635082934312662,1.762741463340467,0.010430859951192417,0.6321538163417615,1.0,,-1.1313544770895048,False,estimated,0,1,,pad10,2,2,False,False,,1,ok,henon,henon_loc:00670,20.0,1024,1.6165844370007107,,,,,,,,,
,2,0.05112200605327571,60,197256315,henon_loc,,,,,,,,,,,,,,,,,,,,,,,estimated,0,2,,pad10,2,2,False,False,,59,ok,henon,henon_loc:00671,20.0,1024,2.8722215889993095,2.0,57.0,0.0012889003372794638,0.00640742128155225,1.0,0.00640742128155225,0.9758000511750563,-0.47580005117505625,True
,2,0.06390250756659463,60,197256315,henon_loc,,0.0186493962396026,-0.029372160949156734,-0.0186493962396026,4.2087223626308123e-05,-0.0006008688725062106,0.612705080849902,1.0,,0.6313544770895047,True,,1.7440595579394067,1.7333367932298527,1.7440595579394067,1.7627510414026357,0.010430859951192417,0.612705080849902,1.0,,-1.1313544770895048,False,estimated,0,1,,pad25,2,2,False,False,,1,ok,henon,henon_loc:00672,20.0,1024,1.2211142610012757,,,,,,,,,
,2,0.06390250756659463,60,197256315,henon_loc,,,,,,,,,,,,,,,,,,,,,,,estimated,0,2,,pad25,2,2,False,False,,51,ok,henon,henon_loc:00673,20.0,1024,2.8192750239995803,2.0,49.0,0.007109350920604829,0.004189731336281033,1.0,0.0046844656296235465,0.9758000511750563,-0.47580005117505625,True
,2,0.05112200605327571,60,197256315,henon_loc,,0.014644595466833055,-0.02298191019249729,-0.014644595466833055,5.298127348374315e-05,-0.0006008688725062106,0.6167098816226716,1.0,,0.6313544770895047,True,,1.7480643587121762,1.739727043986512,1.7480643587121762,1.762761935452493,0.010430859951192417,0.6167098816226716,1.0,,-1.1313544770895048,False,estimated,0,1,,pad10_shift,2,2,False,False,,1,ok,henon,henon_loc:00674,20.0,1024,1.1171998230001918,,,,,,,,,
,2,0.05112200605327571,60,197256315,henon_loc,,,,,,,,,,,,,,,,,,,,,,,estimated,0,2,,pad10_shift,2,2,False,False,,61,ok,henon,henon_loc:00675,20.0,1024,3.255399113000749,2.0,59.0,0.006036486867355251,0.0011747646270554024,1.0,0.0011747646270554024,0.9758000511750563,-0.47580005117505625,True
,2,0.04260167171106309,60,197256315,henon_loc,,0.01326889146985244,-0.018721743021390957,-0.01326889146985244,-6.237323942281936e-05,-0.000740319937598044,0.6180855856196522,1.0,,0.6313544770895047,True,,1.7494400627091569,1.7439872111576185,1.7494400627091569,1.7626465809395866,0.0031118445174505016,0.6180855856196522,1.0,,-1.1313544770895048,False,estimated,0,1,,pad0,2,2,False,False,,1,ok,henon,henon_loc:00676,40.0,1024,1.8577826880009525,,,,,,,,,
,2,0.04260167171106309,60,197256315,henon_loc,,,,,,,,,,,,,,,,,,,,,,,estimated,0,2,,pad0,2,2,False,False,,58,ok,henon,henon_loc:00677,40.0,1024,4.620256819000133,2.0,56.0,0.004776322771550601,0.010505243237374784,1.0,0.010505243237374784,0.9758000511750563,-0.47580005117505625,True
,2,0.05112200605327571,60,197256315,henon_loc,,0.0009644357862317321,0.002579092834140484,0.0009644357862317321,-5.800433483382772e-05,-0.000740319937598044,0.6323189128757364,1.0,,0.6313544770895047,True,,1.7636733899652413,1.7652880470131498,1.7636733899652413,1.7626509498441756,0.0031118445174505016,0.6323189128757364,1.0,,-1.1313544770895048,False,estimated,0,1,,pad10,2,2,False,False,,1,ok,henon,henon_loc:00678,40.0,1024,1.4718782449999708,,,,,,,,,
,2,0.05112200605327571,60,197256315,henon_loc,,,,,,,,,,,,,,,,,,,,,,,estimated,0,2,,pad10,2,2,False,False,,50,ok,henon,henon_loc:00679,40.0,1024,3.0752051079998637,1.0,49.0,0.00127635556775485,0.007539984016786128,1.0,0.007539984016786128,0.9758000511750563,-0.47580005117505625,True
,2,0.06390250756659463,60,197256315,henon_loc,,0.021016571123464667,-0.029372160949156734,-0.021016571123464667,-8.849989540493652e-05,-0.000740319937598044,0.61033790596604,1.0,,0.6313544770895047,True,,1.7416923830555446,1.7333367932298527,1.7416923830555446,1.7626204542836046,0.0031118445174505016,0.61033790596604,1.0,,-1.1313544770895048,False,estimated,0,1,,pad25,2,2,False,False,,1,ok,henon,henon_loc:00680,40.0,1024,1.4856580600007874,,,,,,,,,
,2,0.06390250756659463,60,197256315,henon_loc,,,,,,,,,,,,,,,,,,,,,,,estimated,0,2,,pad25,2,2,False,False,,54,ok,henon,henon_loc:00681,40.0,1024,2.8446648249991995,2.0,52.0,0.006556079545275373,0.0052614536078327,1.0,0.0052614536078327,0.9758000511750563,-0.47580005117505625,True
,2,0.05112200605327571,60,197256315,henon_loc,,0.016406300986046896,-0.02298191019249729,-0.016406300986046896,-4.725904899871569e-05,-0.000740319937598044,0.6149481761034578,1.0,,0.6313544770895047,True,,1.7463026531929624,1.739727043986512,1.7463026531929624,1.7626616951300107,0.0031118445174505016,0.6149481761034578,1.0,,-1.1313544770895048,False,estimated,0,1,,pad10_shift,2,2,False,False,,1,ok,henon,henon_loc:00682,40.0,1024,1.3141288040005747,,,,,,,,,
,2,0.05112200605327571,60,197256315,henon_loc,,,,,,,,,,,,,,,,,,,,,,,estimated,0,2,,pad10_shift,2,2,False,False,,51,ok,henon,henon_loc:00683,40.0,1024,2.8586906809996435,2.0,49.0,0.005458108824217489,0.0014700231680768727,1.0,0.0014700231680768727,0.9758000511750563,-0.47580005117505625,True
,2,0.02840111447404206,90,197256315,henon_loc,,0.00029903546062448605,0.002579092834140706,0.00029903546062448605,-5.5978470301032424e-05,4.356697879825955e-05,0.6316535125501291,1.0,,0.6313544770895047,True,,0.00598126227189133,0.00441894962254219,0.00598126227189133,0.0034961647554125896,0.004578211636590446,-1.1253732148176134,5.0,,-1.1313544770895048,True,estimated,0,1,,pad0,2,2,False,False,,5,ok,henon,henon_loc:00684,2.5,1024,0.6560956759985856,,,,,,,,,
,2,0.02840111447404206,90,197256315,henon_loc,,,,,,,,,,,,,,,,,,,,,,,estimated,0,2,,pad0,2,2,False,False,,16,ok,henon,henon_loc:00685,2.5,1024,2.6698081829999865,1.0,15.0,0.00036326538579645185,0.0001286656571929945,1.0,0.0010641494115314898,0.9758000511750563,-0.47580005117505625,True
,2,0.034081337368850474,90,197256315,henon_loc,,0.0006404546080549522,-0.005941241508072181,-0.0006404546080549522,-4.40312041000146e-05,4.356697879825955e-05,0.6307140224814497,1.0,,0.6313544770895047,True,,0.00598126227189133,0.018619506859563373,0.00598126227189133,0.003510365312649588,0.004578211636590446,-1.1253732148176134,4.0,,-1.1313544770895048,True,estimated,0,1,,pad10,2,2,False,False,,4,ok,henon,henon_loc:00686,2.5,1024,0.6889338830005727,,,,,,,,,
,2,0.034081337368850474,90,197256315,henon_loc,,,,,,,,,,,,,,,,,,,,,,,estimated,0,2,,pad10,2,2,False,False,,18,ok,henon,henon_loc:00687,2.5,1024,3.572139693000281,1.0,17.0,2.2309323328806308e-05,0.0003985920176958757,1.0,0.000763584996738953,0.9758000511750563,-0.47580005117505625,True
,2,0.04260167171106309,90,197256315,henon_loc,,0.0029277098837878768,-0.018721743021390957,-0.0029277098837878768,-5.2097043291121636e-05,4.356697879825955e-05,0.6284267672057168,1.0,,0.6313544770895047,True,,0.00598126227189133,-0.0026813289959681796,0.00598126227189133,0.003531666148505197,0.004578211636590446,-1.1253732148176134,3.0,,-1.1313544770895048,True,estimated,0,1,,pad25,2,2,False,False,,5,ok,henon,henon_loc:00688,2.5,1024,0.7978016970009776,,,,,,,,,
,2,0.04260167171106309,90,197256315,henon_loc,,,,,,,,,,,,,,,,,,,,,,,estimated,0,2,,pad25,2,2,False,False,,16,ok,henon,henon_loc:00689,2.5,1024,4.399503597000148,1.0,15.0,5.819194698097885e-05,0.0017703779289355293,1.0,0.0017703779289355293,0.9758000511750563,-0.47580005117505625,True
,2,0.034081337368850474,90,197256315,henon_loc,,0.001366654152598512,0.01109942717635315,0.001366654152598512,3.4006578445433533e-06,4.356697879825955e-05,0.6327211312421032,1.0,,0.6313544770895047,True,,1.5332752908800356,1.5352390197734094,1.5332752908800356,1.5300375638299948,0.004578211636590446,0.40192081379053074,3.0,,-1.1313544770895048,False,estimated,0,1,,pad10_shift,2,2,False,False,,5,ok,henon,henon_loc:00690,2.5,1024,0.9714949350000097,,,,,,,,,
,2,0.034081337368850474,90,197256315,henon_loc,,,,,,,,,,,,,,,,,,,,,,,estimated,0,2,,pad10_shift,2,2,False,False,,16,ok,henon,henon_loc:00691,2.5,1024,4.801499414999853,1.0,15.0,0.0006724116595958618,0.000468321578734221,1.0,0.0016229683983182142,0.9758000511750563,-0.47580005117505625,True
,2,0.02840111447404206,90,197256315,henon_loc,,0.00069649076008238,0.002579092834140706,0.00069649076008238,-8.453988795376066e-05,8.363844812286914e-06,0.632050967849587,1.0,,0.6313544770895047,True,,1.4849434780133601,1.4812769022727295,1.4849434780133601,1.4870735615989132,0.008155588574287664,0.35358900092385537,3.0,,-1.1313544770895048,False,estimated,0,1,,pad0,2,2,False,False,,3,ok,henon,henon_loc:00692,5.0,1024,1.1455275250009436,,,,,,,,,
,2,0.02840111447404206,90,197256315,henon_loc,,,,,,,,,,,,,,,,,,,,,,,estimated,0,2,,pad0,2,2,False,False,,29,ok,henon,henon_loc:00693,5.0,1024,3.4181345289998717,1.0,28.0,0.0004815485017271026,0.00031238161993851765,1.0,0.0012607001261794037,0.9758000511750563,-0.47580005117505625,True
,2,0.034081337368850474,90,197256315,henon_loc,,0.0014088585227274297,-0.005941241508072181,-0.0014088585227274297,-4.5605027973461e-05,8.363844812286914e-06,0.6299456185667772,1.0,,0.6313544770895047,True,,1.4503336110253713,1.4500356763512832,1.4503336110253713,1.4590243520544282,0.008155588574287664,0.31897913393586663,4.0,,-1.1313544770895048,False,estimated,0,1,,pad10,2,2,False,False,,4,ok,henon,henon_loc:00694,5.0,1024,0.6824949149995518,,,,,,,,,
,2,0.034081337368850474,90,197256315,henon_loc,,,,,,,,,,,,,,,,,,,,,,,estimated,0,2,,pad10,2,2,False,False,,28,ok,henon,henon_loc:00695,5.0,1024,2.779537172000346,1.0,27.0,9.368420900079943e-05,0.0003156314732387644,1.0,0.0003156314732387644,0.9758000511750563,-0.47580005117505625,True
,2,0.04260167171106309,90,197256315,henon_loc,,0.005804224907195121,-0.018721743021390957,-0.005804224907195121,-5.2999226201611016e-05,8.363844812286914e-06,0.6255502521823095,1.0,,0.6313544770895047,True,,1.5340413702066609,1.530978852602303,1.5340413702066609,1.5502300054568647,0.008155588574287664,0.40268689311715605,2.0,,-1.1313544770895048,False,estimated,0,1,,pad25,2,2,False,False,,2,ok,henon,henon_loc:00696,5.0,1024,0.7016747310008213,,,,,,,,,
,2,0.04260167171106309,90,197256315,henon_loc,,,,,,,,,,,,,,,,,,,,,,,estimated,0,2,,pad25,2,2,False,False,,22,ok,henon,henon_loc:00697,5.0,1024,2.7567137149999326,1.0,21.0,0.0002528309016455177,0.003035735273051454,1.0,0.003035735273051454,0.9758000511750563,-0.47580005117505625,True
,2,0.034081337368850474,90,197256315,henon_loc,,0.0029682054090061083,0.01109942717635315,0.0029682054090061083,-1.3911610768357896e-05,8.363844812286914e-06,0.6343226824985108,1.0,,0.6313544770895047,True,,1.5385618410056787,1.5352390197734094,1.5385618410056787,1.55023469905451,0.008155588574287664,0.4072073639161739,2.0,,-1.1313544770895048,False,estimated,0,1,,pad10_shift,2,2,False,False,,2,ok,henon,henon_loc:00698,5.0,1024,0.6791592839999794,,,,,,,,,
,2,0.034081337368850474,90,197256315,henon_loc,,,,,,,,,,,,,,,,,,,,,,,estimated,0,2,,pad10_shift,2,2,False,False,,26,ok,henon,henon_loc:00699,5.0,1024,2.7224964380002348,1.0,25.0,0.0010490351447853818,0.001257270064784044,1.0,0.0021759736670180496,0.9758000511750563,-0.47580005117505625,True
,2,0.02840111447404206,90,197256315,henon_loc,,0.0010219524288415105,0.002579092834140706,0.0010219524288415105,-4.308936393504492e-05,-0.0002300256859416594,0.6323764295183462,1.0,,0.6313544770895047,True,,1.7637309066078508,1.7652880470131502,1.7637309066078508,1.7626658648150744,0.01230603523969065,0.6323764295183462,1.0,,-1.1313544770895048,False,estimated,0,1,,pad0,2,2,False,False,,1,ok,henon,henon_loc:00700,10.0,1024,0.8460053660000995,,,,,,,,,
,2,0.02840111447404206,90,197256315,henon_loc,,,,,,,,,,,,,,,,,,,,,,,estimated,0,2,,pad0,2,2,False,False,,53,ok,henon,henon_loc:00701,10.0,1024,2.6478773260005255,1.0,52.0,0.0007237311415527747,0.0007960063627315273,1.0,0.001523924276508326,0.9758000511750563,-0.47580005117505625,True
0.0,2,0.034081337368850474,90,197256315,henon_loc,0.0,0.0026837047498211586,-0.005941241508072181,-0.0026837047498211586,-4.240110373521233e-05,-0.0002300256859416594,0.6286707723396835,1.0,True,0.6313544770895047,True,0.0,1.7600252494291881,1.7567677126709373,1.7600252494291881,1.7626665530752743,0.01230603523969065,0.6286707723396835,1.0,True,-1.1313544770895048,False,estimated,0,1,12.75064699358048,pad10,2,2,True,True,1.0,1,ok,henon,henon_loc:00702,10.0,1024,38.404580794998765,,,,,,,,,
,2,0.034081337368850474,90,197256315,henon_loc,,,,,,,,,,,,,,,,,,,,,,,estimated,0,2,,pad10,2,2,False,False,,48,ok,henon,henon_loc:00703,10.0,1024,3.712243298999965,1.0,47.0,0.00023658358951172964,0.0002282530102015734,1.0,0.0002282530102015734,0.9758000511750563,-0.47580005117505625,True
,2,0.04260167171106309,90,197256315,henon_loc,,0.009495340603365099,-0.018721743021390957,-0.009495340603365099,-1.646864765358913e-05,-0.0002300256859416594,0.6218591364861396,1.0,,0.6313544770895047,True,,1.7532136135756442,1.7439872111576185,1.7532136135756442,1.762692485531356,0.01230603523969065,0.6218591364861396,1.0,,-1.1313544770895048,False,estimated,0,1,,pad25,2,2,False,False,,1,ok,henon,henon_loc:00704,10.0,1024,1.5752465170007781,,,,,,,,,
,2,0.04260167171106309,90,197256315,henon_loc,,,,,,,,,,,,,,,,,,,,,,,estimated,0,2,,pad25,2,2,False,False,,47,ok,henon,henon_loc:00705,10.0,1024,4.429839296999489,1.0,46.0,0.004999415763347614,0.005062496267420502,1.0,0.005062496267420502,0.9758000511750563,-0.47580005117505625,True
,2,0.034081337368850474,90,197256315,henon_loc,,0.004806324067826218,0.01109942717635315,0.004806324067826218,-5.026650723494175e-05,-0.0002300256859416594,0.6361608011573309,1.0,,0.6313544770895047,True,,1.7675152782468357,1.7738083813553627,1.7675152782468357,1.7626586876717745,0.01230603523969065,0.6361608011573309,1.0,,-1.1313544770895048,False,estimated,0,1,,pad10_shift,2,2,False,False,,1,ok,henon,henon_loc:00706,10.0,1024,0.8592665039996064,,,,,,,,,
,2,0.034081337368850474,90,197256315,henon_loc,,,,,,,,,,,,,,,,,,,,,,,estimated,0,2,,pad10_shift,2,2,False,False,,53,ok,henon,henon_loc:00707,10.0,1024,2.7503577809984563,1.0,52.0,0.001717440998816211,0.0024640710409563615,1.0,0.0034242418492197446,0.9758000511750563,-0.47580005117505625,True
,2,0.02840111447404206,90,197256315,henon_loc,,0.0012371137957778444,0.002579092834140706,0.0012371137957778444,-4.0936355554022086e-05,-0.0006008688725062106,0.6325915908852825,1.0,,0.6313544770895047,True,,1.481414736644105,1.4812769022727295,1.481414736644105,1.4911421183514644,0.010430859951192417,0.35006025955460024,2.0,,-1.1313544770895048,False,estimated,0,1,,pad0,2,2,False,False,,2,ok,henon,henon_loc:00708,20.0,1024,0.7760034940001788,,,,,,,,,
,2,0.02840111447404206,90,197256315,henon_loc,,,,,,,,,,,,,,,,,,,,,,,estimated,0,2,,pad0,2,2,False,False,,110,ok,henon,henon_loc:00709,20.0,1024,2.82453697299934,2.0,108.0,0.000923422700231824,0.0005950319427999728,1.0,0.0005950319427999728,0.9758000511750563,-0.47580005117505625,True
,2,0.034081337368850474,90,197256315,henon_loc,,0.0034549298761133995,-0.005941241508072181,-0.0034549298761133995,-4.679613922831116e-05,-0.0006008688725062106,0.6278995472133913,1.0,,0.6313544770895047,True,,1.759254024302896,1.7567677126709373,1.759254024302896,1.762662158039781,0.010430859951192417,0.6278995472133913,1.0,,-1.1313544770895048,False,estimated,0,1,,pad10,2,2,False,False,,1,ok,henon,henon_loc:00710,20.0,1024,1.0495520619988383,,,,,,,,,
,2,0.034081337368850474,90,197256315,henon_loc,,,,,,,,,,,,,,,,,,,,,,,estimated,0,2,,pad10,2,2,False,False,,106,ok,henon,henon_loc:00711,20.0,1024,4.2089665020012035,3.0,103.0,0.0005851672522924067,0.0020470281202698004,1.0,0.0020470281202698004,0.9758000511750563,-0.47580005117505625,True
,2,0.04260167171106309,90,197256315,henon_loc,,0.011875010706834166,-0.018721743021390957,-0.011875010706834166,-5.304680701412323e-05,-0.0006008688725062106,0.6194794663826705,1.0,,0.6313544770895047,True,,1.7508339434721751,1.7439872111576185,1.7508339434721751,1.7626559073719954,0.010430859951192417,0.6194794663826705,1.0,,-1.1313544770895048,False,estimated,0,1,,pad25,2,2,False,False,,1,ok,henon,henon_loc:00712,20.0,1024,1.7925619420002477,,,,,,,,,
,2,0.04260167171106309,90,197256315,henon_loc,,,,,,,,,,,,,,,,,,,,,,,estimated,0,2,,pad25,2,2,False,False,,90,ok,henon,henon_loc:00713,20.0,1024,4.002512820001357,3.0,87.0,0.005285953801776766,0.008726910275620892,1.0,0.008726910275620892,0.9758000511750563,-0.47580005117505625,True
,2,0.034081337368850474,90,197256315,henon_loc,,0.005970443073949672,0.01109942717635315,0.005970443073949672,6.2090344008502996e-06,-0.0006008688725062106,0.6373249201634543,1.0,,0.6313544770895047,True,,1.768679397252959,1.7738083813553627,1.768679397252959,1.7627151632134104,0.010430859951192417,0.6373249201634543,1.0,,-1.1313544770895048,False,estimated,0,1,,pad10_shift,2,2,False,False,,1,ok,henon,henon_loc:00714,20.0,1024,0.9951692190006725,,,,,,,,,
,2,0.034081337368850474,90,197256315,henon_loc,,,,,,,,,,,,,,,,,,,,,,,estimated,0,2,,pad10_shift,2,2,False,False,,107,ok,henon,henon_loc:00715,20.0,1024,2.8543525430013688,1.0,106.0,0.0026471404782001384,0.0032638847375611735,1.0,0.004010418867196774,0.9758000511750563,-0.47580005117505625,True
,2,0.02840111447404206,90,197256315,henon_loc,,0.0013648643496287916,0.002579092834140706,0.0013648643496287916,-5.519137407328234e-05,-0.000740319937598044,0.6327193414391334,1.0,,0.6313544770895047,True,,1.4813830218438708,1.4812769022727295,1.4813830218438708,1.4924594564887474,0.0031118445174505016,0.3500285447543662,3.0,,-1.1313544770895048,False,estimated,0,1,,pad0,2,2,False,False,,3,ok,henon,henon_loc:00716,40.0,1024,0.873822970999754,,,,,,,,,
,2,0.02840111447404206,90,197256315,henon_loc,,,,,,,,,,,,,,,,,,,,,,,estimated,0,2,,pad0,2,2,False,False,,164,ok,henon,henon_loc:00717,40.0,1024,3.071407088998967,5.0,159.0,0.0009393190784142691,0.00039640072197455467,1.0,0.00039640072197455467,0.9758000511750563,-0.47580005117505625,True
,2,0.034081337368850474,90,197256315,henon_loc,,0.0038759138173467544,-0.005941241508072181,-0.0038759138173467544,-4.1763363351043914e-05,-0.000740319937598044,0.6274785632721579,1.0,,0.6313544770895047,True,,1.7588330403616625,1.7567677126709373,1.7588330403616625,1.7626671908156584,0.0031118445174505016,0.6274785632721579,1.0,,-1.1313544770895048,False,estimated,0,1,,pad10,2,2,False,False,,1,ok,henon,henon_loc:00718,40.0,1024,1.20871735000037,,,,,,,,,
,2,0.034081337368850474,90,197256315,henon_loc,,,,,,,,,,,,,,,,,,,,,,,estimated,0,2,,pad10,2,2,False,False,,176,ok,henon,henon_loc:00719,40.0,1024,6.217320136000126,3.0,173.0,0.0009787357872408364,0.0031171662610377515,1.0,0.0031171662610377515,0.9758000511750563,-0.47580005117505625,True
,2,0.04260167171106309,90,197256315,henon_loc,,0.01326889146985244,-0.018721743021390957,-0.01326889146985244,-6.237323942281936e-05,-0.000740319937598044,0.6180855856196522,1.0,,0.6313544770895047,True,,1.7494400627091569,1.7439872111576185,1.7494400627091569,1.7626465809395866,0.0031118445174505016,0.6180855856196522,1.0,,-1.1313544770895048,False,estimated,0,1,,pad25,2,2,False,False,,1,ok,henon,henon_loc:00720,40.0,1024,2.3021921330000623,,,,,,,,,
,2,0.04260167171106309,90,197256315,henon_loc,,,,,,,,,,,,,,,,,,,,,,,estimated,0,2,,pad25,2,2,False,False,,162,ok,henon,henon_loc:00721,40.0,1024,5.509168646000035,2.0,160.0,0.004776322771550601,0.010505243237374784,1.0,0.010505243237374784,0.9758000511750563,-0.47580005117505625,True
,2,0.034081337368850474,90,197256315,henon_loc,,0.006666151155649169,0.01109942717635315,0.006666151155649169,-6.49129746987942e-05,-0.000740319937598044,0.6380206282451538,1.0,,0.6313544770895047,True,,1.7693751053346585,1.7738083813553627,1.7693751053346585,1.7626440412043105,0.0031118445174505016,0.6380206282451538,1.0,,-1.1313544770895048,False,estimated,0,1,,pad10_shift,2,2,False,False,,1,ok,henon,henon_loc:00722,40.0,1024,1.5084456849999697,,,,,,,,,
,2,0.034081337368850474,90,197256315,henon_loc,,,,,,,,,,,,,,,,,,,,,,,estimated,0,2,,pad10_shift,2,2,False,False,,180,ok,henon,henon_loc:00723,40.0,1024,3.293873029000679,4.0,176.0,0.0031199521752331982,0.004101645323513647,1.0,0.004260041424567262,0.9758000511750563,-0.47580005117505625,True
0.0,7,0.10224401210655142,30,197256315,henon_loc,0.0,0.007912692274848476,0.028140095860778258,0.007912692274848476,-1.1218663409251484e-05,-0.0001852519492051563,0.6392671693643531,1.0,True,0.6313544770895047,True,0.0,1.7706216464538578,1.7908490500397876,1.7706216464538578,1.7626977355156002,0.015943680092268764,0.6392671693643531,1.0,True,-1.1313544770895048,False,estimated,0,1,12.49013447971781,pad10,2,2,True,True,1.0,1,ok,henon,henon_loc:00724,10.0,1024,38.20663668199995,,,,,,,,,
,7,0.10224401210655142,30,197256315,henon_loc,,,,,,,,,,,,,,,,,,,,,,,estimated,0,2,,pad10,2,2,False,False,,16,ok,henon,henon_loc:00725,10.0,1024,2.7269152819990268,1.0,15.0,0.0028013777962468955,0.0030351210377708715,1.0,0.0030351210377708715,0.9758000511750563,-0.47580005117505625,True
,2,0.2770531911262539,15,1961576188,henon_loc,,0.01655761505314468,0.12073412951224116,0.01655761505314468,-0.0014508423700617668,-0.00046100821316052976,0.9467474575876818,1.0,,0.9301898425345371,True,,0.01551291620329609,-0.09366950826775788,-0.01551291620329609,0.05513564753389866,0.00767415642217828,-1.9185045382775523,2.0,,-1.9029916220742562,True,estimated,0,1,,pad0,0,0,False,False,,2,ok,skewed_henon,henon_loc:00726,2.5,1024,1.0574980339988542,,,,,,,,,
,2,0.2770531911262539,15,1961576188,henon_loc,,,,,,,,,,,,,,,,,,,,,,,estimated,0,2,,pad0,0,0,False,False,,6,ok,skewed_henon,henon_loc:00727,2.5,1024,4.677433071999985,2.0,4.0,0.0037494178088421926,0.006189949617708579,1.0,0.006189949617708579,1.3013844641577903,-0.5603812570665248,True
,2,0.33246382935150465,15,1961576188,henon_loc,,0.003704874229133681,0.06532349128699055,0.003704874229133681,-0.0012820832111388736,-0.00046100821316052976,0.9338947167636708,1.0,,0.9301898425345371,True,,0.011544106613837535,-0.09366950826775833,0.011544106613837535,0.05476440442953301,0.00767415642217828,-1.8914475154604187,2.0,,-1.9029916220742562,True,estimated,0,1,,pad10,0,0,False,False,,2,ok,skewed_henon,henon_loc:00728,2.5,1024,1.0511767280004278,,,,,,,,,
,2,0.33246382935150465,15,1961576188,henon_loc,,,,,,,,,,,,,,,,,,,,,,,estimated,0,2,,pad10,0,0,False,False,,8,ok,skewed_henon,henon_loc:00729,2.5,1024,2.6435042770008295,2.0,6.0,0.004038291744685507,0.00803243331893666,1.0,0.00803243331893666,1.3013844641577903,-0.5603812570665248,True
,2,0.4155797866893808,15,1961576188,henon_loc,,0.006623039070058012,-0.01779246605088558,-0.006623039070058012,-0.0014282917364406567,-0.00046100821316052976,0.9235668034644791,1.0,,0.9301898425345371,True,,0.013595237845341446,-0.0936695082677581,0.013595237845341446,0.055153216514279624,0.00767415642217828,-1.8893963842289148,2.0,,-1.9029916220742562,True,estimated,0,1,,pad25,0,0,False,False,,2,ok,skewed_henon,henon_loc:00730,2.5,1024,0.664442033999876,,,,,,,,,
,2,0.4155797866893808,15,1961576188,henon_loc,,,,,,,,,,,,,,,,,,,,,,,estimated,0,2,,pad25,0,0,False,False,,6,ok,skewed_henon,henon_loc:00731,2.5,1024,2.706579050000073,2.0,4.0,0.0016377698275306107,0.009240981772045465,1.0,0.009240981772045465,1.3013844641577903,-0.5603812570665248,True
,2,0.33246382935150465,15,1961576188,henon_loc,,0.014658122503974358,-0.10090842338876216,-0.014658122503974358,-0.001359569329914101,-0.00046100821316052976,0.9155317200305627,1.0,,0.9301898425345371,True,,0.03435945386992323,0.07256240640799416,0.03435945386992323,0.05513844320439221,0.00767415642217828,-1.868632168204333,2.0,,-1.9029916220742562,True,estimated,0,1,,pad10_shift,0,0,False,False,,2,ok,skewed_henon,henon_loc:00732,2.5,1024,0.6850445840009343,,,,,,,,,
,2,0.33246382935150465,15,1961576188,henon_loc,,,,,,,,,,,,,,,,,,,,,,,estimated,0,2,,pad10_shift,0,0,False,False,,7,ok,skewed_henon,henon_loc:00733,2.5,1024,2.735222008999699,2.0,5.0,0.0008583769286297782,0.005705482029014219,1.0,0.005705482029014219,1.3013844641577903,-0.5603812570665248,True
,2,0.2770531911262539,15,1961576188,henon_loc,,0.02352036397665702,0.12073412951224116,0.02352036397665702,-0.0021070562025214956,-0.0012816909990681635,0.9537102065111941,1.0,,0.9301898425345371,True,,0.015376946213965903,-0.09366950826775788,-0.015376946213965903,0.055271617523228844,0.010407009368931686,-1.918368568288222,2.0,,-1.9029916220742562,True,estimated,0,1,,pad0,0,0,False,False,,2,ok,skewed_henon,henon_loc:00734,5.0,1024,0.7856605220003985,,,,,,,,,
,2,0.2770531911262539,15,1961576188,henon_loc,,,,,,,,,,,,,,,,,,,,,,,estimated,0,2,,pad0,0,0,False,False,,6,ok,skewed_henon,henon_loc:00735,5.0,1024,2.7055498650006484,2.0,4.0,0.0054284709422657285,0.00647956020163909,1.0,0.00647956020163909,1.3013844641577903,-0.5603812570665248,True
,2,0.33246382935150465,15,1961576188,henon_loc,,0.00469387736480209,0.06532349128699055,0.00469387736480209,-0.0019553992222279826,-0.0012816909990681635,0.9348837198993392,1.0,,0.9301898425345371,True,,0.0010738402653445167,-0.09366950826775833,0.0010738402653445167,0.05509921253496408,0.010407009368931686,-1.9019177818089117,2.0,,-1.9029916220742562,True,estimated,0,1,,pad10,0,0,False,False,,2,ok,skewed_henon,henon_loc:00736,5.0,1024,0.7752542889993492,,,,,,,,,
,2,0.33246382935150465,15,1961576188,henon_loc,,,,,,,,,,,,,,,,,,,,,,,estimated,0,2,,pad10,0,0,False,False,,7,ok,skewed_henon,henon_loc:00737,5.0,1024,3.084772153000813,2.0,5.0,0.005704266219129228,0.008543150305433844,1.0,0.008543150305433844,1.3013844641577903,-0.5603812570665248,True
,2,0.4155797866893808,15,1961576188,henon_loc,,0.008085897658052565,-0.01779246605088558,-0.008085897658052565,-0.001852200857711761,-0.0012816909990681635,0.9221039448764845,1.0,,0.9301898425345371,True,,0.005027918531985032,-0.0936695082677581,0.005027918531985032,0.0548974929347108,0.010407009368931686,-1.8979637035422712,2.0,,-1.9029916220742562,True,estimated,0,1,,pad25,0,0,False,False,,2,ok,skewed_henon,henon_loc:00738,5.0,1024,0.845290892999401,,,,,,,,,
,2,0.4155797866893808,15,1961576188,henon_loc,,,,,,,,,,,,,,,,,,,,,,,estimated,0,2,,pad25,0,0,False,False,,6,ok,skewed_henon,henon_loc:00739,5.0,1024,4.484963192999203,2.0,4.0,0.001966998182437618,0.010975632611604613,1.0,0.010975632611604613,1.3013844641577903,-0.5603812570665248,True
,2,0.33246382935150465,15,1961576188,henon_loc,,0.02017955632582613,-0.10090842338876216,-0.02017955632582613,-0.0018940457114933196,-0.0012816909990681635,0.9100102862087109,1.0,,0.9301898425345371,True,,0.0341411226443622,0.07256240640799416,0.0341411226443622,0.054920111978831176,0.010407009368931686,-1.868850499429894,2.0,,-1.9029916220742562,True,estimated,0,1,,pad10_shift,0,0,False,False,,2,ok,skewed_henon,henon_loc:00740,5.0,1024,1.3147212200001377,,,,,,,,,
,2,0.33246382935150465,15,1961576188,henon_loc,,,,,,,,,,,,,,,,,,,,,,,estimated,0,2,,pad10_shift,0,0,False,False,,7,ok,skewed_henon,henon_loc:00741,5.0,1024,5.402138428999024,2.0,5.0,0.0015767791206612314,0.00749060441999827,1.0,0.00749060441999827,1.3013844641577903,-0.5603812570665248,True
,2,0.2770531911262539,15,1961576188,henon_loc,,0.034532019238814105,0.12073412951224116,0.034532019238814105,-0.0021775285854145343,-0.002332974474537286,0.9647218617733512,1.0,,0.9301898425345371,True,,0.024677059589416572,-0.09366950826775788,-0.024677059589416572,0.008569323345733793,0.008459631039873017,-1.9276686816636728,2.0,,-1.9029916220742562,True,estimated,0,1,,pad0,0,0,False,False,,2,ok,skewed_henon,henon_loc:00742,10.0,1024,2.3532733560005,,,,,,,,,
,2,0.2770531911262539,15,1961576188,henon_loc,,,,,,,,,,,,,,,,,,,,,,,estimated,0,2,,pad0,0,0,False,False,,6,ok,skewed_henon,henon_loc:00743,10.0,1024,3.1115545150005346,2.0,4.0,0.009388283736029623,0.009037223543725381,1.0,0.009037223543725381,1.3013844641577903,-0.5603812570665248,True
0.0,2,0.33246382935150465,15,1961576188,henon_loc,0.0,0.005512385650367713,0.06532349128699055,0.005512385650367713,-0.0019680505100411194,-0.002332974474537286,0.9357022281849048,1.0,True,0.9301898425345371,True,0.0,0.011600759530392413,-0.09366950826775833,-0.011600759530392413,0.008347070230697806,0.008459631039873017,-1.9145923816046486,2.0,True,-1.9029916220742562,True,estimated,0,1,6.359931847224194,pad10,0,0,True,True,2.0,2,ok,skewed_henon,henon_loc:00744,10.0,1024,38.28249399699962,,,,,,,,,
,2,0.33246382935150465,15,1961576188,henon_loc,,,,,,,,,,,,,,,,,,,,,,,estimated,0,2,,pad10,0,0,False,False,,7,ok,skewed_henon,henon_loc:00745,10.0,1024,2.687325378999958,2.0,5.0,0.008651049699501367,0.01371183271949894,1.0,0.01371183271949894,1.3013844641577903,-0.5603812570665248,True
,2,0.4155797866893808,15,1961576188,henon_loc,,0.01298426355228477,-0.01779246605088558,-0.01298426355228477,-0.0015558194183268315,-0.002332974474537286,0.9172055789822523,1.0,,0.9301898425345371,True,,0.006163333201668841,-0.0936695082677581,-0.006163333201668841,0.008381959332459443,0.008459631039873017,-1.909154955275925,2.0,,-1.9029916220742562,True,estimated,0,1,,pad25,0,0,False,False,,2,ok,skewed_henon,henon_loc:00746,10.0,1024,0.9529118619993824,,,,,,,,,
,2,0.4155797866893808,15,1961576188,henon_loc,,,,,,,,,,,,,,,,,,,,,,,estimated,0,2,,pad25,0,0,False,False,,6,ok,skewed_henon,henon_loc:00747,10.0,1024,2.627445064999847,2.0,4.0,0.002623098103867183,0.019234238668610182,1.0,0.019234238668610182,1.3013844641577903,-0.5603812570665248,True
,2,0.33246382935150465,15,1961576188,henon_loc,,0.03101731622272408,-0.10090842338876216,-0.03101731622272408,-0.0019267311544673982,-0.002332974474537286,0.899172526311813,1.0,,0.9301898425345371,True,,0.045769290310896604,0.07256240640799416,0.045769290310896604,0.008367109508852444,0.008459631039873017,-1.8572223317633596,2.0,,-1.9029916220742562,True,estimated,0,1,,pad10_shift,0,0,False,False,,2,ok,skewed_henon,henon_loc:00748,10.0,1024,1.0008752920002735,,,,,,,,,
,2,0.33246382935150465,15,1961576188,henon_loc,,,,,,,,,,,,,,,,,,,,,,,estimated,0,2,,pad10_shift,0,0,False,False,,7,ok,skewed_henon,henon_loc:00749,10.0,1024,4.299758379000195,2.0,5.0,0.003626986818921152,0.013007172963811708,1.0,0.013007172963811708,1.3013844641577903,-0.5603812570665248,True
,2,0.2770531911262539,15,1961576188,henon_loc,,0.05156637056388713,0.12073412951224116,0.05156637056388713,-0.0017663687279166895,-0.0026526744765079657,0.9817562130984242,1.0,,0.9301898425345371,True,,2.8847478351726803,2.9539155941210344,2.8847478351726803,2.8314150958808764,0.007421351535420229,0.9817562130984242,1.0,,-1.9029916220742562,False,estimated,0,1,,pad0,0,0,False,False,,1,ok,skewed_henon,henon_loc:00750,20.0,1024,2.479297066998697,,,,,,,,,
,2,0.2770531911262539,15,1961576188,henon_loc,,,,,,,,,,,,,,,,,,,,,,,estimated,0,2,,pad0,0,0,False,False,,6,ok,skewed_henon,henon_loc:00751,20.0,1024,3.0359085500003857,2.0,4.0,0.016971965432978187,0.014357940464799879,1.0,0.014357940464799879,1.3013844641577903,-0.5603812570665248,True
,2,0.33246382935150465,15,1961576188,henon_loc,,0.013306857088958846,0.06532349128699055,0.013306857088958846,-0.0016540152318588186,-0.0026526744765079657,0.9434966996234959,1.0,,0.9301898425345371,True,,2.846488321697752,2.898504955895784,2.846488321697752,2.8315274493769342,0.007421351535420229,0.9434966996234959,1.0,,-1.9029916220742562,False,estimated,0,1,,pad10,0,0,False,False,,1,ok,skewed_henon,henon_loc:00752,20.0,1024,1.3762391090003803,,,,,,,,,
,2,0.33246382935150465,15,1961576188,henon_loc,,,,,,,,,,,,,,,,,,,,,,,estimated,0,2,,pad10,0,0,False,False,,6,ok,skewed_henon,henon_loc:00753,20.0,1024,2.667503986000156,2.0,4.0,0.012361029764116682,0.024752790475227826,1.0,0.024752790475227826,1.3013844641577903,-0.5603812570665248,True
,2,0.4155797866893808,15,1961576188,henon_loc,,0.021816488413465063,-0.01779246605088558,-0.021816488413465063,-0.0020764485457195336,-0.0026526744765079657,0.908373354121072,1.0,,0.9301898425345371,True,,0.02106756778626595,-0.0936695082677581,-0.02106756778626595,0.008023017281990619,0.007421351535420229,-1.9240591898605222,2.0,,-1.9029916220742562,True,estimated,0,1,,pad25,0,0,False,False,,2,ok,skewed_henon,henon_loc:00754,20.0,1024,1.1914860800006863,,,,,,,,,
,2,0.4155797866893808,15,1961576188,henon_loc,,,,,,,,,,,,,,,,,,,,,,,estimated,0,2,,pad25,0,0,False,False,,7,ok,skewed_henon,henon_loc:00755,20.0,1024,2.7283991360000073,2.0,5.0,0.0019468875299413213,0.03802454306586467,1.0,0.23244508510101042,1.3013844641577903,-0.5603812570665248,True
,2,0.33246382935150465,15,1961576188,henon_loc,,0.05198925904295559,-0.10090842338876216,-0.05198925904295559,-0.002119684640229935,-0.0026526744765079657,0.8782005834915815,1.0,,0.9301898425345371,True,,0.054235842617979424,0.07256240640799416,0.054235842617979424,0.007690906508768691,0.007421351535420229,-1.8487557794562768,2.0,,-1.9029916220742562,True,estimated,0,1,,pad10_shift,0,0,False,False,,2,ok,skewed_henon,henon_loc:00756,20.0,1024,1.6215903320007783,,,,,,,,,
,2,0.33246382935150465,15,1961576188,henon_loc,,,,,,,,,,,,,,,,,,,,,,,estimated,0,2,,pad10_shift,0,0,False,False,,7,ok,skewed_henon,henon_loc:00757,20.0,1024,5.053544229000181,2.0,5.0,0.00819209677477295,0.023426883569621193,1.0,0.050359205080309666,1.3013844641577903,-0.5603812570665248,True
,2,0.2770531911262539,15,1961576188,henon_loc,,0.1285613021355042,-0.15631906161401232,-0.1285613021355042,-0.0018094671952429975,-0.002965724651169177,0.8016285403990329,1.0,,0.9301898425345371,True,,2.7046201624732893,2.676862402994781,2.7046201624732893,2.8313719974135503,0.006619852794041314,0.8016285403990329,1.0,,-1.9029916220742562,False,estimated,0,1,,pad0,0,0,False,False,,1,ok,skewed_henon,henon_loc:00758,40.0,1024,2.3655567030000384,,,,,,,,,
,2,0.2770531911262539,15,1961576188,henon_loc,,,,,,,,,,,,,,,,,,,,,,,estimated,0,2,,pad0,0,0,False,False,,8,ok,skewed_henon,henon_loc:00759,40.0,1024,2.735829373999877,2.0,6.0,0.02744194604703265,0.022165673189324164,1.0,0.22857388761223613,1.3013844641577903,-0.5603812570665248,True
,2,0.33246382935150465,15,1961576188,henon_loc,,0.019620919251881253,0.06532349128699055,0.019620919251881253,-0.0019892296559665956,-0.002965724651169177,0.9498107617864183,1.0,,0.9301898425345371,True,,2.8528023838606744,2.898504955895784,2.8528023838606744,2.8311922349528267,0.006619852794041314,0.9498107617864183,1.0,,-1.9029916220742562,False,estimated,0,1,,pad10,0,0,False,False,,1,ok,skewed_henon,henon_loc:00760,40.0,1024,1.8949003799989441,,,,,,,,,
,2,0.33246382935150465,15,1961576188,henon_loc,,,,,,,,,,,,,,,,,,,,,,,estimated,0,2,,pad10,0,0,False,False,,7,ok,skewed_henon,henon_loc:00761,40.0,1024,2.8333477989999665,2.0,5.0,0.014587009763359027,0.037137793136386654,1.0,0.23643963903985327,1.3013844641577903,-0.5603812570665248,True
,2,0.4155797866893808,15,1961576188,henon_loc,,0.02915207310693424,-0.01779246605088558,-0.02915207310693424,-0.0021393869721245684,-0.002965724651169177,0.9010377694276028,1.0,,0.9301898425345371,True,,2.8040293915018593,2.815388998557908,2.8040293915018593,2.8310420776366687,0.006619852794041314,0.9010377694276028,1.0,,-1.9029916220742562,False,estimated,0,1,,pad25,0,0,False,False,,1,ok,skewed_henon,henon_loc:00762,40.0,1024,2.1884907530002238,,,,,,,,,
,2,0.4155797866893808,15,1961576188,henon_loc,,,,,,,,,,,,,,,,,,,,,,,estimated,0,2,,pad25,0,0,False,False,,7,ok,skewed_henon,henon_loc:00763,40.0,1024,2.7171375329999137,2.0,5.0,0.00039247303200107275,0.0585984339316753,1.0,0.2442342277262714,1.3013844641577903,-0.5603812570665248,True
,2,0.33246382935150465,15,1961576188,henon_loc,,0.0709386113885968,-0.10090842338876216,-0.0709386113885968,-0.0019523667981595771,-0.002965724651169177,0.8592512311459403,1.0,,0.9301898425345371,True,,2.7622428532201964,2.732273041220031,2.7622428532201964,2.831229097810634,0.006619852794041314,0.8592512311459403,1.0,,-1.9029916220742562,False,estimated,0,1,,pad10_shift,0,0,False,False,,1,ok,skewed_henon,henon_loc:00764,40.0,1024,1.9256259550002142,,,,,,,,,
,2,0.33246382935150465,15,1961576188,henon_loc,,,,,,,,,,,,,,,,,,,,,,,estimated,0,2,,pad10_shift,0,0,False,False,,7,ok,skewed_henon,henon_loc:00765,40.0,1024,3.443267726999693,2.0,5.0,0.016185874174142634,0.041769014575148145,1.0,0.3926986343797121,1.3013844641577903,-0.5603812570665248,True
,2,0.2077898933446904,20,1961576188,henon_loc,,0.012826397373582377,0.08610248062145931,0.012826397373582377,-0.001718895160545908,-0.00046100821316052976,0.9430162399081194,1.0,,0.9301898425345371,True,,0.024462483280714098,0.010225438404587228,0.024462483280714098,0.05459201781569423,0.00767415642217828,-1.878529138793542,2.0,,-1.9029916220742562,True,estimated,0,1,,pad0,0,0,False,False,,2,ok,skewed_henon,henon_loc:00766,2.5,1024,0.7438274750002165,,,,,,,,,
,2,0.2077898933446904,20,1961576188,henon_loc,,,,,,,,,,,,,,,,,,,,,,,estimated,0,2,,pad0,0,0,False,False,,10,ok,skewed_henon,henon_loc:00767,2.5,1024,5.063230136000129,2.0,8.0,0.0031881831767573976,0.008051549668597224,1.0,0.008051549668597224,1.3013844641577903,-0.5603812570665248,True
,2,0.24934787201362849,20,1961576188,henon_loc,,0.015073298388737832,0.10688146995592851,0.015073298388737832,-0.0017576829721820397,-0.00046100821316052976,0.9452631409232749,1.0,,0.9301898425345371,True,,0.01614845735173942,-0.05211152959881993,0.01614845735173942,0.05479737751385172,0.00767415642217828,-1.8868431647225168,2.0,,-1.9029916220742562,True,estimated,0,1,,pad10,0,0,False,False,,2,ok,skewed_henon,henon_loc:00768,2.5,1024,1.0326750069998525,,,,,,,,,
,2,0.24934787201362849,20,1961576188,henon_loc,,,,,,,,,,,,,,,,,,,,,,,estimated,0,2,,pad10,0,0,False,False,,10,ok,skewed_henon,henon_loc:00769,2.5,1024,4.5913988150005025,2.0,8.0,0.0036389015334413743,0.003243768752321574,1.0,0.003243768752321574,1.3013844641577903,-0.5603812570665248,True
,2,0.3116848400170356,20,1961576188,henon_loc,,0.017822112974682502,0.13804995395763242,0.017822112974682502,-0.0016581895263821922,-0.00046100821316052976,0.9480119555092196,1.0,,0.9301898425345371,True,,0.07412947618535926,0.166067858413105,0.07412947618535926,0.05464917368429445,0.00767415642217828,-1.828862145888897,2.0,,-1.9029916220742562,True,estimated,0,1,,pad25,0,0,False,False,,2,ok,skewed_henon,henon_loc:00770,2.5,1024,1.3248540300010063,,,,,,,,,
,2,0.3116848400170356,20,1961576188,henon_loc,,,,,,,,,,,,,,,,,,,,,,,estimated,0,2,,pad25,0,0,False,False,,9,ok,skewed_henon,henon_loc:00771,2.5,1024,3.152649786999973,2.0,7.0,0.0037494178088421926,0.00323100942083121,1.0,0.00323100942083121,1.3013844641577903,-0.5603812570665248,True
,2,0.24934787201362849,20,1961576188,henon_loc,,0.005455231704530994,-0.01779246605088547,-0.005455231704530994,-0.0017150136243265779,-0.00046100821316052976,0.9247346108300061,1.0,,0.9301898425345371,True,,0.03632628864612686,0.07256240640799438,0.03632628864612686,0.05502737904714894,0.00767415642217828,-1.8666653334281293,2.0,,-1.9029916220742562,True,estimated,0,1,,pad10_shift,0,0,False,False,,2,ok,skewed_henon,henon_loc:00772,2.5,1024,0.7130842759997904,,,,,,,,,
,2,0.24934787201362849,20,1961576188,henon_loc,,,,,,,,,,,,,,,,,,,,,,,estimated,0,2,,pad10_shift,0,0,False,False,,11,ok,skewed_henon,henon_loc:00773,2.5,1024,2.6448187790010707,2.0,9.0,0.0012034273186819489,0.0041886397265256115,1.0,0.0041886397265256115,1.3013844641577903,-0.5603812570665248,True
,2,0.2077898933446904,20,1961576188,henon_loc,,0.019290449675723242,0.08610248062145931,0.019290449675723242,-0.0020080143921075155,-0.0012816909990681635,0.9494802922102603,1.0,,0.9301898425345371,True,,0.019045025050168807,0.010225438404587228,0.019045025050168807,0.05488878165212796,0.010407009368931686,-1.8839465970240874,2.0,,-1.9029916220742562,True,estimated,0,1,,pad0,0,0,False,False,,2,ok,skewed_henon,henon_loc:00774,5.0,1024,0.7275332550016174,,,,,,,,,
,2,0.2077898933446904,20,1961576188,henon_loc,,,,,,,,,,,,,,,,,,,,,,,estimated,0,2,,pad0,0,0,False,False,,11,ok,skewed_henon,henon_loc:00775,5.0,1024,2.71893598799943,2.0,9.0,0.004580903399854841,0.009367549783570017,1.0,0.009367549783570017,1.3013844641577903,-0.5603812570665248,True
,2,0.24934787201362849,20,1961576188,henon_loc,,0.02201060559393453,0.10688146995592851,0.02201060559393453,-0.0016774422473602169,-0.0012816909990681635,0.9522004481284716,1.0,,0.9301898425345371,True,,0.006357242910743022,-0.05211152959881993,0.006357242910743022,0.05498007795340043,0.010407009368931686,-1.8966343791635132,2.0,,-1.9029916220742562,True,estimated,0,1,,pad10,0,0,False,False,,2,ok,skewed_henon,henon_loc:00776,5.0,1024,0.7257212590011477,,,,,,,,,
,2,0.24934787201362849,20,1961576188,henon_loc,,,,,,,,,,,,,,,,,,,,,,,estimated,0,2,,pad10,0,0,False,False,,8,ok,skewed_henon,henon_loc:00777,5.0,1024,2.6595984089999547,2.0,6.0,0.005273695174407456,0.002445387833548862,1.0,0.002445387833548862,1.3013844641577903,-0.5603812570665248,True
,2,0.3116848400170356,20,1961576188,henon_loc,,0.025349123179483013,0.13804995395763242,0.025349123179483013,-0.001923300322007604,-0.0012816909990681635,0.9555389657140201,1.0,,0.9301898425345371,True,,0.08052223869368835,0.166067858413105,0.08052223869368835,0.054808239392282854,0.010407009368931686,-1.8224693833805679,2.0,,-1.9029916220742562,True,estimated,0,1,,pad25,0,0,False,False,,2,ok,skewed_henon,henon_loc:00778,5.0,1024,0.7506300349996309,,,,,,,,,
,2,0.3116848400170356,20,1961576188,henon_loc,,,,,,,,,,,,,,,,,,,,,,,estimated,0,2,,pad25,0,0,False,False,,7,ok,skewed_henon,henon_loc:00779,5.0,1024,2.9543069749997812,2.0,5.0,0.005526448770260317,0.003807117924417902,1.0,0.003807117924417902,1.3013844641577903,-0.5603812570665248,True
,2,0.24934787201362849,20,1961576188,henon_loc,,0.007209478393488067,-0.01779246605088547,-0.007209478393488067,-0.0015991512731814428,-0.0012816909990681635,0.922980364141049,1.0,,0.9301898425345371,True,,0.0354543615534868,0.07256240640799438,0.0354543615534868,0.05477882163454284,0.010407009368931686,-1.8675372605207694,2.0,,-1.9029916220742562,True,estimated,0,1,,pad10_shift,0,0,False,False,,2,ok,skewed_henon,henon_loc:00780,5.0,1024,0.7865663329994277,,,,,,,,,
,2,0.24934787201362849,20,1961576188,henon_loc,,,,,,,,,,,,,,,,,,,,,,,estimated,0,2,,pad10_shift,0,0,False,False,,12,ok,skewed_henon,henon_loc:00781,5.0,1024,3.026523492999331,2.0,10.0,0.001505693708263589,0.00731554060949402,1.0,0.00731554060949402,1.3013844641577903,-0.5603812570665248,True
,2,0.2077898933446904,20,1961576188,henon_loc,,0.028957811719028004,0.08610248062145931,0.028957811719028004,-0.0016911975493137943,-0.002332974474537286,0.9591476542535651,1.0,,0.9301898425345371,True,,0.015875287124145654,0.010225438404587228,0.015875287124145654,0.008602640857081623,0.008459631039873017,-1.8871163349501106,2.0,,-1.9029916220742562,True,estimated,0,1,,pad0,0,0,False,False,,2,ok,skewed_henon,henon_loc:00782,10.0,1024,0.834411652000199,,,,,,,,,
,2,0.2077898933446904,20,1961576188,henon_loc,,,,,,,,,,,,,,,,,,,,,,,estimated,0,2,,pad0,0,0,False,False,,11,ok,skewed_henon,henon_loc:00783,10.0,1024,4.404837494999811,2.0,9.0,0.008098477333653653,0.01572913213429128,1.0,0.01572913213429128,1.3013844641577903,-0.5603812570665248,True
0.0,2,0.24934787201362849,20,1961576188,henon_loc,0.0,0.03264819773550609,0.10688146995592851,0.03264819773550609,-0.0016371346663678343,-0.002332974474537286,0.9628380402700432,1.0,True,0.9301898425345371,True,0.0,0.002506876004205294,-0.05211152959881993,-0.002506876004205294,0.008713778236407954,0.008459631039873017,-1.9054984980784615,2.0,True,-1.9029916220742562,True,estimated,0,1,4.0989313300179875,pad10,0,0,True,True,2.0,2,ok,skewed_henon,henon_loc:00784,10.0,1024,38.55495593100022,,,,,,,,,
,2,0.24934787201362849,20,1961576188,henon_loc,,,,,,,,,,,,,,,,,,,,,,,estimated,0,2,,pad10,0,0,False,False,,9,ok,skewed_henon,henon_loc:00785,10.0,1024,4.291152820998832,2.0,7.0,0.008980645521573183,0.003934950271344828,1.0,0.003934950271344828,1.3013844641577903,-0.5603812570665248,True
,2,0.3116848400170356,20,1961576188,henon_loc,,0.036920049147873946,0.13804995395763242,0.036920049147873946,-0.0020405558542554436,-0.002332974474537286,0.967109891682411,1.0,,0.9301898425345371,True,,0.10291851321770062,0.166067858413105,0.10291851321770062,0.008633849112547276,0.008459631039873017,-1.8000731088565556,2.0,,-1.9029916220742562,True,estimated,0,1,,pad25,0,0,False,False,,2,ok,skewed_henon,henon_loc:00786,10.0,1024,0.901322137000534,,,,,,,,,
,2,0.3116848400170356,20,1961576188,henon_loc,,,,,,,,,,,,,,,,,,,,,,,estimated,0,2,,pad25,0,0,False,False,,8,ok,skewed_henon,henon_loc:00787,10.0,1024,2.674238195999351,2.0,6.0,0.009724371582521596,0.013645774600506533,1.0,0.013645774600506533,1.3013844641577903,-0.5603812570665248,True
,2,0.24934787201362849,20,1961576188,henon_loc,,0.0116372031463714,-0.01779246605088547,-0.0116372031463714,-0.0016632882658261794,-0.002332974474537286,0.9185526393881657,1.0,,0.9301898425345371,True,,0.043811726748170354,0.07256240640799438,0.043811726748170354,0.008279654986228291,0.008459631039873017,-1.8591798953260859,2.0,,-1.9029916220742562,True,estimated,0,1,,pad10_shift,0,0,False,False,,2,ok,skewed_henon,henon_loc:00788,10.0,1024,0.8626149129995611,,,,,,,,,
,2,0.24934787201362849,20,1961576188,henon_loc,,,,,,,,,,,,,,,,,,,,,,,estimated,0,2,,pad10_shift,0,0,False,False,,9,ok,skewed_henon,henon_loc:00789,10.0,1024,2.7865492880009697,2.0,7.0,0.001584081644622981,0.017810528345411525,1.0,0.017810528345411525,1.3013844641577903,-0.5603812570665248,True
,2,0.2077898933446904,20,1961576188,henon_loc,,0.04153215385749176,0.08610248062145931,0.04153215385749176,-0.0015842490115315355,-0.0026526744765079657,0.9717219963920288,1.0,,0.9301898425345371,True,,0.01498092775416926,0.010225438404587228,0.01498092775416926,0.008227756220466897,0.007421351535420229,-1.888010694320087,2.0,,-1.9029916220742562,True,estimated,0,1,,pad0,0,0,False,False,,2,ok,skewed_henon,henon_loc:00790,20.0,1024,1.032273057000566,,,,,,,,,
,2,0.2077898933446904,20,1961576188,henon_loc,,,,,,,,,,,,,,,,,,,,,,,estimated,0,2,,pad0,0,0,False,False,,12,ok,skewed_henon,henon_loc:00791,20.0,1024,3.666617404000135,2.0,10.0,0.014012247105690157,0.02769544397379875,1.0,0.02769544397379875,1.3013844641577903,-0.5603812570665248,True
,2,0.24934787201362849,20,1961576188,henon_loc,,0.04838156679939498,0.10688146995592851,0.04838156679939498,-0.002111377283364857,-0.0026526744765079657,0.978571409333932,1.0,,0.9301898425345371,True,,0.014388635389877447,-0.05211152959881993,-0.014388635389877447,0.00805267309134905,0.007421351535420229,-1.9173802574641337,2.0,,-1.9029916220742562,True,estimated,0,1,,pad10,0,0,False,False,,2,ok,skewed_henon,henon_loc:00792,20.0,1024,1.7430374340001435,,,,,,,,,
,2,0.24934787201362849,20,1961576188,henon_loc,,,,,,,,,,,,,,,,,,,,,,,estimated,0,2,,pad10,0,0,False,False,,8,ok,skewed_henon,henon_loc:00793,20.0,1024,4.41663550299927,2.0,6.0,0.0159798487938424,0.009980357701970699,1.0,0.07769347551324984,1.3013844641577903,-0.5603812570665248,True
,2,0.3116848400170356,20,1961576188,henon_loc,,0.05514697172953298,0.13804995395763242,0.05514697172953298,-0.0017355115735760984,-0.0026526744765079657,0.98533681426407,1.0,,0.9301898425345371,True,,0.126868882117952,0.166067858413105,0.126868882117952,0.008428642911478379,0.007421351535420229,-1.7761227399563042,2.0,,-1.9029916220742562,True,estimated,0,1,,pad25,0,0,False,False,,2,ok,skewed_henon,henon_loc:00794,20.0,1024,1.1449591130003682,,,,,,,,,
,2,0.3116848400170356,20,1961576188,henon_loc,,,,,,,,,,,,,,,,,,,,,,,estimated,0,2,,pad25,0,0,False,False,,8,ok,skewed_henon,henon_loc:00795,20.0,1024,2.7867511789991113,2.0,6.0,0.017950776195534535,0.03089060357695006,1.0,0.05015852577303748,1.3013844641577903,-0.5603812570665248,True
,2,0.24934787201362849,20,1961576188,henon_loc,,0.01623212852566125,-0.01779246605088547,-0.01623212852566125,-0.0018946258848776543,-0.0026526744765079657,0.9139577140088758,1.0,,0.9301898425345371,True,,0.05162523925897222,0.07256240640799438,0.05162523925897222,0.007989361656587146,0.007421351535420229,-1.851366382815284,2.0,,-1.9029916220742562,True,estimated,0,1,,pad10_shift,0,0,False,False,,2,ok,skewed_henon,henon_loc:00796,20.0,1024,1.1126422839988663,,,,,,,,,
,2,0.24934787201362849,20,1961576188,henon_loc,,,,,,,,,,,,,,,,,,,,,,,estimated,0,2,,pad10_shift,0,0,False,False,,9,ok,skewed_henon,henon_loc:00797,20.0,1024,2.678573659999529,2.0,7.0,0.0008904833329418382,0.021578218217123024,1.0,0.030567967254143236,1.3013844641577903,-0.5603812570665248,True
,2,0.2077898933446904,20,1961576188,henon_loc,,0.10392059914077989,-0.1216874127232308,-0.10392059914077989,-0.002103551401881565,-0.002965724651169177,0.8262692433937572,1.0,,0.9301898425345371,True,,2.7292608654680133,2.7114940518855626,2.7292608654680133,2.8310779132069115,0.006619852794041314,0.8262692433937572,1.0,,-1.9029916220742562,False,estimated,0,1,,pad0,0,0,False,False,,1,ok,skewed_henon,henon_loc:00798,40.0,1024,1.914723748999677,,,,,,,,,
,2,0.2077898933446904,20,1961576188,henon_loc,,,,,,,,,,,,,,,,,,,,,,,estimated,0,2,,pad0,0,0,False,False,,10,ok,skewed_henon,henon_loc:00799,40.0,1024,4.558276162999391,2.0,8.0,0.020917347944759412,0.03706857807812025,1.0,0.33445286050892664,1.3013844641577903,-0.5603812570665248,True
,2,0.24934787201362849,20,1961576188,henon_loc,,0.11914741960376762,-0.14246640205769978,-0.11914741960376762,-0.0019539197573622546,-0.002965724651169177,0.8110424229307694,1.0,,0.9301898425345371,True,,2.7140340450050258,2.6907150625510936,2.7140340450050258,2.831227544851431,0.006619852794041314,0.8110424229307694,1.0,,-1.9029916220742562,False,estimated,0,1,,pad10,0,0,False,False,,1,ok,skewed_henon,henon_loc:00800,40.0,1024,3.036733021001055,,,,,,,,,
,2,0.24934787201362849,20,1961576188,henon_loc,,,,,,,,,,,,,,,,,,,,,,,estimated,0,2,,pad10,0,0,False,False,,6,ok,skewed_henon,henon_loc:00801,40.0,1024,4.17247165399931,2.0,4.0,0.02494472587815766,0.025546681529948434,1.0,0.3509586727862618,1.3013844641577903,-0.5603812570665248,True
,2,0.3116848400170356,20,1961576188,henon_loc,,0.1400080621464438,-0.17363488605940358,-0.1400080621464438,-0.002087520438905588,-0.002965724651169177,0.7901817803880933,1.0,,0.9301898425345371,True,,2.6931734024623495,2.6595465785493895,2.6931734024623495,2.8310939441698877,0.006619852794041314,0.7901817803880933,1.0,,-1.9029916220742562,False,estimated,0,1,,pad25,0,0,False,False,,1,ok,skewed_henon,henon_loc:00802,40.0,1024,2.5096110029990086,,,,,,,,,
,2,0.3116848400170356,20,1961576188,henon_loc,,,,,,,,,,,,,,,,,,,,,,,estimated,0,2,,pad25,0,0,False,False,,8,ok,skewed_henon,henon_loc:00803,40.0,1024,2.7364964249991317,2.0,6.0,0.03933857374229455,0.039979039731576904,1.0,0.061699208669467154,1.3013844641577903,-0.5603812570665248,True
,2,0.24934787201362849,20,1961576188,henon_loc,,0.019534121221198464,-0.01779246605088547,-0.019534121221198464,-0.0020797701802445223,-0.002965724651169177,0.9106557213133386,1.0,,0.9301898425345371,True,,2.813647343387595,2.815388998557908,2.813647343387595,2.8311016944285488,0.006619852794041314,0.9106557213133386,1.0,,-1.9029916220742562,False,estimated,0,1,,pad10_shift,0,0,False,False,,1,ok,skewed_henon,henon_loc:00804,40.0,1024,1.803532924999672,,,,,,,,,
,2,0.24934787201362849,20,1961576188,henon_loc,,,,,,,,,,,,,,,,,,,,,,,estimated,0,2,,pad10_shift,0,0,False,False,,8,ok,skewed_henon,henon_loc:00805,40.0,1024,2.683693584998764,2.0,6.0,0.001854758770475029,0.023619345950366966,1.0,0.4665795938819492,1.3013844641577903,-0.5603812570665248,True
,2,0.13852659556312694,30,1961576188,henon_loc,,0.00956173600606336,0.05147083173067768,0.00956173600606336,-0.0015203916389868732,-0.00046100821316052976,0.9397515785406004,1.0,,0.9301898425345371,True,,0.0020558648354744857,-0.024406210486194402,-0.0020558648354744857,0.05474003934540761,0.00767415642217828,-1.9050474869097307,2.0,,-1.9029916220742562,True,estimated,0,1,,pad0,0,0,False,False,,2,ok,skewed_henon,henon_loc:00806,2.5,1024,0.6647824920000858,,,,,,,,,
,2,0.13852659556312694,30,1961576188,henon_loc,,,,,,,,,,,,,,,,,,,,,,,estimated,0,2,,pad0,0,0,False,False,,14,ok,skewed_henon,henon_loc:00807,2.5,1024,2.6893701530007093,2.0,12.0,0.0028316215202158768,0.004667141051409529,1.0,0.004667141051409529,1.3013844641577903,-0.5603812570665248,True
0.0,2,0.16623191467575232,30,1961576188,henon_loc,0.0,0.004948737368101308,-0.01779246605088558,-0.004948737368101308,-0.0016240990745862716,-0.00046100821316052976,0.9252411051664358,1.0,True,0.9301898425345371,True,0.0,0.021131176924068518,-0.010553550929881972,0.021131176924068518,0.05479313964590826,0.00767415642217828,-1.8818604451501877,2.0,True,-1.9029916220742562,True,estimated,0,1,5.0318985047575895,pad10,0,0,True,True,2.0,2,ok,skewed_henon,henon_loc:00808,2.5,1024,37.6740886080006,,,,,,,,,
,2,0.16623191467575232,30,1961576188,henon_loc,,,,,,,,,,,,,,,,,,,,,,,estimated,0,2,,pad10,0,0,False,False,,16,ok,skewed_henon,henon_loc:00809,2.5,1024,2.690985864999675,2.0,14.0,0.00041671809098020596,0.005793909938079267,1.0,0.005793909938079267,1.3013844641577903,-0.5603812570665248,True
,2,0.2077898933446904,30,1961576188,henon_loc,,0.012826397373582377,0.08610248062145887,0.012826397373582377,-0.001718895160545908,-0.00046100821316052976,0.9430162399081194,1.0,,0.9301898425345371,True,,0.024462483280714098,0.010225438404587006,0.024462483280714098,0.05459201781569423,0.00767415642217828,-1.878529138793542,2.0,,-1.9029916220742562,True,estimated,0,1,,pad25,0,0,False,False,,2,ok,skewed_henon,henon_loc:00810,2.5,1024,0.7933955780008546,,,,,,,,,
,2,0.2077898933446904,30,1961576188,henon_loc,,,,,,,,,,,,,,,,,,,,,,,estimated,0,2,,pad25,0,0,False,False,,13,ok,skewed_henon,henon_loc:00811,2.5,1024,4.645924689000822,2.0,11.0,0.0031881831767573976,0.008051549668597224,1.0,0.008051549668597224,1.3013844641577903,-0.5603812570665248,True
,2,0.16623191467575232,30,1961576188,henon_loc,,0.010403100739388327,0.06532349128699078,0.010403100739388327,-0.0016487130746036804,-0.00046100821316052976,0.9405929432739254,1.0,,0.9301898425345371,True,,0.041910613151354914,0.07256240640799438,0.041910613151354914,0.05479358653872568,0.00767415642217828,-1.8610810089229013,2.0,,-1.9029916220742562,True,estimated,0,1,,pad10_shift,0,0,False,False,,2,ok,skewed_henon,henon_loc:00812,2.5,1024,1.2514328049983305,,,,,,,,,
,2,0.16623191467575232,30,1961576188,henon_loc,,,,,,,,,,,,,,,,,,,,,,,estimated,0,2,,pad10_shift,0,0,False,False,,17,ok,skewed_henon,henon_loc:00813,2.5,1024,3.151990737998858,2.0,15.0,0.002999024998347477,0.0034405128034806776,1.0,0.0034405128034806776,1.3013844641577903,-0.5603812570665248,True
,2,0.13852659556312694,30,1961576188,henon_loc,,0.013423812343590358,0.05147083173067768,0.013423812343590358,-0.0018141131683536704,-0.0012816909990681635,0.9436136548781274,1.0,,0.9301898425345371,True,,0.0015217527920168283,-0.024406210486194402,-0.0015217527920168283,0.05492783489995734,0.010407009368931686,-1.904513374866273,2.0,,-1.9029916220742562,True,estimated,0,1,,pad0,0,0,False,False,,2,ok,skewed_henon,henon_loc:00814,5.0,1024,0.7266289409999445,,,,,,,,,
,2,0.13852659556312694,30,1961576188,henon_loc,,,,,,,,,,,,,,,,,,,,,,,estimated,0,2,,pad0,0,0,False,False,,14,ok,skewed_henon,henon_loc:00815,5.0,1024,2.6680145830014226,2.0,12.0,0.003820444493297548,0.004834331924045476,1.0,0.004834331924045476,1.3013844641577903,-0.5603812570665248,True
0.0,2,0.16623191467575232,30,1961576188,henon_loc,0.0,0.007362285693886195,-0.01779246605088558,-0.007362285693886195,-0.0019597484669242604,-0.0012816909990681635,0.9228275568406509,1.0,True,0.9301898425345371,True,0.0,0.013774161261241868,-0.010553550929881972,0.013774161261241868,0.054916560143490445,0.010407009368931686,-1.8892174608130143,2.0,True,-1.9029916220742562,True,estimated,0,1,6.776079547450897,pad10,0,0,True,True,2.0,2,ok,skewed_henon,henon_loc:00816,5.0,1024,37.86999208199995,,,,,,,,,
,2,0.16623191467575232,30,1961576188,henon_loc,,,,,,,,,,,,,,,,,,,,,,,estimated,0,2,,pad10,0,0,False,False,,17,ok,skewed_henon,henon_loc:00817,5.0,1024,3.3963788010005374,2.0,15.0,0.000367747990036027,0.006591056144261587,1.0,0.006591056144261587,1.3013844641577903,-0.5603812570665248,True
,2,0.2077898933446904,30,1961576188,henon_loc,,0.019290449675723242,0.08610248062145887,0.019290449675723242,-0.0020080143921075155,-0.0012816909990681635,0.9494802922102603,1.0,,0.9301898425345371,True,,0.019045025050168807,0.010225438404587006,0.019045025050168807,0.05488878165212796,0.010407009368931686,-1.8839465970240874,2.0,,-1.9029916220742562,True,estimated,0,1,,pad25,0,0,False,False,,2,ok,skewed_henon,henon_loc:00818,5.0,1024,1.192499171000236,,,,,,,,,
,2,0.2077898933446904,30,1961576188,henon_loc,,,,,,,,,,,,,,,,,,,,,,,estimated,0,2,,pad25,0,0,False,False,,15,ok,skewed_henon,henon_loc:00819,5.0,1024,4.302003302998855,2.0,13.0,0.004580903399854841,0.009367549783570017,1.0,0.009367549783570017,1.3013844641577903,-0.5603812570665248,True
,2,0.16623191467575232,30,1961576188,henon_loc,,0.015772032662610735,0.06532349128699078,0.015772032662610735,-0.001682318378343317,-0.0012816909990681635,0.9459618751971478,1.0,,0.9301898425345371,True,,0.04000879043759564,0.07256240640799438,0.04000879043759564,0.05496966275841331,0.010407009368931686,-1.8629828316366606,2.0,,-1.9029916220742562,True,estimated,0,1,,pad10_shift,0,0,False,False,,2,ok,skewed_henon,henon_loc:00820,5.0,1024,1.0710585930009984,,,,,,,,,
,2,0.16623191467575232,30,1961576188,henon_loc,,,,,,,,,,,,,,,,,,,,,,,estimated,0,2,,pad10_shift,0,0,False,False,,19,ok,skewed_henon,henon_loc:00821,5.0,1024,2.723776616001487,2.0,17.0,0.004137588832912487,0.0028568669834250215,1.0,0.0028568669834250215,1.3013844641577903,-0.5603812570665248,True
0.0,2,0.13852659556312694,30,1961576188,henon_loc,0.0,0.020517844131441754,0.05147083173067768,0.020517844131441754,-0.001992727647566417,-0.002332974474537286,0.9507076866659788,1.0,True,0.9301898425345371,True,0.0,0.004532389416261218,-0.024406210486194402,-0.004532389416261218,0.008627637162235802,0.008459631039873017,-1.9075240114905174,2.0,True,-1.9029916220742562,True,estimated,0,1,6.1094789993114516,pad0,0,0,True,True,2.0,2,ok,skewed_henon,henon_loc:00822,10.0,1024,37.42194791000111,,,,,,,,,
,2,0.13852659556312694,30,1961576188,henon_loc,,,,,,,,,,,,,,,,,,,,,,,estimated,0,2,,pad0,0,0,False,False,,15,ok,skewed_henon,henon_loc:00823,10.0,1024,2.9242644070000097,3.0,12.0,0.006423232515214705,0.001661288256861515,1.0,0.0058465002761850515,1.3013844641577903,-0.5603812570665248,True
0.0,2,0.16623191467575232,30,1961576188,henon_loc,0.0,0.011500713505885218,-0.01779246605088558,-0.011500713505885218,-0.0019423784120294885,-0.002332974474537286,0.9186891290286519,1.0,True,0.9301898425345371,True,0.0,0.008597324880504909,-0.010553550929881972,0.008597324880504909,0.008597324880504686,0.008459631039873017,-1.8943942971937513,2.0,True,-1.9029916220742562,True,estimated,0,1,9.107343080136308,pad10,0,0,True,True,2.0,2,ok,skewed_henon,henon_loc:00824,10.0,1024,38.99376810600006,,,,,,,,,
,2,0.16623191467575232,30,1961576188,henon_loc,,,,,,,,,,,,,,,,,,,,,,,estimated,0,2,,pad10,0,0,False,False,,18,ok,skewed_henon,henon_loc:00825,10.0,1024,2.689910670000245,5.0,13.0,0.0001682262467551654,0.01034062333763397,1.0,0.01034062333763397,1.3013844641577903,-0.5603812570665248,True
0.0,2,0.2077898933446904,30,1961576188,henon_loc,0.0,0.028957811719028004,0.08610248062145887,0.028957811719028004,-0.0016911975493137943,-0.002332974474537286,0.9591476542535651,1.0,True,0.9301898425345371,True,0.0,0.015875287124145654,0.010225438404587006,0.015875287124145654,0.008602640857081623,0.008459631039873017,-1.8871163349501106,2.0,True,-1.9029916220742562,True,estimated,0,1,4.727963525835866,pad25,0,0,True,True,2.0,2,ok,skewed_henon,henon_loc:00826,10.0,1024,37.393794378000166,,,,,,,,,
,2,0.2077898933446904,30,1961576188,henon_loc,,,,,,,,,,,,,,,,,,,,,,,estimated,0,2,,pad25,0,0,False,False,,18,ok,skewed_henon,henon_loc:00827,10.0,1024,4.619938596999418,3.0,15.0,0.008098477333653653,0.01572913213429128,1.0,0.01572913213429128,1.3013844641577903,-0.5603812570665248,True
0.0,2,0.16623191467575232,30,1961576188,henon_loc,0.0,0.02387700888745481,0.06532349128699078,0.02387700888745481,-0.0018889378872868345,-0.002332974474537286,0.9540668514219919,1.0,True,0.9301898425345371,True,0.0,0.044276653137062194,0.07256240640799438,0.044276653137062194,0.008536791481775552,0.008459631039873017,-1.858714968937194,2.0,True,-1.9029916220742562,True,estimated,0,1,5.736794684086046,pad10_shift,0,0,True,True,2.0,2,ok,skewed_henon,henon_loc:00828,10.0,1024,37.01371361400015,,,,,,,,,
,2,0.16623191467575232,30,1961576188,henon_loc,,,,,,,,,,,,,,,,,,,,,,,estimated,0,2,,pad10_shift,0,0,False,False,,18,ok,skewed_henon,henon_loc:00829,10.0,1024,3.992668782000692,3.0,15.0,0.007114756427096358,0.005126644674457337,1.0,0.005126644674457337,1.3013844641577903,-0.5603812570665248,True
,2,0.13852659556312694,30,1961576188,henon_loc,,0.02843013849452669,0.05147083173067768,0.02843013849452669,-0.001699396040453438,-0.0026526744765079657,0.9586199810290638,1.0,,0.9301898425345371,True,,0.008595903638920932,-0.024406210486194402,-0.008595903638920932,0.008027287828654472,0.007421351535420229,-1.9115875257131771,2.0,,-1.9029916220742562,True,estimated,0,1,,pad0,0,0,False,False,,2,ok,skewed_henon,henon_loc:00830,20.0,1024,1.8138159689988242,,,,,,,,,
,2,0.13852659556312694,30,1961576188,henon_loc,,,,,,,,,,,,,,,,,,,,,,,estimated,0,2,,pad0,0,0,False,False,,15,ok,skewed_henon,henon_loc:00831,20.0,1024,3.9330330160009908,3.0,12.0,0.010514595113527592,0.005155909178109264,1.0,0.007120953219377446,1.3013844641577903,-0.5603812570665248,True
0.0,2,0.16623191467575232,30,1961576188,henon_loc,0.0,0.014812978380557396,-0.01779246605088558,-0.014812978380557396,-0.0019300049931866292,-0.0026526744765079657,0.9153768641539797,1.0,True,0.9301898425345371,True,0.0,0.004525288067352973,-0.010553550929881972,0.004525288067352973,0.008265506147557389,0.007421351535420229,-1.8984663340069032,2.0,True,-1.9029916220742562,True,estimated,0,1,10.172137906442915,pad10,0,0,True,True,2.0,2,ok,skewed_henon,henon_loc:00832,20.0,1024,38.247962596000434,,,,,,,,,
,2,0.16623191467575232,30,1961576188,henon_loc,,,,,,,,,,,,,,,,,,,,,,,estimated,0,2,,pad10,0,0,False,False,,14,ok,skewed_henon,henon_loc:00833,20.0,1024,2.75518205499975,2.0,12.0,0.0007388703705882849,0.01468687856050055,1.0,0.016035796471955188,1.3013844641577903,-0.5603812570665248,True
,2,0.2077898933446904,30,1961576188,henon_loc,,0.04153215385749176,0.08610248062145887,0.04153215385749176,-0.0015842490115315355,-0.0026526744765079657,0.9717219963920288,1.0,,0.9301898425345371,True,,0.01498092775416926,0.010225438404587006,0.01498092775416926,0.008227756220466897,0.007421351535420229,-1.888010694320087,2.0,,-1.9029916220742562,True,estimated,0,1,,pad25,0,0,False,False,,2,ok,skewed_henon,henon_loc:00834,20.0,1024,1.0631690379996144,,,,,,,,,
,2,0.2077898933446904,30,1961576188,henon_loc,,,,,,,,,,,,,,,,,,,,,,,estimated,0,2,,pad25,0,0,False,False,,18,ok,skewed_henon,henon_loc:00835,20.0,1024,2.6908901639999385,4.0,14.0,0.014012247105690157,0.02769544397379875,1.0,0.02769544397379875,1.3013844641577903,-0.5603812570665248,True
,2,0.16623191467575232,30,1961576188,henon_loc,,0.03382830255977276,0.06532349128699078,0.03382830255977276,-0.0019115590955139927,-0.0026526744765079657,0.9640181450943098,1.0,,0.9301898425345371,True,,0.05170627206112144,0.07256240640799438,0.05170627206112144,0.008070394458736363,0.007421351535420229,-1.8512853500131348,2.0,,-1.9029916220742562,True,estimated,0,1,,pad10_shift,0,0,False,False,,2,ok,skewed_henon,henon_loc:00836,20.0,1024,1.0282758850007667,,,,,,,,,
,2,0.16623191467575232,30,1961576188,henon_loc,,,,,,,,,,,,,,,,,,,,,,,estimated,0,2,,pad10_shift,0,0,False,False,,15,ok,skewed_henon,henon_loc:00837,20.0,1024,3.963913078998303,2.0,13.0,0.011980578180150858,0.011367918675295519,1.0,0.011367918675295519,1.3013844641577903,-0.5603812570665248,True
,2,0.13852659556312694,30,1961576188,henon_loc,,0.03288294428372662,0.05147083173067768,0.03288294428372662,-0.0020950210959629345,-0.002965724651169177,0.9630727868182637,1.0,,0.9301898425345371,True,,2.86606440889252,2.884652296339471,2.86606440889252,2.8310864435128305,0.006619852794041314,0.9630727868182637,1.0,,-1.9029916220742562,False,estimated,0,1,,pad0,0,0,False,False,,1,ok,skewed_henon,henon_loc:00838,40.0,1024,2.181246944001032,,,,,,,,,
,2,0.13852659556312694,30,1961576188,henon_loc,,,,,,,,,,,,,,,,,,,,,,,estimated,0,2,,pad0,0,0,False,False,,15,ok,skewed_henon,henon_loc:00839,40.0,1024,3.791624387000411,2.0,13.0,0.013823003410637802,0.009086586547799702,1.0,0.009211059221496676,1.3013844641577903,-0.5603812570665248,True
0.0,2,0.16623191467575232,30,1961576188,henon_loc,0.0,0.016972914289758112,-0.01779246605088558,-0.016972914289758112,-0.002012041968940337,-0.002965724651169177,0.913216928244779,1.0,True,0.9301898425345371,True,0.0,2.8162085503190353,2.815388998557908,2.8162085503190353,2.831169422639853,0.006619852794041314,0.913216928244779,1.0,True,-1.9029916220742562,False,estimated,0,1,10.450942244602121,pad10,0,0,True,True,1.0,1,ok,skewed_henon,henon_loc:00840,40.0,1024,38.53585592399941,,,,,,,,,
,2,0.16623191467575232,30,1961576188,henon_loc,,,,,,,,,,,,,,,,,,,,,,,estimated,0,2,,pad10,0,0,False,False,,12,ok,skewed_henon,henon_loc:00841,40.0,1024,2.7588790789995983,2.0,10.0,0.00349096613071731,0.014625982169434892,1.0,0.31001986691020755,1.3013844641577903,-0.5603812570665248,True
,2,0.2077898933446904,30,1961576188,henon_loc,,0.10392059914077989,-0.1216874127232308,-0.10392059914077989,-0.002103551401881565,-0.002965724651169177,0.8262692433937572,1.0,,0.9301898425345371,True,,2.7292608654680133,2.7114940518855626,2.7292608654680133,2.8310779132069115,0.006619852794041314,0.8262692433937572,1.0,,-1.9029916220742562,False,estimated,0,1,,pad25,0,0,False,False,,1,ok,skewed_henon,henon_loc:00842,40.0,1024,1.7108702780005842,,,,,,,,,
,2,0.2077898933446904,30,1961576188,henon_loc,,,,,,,,,,,,,,,,,,,,,,,estimated,0,2,,pad25,0,0,False,False,,10,ok,skewed_henon,henon_loc:00843,40.0,1024,3.561394618000122,2.0,8.0,0.020917347944759412,0.03706857807812025,1.0,0.33445286050892664,1.3013844641577903,-0.5603812570665248,True
,2,0.16623191467575232,30,1961576188,henon_loc,,0.04018841835569931,0.06532349128699078,0.04018841835569931,-0.0017851400999281397,-0.002965724651169177,0.9703782608902364,1.0,,0.9301898425345371,True,,2.8733698829644925,2.898504955895784,2.8733698829644925,2.831396324508865,0.006619852794041314,0.9703782608902364,1.0,,-1.9029916220742562,False,estimated,0,1,,pad10_shift,0,0,False,False,,1,ok,skewed_henon,henon_loc:00844,40.0,1024,2.777794087000075,,,,,,,,,
,2,0.16623191467575232,30,1961576188,henon_loc,,,,,,,,,,,,,,,,,,,,,,,estimated,0,2,,pad10_shift,0,0,False,False,,13,ok,skewed_henon,henon_loc:00845,40.0,1024,4.483563113000855,2.0,11.0,0.01653449825976494,0.014836166612089086,1.0,0.04466452239102592,1.3013844641577903,-0.5603812570665248,True
,2,0.09235106370875129,45,1961576188,henon_loc,,0.005948063393646286,0.028383065803489815,0.005948063393646286,-0.0014400217030537954,-0.00046100821316052976,0.9361379059281834,1.0,,0.9301898425345371,True,,0.0035401965950947467,-0.0013184445590066485,0.0035401965950947467,0.05479503695345178,0.00767415642217828,-1.8994514254791615,2.0,,-1.9029916220742562,True,estimated,0,1,,pad0,0,0,False,False,,2,ok,skewed_henon,henon_loc:00846,2.5,1024,0.6842795249995106,,,,,,,,,
,2,0.09235106370875129,45,1961576188,henon_loc,,,,,,,,,,,,,,,,,,,,,,,estimated,0,2,,pad0,0,0,False,False,,20,ok,skewed_henon,henon_loc:00847,2.5,1024,2.6343616760004807,2.0,18.0,0.0022916363250673477,0.0034788230226501238,1.0,0.0034788230226501238,1.3013844641577903,-0.5603812570665248,True
,2,0.11082127645050155,45,1961576188,henon_loc,,0.012292544408281203,-0.045497785163510884,-0.012292544408281203,-0.0014874699543573344,-0.00046100821316052976,0.9178972981262559,1.0,,0.9301898425345371,True,,0.02754987508161033,0.017151768182743554,0.02754987508161033,0.05497814100310938,0.00767415642217828,-1.8754417469926459,2.0,,-1.9029916220742562,True,estimated,0,1,,pad10,0,0,False,False,,2,ok,skewed_henon,henon_loc:00848,2.5,1024,0.6755018179992476,,,,,,,,,
,2,0.11082127645050155,45,1961576188,henon_loc,,,,,,,,,,,,,,,,,,,,,,,estimated,0,2,,pad10,0,0,False,False,,19,ok,skewed_henon,henon_loc:00849,2.5,1024,2.7498560620006174,2.0,17.0,0.0008781634730011811,0.004373634326280351,1.0,0.004373634326280351,1.3013844641577903,-0.5603812570665248,True
,2,0.13852659556312694,45,1961576188,henon_loc,,0.004612837407392489,-0.017792466050885136,-0.004612837407392489,-0.0014959890072221427,-0.00046100821316052976,0.9255770051271446,1.0,,0.9301898425345371,True,,0.034724143009557285,0.04485708729536908,0.034724143009557285,0.05481049936621063,0.00767415642217828,-1.868267479064699,2.0,,-1.9029916220742562,True,estimated,0,1,,pad25,0,0,False,False,,3,ok,skewed_henon,henon_loc:00850,2.5,1024,0.6693498419990647,,,,,,,,,
,2,0.13852659556312694,45,1961576188,henon_loc,,,,,,,,,,,,,,,,,,,,,,,estimated,0,2,,pad25,0,0,False,False,,19,ok,skewed_henon,henon_loc:00851,2.5,1024,2.6773568620010337,2.0,17.0,0.00010437206631697116,0.005531923755077384,1.0,0.005531923755077384,1.3013844641577903,-0.5603812570665248,True
,2,0.11082127645050155,45,1961576188,henon_loc,,0.0011269455898524905,0.009912853061739724,0.0011269455898524905,-0.0013665331302837869,-0.00046100821316052976,0.9313167881243896,1.0,,0.9301898425345371,True,,0.05259757651764185,0.07256240640799416,0.05259757651764185,0.05481400204665188,0.00767415642217828,-1.8503940455566144,2.0,,-1.9029916220742562,True,estimated,0,1,,pad10_shift,0,0,False,False,,3,ok,skewed_henon,henon_loc:00852,2.5,1024,0.6543774940000731,,,,,,,,,
,2,0.11082127645050155,45,1961576188,henon_loc,,,,,,,,,,,,,,,,,,,,,,,estimated,0,2,,pad10_shift,0,0,False,False,,19,ok,skewed_henon,henon_loc:00853,2.5,1024,2.9788173149991053,2.0,17.0,0.0014018801908460832,0.0065090407685007845,1.0,0.0065090407685007845,1.3013844641577903,-0.5603812570665248,True
,2,0.09235106370875129,45,1961576188,henon_loc,,0.008691885910377728,0.028383065803489815,0.008691885910377728,-0.0019284864161286386,-0.0012816909990681635,0.9388817284449148,1.0,,0.9301898425345371,True,,0.0059394010126971875,-0.0013184445590066485,0.0059394010126971875,0.0551163424376071,0.010407009368931686,-1.897052221061559,2.0,,-1.9029916220742562,True,estimated,0,1,,pad0,0,0,False,False,,2,ok,skewed_henon,henon_loc:00854,5.0,1024,0.716542688998743,,,,,,,,,
,2,0.09235106370875129,45,1961576188,henon_loc,,,,,,,,,,,,,,,,,,,,,,,estimated,0,2,,pad0,0,0,False,False,,33,ok,skewed_henon,henon_loc:00855,5.0,1024,4.058032816999912,2.0,31.0,0.003114879577550078,0.0021417712579421266,1.0,0.0021417712579421266,1.3013844641577903,-0.5603812570665248,True
,2,0.11082127645050155,45,1961576188,henon_loc,,0.018296944878494648,-0.045497785163510884,-0.018296944878494648,-0.0019508066020457182,-0.0012816909990681635,0.9118928976560424,1.0,,0.9301898425345371,True,,0.022442701422747513,0.017151768182743554,0.022442701422747513,0.05513497797564537,0.010407009368931686,-1.8805489206515087,2.0,,-1.9029916220742562,True,estimated,0,1,,pad10,0,0,False,False,,2,ok,skewed_henon,henon_loc:00856,5.0,1024,1.3192574179993244,,,,,,,,,
,2,0.11082127645050155,45,1961576188,henon_loc,,,,,,,,,,,,,,,,,,,,,,,estimated,0,2,,pad10,0,0,False,False,,23,ok,skewed_henon,henon_loc:00857,5.0,1024,4.846634494999307,2.0,21.0,0.0014594433247274718,0.004190352396616581,1.0,0.004190352396616581,1.3013844641577903,-0.5603812570665248,True
,2,0.13852659556312694,45,1961576188,henon_loc,,0.007197391302288025,-0.017792466050885136,-0.007197391302288025,-0.002002643968670781,-0.0012816909990681635,0.922992451232249,1.0,,0.9301898425345371,True,,0.03098290978648044,0.04485708729536908,0.03098290978648044,0.0552250640100278,0.010407009368931686,-1.8720087122877758,2.0,,-1.9029916220742562,True,estimated,0,1,,pad25,0,0,False,False,,3,ok,skewed_henon,henon_loc:00858,5.0,1024,1.3178094520008017,,,,,,,,,
,2,0.13852659556312694,45,1961576188,henon_loc,,,,,,,,,,,,,,,,,,,,,,,estimated,0,2,,pad25,0,0,False,False,,22,ok,skewed_henon,henon_loc:00859,5.0,1024,4.203951004999908,2.0,20.0,8.986953049194835e-05,0.005952086164849324,1.0,0.005952086164849324,1.3013844641577903,-0.5603812570665248,True
,2,0.11082127645050155,45,1961576188,henon_loc,,0.0011668960162414255,0.009912853061739724,0.0011668960162414255,-0.001880689086147358,-0.0012816909990681635,0.9313567385507785,1.0,,0.9301898425345371,True,,0.05267689524193386,0.07256240640799416,0.05267689524193386,0.05517037396207014,0.010407009368931686,-1.8503147268323223,2.0,,-1.9029916220742562,True,estimated,0,1,,pad10_shift,0,0,False,False,,2,ok,skewed_henon,henon_loc:00860,5.0,1024,1.0637589110010595,,,,,,,,,
,2,0.11082127645050155,45,1961576188,henon_loc,,,,,,,,,,,,,,,,,,,,,,,estimated,0,2,,pad10_shift,0,0,False,False,,23,ok,skewed_henon,henon_loc:00861,5.0,1024,2.6499662559999706,2.0,21.0,0.0018005677459710379,0.008425328796722864,1.0,0.008425328796722864,1.3013844641577903,-0.5603812570665248,True
,2,0.09235106370875129,45,1961576188,henon_loc,,0.013330312477118023,0.028383065803489815,0.013330312477118023,-0.0019076130348260056,-0.002332974474537286,0.9435201550116551,1.0,,0.9301898425345371,True,,0.004744609897452401,-0.0013184445590066485,0.004744609897452401,0.008438652445802441,0.008459631039873017,-1.8982470121768038,2.0,,-1.9029916220742562,True,estimated,0,1,,pad0,0,0,False,False,,2,ok,skewed_henon,henon_loc:00862,10.0,1024,0.8099975509994692,,,,,,,,,
,2,0.09235106370875129,45,1961576188,henon_loc,,,,,,,,,,,,,,,,,,,,,,,estimated,0,2,,pad0,0,0,False,False,,41,ok,skewed_henon,henon_loc:00863,10.0,1024,2.7269605589990533,3.0,38.0,0.004772435628487615,0.0039163092017610035,1.0,0.0039163092017610035,1.3013844641577903,-0.5603812570665248,True
0.0,2,0.11082127645050155,45,1961576188,henon_loc,0.0,0.026696186739371908,-0.045497785163510884,-0.026696186739371908,-0.001761399538009134,-0.002332974474537286,0.9034936557951652,1.0,True,0.9301898425345371,True,0.0,0.019225429594152965,0.017151768182743554,0.019225429594152965,0.008420355140229097,0.008459631039873017,-1.8837661924801032,2.0,True,-1.9029916220742562,True,estimated,0,1,7.160367778235213,pad10,0,0,True,True,2.0,2,ok,skewed_henon,henon_loc:00864,10.0,1024,38.037401651001346,,,,,,,,,
,2,0.11082127645050155,45,1961576188,henon_loc,,,,,,,,,,,,,,,,,,,,,,,estimated,0,2,,pad10,0,0,False,False,,37,ok,skewed_henon,henon_loc:00865,10.0,1024,2.7615351370004646,2.0,35.0,0.0033271854172279847,0.004113031110701493,1.0,0.004113031110701493,1.3013844641577903,-0.5603812570665248,True
,2,0.13852659556312694,45,1961576188,henon_loc,,0.011509052782262996,-0.017792466050885136,-0.011509052782262996,-0.0018121910928441398,-0.002332974474537286,0.9186807897522741,1.0,,0.9301898425345371,True,,0.030288337244917196,0.04485708729536908,0.030288337244917196,0.00847039844372488,0.008459631039873017,-1.872703284829339,2.0,,-1.9029916220742562,True,estimated,0,1,,pad25,0,0,False,False,,2,ok,skewed_henon,henon_loc:00866,10.0,1024,0.844310474998565,,,,,,,,,
,2,0.13852659556312694,45,1961576188,henon_loc,,,,,,,,,,,,,,,,,,,,,,,estimated,0,2,,pad25,0,0,False,False,,37,ok,skewed_henon,henon_loc:00867,10.0,1024,3.0395050209990586,2.0,35.0,0.0004773454011580691,0.008980530829341582,1.0,0.008980530829341582,1.3013844641577903,-0.5603812570665248,True
,2,0.11082127645050155,45,1961576188,henon_loc,,0.0021353791716688386,0.009912853061739724,0.0021353791716688386,-0.001743365504098704,-0.002332974474537286,0.9323252217062059,1.0,,0.9301898425345371,True,,0.017321718003626474,-0.0382588700425075,-0.017321718003626474,0.008444228771115059,0.008459631039873017,-1.9203133400778827,2.0,,-1.9029916220742562,True,estimated,0,1,,pad10_shift,0,0,False,False,,2,ok,skewed_henon,henon_loc:00868,10.0,1024,1.4581146560012712,,,,,,,,,
,2,0.11082127645050155,45,1961576188,henon_loc,,,,,,,,,,,,,,,,,,,,,,,estimated,0,2,,pad10_shift,0,0,False,False,,43,ok,skewed_henon,henon_loc:00869,10.0,1024,4.3968679339996015,3.0,40.0,0.0027669139578039292,0.012258915454398833,1.0,0.012258915454398833,1.3013844641577903,-0.5603812570665248,True
,2,0.09235106370875129,45,1961576188,henon_loc,,0.016917758111211878,0.028383065803489815,0.016917758111211878,-0.0017833322898103132,-0.0026526744765079657,0.947107600645749,1.0,,0.9301898425345371,True,,0.004025836514317982,-0.0013184445590066485,0.004025836514317982,0.008181634381211778,0.007421351535420229,-1.8989657855599382,2.0,,-1.9029916220742562,True,estimated,0,1,,pad0,0,0,False,False,,2,ok,skewed_henon,henon_loc:00870,20.0,1024,1.3189914529993985,,,,,,,,,
,2,0.09235106370875129,45,1961576188,henon_loc,,,,,,,,,,,,,,,,,,,,,,,estimated,0,2,,pad0,0,0,False,False,,36,ok,skewed_henon,henon_loc:00871,20.0,1024,2.786445530000492,4.0,32.0,0.006994824787522114,0.007161633394360378,1.0,0.03920002332485428,1.3013844641577903,-0.5603812570665248,True
,2,0.11082127645050155,45,1961576188,henon_loc,,0.03279513111184096,-0.045497785163510884,-0.03279513111184096,-0.0017651737057003958,-0.0026526744765079657,0.8973947114226961,1.0,,0.9301898425345371,True,,0.01877866136787265,0.017151768182743554,0.01877866136787265,0.007973586913948782,0.007421351535420229,-1.8842129607063836,2.0,,-1.9029916220742562,True,estimated,0,1,,pad10,0,0,False,False,,2,ok,skewed_henon,henon_loc:00872,20.0,1024,0.9307879570005753,,,,,,,,,
,2,0.11082127645050155,45,1961576188,henon_loc,,,,,,,,,,,,,,,,,,,,,,,estimated,0,2,,pad10,0,0,False,False,,27,ok,skewed_henon,henon_loc:00873,20.0,1024,2.71887473499919,5.0,22.0,0.007415489503198924,0.003548868350833123,1.0,0.006335674027978078,1.3013844641577903,-0.5603812570665248,True
,2,0.13852659556312694,45,1961576188,henon_loc,,0.01417980612960612,-0.017792466050885136,-0.01417980612960612,-0.0017124125289247338,-0.0026526744765079657,0.916010036404931,1.0,,0.9301898425345371,True,,0.03322916518474406,0.04485708729536908,0.03322916518474406,0.007948061494473357,0.007421351535420229,-1.8697624568895121,2.0,,-1.9029916220742562,True,estimated,0,1,,pad25,0,0,False,False,,2,ok,skewed_henon,henon_loc:00874,20.0,1024,0.9950183229993854,,,,,,,,,
,2,0.13852659556312694,45,1961576188,henon_loc,,,,,,,,,,,,,,,,,,,,,,,estimated,0,2,,pad25,0,0,False,False,,43,ok,skewed_henon,henon_loc:00875,20.0,1024,3.104168906000268,6.0,37.0,0.0015495499823273695,0.014819112630959808,1.0,0.014819112630959808,1.3013844641577903,-0.5603812570665248,True
,2,0.11082127645050155,45,1961576188,henon_loc,,0.003414293568579141,0.009912853061739724,0.003414293568579141,-0.0018497170628196669,-0.0026526744765079657,0.9336041361031162,1.0,,0.9301898425345371,True,,0.060736052282954534,0.07256240640799416,0.060736052282954534,0.008095945968966234,0.007421351535420229,-1.8422555697913017,2.0,,-1.9029916220742562,True,estimated,0,1,,pad10_shift,0,0,False,False,,2,ok,skewed_henon,henon_loc:00876,20.0,1024,1.9462434839988418,,,,,,,,,
,2,0.11082127645050155,45,1961576188,henon_loc,,,,,,,,,,,,,,,,,,,,,,,estimated,0,2,,pad10_shift,0,0,False,False,,35,ok,skewed_henon,henon_loc:00877,20.0,1024,4.944220394001604,3.0,32.0,0.003339596481318874,0.019191304128250763,1.0,0.019191304128250763,1.3013844641577903,-0.5603812570665248,True
,2,0.09235106370875129,45,1961576188,henon_loc,,0.018928639942608294,0.028383065803489815,0.018928639942608294,-0.0020812270511326725,-0.002965724651169177,0.9491184824771454,1.0,,0.9301898425345371,True,,0.003015831600417407,-0.0013184445590066485,0.003015831600417407,0.0076333847858549575,0.006619852794041314,-1.8999757904738388,2.0,,-1.9029916220742562,True,estimated,0,1,,pad0,0,0,False,False,,2,ok,skewed_henon,henon_loc:00878,40.0,1024,1.01347752699985,,,,,,,,,
,2,0.09235106370875129,45,1961576188,henon_loc,,,,,,,,,,,,,,,,,,,,,,,estimated,0,2,,pad0,0,0,False,False,,23,ok,skewed_henon,henon_loc:00879,40.0,1024,2.781029657000545,2.0,21.0,0.008269275635664486,0.01017224860683208,1.0,0.04151852131132261,1.3013844641577903,-0.5603812570665248,True
,2,0.11082127645050155,45,1961576188,henon_loc,,0.03621676847202082,-0.045497785163510884,-0.03621676847202082,-0.0018621727723654447,-0.002965724651169177,0.8939730740625162,1.0,,0.9301898425345371,True,,0.018618804463845118,0.017151768182743554,0.018618804463845118,0.007536676818794996,0.006619852794041314,-1.884372817610411,2.0,,-1.9029916220742562,True,estimated,0,1,,pad10,0,0,False,False,,2,ok,skewed_henon,henon_loc:00880,40.0,1024,1.0888226429997303,,,,,,,,,
,2,0.11082127645050155,45,1961576188,henon_loc,,,,,,,,,,,,,,,,,,,,,,,estimated,0,2,,pad10,0,0,False,False,,19,ok,skewed_henon,henon_loc:00881,40.0,1024,2.73645912199936,2.0,17.0,0.012945656905536507,0.0061071901648643845,1.0,0.007730539958810789,1.3013844641577903,-0.5603812570665248,True
,2,0.13852659556312694,45,1961576188,henon_loc,,0.015888039233519335,-0.017792466050885136,-0.015888039233519335,-0.0020353796772066834,-0.002965724651169177,0.9143018033010177,1.0,,0.9301898425345371,True,,0.036524795719523384,0.04485708729536908,0.036524795719523384,0.007780527140174742,0.006619852794041314,-1.8664668263547328,2.0,,-1.9029916220742562,True,estimated,0,1,,pad25,0,0,False,False,,2,ok,skewed_henon,henon_loc:00882,40.0,1024,1.1997470510013954,,,,,,,,,
,2,0.13852659556312694,45,1961576188,henon_loc,,,,,,,,,,,,,,,,,,,,,,,estimated,0,2,,pad25,0,0,False,False,,17,ok,skewed_henon,henon_loc:00883,40.0,1024,2.749221152998871,2.0,15.0,0.00409576040533699,0.01826295387142196,1.0,0.01826295387142196,1.3013844641577903,-0.5603812570665248,True
,2,0.11082127645050155,45,1961576188,henon_loc,,0.003938550240405236,0.009912853061739724,0.003938550240405236,-0.0018795667732460775,-0.002965724651169177,0.9341283927749423,1.0,,0.9301898425345371,True,,2.8371200148491984,2.843094317670533,2.8371200148491984,2.831301897835547,0.006619852794041314,0.9341283927749423,1.0,,-1.9029916220742562,False,estimated,0,1,,pad10_shift,0,0,False,False,,1,ok,skewed_henon,henon_loc:00884,40.0,1024,1.373602090001441,,,,,,,,,
,2,0.11082127645050155,45,1961576188,henon_loc,,,,,,,,,,,,,,,,,,,,,,,estimated,0,2,,pad10_shift,0,0,False,False,,20,ok,skewed_henon,henon_loc:00885,40.0,1024,3.7209974870002043,2.0,18.0,0.0033128560888741054,0.021460367122813517,1.0,0.021460367122813517,1.3013844641577903,-0.5603812570665248,True
,2,0.06926329778156347,60,1961576188,henon_loc,,0.004111835977337219,0.01683918283989594,0.004111835977337219,-0.0014292278451878415,-0.00046100821316052976,0.9343016785118743,1.0,,0.9301898425345371,True,,0.010471940477634334,0.010225438404587006,0.010471940477634334,0.05480045105783504,0.00767415642217828,-1.8925196815966219,2.0,,-1.9029916220742562,True,estimated,0,1,,pad0,0,0,False,False,,2,ok,skewed_henon,henon_loc:00886,2.5,1024,0.7210917100001097,,,,,,,,,
,2,0.06926329778156347,60,1961576188,henon_loc,,,,,,,,,,,,,,,,,,,,,,,estimated,0,2,,pad0,0,0,False,False,,25,ok,skewed_henon,henon_loc:00887,2.5,1024,4.924224437998419,2.0,23.0,0.0018119894728708674,0.004721549929599833,1.0,0.004721549929599833,1.3013844641577903,-0.5603812570665248,True
,2,0.08311595733787616,60,1961576188,henon_loc,,0.005320165036618696,0.023765512618052265,0.005320165036618696,-0.0015369014437560669,-0.00046100821316052976,0.9355100075711558,1.0,,0.9301898425345371,True,,0.03547240935242901,0.031004427739056206,0.03547240935242901,0.054796869433485274,0.00767415642217828,-1.8675192127218272,2.0,,-1.9029916220742562,True,estimated,0,1,,pad10,0,0,False,False,,3,ok,skewed_henon,henon_loc:00888,2.5,1024,0.9520656439999584,,,,,,,,,
,2,0.08311595733787616,60,1961576188,henon_loc,,,,,,,,,,,,,,,,,,,,,,,estimated,0,2,,pad10,0,0,False,False,,23,ok,skewed_henon,henon_loc:00889,2.5,1024,4.556723472000158,2.0,21.0,0.002155041861632845,0.004281247209981354,1.0,0.004281247209981354,1.3013844641577903,-0.5603812570665248,True
,2,0.1038949466723452,60,1961576188,henon_loc,,0.006774843015779464,0.03415500728528631,0.006774843015779464,-0.0015367527180081275,-0.00046100821316052976,0.9369646855503165,1.0,,0.9301898425345371,True,,0.04870365467742177,0.062172911740759895,0.04870365467742177,0.054937351477762464,0.00767415642217828,-1.8542879673968344,2.0,,-1.9029916220742562,True,estimated,0,1,,pad25,0,0,False,False,,4,ok,skewed_henon,henon_loc:00890,2.5,1024,1.0941905850013427,,,,,,,,,
,2,0.1038949466723452,60,1961576188,henon_loc,,,,,,,,,,,,,,,,,,,,,,,estimated,0,2,,pad25,0,0,False,False,,18,ok,skewed_henon,henon_loc:00891,2.5,1024,3.3742570929989597,2.0,16.0,0.0024217969115619686,0.005304886241155882,1.0,0.005304886241155882,1.3013844641577903,-0.5603812570665248,True
,2,0.08311595733787616,60,1961576188,henon_loc,,0.004616759454684316,-0.01779246605088569,-0.004616759454684316,-0.0014999110545139693,-0.00046100821316052976,0.9255730830798528,1.0,,0.9301898425345371,True,,0.056846653062512464,0.07256240640799416,0.056846653062512464,0.05476875412906557,0.00767415642217828,-1.8461449690117437,2.0,,-1.9029916220742562,True,estimated,0,1,,pad10_shift,0,0,False,False,,4,ok,skewed_henon,henon_loc:00892,2.5,1024,0.6531647039992095,,,,,,,,,
,2,0.08311595733787616,60,1961576188,henon_loc,,,,,,,,,,,,,,,,,,,,,,,estimated,0,2,,pad10_shift,0,0,False,False,,23,ok,skewed_henon,henon_loc:00893,2.5,1024,2.761633088999588,2.0,21.0,0.0003719304151582614,0.005004020109433571,1.0,0.005004020109433571,1.3013844641577903,-0.5603812570665248,True
,2,0.06926329778156347,60,1961576188,henon_loc,,0.005729230402267027,0.01683918283989594,0.005729230402267027,-0.0018897323537049315,-0.0012816909990681635,0.9359190729368041,1.0,,0.9301898425345371,True,,0.011757565844700446,0.010225438404587006,0.011757565844700446,0.055047126958177595,0.010407009368931686,-1.8912340562295558,2.0,,-1.9029916220742562,True,estimated,0,1,,pad0,0,0,False,False,,2,ok,skewed_henon,henon_loc:00894,5.0,1024,0.7067294659991603,,,,,,,,,
,2,0.06926329778156347,60,1961576188,henon_loc,,,,,,,,,,,,,,,,,,,,,,,estimated,0,2,,pad0,0,0,False,False,,35,ok,skewed_henon,henon_loc:00895,5.0,1024,2.7964438250000967,3.0,32.0,0.002343536843548155,0.004889095551502964,1.0,0.004889095551502964,1.3013844641577903,-0.5603812570665248,True
,2,0.08311595733787616,60,1961576188,henon_loc,,0.007725979257500515,0.023765512618052265,0.007725979257500515,-0.001832355836355215,-0.0012816909990681635,0.9379158217920376,1.0,,0.9301898425345371,True,,0.029323575688631864,0.031004427739056206,0.029323575688631864,0.0550895224633734,0.010407009368931686,-1.8736680463856243,2.0,,-1.9029916220742562,True,estimated,0,1,,pad10,0,0,False,False,,2,ok,skewed_henon,henon_loc:00896,5.0,1024,0.6898722440000711,,,,,,,,,
,2,0.08311595733787616,60,1961576188,henon_loc,,,,,,,,,,,,,,,,,,,,,,,estimated,0,2,,pad10,0,0,False,False,,36,ok,skewed_henon,henon_loc:00897,5.0,1024,2.7214087530010147,2.0,34.0,0.002866460886784994,0.004082773071674262,1.0,0.004082773071674262,1.3013844641577903,-0.5603812570665248,True
,2,0.1038949466723452,60,1961576188,henon_loc,,0.010032155119611419,0.03415500728528631,0.010032155119611419,-0.001915763747708299,-0.0012816909990681635,0.9402219976541485,1.0,,0.9301898425345371,True,,0.04520620719315738,0.062172911740759895,0.04520620719315738,0.0550762271270302,0.010407009368931686,-1.8577854148810988,2.0,,-1.9029916220742562,True,estimated,0,1,,pad25,0,0,False,False,,3,ok,skewed_henon,henon_loc:00898,5.0,1024,0.7193533800000296,,,,,,,,,
,2,0.1038949466723452,60,1961576188,henon_loc,,,,,,,,,,,,,,,,,,,,,,,estimated,0,2,,pad25,0,0,False,False,,28,ok,skewed_henon,henon_loc:00899,5.0,1024,2.6914943470001162,2.0,26.0,0.0033326164056400875,0.005780058239770125,1.0,0.005780058239770125,1.3013844641577903,-0.5603812570665248,True
,2,0.08311595733787616,60,1961576188,henon_loc,,0.00809717925605502,-0.01779246605088569,-0.00809717925605502,-0.001863482455714327,-0.0012816909990681635,0.922092663278482,1.0,,0.9301898425345371,True,,0.00034190273142087335,-0.010553550929881972,0.00034190273142087335,0.054990644681074397,0.010407009368931686,-1.9026497193428353,2.0,,-1.9029916220742562,True,estimated,0,1,,pad10_shift,0,0,False,False,,2,ok,skewed_henon,henon_loc:00900,5.0,1024,0.7287758220008982,,,,,,,,,
,2,0.08311595733787616,60,1961576188,henon_loc,,,,,,,,,,,,,,,,,,,,,,,estimated,0,2,,pad10_shift,0,0,False,False,,36,ok,skewed_henon,henon_loc:00901,5.0,1024,3.6000291660002404,2.0,34.0,0.0008635945602543105,0.0053119662361863496,1.0,0.0053119662361863496,1.3013844641577903,-0.5603812570665248,True
,2,0.06926329778156347,60,1961576188,henon_loc,,0.008352584868257962,0.01683918283989594,0.008352584868257962,-0.0018637515545226746,-0.002332974474537286,0.938542427402795,1.0,,0.9301898425345371,True,,0.010813370266893108,0.010225438404587006,0.010813370266893108,0.008389154844538282,0.008459631039873017,-1.892178251807363,2.0,,-1.9029916220742562,True,estimated,0,1,,pad0,0,0,False,False,,2,ok,skewed_henon,henon_loc:00902,10.0,1024,0.739130246998684,,,,,,,,,
,2,0.06926329778156347,60,1961576188,henon_loc,,,,,,,,,,,,,,,,,,,,,,,estimated,0,2,,pad0,0,0,False,False,,52,ok,skewed_henon,henon_loc:00903,10.0,1024,4.356136508999043,2.0,50.0,0.003417816743283786,0.006124099994884169,1.0,0.006124099994884169,1.3013844641577903,-0.5603812570665248,True
0.0,2,0.08311595733787616,60,1961576188,henon_loc,0.0,0.011619257444607678,0.023765512618052265,0.011619257444607678,-0.0018870856227971577,-0.002332974474537286,0.9418090999791447,1.0,True,0.9301898425345371,True,0.0,0.027169152339272085,0.031004427739056206,0.027169152339272085,0.008468061938250004,0.008459631039873017,-1.8758224697349841,2.0,True,-1.9029916220742562,True,estimated,0,1,6.558735032238256,pad10,0,0,True,True,2.0,3,ok,skewed_henon,henon_loc:00904,10.0,1024,39.200587146000544,,,,,,,,,
,2,0.08311595733787616,60,1961576188,henon_loc,,,,,,,,,,,,,,,,,,,,,,,estimated,0,2,,pad10,0,0,False,False,,60,ok,skewed_henon,henon_loc:00905,10.0,1024,4.40292087799935,2.0,58.0,0.00429355792939401,0.003629031008698602,1.0,0.003787741084800955,1.3013844641577903,-0.5603812570665248,True
,2,0.1038949466723452,60,1961576188,henon_loc,,0.015091599381010123,0.03415500728528631,0.015091599381010123,-0.0017913294532460045,-0.002332974474537286,0.9452814419155472,1.0,,0.9301898425345371,True,,0.046675055087317396,0.062172911740759895,0.046675055087317396,0.00849366218523051,0.008459631039873017,-1.8563165669869388,2.0,,-1.9029916220742562,True,estimated,0,1,,pad25,0,0,False,False,,3,ok,skewed_henon,henon_loc:00906,10.0,1024,0.8170395449997159,,,,,,,,,
,2,0.1038949466723452,60,1961576188,henon_loc,,,,,,,,,,,,,,,,,,,,,,,estimated,0,2,,pad25,0,0,False,False,,42,ok,skewed_henon,henon_loc:00907,10.0,1024,2.706551244000366,2.0,40.0,0.005221382571027555,0.008311197943573934,1.0,0.008311197943573934,1.3013844641577903,-0.5603812570665248,True
,2,0.08311595733787616,60,1961576188,henon_loc,,0.012499374941975172,-0.01779246605088569,-0.012499374941975172,-0.0019020903813959933,-0.002332974474537286,0.9176904675925619,1.0,,0.9301898425345371,True,,0.0013416219899191617,-0.010553550929881972,-0.0013416219899191617,0.008424502997281369,0.008459631039873017,-1.9043332440641754,2.0,,-1.9029916220742562,True,estimated,0,1,,pad10_shift,0,0,False,False,,2,ok,skewed_henon,henon_loc:00908,10.0,1024,0.7967730420004955,,,,,,,,,
,2,0.08311595733787616,60,1961576188,henon_loc,,,,,,,,,,,,,,,,,,,,,,,estimated,0,2,,pad10_shift,0,0,False,False,,54,ok,skewed_henon,henon_loc:00909,10.0,1024,2.695526264000364,3.0,51.0,0.0015213652986935111,0.006636879456859757,1.0,0.006636879456859757,1.3013844641577903,-0.5603812570665248,True
,2,0.06926329778156347,60,1961576188,henon_loc,,0.010084478731930635,0.01683918283989594,0.010084478731930635,-0.0018634401353890828,-0.0026526744765079657,0.9402743212664677,1.0,,0.9301898425345371,True,,0.010682573063077294,0.010225438404587006,0.010682573063077294,0.008085199396268727,0.007421351535420229,-1.892309049011179,2.0,,-1.9029916220742562,True,estimated,0,1,,pad0,0,0,False,False,,2,ok,skewed_henon,henon_loc:00910,20.0,1024,0.8210316039985628,,,,,,,,,
,2,0.06926329778156347,60,1961576188,henon_loc,,,,,,,,,,,,,,,,,,,,,,,estimated,0,2,,pad0,0,0,False,False,,62,ok,skewed_henon,henon_loc:00911,20.0,1024,3.6115126659988164,3.0,59.0,0.004764544312443442,0.006880566589660075,1.0,0.006880566589660075,1.3013844641577903,-0.5603812570665248,True
,2,0.08311595733787616,60,1961576188,henon_loc,,0.014307114016700151,0.023765512618052265,0.014307114016700151,-0.001900497664185652,-0.0026526744765079657,0.9444969565512372,1.0,,0.9301898425345371,True,,0.02762394180205141,0.031004427739056206,0.02762394180205141,0.008091691827650571,0.007421351535420229,-1.8753676802722048,2.0,,-1.9029916220742562,True,estimated,0,1,,pad10,0,0,False,False,,2,ok,skewed_henon,henon_loc:00912,20.0,1024,1.5065016560001823,,,,,,,,,
,2,0.08311595733787616,60,1961576188,henon_loc,,,,,,,,,,,,,,,,,,,,,,,estimated,0,2,,pad10,0,0,False,False,,72,ok,skewed_henon,henon_loc:00913,20.0,1024,4.734345700000631,5.0,67.0,0.00618350737772122,0.0035044178908647527,1.0,0.0035044178908647527,1.3013844641577903,-0.5603812570665248,True
,2,0.1038949466723452,60,1961576188,henon_loc,,0.01987305795337624,0.03415500728528631,0.01987305795337624,-0.0016851434811354649,-0.0026526744765079657,0.9500629004879133,1.0,,0.9301898425345371,True,,0.05025337407001573,0.062172911740759895,0.05025337407001573,0.008175920667715886,0.007421351535420229,-1.8527382480042405,2.0,,-1.9029916220742562,True,estimated,0,1,,pad25,0,0,False,False,,3,ok,skewed_henon,henon_loc:00914,20.0,1024,0.9389568120004697,,,,,,,,,
,2,0.1038949466723452,60,1961576188,henon_loc,,,,,,,,,,,,,,,,,,,,,,,estimated,0,2,,pad25,0,0,False,False,,69,ok,skewed_henon,henon_loc:00915,20.0,1024,2.8946745930006728,7.0,62.0,0.007928173545466488,0.012359826585752631,1.0,0.012359826585752631,1.3013844641577903,-0.5603812570665248,True
,2,0.08311595733787616,60,1961576188,henon_loc,,0.014312249985426129,-0.01779246605088569,-0.014312249985426129,-0.001844856384744742,-0.0026526744765079657,0.9158775925491109,1.0,,0.9301898425345371,True,,0.0029324723887560467,-0.010553550929881972,-0.0029324723887560467,0.008080391958512623,0.007421351535420229,-1.9059240944630123,2.0,,-1.9029916220742562,True,estimated,0,1,,pad10_shift,0,0,False,False,,2,ok,skewed_henon,henon_loc:00916,20.0,1024,0.8616522339998482,,,,,,,,,
,2,0.08311595733787616,60,1961576188,henon_loc,,,,,,,,,,,,,,,,,,,,,,,estimated,0,2,,pad10_shift,0,0,False,False,,76,ok,skewed_henon,henon_loc:00917,20.0,1024,2.7995233170004212,6.0,70.0,0.0030885714104217366,0.008221543509217555,1.0,0.008221543509217555,1.3013844641577903,-0.5603812570665248,True
,2,0.06926329778156347,60,1961576188,henon_loc,,0.011240405005568999,0.01683918283989594,0.011240405005568999,-0.0019196215729281318,-0.002965724651169177,0.9414302475401061,1.0,,0.9301898425345371,True,,0.01043446733269926,0.010225438404587006,0.01043446733269926,0.0076639354214367295,0.006619852794041314,-1.892557154741557,2.0,,-1.9029916220742562,True,estimated,0,1,,pad0,0,0,False,False,,2,ok,skewed_henon,henon_loc:00918,40.0,1024,0.9439061960001709,,,,,,,,,
,2,0.06926329778156347,60,1961576188,henon_loc,,,,,,,,,,,,,,,,,,,,,,,estimated,0,2,,pad0,0,0,False,False,,37,ok,skewed_henon,henon_loc:00919,40.0,1024,4.040969415000291,2.0,35.0,0.005172880824881099,0.007196606990742316,1.0,0.007196606990742316,1.3013844641577903,-0.5603812570665248,True
,2,0.08311595733787616,60,1961576188,henon_loc,,0.015880177451829014,0.023765512618052265,0.015880177451829014,-0.001989753375814307,-0.002965724651169177,0.9460700199863661,1.0,,0.9301898425345371,True,,0.028381810285178943,0.031004427739056206,0.028381810285178943,0.007602820950709965,0.006619852794041314,-1.8746098117890773,2.0,,-1.9029916220742562,True,estimated,0,1,,pad10,0,0,False,False,,2,ok,skewed_henon,henon_loc:00920,40.0,1024,1.6910540959997888,,,,,,,,,
,2,0.08311595733787616,60,1961576188,henon_loc,,,,,,,,,,,,,,,,,,,,,,,estimated,0,2,,pad10,0,0,False,False,,36,ok,skewed_henon,henon_loc:00921,40.0,1024,4.166213673001039,2.0,34.0,0.007048553803037705,0.0036413133301020917,1.0,0.0036413133301020917,1.3013844641577903,-0.5603812570665248,True
,2,0.1038949466723452,60,1961576188,henon_loc,,0.022411062973111573,0.03415500728528631,0.022411062973111573,-0.0020042494948895317,-0.002965724651169177,0.9526009055076486,1.0,,0.9301898425345371,True,,2.855592527581905,2.8673364718940797,2.855592527581905,2.831177215113904,0.006619852794041314,0.9526009055076486,1.0,,-1.9029916220742562,False,estimated,0,1,,pad25,0,0,False,False,,1,ok,skewed_henon,henon_loc:00922,40.0,1024,2.186762004999764,,,,,,,,,
,2,0.1038949466723452,60,1961576188,henon_loc,,,,,,,,,,,,,,,,,,,,,,,estimated,0,2,,pad25,0,0,False,False,,42,ok,skewed_henon,henon_loc:00923,40.0,1024,2.8565324600003805,6.0,36.0,0.009654749393280815,0.01334915236448786,1.0,0.01334915236448786,1.3013844641577903,-0.5603812570665248,True
,2,0.08311595733787616,60,1961576188,henon_loc,,0.015593986939317128,-0.01779246605088569,-0.015593986939317128,-0.0018798539785676027,-0.002965724651169177,0.9145958555952199,1.0,,0.9301898425345371,True,,0.004237786471541938,-0.010553550929881972,-0.004237786471541938,0.007606237449105491,0.006619852794041314,-1.9072294085457981,2.0,,-1.9029916220742562,True,estimated,0,1,,pad10_shift,0,0,False,False,,2,ok,skewed_henon,henon_loc:00924,40.0,1024,0.9806465149995347,,,,,,,,,
,2,0.08311595733787616,60,1961576188,henon_loc,,,,,,,,,,,,,,,,,,,,,,,estimated,0,2,,pad10_shift,0,0,False,False,,33,ok,skewed_henon,henon_loc:00925,40.0,1024,2.8079879119995894,2.0,31.0,0.004653571972571657,0.008883793381722072,1.0,0.008883793381722072,1.3013844641577903,-0.5603812570665248,True
,2,0.046175531854375645,90,1961576188,henon_loc,,0.0014654480010730664,0.005295299876302062,0.0014654480010730664,-0.0015359615694613415,-0.00046100821316052976,0.9316552905356101,1.0,,0.9301898425345371,True,,0.05764127668273167,0.06794485322255683,0.05764127668273167,0.05487074477146914,0.00767415642217828,-1.8453503453915245,2.0,,-1.9029916220742562,False,estimated,0,1,,pad0,0,0,False,False,,3,ok,skewed_henon,henon_loc:00926,2.5,1024,0.6723070150001149,,,,,,,,,
,2,0.046175531854375645,90,1961576188,henon_loc,,,,,,,,,,,,,,,,,,,,,,,estimated,0,2,,pad0,0,0,False,False,,32,ok,skewed_henon,henon_loc:00927,2.5,1024,2.6913763219999964,2.0,30.0,0.0009309661251567514,0.0049259716124645525,1.0,0.0049259716124645525,1.3013844641577903,-0.5603812570665248,True
,2,0.055410638225250775,90,1961576188,henon_loc,,0.005563838664934595,-0.01779246605088569,-0.005563838664934595,-0.001546567393603926,-0.00046100821316052976,0.9246260038696025,1.0,,0.9301898425345371,True,,0.04780197215929349,0.04485708729536886,0.04780197215929349,0.054866828533012946,0.00767415642217828,-1.8551896499149627,2.0,,-1.9029916220742562,True,estimated,0,1,,pad10,0,0,False,False,,6,ok,skewed_henon,henon_loc:00928,2.5,1024,0.7200238559998979,,,,,,,,,
,2,0.055410638225250775,90,1961576188,henon_loc,,,,,,,,,,,,,,,,,,,,,,,estimated,0,2,,pad10,0,0,False,False,,33,ok,skewed_henon,henon_loc:00929,2.5,1024,2.7539654669999436,2.0,31.0,0.0007940264342314318,0.0054835938016952745,1.0,0.0054835938016952745,1.3013844641577903,-0.5603812570665248,True
,2,0.06926329778156347,90,1961576188,henon_loc,,0.004111835977337219,0.016839182839896383,0.004111835977337219,-0.0014292278451878415,-0.00046100821316052976,0.9343016785118743,1.0,,0.9301898425345371,True,,0.010471940477634334,0.010225438404587228,0.010471940477634334,0.05480045105783504,0.00767415642217828,-1.8925196815966219,2.0,,-1.9029916220742562,True,estimated,0,1,,pad25,0,0,False,False,,5,ok,skewed_henon,henon_loc:00930,2.5,1024,0.6643186399996921,,,,,,,,,
,2,0.06926329778156347,90,1961576188,henon_loc,,,,,,,,,,,,,,,,,,,,,,,estimated,0,2,,pad25,0,0,False,False,,26,ok,skewed_henon,henon_loc:00931,2.5,1024,2.7085638030002883,2.0,24.0,0.0018119894728708674,0.004721549929599833,1.0,0.004721549929599833,1.3013844641577903,-0.5603812570665248,True
,2,0.055410638225250775,90,1961576188,henon_loc,,0.002640828313466126,0.009912853061739613,0.002640828313466126,-0.0015149695534276697,-0.00046100821316052976,0.9328306708480032,1.0,,0.9301898425345371,True,,0.05832754131299378,0.07256240640799416,0.05832754131299378,0.05486437642391562,0.00767415642217828,-1.8446640807612624,2.0,,-1.9029916220742562,False,estimated,0,1,,pad10_shift,0,0,False,False,,5,ok,skewed_henon,henon_loc:00932,2.5,1024,0.6782096059996547,,,,,,,,,
,2,0.055410638225250775,90,1961576188,henon_loc,,,,,,,,,,,,,,,,,,,,,,,estimated,0,2,,pad10_shift,0,0,False,False,,28,ok,skewed_henon,henon_loc:00933,2.5,1024,4.196248934000323,2.0,26.0,0.0013119930858010997,0.009223273650743158,1.0,0.010675824742929052,1.3013844641577903,-0.5603812570665248,True
,2,0.046175531854375645,90,1961576188,henon_loc,,0.0017266873873510447,0.005295299876302062,0.0017266873873510447,-0.0018519163313630571,-0.0012816909990681635,0.9319165299218881,1.0,,0.9301898425345371,True,,0.019143351228972705,0.021769321368181105,0.019143351228972705,0.05504482724574977,0.010407009368931686,-1.8838482708452835,2.0,,-1.9029916220742562,True,estimated,0,1,,pad0,0,0,False,False,,2,ok,skewed_henon,henon_loc:00934,5.0,1024,1.0271226220011158,,,,,,,,,
,2,0.046175531854375645,90,1961576188,henon_loc,,,,,,,,,,,,,,,,,,,,,,,estimated,0,2,,pad0,0,0,False,False,,41,ok,skewed_henon,henon_loc:00935,5.0,1024,4.567249774998345,2.0,39.0,0.0011098200842368788,0.004128509105917111,1.0,0.004128509105917111,1.3013844641577903,-0.5603812570665248,True
,2,0.055410638225250775,90,1961576188,henon_loc,,0.008836733906768757,-0.01779246605088569,-0.008836733906768757,-0.0019104041286124307,-0.0012816909990681635,0.9213531086277683,1.0,,0.9301898425345371,True,,0.043685511519266695,0.04485708729536886,0.043685511519266695,0.05504469235544307,0.010407009368931686,-1.8593061105549895,2.0,,-1.9029916220742562,True,estimated,0,1,,pad10,0,0,False,False,,3,ok,skewed_henon,henon_loc:00936,5.0,1024,1.294117757001004,,,,,,,,,
,2,0.055410638225250775,90,1961576188,henon_loc,,,,,,,,,,,,,,,,,,,,,,,estimated,0,2,,pad10,0,0,False,False,,48,ok,skewed_henon,henon_loc:00937,5.0,1024,3.9472790869986056,2.0,46.0,0.0012575565375988473,0.006692171774338007,1.0,0.006692171774338007,1.3013844641577903,-0.5603812570665248,True
,2,0.06926329778156347,90,1961576188,henon_loc,,0.005729230402267027,0.016839182839896383,0.005729230402267027,-0.0018897323537049315,-0.0012816909990681635,0.9359190729368041,1.0,,0.9301898425345371,True,,0.011757565844700446,0.010225438404587228,0.011757565844700446,0.055047126958177595,0.010407009368931686,-1.8912340562295558,2.0,,-1.9029916220742562,True,estimated,0,1,,pad25,0,0,False,False,,3,ok,skewed_henon,henon_loc:00938,5.0,1024,1.2894060279995756,,,,,,,,,
,2,0.06926329778156347,90,1961576188,henon_loc,,,,,,,,,,,,,,,,,,,,,,,estimated,0,2,,pad25,0,0,False,False,,41,ok,skewed_henon,henon_loc:00939,5.0,1024,3.0372014490003494,3.0,38.0,0.002343536843548155,0.004889095551502964,1.0,0.004889095551502964,1.3013844641577903,-0.5603812570665248,True
,2,0.055410638225250775,90,1961576188,henon_loc,,0.003685085895378526,0.009912853061739613,0.003685085895378526,-0.0018559779271465349,-0.0012816909990681635,0.9338749284299156,1.0,,0.9301898425345371,True,,0.015361283662392644,0.017151768182743332,0.015361283662392644,0.05511841658901018,0.010407009368931686,-1.8876303384118636,2.0,,-1.9029916220742562,True,estimated,0,1,,pad10_shift,0,0,False,False,,4,ok,skewed_henon,henon_loc:00940,5.0,1024,0.6858366819997173,,,,,,,,,
,2,0.055410638225250775,90,1961576188,henon_loc,,,,,,,,,,,,,,,,,,,,,,,estimated,0,2,,pad10_shift,0,0,False,False,,41,ok,skewed_henon,henon_loc:00941,5.0,1024,2.6482864570007223,2.0,39.0,0.0016383241925729264,0.0059801386878257645,1.0,0.0059801386878257645,1.3013844641577903,-0.5603812570665248,True
,2,0.046175531854375645,90,1961576188,henon_loc,,0.0024193953051860895,0.005295299876302062,0.0024193953051860895,-0.001851841391343645,-0.002332974474537286,0.9326092378397232,1.0,,0.9301898425345371,True,,0.018698451468160515,0.021769321368181105,0.018698451468160515,0.008424395630561854,0.008459631039873017,-1.8842931706060957,2.0,,-1.9029916220742562,True,estimated,0,1,,pad0,0,0,False,False,,3,ok,skewed_henon,henon_loc:00942,10.0,1024,0.7169593540002097,,,,,,,,,
,2,0.046175531854375645,90,1961576188,henon_loc,,,,,,,,,,,,,,,,,,,,,,,estimated,0,2,,pad0,0,0,False,False,,69,ok,skewed_henon,henon_loc:00943,10.0,1024,2.7894432729990513,2.0,67.0,0.0015209048364140942,0.003976269009691613,1.0,0.003976269009691613,1.3013844641577903,-0.5603812570665248,True
0.0,2,0.055410638225250775,90,1961576188,henon_loc,0.0,0.012082511764287984,-0.01779246605088569,-0.012082511764287984,-0.0018315436926166218,-0.002332974474537286,0.9181073307702491,1.0,True,0.9301898425345371,True,0.0,0.004104675250134138,-0.010553550929881972,-0.004104675250134138,0.008501244946110376,0.008459631039873017,-1.9070962973243903,2.0,True,-1.9029916220742562,True,estimated,0,1,6.5639814962513965,pad10,0,0,True,True,2.0,2,ok,skewed_henon,henon_loc:00944,10.0,1024,38.12513874399883,,,,,,,,,
,2,0.055410638225250775,90,1961576188,henon_loc,,,,,,,,,,,,,,,,,,,,,,,estimated,0,2,,pad10,0,0,False,False,,73,ok,skewed_henon,henon_loc:00945,10.0,1024,2.7076521859999048,2.0,71.0,0.0023628767414748397,0.008052706576538227,1.0,0.008052706576538227,1.3013844641577903,-0.5603812570665248,True
,2,0.06926329778156347,90,1961576188,henon_loc,,0.008352584868257962,0.016839182839896383,0.008352584868257962,-0.0018637515545226746,-0.002332974474537286,0.938542427402795,1.0,,0.9301898425345371,True,,0.010813370266893108,0.010225438404587228,0.010813370266893108,0.008389154844538282,0.008459631039873017,-1.892178251807363,2.0,,-1.9029916220742562,True,estimated,0,1,,pad25,0,0,False,False,,4,ok,skewed_henon,henon_loc:00946,10.0,1024,0.7635705869997764,,,,,,,,,
,2,0.06926329778156347,90,1961576188,henon_loc,,,,,,,,,,,,,,,,,,,,,,,estimated,0,2,,pad25,0,0,False,False,,65,ok,skewed_henon,henon_loc:00947,10.0,1024,3.954912762999811,2.0,63.0,0.003417816743283786,0.006124099994884169,1.0,0.006124099994884169,1.3013844641577903,-0.5603812570665248,True
,2,0.055410638225250775,90,1961576188,henon_loc,,0.005037527310813972,0.009912853061739613,0.005037527310813972,-0.0018888024673423542,-0.002332974474537286,0.935227369845351,1.0,,0.9301898425345371,True,,0.014890990460527664,0.017151768182743332,0.014890990460527664,0.008518767064623844,0.008459631039873017,-1.8881006316137285,2.0,,-1.9029916220742562,True,estimated,0,1,,pad10_shift,0,0,False,False,,4,ok,skewed_henon,henon_loc:00948,10.0,1024,1.1806170500003645,,,,,,,,,
,2,0.055410638225250775,90,1961576188,henon_loc,,,,,,,,,,,,,,,,,,,,,,,estimated,0,2,,pad10_shift,0,0,False,False,,71,ok,skewed_henon,henon_loc:00949,10.0,1024,4.2363700730002165,2.0,69.0,0.0023383790198286958,0.007680359922707103,1.0,0.007680359922707103,1.3013844641577903,-0.5603812570665248,True
,2,0.046175531854375645,90,1961576188,henon_loc,,0.00273169819751784,0.005295299876302062,0.00273169819751784,-0.0017704161582837719,-0.0026526744765079657,0.9329215407320549,1.0,,0.9301898425345371,True,,0.019232066391426272,0.021769321368181105,0.019232066391426272,0.008034499916740101,0.007421351535420229,-1.88375955568283,2.0,,-1.9029916220742562,True,estimated,0,1,,pad0,0,0,False,False,,2,ok,skewed_henon,henon_loc:00950,20.0,1024,0.7779999559988937,,,,,,,,,
,2,0.046175531854375645,90,1961576188,henon_loc,,,,,,,,,,,,,,,,,,,,,,,estimated,0,2,,pad0,0,0,False,False,,122,ok,skewed_henon,henon_loc:00951,20.0,1024,2.9667242060004355,3.0,119.0,0.0017659512011338752,0.003889226618570607,1.0,0.003889226618570607,1.3013844641577903,-0.5603812570665248,True
,2,0.055410638225250775,90,1961576188,henon_loc,,0.013651001139633134,-0.01779246605088569,-0.013651001139633134,-0.0018762405167673801,-0.0026526744765079657,0.9165388413949039,1.0,,0.9301898425345371,True,,0.005018818617864573,-0.010553550929881972,-0.005018818617864573,0.00800268136506932,0.007421351535420229,-1.9080104406921208,2.0,,-1.9029916220742562,True,estimated,0,1,,pad10,0,0,False,False,,2,ok,skewed_henon,henon_loc:00952,20.0,1024,0.8317697670008783,,,,,,,,,
,2,0.055410638225250775,90,1961576188,henon_loc,,,,,,,,,,,,,,,,,,,,,,,estimated,0,2,,pad10,0,0,False,False,,131,ok,skewed_henon,henon_loc:00953,20.0,1024,2.947564116999274,4.0,127.0,0.004066565528695887,0.008937022309143505,1.0,0.008937022309143505,1.3013844641577903,-0.5603812570665248,True
,2,0.06926329778156347,90,1961576188,henon_loc,,0.010084478731930635,0.016839182839896383,0.010084478731930635,-0.0018634401353890828,-0.0026526744765079657,0.9402743212664677,1.0,,0.9301898425345371,True,,0.010682573063077294,0.010225438404587228,0.010682573063077294,0.008085199396268727,0.007421351535420229,-1.892309049011179,2.0,,-1.9029916220742562,True,estimated,0,1,,pad25,0,0,False,False,,3,ok,skewed_henon,henon_loc:00954,20.0,1024,0.838329005999185,,,,,,,,,
,2,0.06926329778156347,90,1961576188,henon_loc,,,,,,,,,,,,,,,,,,,,,,,estimated,0,2,,pad25,0,0,False,False,,102,ok,skewed_henon,henon_loc:00955,20.0,1024,4.320821491999595,4.0,98.0,0.004764544312443442,0.006880566589660075,1.0,0.006880566589660075,1.3013844641577903,-0.5603812570665248,True
,2,0.055410638225250775,90,1961576188,henon_loc,,0.005729200300167436,0.009912853061739613,0.005729200300167436,-0.0017512358602413958,-0.0026526744765079657,0.9359190428347045,1.0,,0.9301898425345371,True,,0.015378473049860952,0.017151768182743332,0.015378473049860952,0.008036563485015247,0.007421351535420229,-1.8876131490243953,2.0,,-1.9029916220742562,True,estimated,0,1,,pad10_shift,0,0,False,False,,2,ok,skewed_henon,henon_loc:00956,20.0,1024,1.4431996570001502,,,,,,,,,
,2,0.055410638225250775,90,1961576188,henon_loc,,,,,,,,,,,,,,,,,,,,,,,estimated,0,2,,pad10_shift,0,0,False,False,,134,ok,skewed_henon,henon_loc:00957,20.0,1024,3.9152200240005186,4.0,130.0,0.003112831528452209,0.009487678204818106,1.0,0.009487678204818106,1.3013844641577903,-0.5603812570665248,True
,2,0.046175531854375645,90,1961576188,henon_loc,,0.0030230837266613797,0.005295299876302062,0.0030230837266613797,-0.0019407859476839873,-0.002965724651169177,0.9332129262611984,1.0,,0.9301898425345371,True,,0.019683497179854292,0.021769321368181105,0.019683497179854292,0.007677858897716661,0.006619852794041314,-1.883308124894402,2.0,,-1.9029916220742562,True,estimated,0,1,,pad0,0,0,False,False,,2,ok,skewed_henon,henon_loc:00958,40.0,1024,0.8131465369988291,,,,,,,,,
,2,0.046175531854375645,90,1961576188,henon_loc,,,,,,,,,,,,,,,,,,,,,,,estimated,0,2,,pad0,0,0,False,False,,132,ok,skewed_henon,henon_loc:00959,40.0,1024,3.1631592840003577,5.0,127.0,0.001760371068496469,0.0037014246830417985,1.0,0.0037014246830417985,1.3013844641577903,-0.5603812570665248,True
,2,0.055410638225250775,90,1961576188,henon_loc,,0.01466903877167991,-0.01779246605088569,-0.01466903877167991,-0.00192459197987227,-0.002965724651169177,0.9155208037628572,1.0,,0.9301898425345371,True,,0.0060513398240407135,-0.010553550929881972,-0.0060513398240407135,0.007662793136708812,0.006619852794041314,-1.909042961898297,2.0,,-1.9029916220742562,True,estimated,0,1,,pad10,0,0,False,False,,2,ok,skewed_henon,henon_loc:00960,40.0,1024,0.8839722789998632,,,,,,,,,
,2,0.055410638225250775,90,1961576188,henon_loc,,,,,,,,,,,,,,,,,,,,,,,estimated,0,2,,pad10,0,0,False,False,,138,ok,skewed_henon,henon_loc:00961,40.0,1024,3.02240244099994,6.0,132.0,0.00519501779245124,0.009376086318056642,1.0,0.009376086318056642,1.3013844641577903,-0.5603812570665248,True
,2,0.06926329778156347,90,1961576188,henon_loc,,0.011240405005568999,0.016839182839896383,0.011240405005568999,-0.0019196215729281318,-0.002965724651169177,0.9414302475401061,1.0,,0.9301898425345371,True,,0.01043446733269926,0.010225438404587228,0.01043446733269926,0.0076639354214367295,0.006619852794041314,-1.892557154741557,2.0,,-1.9029916220742562,True,estimated,0,1,,pad25,0,0,False,False,,2,ok,skewed_henon,henon_loc:00962,40.0,1024,0.9141303439992043,,,,,,,,,
,2,0.06926329778156347,90,1961576188,henon_loc,,,,,,,,,,,,,,,,,,,,,,,estimated,0,2,,pad25,0,0,False,False,,171,ok,skewed_henon,henon_loc:00963,40.0,1024,4.374417050001284,9.0,162.0,0.005172880824881099,0.007196606990742316,1.0,0.007196606990742316,1.3013844641577903,-0.5603812570665248,True
,2,0.055410638225250775,90,1961576188,henon_loc,,0.00634913887825439,0.009912853061739613,0.00634913887825439,-0.001962456855533201,-0.002965724651169177,0.9365389814127915,1.0,,0.9301898425345371,True,,0.015686746065516788,0.017151768182743332,0.015686746065516788,0.00765220352285545,0.006619852794041314,-1.8873048760087394,2.0,,-1.9029916220742562,True,estimated,0,1,,pad10_shift,0,0,False,False,,2,ok,skewed_henon,henon_loc:00964,40.0,1024,1.196957920999921,,,,,,,,,
,2,0.055410638225250775,90,1961576188,henon_loc,,,,,,,,,,,,,,,,,,,,,,,estimated,0,2,,pad10_shift,0,0,False,False,,136,ok,skewed_henon,henon_loc:00965,40.0,1024,5.466681542000515,7.0,129.0,0.003212147948255084,0.010160517489210319,1.0,0.010160517489210319,1.3013844641577903,-0.5603812570665248,True
0.0,7,0.16623191467575232,30,1961576188,henon_loc,0.0,0.010441272571492188,-0.01779246605088558,-0.010441272571492188,-0.0017140970510152176,-0.0020699112716497936,0.9197485699630449,1.0,True,0.9301898425345371,True,0.0,0.003203344793732521,-0.010553550929881972,-0.003203344793732521,0.01632890518066832,0.003370985663039505,-1.9061949668679887,2.0,True,-1.9029916220742562,True,estimated,0,1,9.054393984474318,pad10,0,0,True,True,2.0,2,ok,skewed_henon,henon_loc:00966,10.0,1024,40.1048179419995,,,,,,,,,
,7,0.16623191467575232,30,1961576188,henon_loc,,,,,,,,,,,,,,,,,,,,,,,estimated,0,2,,pad10,0,0,False,False,,20,ok,skewed_henon,henon_loc:00967,10.0,1024,3.31747926800017,4.0,16.0,0.0001934471441381591,0.008859830665989943,1.0,0.008859830665989943,1.3013844641577903,-0.5603812570665248,True
,2,0.2766905980526401,15,2479861447,henon_loc,,0.023031707622974795,0.12059360599935454,0.023031707622974795,0.00020473328363201926,0.00010346015208240189,0.9532215501575119,1.0,,0.9301898425345371,True,,0.01419466386780055,-0.08982150797089328,-0.01419466386780055,0.020391660888779528,0.01600817902582552,-1.9171862859420568,2.0,,-1.9029916220742562,True,estimated,0,1,,pad0,1,1,False,False,,2,ok,skewed_henon,henon_loc:00968,2.5,1024,0.6993325620005635,,,,,,,,,
,2,0.2766905980526401,15,2479861447,henon_loc,,,,,,,,,,,,,,,,,,,,,,,estimated,0,2,,pad0,1,1,False,False,,7,ok,skewed_henon,henon_loc:00969,2.5,1024,2.7017745909997757,2.0,5.0,0.007057319057005018,0.003390259987458344,1.0,0.003390259987458344,1.3013844641577903,-0.5603812570665248,True
,2,0.3320287176631682,15,2479861447,henon_loc,,0.006660423563008888,0.06525548638882761,0.006660423563008888,0.0008499210039034644,0.00010346015208240189,0.936850266097546,1.0,,0.9301898425345371,True,,0.00535263542191311,-0.08982150797089306,-0.00535263542191311,0.020379590196982544,0.01600817902582552,-1.9083442574961693,2.0,,-1.9029916220742562,True,estimated,0,1,,pad10,1,1,False,False,,2,ok,skewed_henon,henon_loc:00970,2.5,1024,0.7203846160009562,,,,,,,,,
,2,0.3320287176631682,15,2479861447,henon_loc,,,,,,,,,,,,,,,,,,,,,,,estimated,0,2,,pad10,1,1,False,False,,8,ok,skewed_henon,henon_loc:00971,2.5,1024,3.6214055639993603,2.0,6.0,0.006395314946386899,0.006144712861127721,1.0,0.006144712861127721,1.3013844641577903,-0.5603812570665248,True
,2,0.41503589707896027,15,2479861447,henon_loc,,0.013160964043981038,-0.017751693026965,-0.013160964043981038,0.00032770261108516774,0.00010346015208240189,0.917028878490556,1.0,,0.9301898425345371,True,,0.0016795465538657073,-0.0898215079708935,0.0016795465538657073,0.02035616192241907,0.01600817902582552,-1.9013120755203905,2.0,,-1.9029916220742562,True,estimated,0,1,,pad25,1,1,False,False,,2,ok,skewed_henon,henon_loc:00972,2.5,1024,1.0986770509989583,,,,,,,,,
,2,0.41503589707896027,15,2479861447,henon_loc,,,,,,,,,,,,,,,,,,,,,,,estimated,0,2,,pad25,1,1,False,False,,6,ok,skewed_henon,henon_loc:00973,2.5,1024,4.447375383999315,2.0,4.0,0.0010776048166624141,0.013688171144784156,1.0,0.013688171144784156,1.3013844641577903,-0.5603812570665248,True
,2,0.3320287176631682,15,2479861447,henon_loc,,0.02875230930914585,-0.1007588724427565,-0.02875230930914585,0.0003002034863813785,0.00010346015208240189,0.9014375332253912,1.0,,0.9301898425345371,True,,0.046979327139469174,0.07619285086069105,0.046979327139469174,0.02041702972641568,0.01600817902582552,-1.856012294934787,2.0,,-1.9029916220742562,True,estimated,0,1,,pad10_shift,1,1,False,False,,2,ok,skewed_henon,henon_loc:00974,2.5,1024,0.712043896999603,,,,,,,,,
,2,0.3320287176631682,15,2479861447,henon_loc,,,,,,,,,,,,,,,,,,,,,,,estimated,0,2,,pad10_shift,1,1,False,False,,8,ok,skewed_henon,henon_loc:00975,2.5,1024,2.665791295001327,2.0,6.0,0.0033211377142619014,0.01813593409048142,1.0,0.01813593409048142,1.3013844641577903,-0.5603812570665248,True
,2,0.2766905980526401,15,2479861447,henon_loc,,0.03196547635520042,0.12059360599935454,0.03196547635520042,0.00014605757914676332,-0.000762878730352079,0.9621553188897375,1.0,,0.9301898425345371,True,,0.022503552049982334,-0.08982150797089328,-0.022503552049982334,0.022458670133571834,0.013316685258881966,-1.9254951741242385,2.0,,-1.9029916220742562,True,estimated,0,1,,pad0,1,1,False,False,,2,ok,skewed_henon,henon_loc:00976,5.0,1024,0.7381456940001954,,,,,,,,,
,2,0.2766905980526401,15,2479861447,henon_loc,,,,,,,,,,,,,,,,,,,,,,,estimated,0,2,,pad0,1,1,False,False,,7,ok,skewed_henon,henon_loc:00977,5.0,1024,2.661840832000962,2.0,5.0,0.009553379185800903,0.003301830893564728,1.0,0.003301830893564728,1.3013844641577903,-0.5603812570665248,True
,2,0.3320287176631682,15,2479861447,henon_loc,,0.0063632427695127225,0.06525548638882761,0.0063632427695127225,0.0005527402104072987,-0.000762878730352079,0.9365530853040498,1.0,,0.9301898425345371,True,,0.011603266370748822,-0.08982150797089306,-0.011603266370748822,0.022429677189725883,0.013316685258881966,-1.914594888445005,2.0,,-1.9029916220742562,True,estimated,0,1,,pad10,1,1,False,False,,2,ok,skewed_henon,henon_loc:00978,5.0,1024,0.759712077999211,,,,,,,,,
,2,0.3320287176631682,15,2479861447,henon_loc,,,,,,,,,,,,,,,,,,,,,,,estimated,0,2,,pad10,1,1,False,False,,6,ok,skewed_henon,henon_loc:00979,5.0,1024,2.6789290830001846,2.0,4.0,0.007690690266960121,0.006506297551082452,1.0,0.006506297551082452,1.3013844641577903,-0.5603812570665248,True
,2,0.41503589707896027,15,2479861447,henon_loc,,0.017767381613767563,-0.017751693026965,-0.017767381613767563,0.0009092337547856877,-0.000762878730352079,0.9124224609207695,1.0,,0.9301898425345371,True,,0.0028496888069828863,-0.0898215079708935,-0.0028496888069828863,0.022052465017754708,0.013316685258881966,-1.905841310881239,2.0,,-1.9029916220742562,True,estimated,0,1,,pad25,1,1,False,False,,2,ok,skewed_henon,henon_loc:00980,5.0,1024,0.7290937140005553,,,,,,,,,
,2,0.41503589707896027,15,2479861447,henon_loc,,,,,,,,,,,,,,,,,,,,,,,estimated,0,2,,pad25,1,1,False,False,,6,ok,skewed_henon,henon_loc:00981,5.0,1024,2.601811522999924,2.0,4.0,0.0011964983894081627,0.017775781346435537,1.0,0.017775781346435537,1.3013844641577903,-0.5603812570665248,True
,2,0.3320287176631682,15,2479861447,henon_loc,,0.037803123375637515,-0.1007588724427565,-0.037803123375637515,0.00038017915562693627,-0.000762878730352079,0.8923867191588996,1.0,,0.9301898425345371,True,,0.06049157558250018,0.07619285086069105,0.06049157558250018,0.02230827305123584,0.013316685258881966,-1.842500046491756,2.0,,-1.9029916220742562,True,estimated,0,1,,pad10_shift,1,1,False,False,,2,ok,skewed_henon,henon_loc:00982,5.0,1024,0.780622616999608,,,,,,,,,
,2,0.3320287176631682,15,2479861447,henon_loc,,,,,,,,,,,,,,,,,,,,,,,estimated,0,2,,pad10_shift,1,1,False,False,,7,ok,skewed_henon,henon_loc:00983,5.0,1024,2.7672099259998504,2.0,5.0,0.004560400971386658,0.01958108961913485,1.0,0.01958108961913485,1.3013844641577903,-0.5603812570665248,True
,2,0.2766905980526401,15,2479861447,henon_loc,,0.044967562090377666,0.12059360599935454,0.044967562090377666,0.0006970664019552153,-0.0018695166959795673,0.9751574046249147,1.0,,0.9301898425345371,True,,2.878149026699171,2.953775070608148,2.878149026699171,2.8338785310107486,0.010870317938986185,0.9751574046249147,1.0,,-1.9029916220742562,False,estimated,0,1,,pad0,1,1,False,False,,1,ok,skewed_henon,henon_loc:00984,10.0,1024,0.981308975000502,,,,,,,,,
,2,0.2766905980526401,15,2479861447,henon_loc,,,,,,,,,,,,,,,,,,,,,,,estimated,0,2,,pad0,1,1,False,False,,6,ok,skewed_henon,henon_loc:00985,10.0,1024,3.8436063610006386,2.0,4.0,0.014542825244680757,0.004777046181234645,1.0,0.004777046181234645,1.3013844641577903,-0.5603812570665248,True
0.0,2,0.3320287176631682,15,2479861447,henon_loc,0.0,0.0067197060061477965,0.06525548638882761,0.0067197060061477965,7.913165288442325e-05,-0.0018695166959795673,0.9369095485406849,1.0,True,0.9301898425345371,True,0.0,2.839901170614941,2.898436950997621,2.839901170614941,2.8332605962616775,0.010870317938986185,0.9369095485406849,1.0,True,-1.9029916220742562,False,estimated,0,1,5.8110325028196455,pad10,1,1,True,True,1.0,1,ok,skewed_henon,henon_loc:00986,10.0,1024,39.86466591399949,,,,,,,,,
,2,0.3320287176631682,15,2479861447,henon_loc,,,,,,,,,,,,,,,,,,,,,,,estimated,0,2,,pad10,1,1,False,False,,6,ok,skewed_henon,henon_loc:00987,10.0,1024,4.372410988000411,2.0,4.0,0.0102483987128007,0.008979740512787271,1.0,0.008979740512787271,1.3013844641577903,-0.5603812570665248,True
,2,0.41503589707896027,15,2479861447,henon_loc,,0.023985603457386095,-0.017751693026965,-0.023985603457386095,0.0009165503673514985,-0.0018695166959795673,0.906204239077151,1.0,,0.9301898425345371,True,,2.809195861151407,2.815429771581828,2.809195861151407,2.8340980149761448,0.010870317938986185,0.906204239077151,1.0,,-1.9029916220742562,False,estimated,0,1,,pad25,1,1,False,False,,1,ok,skewed_henon,henon_loc:00988,10.0,1024,1.5178633439991245,,,,,,,,,
,2,0.41503589707896027,15,2479861447,henon_loc,,,,,,,,,,,,,,,,,,,,,,,estimated,0,2,,pad25,1,1,False,False,,7,ok,skewed_henon,henon_loc:00989,10.0,1024,2.755210294999415,2.0,5.0,0.0009672667300799631,0.024420712861313087,1.0,0.024420712861313087,1.3013844641577903,-0.5603812570665248,True
,2,0.3320287176631682,15,2479861447,henon_loc,,0.0492706259740342,-0.1007588724427565,-0.0492706259740342,0.000533681675440989,-0.0018695166959795673,0.8809192165605029,1.0,,0.9301898425345371,True,,0.07125348715746505,0.07619285086069105,0.07125348715746505,0.023109323096305534,0.010870317938986185,-1.8317381349167912,2.0,,-1.9029916220742562,True,estimated,0,1,,pad10_shift,1,1,False,False,,2,ok,skewed_henon,henon_loc:00990,10.0,1024,0.8383057600003667,,,,,,,,,
,2,0.3320287176631682,15,2479861447,henon_loc,,,,,,,,,,,,,,,,,,,,,,,estimated,0,2,,pad10_shift,1,1,False,False,,6,ok,skewed_henon,henon_loc:00991,10.0,1024,2.6934391939994384,2.0,4.0,0.006921141269109143,0.025551357745125625,1.0,0.025551357745125625,1.3013844641577903,-0.5603812570665248,True
,2,0.2766905980526401,15,2479861447,henon_loc,,0.11577211700629042,-0.1560969920532852,-0.11577211700629042,0.00043793417581838856,-0.0019323334817235027,0.8144177255282466,1.0,,0.9301898425345371,True,,2.7174093476025027,2.6770844725555083,2.7174093476025027,2.8336193987846117,0.008451100281593682,0.8144177255282466,1.0,,-1.9029916220742562,False,estimated,0,1,,pad0,1,1,False,False,,1,ok,skewed_henon,henon_loc:00992,20.0,1024,1.3017157020003651,,,,,,,,,
,2,0.2766905980526401,15,2479861447,henon_loc,,,,,,,,,,,,,,,,,,,,,,,estimated,0,2,,pad0,1,1,False,False,,7,ok,skewed_henon,henon_loc:00993,20.0,1024,3.1272475040004792,2.0,5.0,0.0355179757897538,0.008770589011339647,1.0,0.008770589011339647,1.3013844641577903,-0.5603812570665248,True
,2,0.3320287176631682,15,2479861447,henon_loc,,0.014206066479824364,0.06525548638882761,0.014206066479824364,0.0009249177732976177,-0.0019323334817235027,0.9443959090143614,1.0,,0.9301898425345371,True,,2.847387531088618,2.898436950997621,2.847387531088618,2.8341063823820907,0.008451100281593682,0.9443959090143614,1.0,,-1.9029916220742562,False,estimated,0,1,,pad10,1,1,False,False,,1,ok,skewed_henon,henon_loc:00994,20.0,1024,1.8796793300007266,,,,,,,,,
,2,0.3320287176631682,15,2479861447,henon_loc,,,,,,,,,,,,,,,,,,,,,,,estimated,0,2,,pad10,1,1,False,False,,6,ok,skewed_henon,henon_loc:00995,20.0,1024,4.7579444160001,2.0,4.0,0.01376184793983981,0.017260731739422774,1.0,0.017260731739422774,1.3013844641577903,-0.5603812570665248,True
,2,0.41503589707896027,15,2479861447,henon_loc,,0.027949043276670915,-0.017751693026965,-0.027949043276670915,6.587977615890583e-05,-0.0019323334817235027,0.9022407992578662,1.0,,0.9301898425345371,True,,2.8052324213321223,2.815429771581828,2.8052324213321223,2.833247344384952,0.008451100281593682,0.9022407992578662,1.0,,-1.9029916220742562,False,estimated,0,1,,pad25,1,1,False,False,,1,ok,skewed_henon,henon_loc:00996,20.0,1024,1.4273232100003952,,,,,,,,,
,2,0.41503589707896027,15,2479861447,henon_loc,,,,,,,,,,,,,,,,,,,,,,,estimated,0,2,,pad25,1,1,False,False,,7,ok,skewed_henon,henon_loc:00997,20.0,1024,2.7447405269995215,2.0,5.0,0.00042887036465633077,0.03714800496241055,1.0,0.22802923859557944,1.3013844641577903,-0.5603812570665248,True
,2,0.3320287176631682,15,2479861447,henon_loc,,0.0633507319414206,-0.1007588724427565,-0.0633507319414206,0.0005647962087392822,-0.0019323334817235027,0.8668391105931165,1.0,,0.9301898425345371,True,,2.769830732667373,2.732422592166037,2.769830732667373,2.8337462608175326,0.008451100281593682,0.8668391105931165,1.0,,-1.9029916220742562,False,estimated,0,1,,pad10_shift,1,1,False,False,,1,ok,skewed_henon,henon_loc:00998,20.0,1024,1.3604025450003974,,,,,,,,,
,2,0.3320287176631682,15,2479861447,henon_loc,,,,,,,,,,,,,,,,,,,,,,,estimated,0,2,,pad10_shift,1,1,False,False,,7,ok,skewed_henon,henon_loc:00999,20.0,1024,2.682249834000686,2.0,5.0,0.01264060856669591,0.03738205161520791,1.0,0.03738205161520791,1.3013844641577903,-0.5603812570665248,True
,2,0.2766905980526401,15,2479861447,henon_loc,,0.1335479715103568,-0.1560969920532852,-0.1335479715103568,0.000646968545173654,-0.0019172995244536306,0.7966418710241803,1.0,,0.9301898425345371,True,,2.6996334930984363,2.6770844725555083,2.6996334930984363,2.833828433153967,0.006299414182528995,0.7966418710241803,1.0,,-1.9029916220742562,False,estimated,0,1,,pad0,1,1,False,False,,1,ok,skewed_henon,henon_loc:01000,40.0,1024,1.7814624160000676,,,,,,,,,
,2,0.2766905980526401,15,2479861447,henon_loc,,,,,,,,,,,,,,,,,,,,,,,estimated,0,2,,pad0,1,1,False,False,,9,ok,skewed_henon,henon_loc:01001,40.0,1024,4.309222290999969,1.0,8.0,0.03762551131860248,0.018109619005763244,1.0,0.018109619005763244,1.3013844641577903,-0.5603812570665248,True
,2,0.3320287176631682,15,2479861447,henon_loc,,0.0222471979643164,0.06525548638882761,0.0222471979643164,0.0006653313162103824,-0.0019172995244536306,0.9524370404988535,1.0,,0.9301898425345371,True,,2.8554286625731096,2.898436950997621,2.8554286625731096,2.8338467959250035,0.006299414182528995,0.9524370404988535,1.0,,-1.9029916220742562,False,estimated,0,1,,pad10,1,1,False,False,,1,ok,skewed_henon,henon_loc:01002,40.0,1024,3.3679207200002566,,,,,,,,,
,2,0.3320287176631682,15,2479861447,henon_loc,,,,,,,,,,,,,,,,,,,,,,,estimated,0,2,,pad10,1,1,False,False,,6,ok,skewed_henon,henon_loc:01003,40.0,1024,4.427567024000382,1.0,5.0,0.016674044919574915,0.033137525446592986,1.0,0.09400538488410681,1.3013844641577903,-0.5603812570665248,True
,2,0.41503589707896027,15,2479861447,henon_loc,,0.03182724927659508,-0.017751693026965,-0.03182724927659508,0.0003380327470243749,-0.0019172995244536306,0.898362593257942,1.0,,0.9301898425345371,True,,2.801354215332198,2.815429771581828,2.801354215332198,2.8335194973558178,0.006299414182528995,0.898362593257942,1.0,,-1.9029916220742562,False,estimated,0,1,,pad25,1,1,False,False,,1,ok,skewed_henon,henon_loc:01004,40.0,1024,2.188579698999092,,,,,,,,,
,2,0.41503589707896027,15,2479861447,henon_loc,,,,,,,,,,,,,,,,,,,,,,,estimated,0,2,,pad25,1,1,False,False,,7,ok,skewed_henon,henon_loc:01005,40.0,1024,2.815158033001353,2.0,5.0,0.0033476110569906625,0.05849075247903812,1.0,0.24489436291817274,1.3013844641577903,-0.5603812570665248,True
,2,0.3320287176631682,15,2479861447,henon_loc,,0.07815865970736491,-0.1007588724427565,-0.07815865970736491,0.0006981607376376209,-0.0019172995244536306,0.8520311828271722,1.0,,0.9301898425345371,True,,2.7550228049014285,2.732422592166037,2.7550228049014285,2.833879625346431,0.006299414182528995,0.8520311828271722,1.0,,-1.9029916220742562,False,estimated,0,1,,pad10_shift,1,1,False,False,,1,ok,skewed_henon,henon_loc:01006,40.0,1024,1.889784053000767,,,,,,,,,
,2,0.3320287176631682,15,2479861447,henon_loc,,,,,,,,,,,,,,,,,,,,,,,estimated,0,2,,pad10_shift,1,1,False,False,,7,ok,skewed_henon,henon_loc:01007,40.0,1024,2.7630214100008743,2.0,5.0,0.02307645151147908,0.05409016409035239,1.0,0.38905803901165514,1.3013844641577903,-0.5603812570665248,True
,2,0.2075179485394801,20,2479861447,henon_loc,,0.01981430218716329,0.0860072812427749,0.01981430218716329,0.0006188919472613907,0.00010346015208240189,0.9500041447217004,1.0,,0.9301898425345371,True,,0.021112527546230275,0.013937466298846735,0.021112527546230275,0.020593732674881515,0.01600817902582552,-1.881879094528026,2.0,,-1.9029916220742562,True,estimated,0,1,,pad0,1,1,False,False,,2,ok,skewed_henon,henon_loc:01008,2.5,1024,0.6768633949996001,,,,,,,,,
,2,0.2075179485394801,20,2479861447,henon_loc,,,,,,,,,,,,,,,,,,,,,,,estimated,0,2,,pad0,1,1,False,False,,12,ok,skewed_henon,henon_loc:01009,2.5,1024,2.732910405999064,3.0,9.0,0.006137191124791497,0.017996576039983392,1.0,0.017996576039983392,1.3013844641577903,-0.5603812570665248,True
,2,0.24902153824737616,20,2479861447,henon_loc,,0.021695605847667276,0.10675907609672353,0.021695605847667276,0.0005287750966402882,0.00010346015208240189,0.9518854483822043,1.0,,0.9301898425345371,True,,0.00236601921266133,-0.04831791826299714,0.00236601921266133,0.02042008073559609,0.01600817902582552,-1.9006256028615949,2.0,,-1.9029916220742562,True,estimated,0,1,,pad10,1,1,False,False,,2,ok,skewed_henon,henon_loc:01010,2.5,1024,0.6642539040003612,,,,,,,,,
,2,0.24902153824737616,20,2479861447,henon_loc,,,,,,,,,,,,,,,,,,,,,,,estimated,0,2,,pad10,1,1,False,False,,11,ok,skewed_henon,henon_loc:01011,2.5,1024,2.7292955169996276,2.0,9.0,0.0065589044553932,0.007465336174508286,1.0,0.007465336174508286,1.3013844641577903,-0.5603812570665248,True
,2,0.3112769228092202,20,2479861447,henon_loc,,0.023533861804050926,0.1378867683776458,0.023533861804050926,0.00018809259335939021,0.00010346015208240189,0.953723704338588,1.0,,0.9301898425345371,True,,0.09798447825156686,0.16957592770345697,0.09798447825156686,0.020943439856284884,0.01600817902582552,-1.8050071438226893,2.0,,-1.9029916220742562,True,estimated,0,1,,pad25,1,1,False,False,,2,ok,skewed_henon,henon_loc:01012,2.5,1024,0.7024482849992637,,,,,,,,,
,2,0.3112769228092202,20,2479861447,henon_loc,,,,,,,,,,,,,,,,,,,,,,,estimated,0,2,,pad25,1,1,False,False,,9,ok,skewed_henon,henon_loc:01013,2.5,1024,2.8764583590000257,2.0,7.0,0.007252584825757191,0.00914154767526143,1.0,0.00914154767526143,1.3013844641577903,-0.5603812570665248,True
,2,0.24902153824737616,20,2479861447,henon_loc,,0.008275184957719395,-0.017751693026964332,-0.008275184957719395,0.00044056888093890745,0.00010346015208240189,0.9219146575768177,1.0,,0.9301898425345371,True,,0.04412064175595676,0.07619285086069105,0.04412064175595676,0.020463595622456143,0.01600817902582552,-1.8588709803182994,2.0,,-1.9029916220742562,True,estimated,0,1,,pad10_shift,1,1,False,False,,2,ok,skewed_henon,henon_loc:01014,2.5,1024,0.8188224720015569,,,,,,,,,
,2,0.24902153824737616,20,2479861447,henon_loc,,,,,,,,,,,,,,,,,,,,,,,estimated,0,2,,pad10_shift,1,1,False,False,,12,ok,skewed_henon,henon_loc:01015,2.5,1024,4.464207920000263,3.0,9.0,0.0007597012957664129,0.019634373139031602,1.0,0.019634373139031602,1.3013844641577903,-0.5603812570665248,True
,2,0.2075179485394801,20,2479861447,henon_loc,,0.027021135987767342,0.0860072812427749,0.027021135987767342,0.0005625975489835788,-0.000762878730352079,0.9572109785223044,1.0,,0.9301898425345371,True,,0.02297332037467248,0.013937466298846735,0.02297332037467248,0.02245452550332372,0.013316685258881966,-1.8800183016995837,2.0,,-1.9029916220742562,True,estimated,0,1,,pad0,1,1,False,False,,2,ok,skewed_henon,henon_loc:01016,5.0,1024,1.307149804000801,,,,,,,,,
,2,0.2075179485394801,20,2479861447,henon_loc,,,,,,,,,,,,,,,,,,,,,,,estimated,0,2,,pad0,1,1,False,False,,11,ok,skewed_henon,henon_loc:01017,5.0,1024,5.026433704999363,2.0,9.0,0.008292062900887687,0.020857907654532326,1.0,0.020857907654532326,1.3013844641577903,-0.5603812570665248,True
,2,0.24902153824737616,20,2479861447,henon_loc,,0.029763000546920604,0.10675907609672353,0.029763000546920604,0.0005029698028539142,-0.000762878730352079,0.9599528430814577,1.0,,0.9301898425345371,True,,0.0001847332274382829,-0.04831791826299714,-0.0001847332274382829,0.022227205214825574,0.013316685258881966,-1.9031763553016945,2.0,,-1.9029916220742562,True,estimated,0,1,,pad10,1,1,False,False,,2,ok,skewed_henon,henon_loc:01018,5.0,1024,1.285438492999674,,,,,,,,,
,2,0.24902153824737616,20,2479861447,henon_loc,,,,,,,,,,,,,,,,,,,,,,,estimated,0,2,,pad10,1,1,False,False,,10,ok,skewed_henon,henon_loc:01019,5.0,1024,3.285215091000282,2.0,8.0,0.008962354779481374,0.00775841334168248,1.0,0.00775841334168248,1.3013844641577903,-0.5603812570665248,True
,2,0.3112769228092202,20,2479861447,henon_loc,,0.03381574766835549,0.1378867683776458,0.03381574766835549,0.0003534784663642432,-0.000762878730352079,0.9640055902028926,1.0,,0.9301898425345371,True,,0.11701354526260088,0.16957592770345697,0.11701354526260088,0.022074083805788902,0.013316685258881966,-1.7859780768116553,2.0,,-1.9029916220742562,True,estimated,0,1,,pad25,1,1,False,False,,2,ok,skewed_henon,henon_loc:01020,5.0,1024,1.0441071879995434,,,,,,,,,
,2,0.3112769228092202,20,2479861447,henon_loc,,,,,,,,,,,,,,,,,,,,,,,estimated,0,2,,pad25,1,1,False,False,,9,ok,skewed_henon,henon_loc:01021,5.0,1024,2.6520739490006235,3.0,6.0,0.010098959425068776,0.008615734965926158,1.0,0.008615734965926158,1.3013844641577903,-0.5603812570665248,True
,2,0.24902153824737616,20,2479861447,henon_loc,,0.012321539298960515,-0.017751693026964332,-0.012321539298960515,0.0007520914590267713,-0.000762878730352079,0.9178683032355766,1.0,,0.9301898425345371,True,,0.05410945908582665,0.07619285086069105,0.05410945908582665,0.022359212959286,0.013316685258881966,-1.8488821629884296,2.0,,-1.9029916220742562,True,estimated,0,1,,pad10_shift,1,1,False,False,,2,ok,skewed_henon,henon_loc:01022,5.0,1024,0.7622439959995972,,,,,,,,,
,2,0.24902153824737616,20,2479861447,henon_loc,,,,,,,,,,,,,,,,,,,,,,,estimated,0,2,,pad10_shift,1,1,False,False,,11,ok,skewed_henon,henon_loc:01023,5.0,1024,2.709555530000216,3.0,8.0,0.0008679655496105498,0.01999124996862145,1.0,0.01999124996862145,1.3013844641577903,-0.5603812570665248,True
,2,0.2075179485394801,20,2479861447,henon_loc,,0.037084152519216707,0.0860072812427749,0.037084152519216707,0.00024971665345896454,-0.0018695166959795673,0.9672739950537538,1.0,,0.9301898425345371,True,,0.022658858417428984,0.013937466298846735,0.022658858417428984,0.022658858417428984,0.010870317938986185,-1.8803327636568272,2.0,,-1.9029916220742562,True,estimated,0,1,,pad0,1,1,False,False,,2,ok,skewed_henon,henon_loc:01024,10.0,1024,0.8294736569987435,,,,,,,,,
,2,0.2075179485394801,20,2479861447,henon_loc,,,,,,,,,,,,,,,,,,,,,,,estimated,0,2,,pad0,1,1,False,False,,11,ok,skewed_henon,henon_loc:01025,10.0,1024,2.6879725760009023,2.0,9.0,0.012444208878293117,0.027747150566411305,1.0,0.027747150566411305,1.3013844641577903,-0.5603812570665248,True
0.0,2,0.24902153824737616,20,2479861447,henon_loc,0.0,0.04169540809631522,0.10675907609672353,0.04169540809631522,0.0006068542854981152,-0.0018695166959795673,0.9718852506308523,1.0,True,0.9301898425345371,True,0.0,0.008332370139782386,-0.04831791826299714,-0.008332370139782386,0.022795322141139662,0.010870317938986185,-1.9113239922140386,2.0,True,-1.9029916220742562,True,estimated,0,1,4.418320526286694,pad10,1,1,True,True,2.0,2,ok,skewed_henon,henon_loc:01026,10.0,1024,37.97308629899999,,,,,,,,,
,2,0.24902153824737616,20,2479861447,henon_loc,,,,,,,,,,,,,,,,,,,,,,,estimated,0,2,,pad10,1,1,False,False,,8,ok,skewed_henon,henon_loc:01027,10.0,1024,2.7324585449987353,2.0,6.0,0.013670307526252201,0.011112222451042486,1.0,0.011112222451042486,1.3013844641577903,-0.5603812570665248,True
,2,0.3112769228092202,20,2479861447,henon_loc,,0.10702115465845241,-0.17339015443157457,-0.10702115465845241,0.000369383710728588,-0.0018695166959795673,0.8231686878760847,1.0,,0.9301898425345371,True,,0.13827289825858635,0.16957592770345697,0.13827289825858635,0.023100436819174952,0.010870317938986185,-1.7647187238156699,2.0,,-1.9029916220742562,True,estimated,0,1,,pad25,1,1,False,False,,2,ok,skewed_henon,henon_loc:01028,10.0,1024,0.9310090439994383,,,,,,,,,
,2,0.3112769228092202,20,2479861447,henon_loc,,,,,,,,,,,,,,,,,,,,,,,estimated,0,2,,pad25,1,1,False,False,,8,ok,skewed_henon,henon_loc:01029,10.0,1024,4.787230054000247,2.0,6.0,0.015352294643277697,0.011992067626663827,1.0,0.011992067626663827,1.3013844641577903,-0.5603812570665248,True
,2,0.24902153824737616,20,2479861447,henon_loc,,0.01893061327146528,-0.017751693026964332,-0.01893061327146528,0.00036855594270635006,-0.0018695166959795673,0.9112592292630718,1.0,,0.9301898425345371,True,,0.06362825210311462,0.07619285086069105,0.06362825210311462,0.022539698292297627,0.010870317938986185,-1.8393633699711416,2.0,,-1.9029916220742562,True,estimated,0,1,,pad10_shift,1,1,False,False,,2,ok,skewed_henon,henon_loc:01030,10.0,1024,1.77830997700039,,,,,,,,,
,2,0.24902153824737616,20,2479861447,henon_loc,,,,,,,,,,,,,,,,,,,,,,,estimated,0,2,,pad10_shift,1,1,False,False,,10,ok,skewed_henon,henon_loc:01031,10.0,1024,3.14664257700133,2.0,8.0,0.0006889723457237373,0.02302586921707317,1.0,0.025094715172272464,1.3013844641577903,-0.5603812570665248,True
,2,0.2075179485394801,20,2479861447,henon_loc,,0.09731258650644747,-0.12151066729670512,-0.09731258650644747,0.0007396441784569552,-0.0019323334817235027,0.8328772560280896,1.0,,0.9301898425345371,True,,2.735868878102346,2.711670797312088,2.735868878102346,2.8339211087872505,0.008451100281593682,0.8328772560280896,1.0,,-1.9029916220742562,False,estimated,0,1,,pad0,1,1,False,False,,1,ok,skewed_henon,henon_loc:01032,20.0,1024,1.2291723500002263,,,,,,,,,
,2,0.2075179485394801,20,2479861447,henon_loc,,,,,,,,,,,,,,,,,,,,,,,estimated,0,2,,pad0,1,1,False,False,,11,ok,skewed_henon,henon_loc:01033,20.0,1024,2.63163567599986,2.0,9.0,0.01969658906676186,0.03902695056162098,1.0,0.03902695056162098,1.3013844641577903,-0.5603812570665248,True
,2,0.24902153824737616,20,2479861447,henon_loc,,0.10870355179781732,-0.14226246215065252,-0.10870355179781732,0.00024337118540973535,-0.0019323334817235027,0.8214862907367197,1.0,,0.9301898425345371,True,,2.724477912810976,2.690919002458141,2.724477912810976,2.833424835794203,0.008451100281593682,0.8214862907367197,1.0,,-1.9029916220742562,False,estimated,0,1,,pad10,1,1,False,False,,1,ok,skewed_henon,henon_loc:01034,20.0,1024,1.2875073030008934,,,,,,,,,
,2,0.24902153824737616,20,2479861447,henon_loc,,,,,,,,,,,,,,,,,,,,,,,estimated,0,2,,pad10,1,1,False,False,,11,ok,skewed_henon,henon_loc:01035,20.0,1024,3.0326375700005883,2.0,9.0,0.021948416173397378,0.019693032316318693,1.0,0.019693032316318693,1.3013844641577903,-0.5603812570665248,True
,2,0.3112769228092202,20,2479861447,henon_loc,,0.1236734231449228,-0.17339015443157457,-0.1236734231449228,0.0008373459787651694,-0.0019323334817235027,0.8065164193896143,1.0,,0.9301898425345371,True,,2.7095080414638706,2.659791310177219,2.7095080414638706,2.8340188105875583,0.008451100281593682,0.8065164193896143,1.0,,-1.9029916220742562,False,estimated,0,1,,pad25,1,1,False,False,,1,ok,skewed_henon,henon_loc:01036,20.0,1024,2.5420743609993224,,,,,,,,,
,2,0.3112769228092202,20,2479861447,henon_loc,,,,,,,,,,,,,,,,,,,,,,,estimated,0,2,,pad25,1,1,False,False,,8,ok,skewed_henon,henon_loc:01037,20.0,1024,4.320854030000191,2.0,6.0,0.0389838423433948,0.02133915431514466,1.0,0.02133915431514466,1.3013844641577903,-0.5603812570665248,True
,2,0.24902153824737616,20,2479861447,henon_loc,,0.02180796558480791,-0.017751693026964332,-0.02180796558480791,0.0006039728574559478,-0.0019323334817235027,0.9083818769497292,1.0,,0.9301898425345371,True,,2.8113734990239854,2.815429771581829,2.8113734990239854,2.8337854374662492,0.008451100281593682,0.9083818769497292,1.0,,-1.9029916220742562,False,estimated,0,1,,pad10_shift,1,1,False,False,,1,ok,skewed_henon,henon_loc:01038,20.0,1024,1.5054768869995314,,,,,,,,,
,2,0.24902153824737616,20,2479861447,henon_loc,,,,,,,,,,,,,,,,,,,,,,,estimated,0,2,,pad10_shift,1,1,False,False,,10,ok,skewed_henon,henon_loc:01039,20.0,1024,2.7300360049994197,2.0,8.0,0.0001159040712709336,0.028659635977868136,1.0,0.03339852662593157,1.3013844641577903,-0.5603812570665248,True
,2,0.2075179485394801,20,2479861447,henon_loc,,0.10646129097308099,-0.12151066729670512,-0.10646129097308099,0.000410452524751137,-0.0019172995244536306,0.8237285515614561,1.0,,0.9301898425345371,True,,2.7267201736357123,2.711670797312088,2.7267201736357123,2.8335919171335444,0.006299414182528995,0.8237285515614561,1.0,,-1.9029916220742562,False,estimated,0,1,,pad0,1,1,False,False,,1,ok,skewed_henon,henon_loc:01040,40.0,1024,1.6133488599989505,,,,,,,,,
,2,0.2075179485394801,20,2479861447,henon_loc,,,,,,,,,,,,,,,,,,,,,,,estimated,0,2,,pad0,1,1,False,False,,12,ok,skewed_henon,henon_loc:01041,40.0,1024,2.836137377000341,2.0,10.0,0.029712454668276433,0.04756401047942327,1.0,0.3406389883339223,1.3013844641577903,-0.5603812570665248,True
,2,0.24902153824737616,20,2479861447,henon_loc,,0.12269277506210707,-0.14226246215065252,-0.12269277506210707,0.0005728863703441389,-0.0019172995244536306,0.80749706747243,1.0,,0.9301898425345371,True,,2.710488689546686,2.690919002458141,2.710488689546686,2.833754350979137,0.006299414182528995,0.80749706747243,1.0,,-1.9029916220742562,False,estimated,0,1,,pad10,1,1,False,False,,1,ok,skewed_henon,henon_loc:01042,40.0,1024,1.744413196000096,,,,,,,,,
,2,0.24902153824737616,20,2479861447,henon_loc,,,,,,,,,,,,,,,,,,,,,,,estimated,0,2,,pad10,1,1,False,False,,7,ok,skewed_henon,henon_loc:01043,40.0,1024,3.0953023549991485,2.0,5.0,0.03477691002848948,0.03436777460694396,1.0,0.35646343967112815,1.3013844641577903,-0.5603812570665248,True
,2,0.3112769228092202,20,2479861447,henon_loc,,0.14540971399957658,-0.17339015443157457,-0.14540971399957658,0.0008904397207570858,-0.0019172995244536306,0.7847801285349605,1.0,,0.9301898425345371,True,,2.6877717506092167,2.659791310177219,2.6877717506092167,2.8340719043295506,0.006299414182528995,0.7847801285349605,1.0,,-1.9029916220742562,False,estimated,0,1,,pad25,1,1,False,False,,1,ok,skewed_henon,henon_loc:01044,40.0,1024,3.0103499489996466,,,,,,,,,
,2,0.3112769228092202,20,2479861447,henon_loc,,,,,,,,,,,,,,,,,,,,,,,estimated,0,2,,pad25,1,1,False,False,,7,ok,skewed_henon,henon_loc:01045,40.0,1024,4.719572525000331,2.0,5.0,0.041516923140141326,0.03050800719105906,1.0,0.03050800719105906,1.3013844641577903,-0.5603812570665248,True
,2,0.24902153824737616,20,2479861447,henon_loc,,0.022430482290750065,-0.017751693026964332,-0.022430482290750065,0.0006040099971321711,-0.0019172995244536306,0.907759360243787,1.0,,0.9301898425345371,True,,2.8107509823180434,2.815429771581829,2.8107509823180434,2.8337854746059254,0.006299414182528995,0.907759360243787,1.0,,-1.9029916220742562,False,estimated,0,1,,pad10_shift,1,1,False,False,,1,ok,skewed_henon,henon_loc:01046,40.0,1024,3.142357147000439,,,,,,,,,
,2,0.24902153824737616,20,2479861447,henon_loc,,,,,,,,,,,,,,,,,,,,,,,estimated,0,2,,pad10_shift,1,1,False,False,,9,ok,skewed_henon,henon_loc:01047,40.0,1024,3.540986279000208,2.0,7.0,0.0030617365576254274,0.03244943186174576,1.0,0.45917872331565857,1.3013844641577903,-0.5603812570665248,True
,2,0.13834529902632006,30,2479861447,henon_loc,,0.013406070339857523,0.05142095648619449,0.013406070339857523,0.0006091301799228122,0.00010346015208240189,0.9435959128743946,1.0,,0.9301898425345371,True,,0.005116909339172748,-0.020648858457733565,0.005116909339172748,0.020680755479633772,0.01600817902582552,-1.8978747127350835,2.0,,-1.9029916220742562,True,estimated,0,1,,pad0,1,1,False,False,,2,ok,skewed_henon,henon_loc:01048,2.5,1024,1.1117950239986385,,,,,,,,,
,2,0.13834529902632006,30,2479861447,henon_loc,,,,,,,,,,,,,,,,,,,,,,,estimated,0,2,,pad0,1,1,False,False,,18,ok,skewed_henon,henon_loc:01049,2.5,1024,3.0626358919998893,2.0,16.0,0.005175096674034263,0.0060362979054500165,1.0,0.006356314939167662,1.3013844641577903,-0.5603812570665248,True
0.0,2,0.1660143588315841,30,2479861447,henon_loc,0.0,0.005907681595908376,-0.017751693026964444,-0.005907681595908376,0.000732892757354997,0.00010346015208240189,0.9242821609386287,1.0,True,0.9301898425345371,True,0.04,0.013568986627262802,-0.006814328555101001,0.013568986627262802,0.020624596877605095,0.01600817902582552,-1.8894226354469934,2.0,True,-1.9029916220742562,True,estimated,0,1,5.3982730402392916,pad10,1,1,True,True,2.0,2,ok,skewed_henon,henon_loc:01050,2.5,1024,37.40644350399998,,,,,,,,,
,2,0.1660143588315841,30,2479861447,henon_loc,,,,,,,,,,,,,,,,,,,,,,,estimated,0,2,,pad10,1,1,False,False,,19,ok,skewed_henon,henon_loc:01051,2.5,1024,2.6924615549996815,2.0,17.0,4.815485622211568e-05,0.012198202472620379,1.0,0.012198202472620379,1.3013844641577903,-0.5603812570665248,True
,2,0.20751794853948013,30,2479861447,henon_loc,,0.01981430218716329,0.08600728124277579,0.01981430218716329,0.0006188919472613907,0.00010346015208240189,0.9500041447217004,1.0,,0.9301898425345371,True,,0.021112527546230275,0.013937466298846957,0.021112527546230275,0.020593732674881515,0.01600817902582552,-1.881879094528026,2.0,,-1.9029916220742562,True,estimated,0,1,,pad25,1,1,False,False,,2,ok,skewed_henon,henon_loc:01052,2.5,1024,0.6920172840000305,,,,,,,,,
,2,0.20751794853948013,30,2479861447,henon_loc,,,,,,,,,,,,,,,,,,,,,,,estimated,0,2,,pad25,1,1,False,False,,15,ok,skewed_henon,henon_loc:01053,2.5,1024,2.821837625000626,3.0,12.0,0.006137191124791497,0.017996576039983392,1.0,0.017996576039983392,1.3013844641577903,-0.5603812570665248,True
,2,0.1660143588315841,30,2479861447,henon_loc,,0.016117324271495037,0.06525548638882739,0.016117324271495037,0.0003459601824945535,0.00010346015208240189,0.9463071668060321,1.0,,0.9301898425345371,True,,0.04378240708108527,0.07619285086069083,0.04378240708108527,0.020540396844663356,0.01600817902582552,-1.859209214993171,2.0,,-1.9029916220742562,True,estimated,0,1,,pad10_shift,1,1,False,False,,2,ok,skewed_henon,henon_loc:01054,2.5,1024,0.6402153460003319,,,,,,,,,
,2,0.1660143588315841,30,2479861447,henon_loc,,,,,,,,,,,,,,,,,,,,,,,estimated,0,2,,pad10_shift,1,1,False,False,,17,ok,skewed_henon,henon_loc:01055,2.5,1024,4.015969448999385,2.0,15.0,0.005544941741589926,0.007733195453862196,1.0,0.007733195453862196,1.3013844641577903,-0.5603812570665248,True
,2,0.13834529902632006,30,2479861447,henon_loc,,0.01879766066866051,0.05142095648619449,0.01879766066866051,0.00046690854767306167,-0.000762878730352079,0.9489875032031976,1.0,,0.9301898425345371,True,,0.001621348326412253,-0.020648858457733565,0.001621348326412253,0.022373143180360433,0.013316685258881966,-1.901370273747844,2.0,,-1.9029916220742562,True,estimated,0,1,,pad0,1,1,False,False,,2,ok,skewed_henon,henon_loc:01056,5.0,1024,1.1793110639991937,,,,,,,,,
,2,0.13834529902632006,30,2479861447,henon_loc,,,,,,,,,,,,,,,,,,,,,,,estimated,0,2,,pad0,1,1,False,False,,19,ok,skewed_henon,henon_loc:01057,5.0,1024,4.034930715999508,2.0,17.0,0.006877886464979555,0.0067321647167097876,1.0,0.0067321647167097876,1.3013844641577903,-0.5603812570665248,True
0.0,2,0.1660143588315841,30,2479861447,henon_loc,0.0,0.009907999848934756,-0.017751693026964444,-0.009907999848934756,0.0004678975780392225,-0.000762878730352079,0.9202818426856023,1.0,True,0.9301898425345371,True,0.02,0.012573368363400172,-0.006814328555101001,0.012573368363400172,0.022119193996216424,0.013316685258881966,-1.890418253710856,2.0,True,-1.9029916220742562,True,estimated,0,1,6.452434925349801,pad10,1,1,True,True,2.0,2,ok,skewed_henon,henon_loc:01058,5.0,1024,37.12069728499955,,,,,,,,,
,2,0.1660143588315841,30,2479861447,henon_loc,,,,,,,,,,,,,,,,,,,,,,,estimated,0,2,,pad10,1,1,False,False,,20,ok,skewed_henon,henon_loc:01059,5.0,1024,2.7347033690002718,2.0,18.0,0.0001886852555325058,0.013175922016498864,1.0,0.013175922016498864,1.3013844641577903,-0.5603812570665248,True
,2,0.20751794853948013,30,2479861447,henon_loc,,0.027021135987767342,0.08600728124277579,0.027021135987767342,0.0005625975489835788,-0.000762878730352079,0.9572109785223044,1.0,,0.9301898425345371,True,,0.02297332037467248,0.013937466298846957,0.02297332037467248,0.02245452550332372,0.013316685258881966,-1.8800183016995837,2.0,,-1.9029916220742562,True,estimated,0,1,,pad25,1,1,False,False,,2,ok,skewed_henon,henon_loc:01060,5.0,1024,0.7569701409993286,,,,,,,,,
,2,0.20751794853948013,30,2479861447,henon_loc,,,,,,,,,,,,,,,,,,,,,,,estimated,0,2,,pad25,1,1,False,False,,15,ok,skewed_henon,henon_loc:01061,5.0,1024,2.7064368039991678,2.0,13.0,0.008292062900887687,0.020857907654532326,1.0,0.020857907654532326,1.3013844641577903,-0.5603812570665248,True
,2,0.1660143588315841,30,2479861447,henon_loc,,0.022315107093552333,0.06525548638882739,0.022315107093552333,0.00031820454836739565,-0.000762878730352079,0.9525049496280894,1.0,,0.9301898425345371,True,,0.05480533477142058,0.07619285086069083,0.05480533477142058,0.022432534799261772,0.013316685258881966,-1.8481862873028356,2.0,,-1.9029916220742562,True,estimated,0,1,,pad10_shift,1,1,False,False,,2,ok,skewed_henon,henon_loc:01062,5.0,1024,0.7546412850006163,,,,,,,,,
,2,0.1660143588315841,30,2479861447,henon_loc,,,,,,,,,,,,,,,,,,,,,,,estimated,0,2,,pad10_shift,1,1,False,False,,22,ok,skewed_henon,henon_loc:01063,5.0,1024,4.88896420600031,2.0,20.0,0.0075838218913650834,0.007225343701073861,1.0,0.007225343701073861,1.3013844641577903,-0.5603812570665248,True
0.0,2,0.13834529902632006,30,2479861447,henon_loc,0.0,0.0255114554460808,0.05142095648619449,0.0255114554460808,0.0006093016213432056,-0.0018695166959795673,0.9557012979806179,1.0,True,0.9301898425345371,True,0.0,0.003670944992080649,-0.020648858457733565,-0.003670944992080649,0.02296052507048607,0.010870317938986185,-1.9066625670663369,2.0,True,-1.9029916220742562,True,estimated,0,1,4.837561005000904,pad0,1,1,True,True,2.0,2,ok,skewed_henon,henon_loc:01064,10.0,1024,39.11579681799958,,,,,,,,,
,2,0.13834529902632006,30,2479861447,henon_loc,,,,,,,,,,,,,,,,,,,,,,,estimated,0,2,,pad0,1,1,False,False,,21,ok,skewed_henon,henon_loc:01065,10.0,1024,2.645622109001124,2.0,19.0,0.00987066611594567,0.00817399002433472,1.0,0.00817399002433472,1.3013844641577903,-0.5603812570665248,True
0.0,2,0.1660143588315841,30,2479861447,henon_loc,0.0,0.01581895631006769,-0.017751693026964444,-0.01581895631006769,0.0003674436760117139,-0.0018695166959795673,0.9143708862244694,1.0,True,0.9301898425345371,True,0.0,0.008368885772899404,-0.006814328555101001,0.008368885772899404,0.022895142170662908,0.010870317938986185,-1.8946227363013568,2.0,True,-1.9029916220742562,True,estimated,0,1,8.167257181341688,pad10,1,1,True,True,2.0,2,ok,skewed_henon,henon_loc:01066,10.0,1024,38.160233890999734,,,,,,,,,
,2,0.1660143588315841,30,2479861447,henon_loc,,,,,,,,,,,,,,,,,,,,,,,estimated,0,2,,pad10,1,1,False,False,,18,ok,skewed_henon,henon_loc:01067,10.0,1024,2.8193409590003284,2.0,16.0,0.000554359385367853,0.010872046414745928,1.0,0.017362029196967388,1.3013844641577903,-0.5603812570665248,True
0.0,2,0.20751794853948013,30,2479861447,henon_loc,0.0,0.037084152519216707,0.08600728124277579,0.037084152519216707,0.00024971665345896454,-0.0018695166959795673,0.9672739950537538,1.0,True,0.9301898425345371,True,0.0,0.022658858417428984,0.013937466298846957,0.022658858417428984,0.022658858417428984,0.010870317938986185,-1.8803327636568272,2.0,True,-1.9029916220742562,True,estimated,0,1,4.671025327610223,pad25,1,1,True,True,2.0,2,ok,skewed_henon,henon_loc:01068,10.0,1024,38.05717162600013,,,,,,,,,
,2,0.20751794853948013,30,2479861447,henon_loc,,,,,,,,,,,,,,,,,,,,,,,estimated,0,2,,pad25,1,1,False,False,,16,ok,skewed_henon,henon_loc:01069,10.0,1024,2.981530291999661,2.0,14.0,0.012444208878293117,0.027747150566411305,1.0,0.027747150566411305,1.3013844641577903,-0.5603812570665248,True
0.0,2,0.1660143588315841,30,2479861447,henon_loc,0.0,0.030907548880996227,0.06525548638882739,0.030907548880996227,0.0006099283942321287,-0.0018695166959795673,0.9610973914155333,1.0,True,0.9301898425345371,True,0.0,0.06253921058359668,0.07619285086069083,0.06253921058359668,0.022695764464016444,0.010870317938986185,-1.8404524114906595,2.0,True,-1.9029916220742562,True,estimated,0,1,4.457839172795614,pad10_shift,1,1,True,True,2.0,2,ok,skewed_henon,henon_loc:01070,10.0,1024,40.36955530400155,,,,,,,,,
,2,0.1660143588315841,30,2479861447,henon_loc,,,,,,,,,,,,,,,,,,,,,,,estimated,0,2,,pad10_shift,1,1,False,False,,18,ok,skewed_henon,henon_loc:01071,10.0,1024,2.736129974000505,2.0,16.0,0.011091048536246428,0.01012613521792205,1.0,0.01012613521792205,1.3013844641577903,-0.5603812570665248,True
,2,0.13834529902632006,30,2479861447,henon_loc,,0.07697334853577475,-0.08692434254012538,-0.07697334853577475,0.000500018918964451,-0.0019323334817235027,0.8532164939987623,1.0,,0.9301898425345371,True,,2.7562081160730187,2.746257122068668,2.7562081160730187,2.8336814835277577,0.008451100281593682,0.8532164939987623,1.0,,-1.9029916220742562,False,estimated,0,1,,pad0,1,1,False,False,,1,ok,skewed_henon,henon_loc:01072,20.0,1024,1.7457318010001472,,,,,,,,,
,2,0.13834529902632006,30,2479861447,henon_loc,,,,,,,,,,,,,,,,,,,,,,,estimated,0,2,,pad0,1,1,False,False,,18,ok,skewed_henon,henon_loc:01073,20.0,1024,4.73370250699918,2.0,16.0,0.014661404459683225,0.013991284095546952,1.0,0.013991284095546952,1.3013844641577903,-0.5603812570665248,True
0.0,2,0.1660143588315841,30,2479861447,henon_loc,0.0,0.017802257581927883,-0.017751693026964444,-0.017802257581927883,0.00045932188954644904,-0.0019323334817235027,0.9123875849526092,1.0,True,0.9301898425345371,True,0.0,2.8153792070268655,2.8154297715818286,2.8153792070268655,2.8336407864983397,0.008451100281593682,0.9123875849526092,1.0,True,-1.9029916220742562,False,estimated,0,1,8.531412365286444,pad10,1,1,True,True,1.0,1,ok,skewed_henon,henon_loc:01074,20.0,1024,39.564037427000585,,,,,,,,,
,2,0.1660143588315841,30,2479861447,henon_loc,,,,,,,,,,,,,,,,,,,,,,,estimated,0,2,,pad10,1,1,False,False,,17,ok,skewed_henon,henon_loc:01075,20.0,1024,3.503086513999733,2.0,15.0,0.0014062181085179315,0.009979238432732185,1.0,0.024137349386347484,1.3013844641577903,-0.5603812570665248,True
,2,0.20751794853948013,30,2479861447,henon_loc,,0.09731258650644747,-0.12151066729670512,-0.09731258650644747,0.0007396441784569552,-0.0019323334817235027,0.8328772560280896,1.0,,0.9301898425345371,True,,0.02088999461207175,0.013937466298846957,0.02088999461207175,0.022965174097466567,0.008451100281593682,-1.8821016274621845,2.0,,-1.9029916220742562,True,estimated,0,1,,pad25,1,1,False,False,,2,ok,skewed_henon,henon_loc:01076,20.0,1024,1.0268912379997346,,,,,,,,,
,2,0.20751794853948013,30,2479861447,henon_loc,,,,,,,,,,,,,,,,,,,,,,,estimated,0,2,,pad25,1,1,False,False,,12,ok,skewed_henon,henon_loc:01077,20.0,1024,2.6726011390001077,2.0,10.0,0.01969658906676186,0.03902695056162098,1.0,0.03902695056162098,1.3013844641577903,-0.5603812570665248,True
,2,0.1660143588315841,30,2479861447,henon_loc,,0.08566918232278231,-0.10075887244275672,-0.08566918232278231,0.0006582842696414293,-0.0019323334817235027,0.8445206602117548,1.0,,0.9301898425345371,True,,2.747512282286011,2.732422592166037,2.747512282286011,2.8338397488784346,0.008451100281593682,0.8445206602117548,1.0,,-1.9029916220742562,False,estimated,0,1,,pad10_shift,1,1,False,False,,1,ok,skewed_henon,henon_loc:01078,20.0,1024,1.2041244640004152,,,,,,,,,
,2,0.1660143588315841,30,2479861447,henon_loc,,,,,,,,,,,,,,,,,,,,,,,estimated,0,2,,pad10_shift,1,1,False,False,,14,ok,skewed_henon,henon_loc:01079,20.0,1024,2.6614924810000957,2.0,12.0,0.017065924695236157,0.017346371030526386,1.0,0.017346371030526386,1.3013844641577903,-0.5603812570665248,True
,2,0.13834529902632006,30,2479861447,henon_loc,,0.08041228426756519,-0.08692434254012538,-0.08041228426756519,0.0005197156628320432,-0.0019172995244536306,0.8497775582669719,1.0,,0.9301898425345371,True,,2.752769180341228,2.746257122068668,2.752769180341228,2.833701180271625,0.006299414182528995,0.8497775582669719,1.0,,-1.9029916220742562,False,estimated,0,1,,pad0,1,1,False,False,,1,ok,skewed_henon,henon_loc:01080,40.0,1024,1.7639000530016347,,,,,,,,,
,2,0.13834529902632006,30,2479861447,henon_loc,,,,,,,,,,,,,,,,,,,,,,,estimated,0,2,,pad0,1,1,False,False,,13,ok,skewed_henon,henon_loc:01081,40.0,1024,5.141388134999943,3.0,10.0,0.01926894801678458,0.01700461791660124,1.0,0.01700461791660124,1.3013844641577903,-0.5603812570665248,True
0.0,2,0.1660143588315841,30,2479861447,henon_loc,0.0,0.018455223358827766,-0.017751693026964444,-0.018455223358827766,0.0006364279068044043,-0.0019172995244536306,0.9117346191757093,1.0,True,0.9301898425345371,True,0.0,2.8147262412499656,2.8154297715818286,2.8147262412499656,2.8338178925155977,0.006299414182528995,0.9117346191757093,1.0,True,-1.9029916220742562,False,estimated,0,1,8.173490707818628,pad10,1,1,True,True,1.0,1,ok,skewed_henon,henon_loc:01082,40.0,1024,41.09581409200109,,,,,,,,,
,2,0.1660143588315841,30,2479861447,henon_loc,,,,,,,,,,,,,,,,,,,,,,,estimated,0,2,,pad10,1,1,False,False,,13,ok,skewed_henon,henon_loc:01083,40.0,1024,2.823114689999784,2.0,11.0,0.0045664706822404755,0.02674481290700137,1.0,0.02674481290700137,1.3013844641577903,-0.5603812570665248,True
,2,0.20751794853948013,30,2479861447,henon_loc,,0.10646129097308099,-0.12151066729670512,-0.10646129097308099,0.000410452524751137,-0.0019172995244536306,0.8237285515614561,1.0,,0.9301898425345371,True,,2.7267201736357123,2.711670797312088,2.7267201736357123,2.8335919171335444,0.006299414182528995,0.8237285515614561,1.0,,-1.9029916220742562,False,estimated,0,1,,pad25,1,1,False,False,,1,ok,skewed_henon,henon_loc:01084,40.0,1024,1.994690260000425,,,,,,,,,
,2,0.20751794853948013,30,2479861447,henon_loc,,,,,,,,,,,,,,,,,,,,,,,estimated,0,2,,pad25,1,1,False,False,,13,ok,skewed_henon,henon_loc:01085,40.0,1024,3.025065079998967,3.0,10.0,0.029712454668276433,0.04756401047942327,1.0,0.3406389883339223,1.3013844641577903,-0.5603812570665248,True
,2,0.1660143588315841,30,2479861447,henon_loc,,0.0908157358555105,-0.10075887244275672,-0.0908157358555105,0.0004921615018608216,-0.0019172995244536306,0.8393741066790266,1.0,,0.9301898425345371,True,,2.742365728753283,2.732422592166037,2.742365728753283,2.833673626110654,0.006299414182528995,0.8393741066790266,1.0,,-1.9029916220742562,False,estimated,0,1,,pad10_shift,1,1,False,False,,1,ok,skewed_henon,henon_loc:01086,40.0,1024,2.5784952079993673,,,,,,,,,
,2,0.1660143588315841,30,2479861447,henon_loc,,,,,,,,,,,,,,,,,,,,,,,estimated,0,2,,pad10_shift,1,1,False,False,,13,ok,skewed_henon,henon_loc:01087,40.0,1024,5.157140920999154,2.0,11.0,0.023460216901972086,0.02461514800777309,1.0,0.10422769074439764,1.3013844641577903,-0.5603812570665248,True
,2,0.09223019935088005,45,2479861447,henon_loc,,0.008605332180508074,0.02836340664847492,0.008605332180508074,0.000535189737306041,0.00010346015208240189,0.9387951747150451,1.0,,0.9301898425345371,True,,0.011606884630462222,0.0024086913799867826,0.011606884630462222,0.0205993290671731,0.01600817902582552,-1.891384737443794,2.0,,-1.9029916220742562,True,estimated,0,1,,pad0,1,1,False,False,,2,ok,skewed_henon,henon_loc:01088,2.5,1024,0.9008067740014667,,,,,,,,,
,2,0.09223019935088005,45,2479861447,henon_loc,,,,,,,,,,,,,,,,,,,,,,,estimated,0,2,,pad0,1,1,False,False,,26,ok,skewed_henon,henon_loc:01089,2.5,1024,2.8960241559998394,2.0,24.0,0.004026330989781224,0.010595531253692836,1.0,0.010595531253692836,1.3013844641577903,-0.5603812570665248,True
,2,0.11067623922105607,45,2479861447,henon_loc,,0.015791669928928886,-0.04542075283222846,-0.015791669928928886,0.0005330753561769708,0.00010346015208240189,0.9143981726056082,1.0,,0.9301898425345371,True,,0.02085767777383296,0.020854731250163017,0.02085767777383296,0.020580987175780274,0.01600817902582552,-1.8821339443004232,2.0,,-1.9029916220742562,True,estimated,0,1,,pad10,1,1,False,False,,2,ok,skewed_henon,henon_loc:01090,2.5,1024,0.6561984599993593,,,,,,,,,
,2,0.11067623922105607,45,2479861447,henon_loc,,,,,,,,,,,,,,,,,,,,,,,estimated,0,2,,pad10,1,1,False,False,,26,ok,skewed_henon,henon_loc:01091,2.5,1024,2.7896206400000665,2.0,24.0,0.0013400149353686164,0.006548589079814482,1.0,0.007019934056073929,1.3013844641577903,-0.5603812570665248,True
,2,0.1383452990263201,45,2479861447,henon_loc,,0.0054874136627595105,-0.017751693026964777,-0.0054874136627595105,0.0003922615458590295,0.00010346015208240189,0.9247024288717776,1.0,,0.9301898425345371,True,,0.03151657239623784,0.04852379105542681,0.03151657239623784,0.020794811721697837,0.01600817902582552,-1.8714750496780184,2.0,,-1.9029916220742562,True,estimated,0,1,,pad25,1,1,False,False,,2,ok,skewed_henon,henon_loc:01092,2.5,1024,0.6676330530008272,,,,,,,,,
,2,0.1383452990263201,45,2479861447,henon_loc,,,,,,,,,,,,,,,,,,,,,,,estimated,0,2,,pad25,1,1,False,False,,18,ok,skewed_henon,henon_loc:01093,2.5,1024,2.7187516650010366,2.0,16.0,0.00019312844037577825,0.004010285133159597,1.0,0.004010285133159597,1.3013844641577903,-0.5603812570665248,True
,2,0.11067623922105607,45,2479861447,henon_loc,,0.0013853390803987287,0.009917366778299574,0.0013853390803987287,0.0005552672862407793,0.00010346015208240189,0.9315751816149358,1.0,,0.9301898425345371,True,,0.05438220593390963,0.07619285086069105,0.05438220593390963,0.020625952971487616,0.01600817902582552,-1.8486094161403466,2.0,,-1.9029916220742562,True,estimated,0,1,,pad10_shift,1,1,False,False,,2,ok,skewed_henon,henon_loc:01094,2.5,1024,0.6582285189997492,,,,,,,,,
,2,0.11067623922105607,45,2479861447,henon_loc,,,,,,,,,,,,,,,,,,,,,,,estimated,0,2,,pad10_shift,1,1,False,False,,32,ok,skewed_henon,henon_loc:01095,2.5,1024,2.7213930859998072,3.0,29.0,0.0018192028492630685,0.012683601322545202,1.0,0.012683601322545202,1.3013844641577903,-0.5603812570665248,True
,2,0.09223019935088005,45,2479861447,henon_loc,,0.01165308163606793,0.02836340664847492,0.01165308163606793,0.0005854577139623451,-0.000762878730352079,0.941842924170605,1.0,,0.9301898425345371,True,,0.009209462256652756,0.0024086913799867826,0.009209462256652756,0.022352265664153048,0.013316685258881966,-1.8937821598176034,2.0,,-1.9029916220742562,True,estimated,0,1,,pad0,1,1,False,False,,2,ok,skewed_henon,henon_loc:01096,5.0,1024,0.7139364819995535,,,,,,,,,
,2,0.09223019935088005,45,2479861447,henon_loc,,,,,,,,,,,,,,,,,,,,,,,estimated,0,2,,pad0,1,1,False,False,,33,ok,skewed_henon,henon_loc:01097,5.0,1024,2.961955095999656,3.0,30.0,0.0052703170666666965,0.013642159764164608,1.0,0.013642159764164608,1.3013844641577903,-0.5603812570665248,True
,2,0.11067623922105607,45,2479861447,henon_loc,,0.022969634321006516,-0.04542075283222846,-0.022969634321006516,0.0005490665134678663,-0.000762878730352079,0.9072202082135306,1.0,,0.9301898425345371,True,,0.021134038722377957,0.020854731250163017,0.021134038722377957,0.022240801114588482,0.013316685258881966,-1.8818575833518782,2.0,,-1.9029916220742562,True,estimated,0,1,,pad10,1,1,False,False,,2,ok,skewed_henon,henon_loc:01098,5.0,1024,1.0297255519999453,,,,,,,,,
,2,0.11067623922105607,45,2479861447,henon_loc,,,,,,,,,,,,,,,,,,,,,,,estimated,0,2,,pad10,1,1,False,False,,35,ok,skewed_henon,henon_loc:01099,5.0,1024,4.509526111000014,2.0,33.0,0.003068018168528197,0.006682192069812354,1.0,0.006682192069812354,1.3013844641577903,-0.5603812570665248,True
,2,0.1383452990263201,45,2479861447,henon_loc,,0.009989292897963464,-0.017751693026964777,-0.009989292897963464,0.0003866045290106257,-0.000762878730352079,0.9202005496365736,1.0,,0.9301898425345371,True,,0.0355880875967447,0.04852379105542681,0.0355880875967447,0.02209942094167827,0.013316685258881966,-1.8674035344775115,2.0,,-1.9029916220742562,True,estimated,0,1,,pad25,1,1,False,False,,2,ok,skewed_henon,henon_loc:01100,5.0,1024,1.403381692000039,,,,,,,,,
,2,0.1383452990263201,45,2479861447,henon_loc,,,,,,,,,,,,,,,,,,,,,,,estimated,0,2,,pad25,1,1,False,False,,25,ok,skewed_henon,henon_loc:01101,5.0,1024,5.101339756998641,2.0,23.0,0.000661557325310036,0.005674445791453042,1.0,0.005674445791453042,1.3013844641577903,-0.5603812570665248,True
,2,0.11067623922105607,45,2479861447,henon_loc,,0.0009584181970022643,0.009917366778299574,0.0009584181970022643,0.0004050370008970017,-0.000762878730352079,0.9311482607315393,1.0,,0.9301898425345371,True,,0.060276377768406775,0.07619285086069105,0.060276377768406775,0.02236976583519512,0.013316685258881966,-1.8427152443058494,2.0,,-1.9029916220742562,True,estimated,0,1,,pad10_shift,1,1,False,False,,2,ok,skewed_henon,henon_loc:01102,5.0,1024,1.329249365000578,,,,,,,,,
,2,0.11067623922105607,45,2479861447,henon_loc,,,,,,,,,,,,,,,,,,,,,,,estimated,0,2,,pad10_shift,1,1,False,False,,42,ok,skewed_henon,henon_loc:01103,5.0,1024,3.2456377409998822,3.0,39.0,0.002249055997078586,0.01435774901752096,1.0,0.01435774901752096,1.3013844641577903,-0.5603812570665248,True
,2,0.09223019935088005,45,2479861447,henon_loc,,0.015732657960398577,0.02836340664847492,0.015732657960398577,0.0005146750675033562,-0.0018695166959795673,0.9459225004949356,1.0,,0.9301898425345371,True,,0.007708069880876023,0.0024086913799867826,0.007708069880876023,0.022926052773771133,0.010870317938986185,-1.8952835521933802,2.0,,-1.9029916220742562,True,estimated,0,1,,pad0,1,1,False,False,,3,ok,skewed_henon,henon_loc:01104,10.0,1024,0.747942141000749,,,,,,,,,
,2,0.09223019935088005,45,2479861447,henon_loc,,,,,,,,,,,,,,,,,,,,,,,estimated,0,2,,pad0,1,1,False,False,,47,ok,skewed_henon,henon_loc:01105,10.0,1024,2.8504095990010683,2.0,45.0,0.007053424394829033,0.01819924104976378,1.0,0.01819924104976378,1.3013844641577903,-0.5603812570665248,True
0.0,2,0.11067623922105607,45,2479861447,henon_loc,0.0,0.03204748093880605,-0.04542075283222846,-0.03204748093880605,0.0003253190333528666,-0.0018695166959795673,0.898142361595731,1.0,True,0.9301898425345371,True,0.0,0.021477830322795377,0.020854731250163017,0.021477830322795377,0.02286128331305859,0.010870317938986185,-1.8815137917514608,2.0,True,-1.9029916220742562,True,estimated,0,1,7.060279266924324,pad10,1,1,True,True,2.0,3,ok,skewed_henon,henon_loc:01106,10.0,1024,38.17796529899897,,,,,,,,,
,2,0.11067623922105607,45,2479861447,henon_loc,,,,,,,,,,,,,,,,,,,,,,,estimated,0,2,,pad10,1,1,False,False,,50,ok,skewed_henon,henon_loc:01107,10.0,1024,2.7386729629997717,2.0,48.0,0.014814005388492757,0.007482015511737439,1.0,0.00844143072925485,1.3013844641577903,-0.5603812570665248,True
,2,0.1383452990263201,45,2479861447,henon_loc,,0.015337604617000955,-0.017751693026964777,-0.015337604617000955,0.000572104771025872,-0.0018695166959795673,0.9148522379175361,1.0,,0.9301898425345371,True,,0.04004676476179725,0.04852379105542681,0.04004676476179725,0.0227536023835071,0.010870317938986185,-1.862944857312459,2.0,,-1.9029916220742562,True,estimated,0,1,,pad25,1,1,False,False,,2,ok,skewed_henon,henon_loc:01108,10.0,1024,0.7645683900009317,,,,,,,,,
,2,0.1383452990263201,45,2479861447,henon_loc,,,,,,,,,,,,,,,,,,,,,,,estimated,0,2,,pad25,1,1,False,False,,30,ok,skewed_henon,henon_loc:01109,10.0,1024,2.658157007999762,2.0,28.0,0.0010993705331349135,0.009413513891607383,1.0,0.009413513891607383,1.3013844641577903,-0.5603812570665248,True
,2,0.11067623922105607,45,2479861447,henon_loc,,0.001748864076172696,0.009917366778299574,0.001748864076172696,0.0003654110859093729,-0.0018695166959795673,0.9319387066107098,1.0,,0.9301898425345371,True,,0.06598187690980106,0.07619285086069105,0.06598187690980106,0.022818143613589248,0.010870317938986185,-1.8370097451644551,2.0,,-1.9029916220742562,True,estimated,0,1,,pad10_shift,1,1,False,False,,2,ok,skewed_henon,henon_loc:01110,10.0,1024,1.1508064009994996,,,,,,,,,
,2,0.11067623922105607,45,2479861447,henon_loc,,,,,,,,,,,,,,,,,,,,,,,estimated,0,2,,pad10_shift,1,1,False,False,,49,ok,skewed_henon,henon_loc:01111,10.0,1024,4.843242767999982,2.0,47.0,0.0028956233178113466,0.020118931185970856,1.0,0.020118931185970856,1.3013844641577903,-0.5603812570665248,True
,2,0.09223019935088005,45,2479861447,henon_loc,,0.019175043860110597,0.02836340664847492,0.019175043860110597,0.0004984284915573456,-0.0019323334817235027,0.9493648863946477,1.0,,0.9301898425345371,True,,0.006179106322451666,0.0024086913799867826,0.006179106322451666,0.022780542205609988,0.008451100281593682,-1.8968125157518045,2.0,,-1.9029916220742562,True,estimated,0,1,,pad0,1,1,False,False,,2,ok,skewed_henon,henon_loc:01112,20.0,1024,1.473298924998744,,,,,,,,,
,2,0.09223019935088005,45,2479861447,henon_loc,,,,,,,,,,,,,,,,,,,,,,,estimated,0,2,,pad0,1,1,False,False,,34,ok,skewed_henon,henon_loc:01113,20.0,1024,3.0132880940000177,4.0,30.0,0.009546334917781563,0.023295570608384608,1.0,0.023295570608384608,1.3013844641577903,-0.5603812570665248,True
,2,0.11067623922105607,45,2479861447,henon_loc,,0.03691100028998606,-0.04542075283222846,-0.03691100028998606,0.00044223044712032866,-0.0019323334817235027,0.893278842244551,1.0,,0.9301898425345371,True,,0.02186687060688408,0.020854731250163017,0.02186687060688408,0.022973632999094606,0.008451100281593682,-1.8811247514673721,2.0,,-1.9029916220742562,True,estimated,0,1,,pad10,1,1,False,False,,2,ok,skewed_henon,henon_loc:01114,20.0,1024,0.8551155360000848,,,,,,,,,
,2,0.11067623922105607,45,2479861447,henon_loc,,,,,,,,,,,,,,,,,,,,,,,estimated,0,2,,pad10,1,1,False,False,,28,ok,skewed_henon,henon_loc:01115,20.0,1024,2.7781291030005377,2.0,26.0,0.015318756657528687,0.008852309516672818,1.0,0.010902336530830725,1.3013844641577903,-0.5603812570665248,True
,2,0.1383452990263201,45,2479861447,henon_loc,,0.017237282988838754,-0.017751693026964777,-0.017237282988838754,0.00040174263701697743,-0.0019323334817235027,0.9129525595456983,1.0,,0.9301898425345371,True,,0.04295310610060188,0.04852379105542681,0.04295310610060188,0.022893037741785527,0.008451100281593682,-1.8600385159736543,2.0,,-1.9029916220742562,True,estimated,0,1,,pad25,1,1,False,False,,2,ok,skewed_henon,henon_loc:01116,20.0,1024,0.9652634579997539,,,,,,,,,
,2,0.1383452990263201,45,2479861447,henon_loc,,,,,,,,,,,,,,,,,,,,,,,estimated,0,2,,pad25,1,1,False,False,,32,ok,skewed_henon,henon_loc:01117,20.0,1024,2.7705083929995453,2.0,30.0,0.0020895672153830036,0.018144291077859864,1.0,0.018144291077859864,1.3013844641577903,-0.5603812570665248,True
,2,0.11067623922105607,45,2479861447,henon_loc,,0.0036072416116256223,0.009917366778299574,0.0036072416116256223,0.0005636450330466225,-0.0019323334817235027,0.9337970841461627,1.0,,0.9301898425345371,True,,0.06905771891789558,0.07619285086069105,0.06905771891789558,0.022850389043104657,0.008451100281593682,-1.8339339031563606,2.0,,-1.9029916220742562,True,estimated,0,1,,pad10_shift,1,1,False,False,,2,ok,skewed_henon,henon_loc:01118,20.0,1024,1.2798817419989064,,,,,,,,,
,2,0.11067623922105607,45,2479861447,henon_loc,,,,,,,,,,,,,,,,,,,,,,,estimated,0,2,,pad10_shift,1,1,False,False,,36,ok,skewed_henon,henon_loc:01119,20.0,1024,4.643958813001518,3.0,33.0,0.003576672356725763,0.029123087444295703,1.0,0.029123087444295703,1.3013844641577903,-0.5603812570665248,True
,2,0.09223019935088005,45,2479861447,henon_loc,,0.02083086505542886,0.02836340664847492,0.02083086505542886,0.0005402211982352689,-0.0019172995244536306,0.9510207075899659,1.0,,0.9301898425345371,True,,2.854012329664222,2.8615448712572684,2.854012329664222,2.8337216858070287,0.006299414182528995,0.9510207075899659,1.0,,-1.9029916220742562,False,estimated,0,1,,pad0,1,1,False,False,,1,ok,skewed_henon,henon_loc:01120,40.0,1024,1.9841138079991651,,,,,,,,,
,2,0.09223019935088005,45,2479861447,henon_loc,,,,,,,,,,,,,,,,,,,,,,,estimated,0,2,,pad0,1,1,False,False,,30,ok,skewed_henon,henon_loc:01121,40.0,1024,2.8657326760003343,2.0,28.0,0.011248312641091274,0.025554148669143406,1.0,0.025554148669143406,1.3013844641577903,-0.5603812570665248,True
,2,0.11067623922105607,45,2479861447,henon_loc,,0.03905138423575061,-0.04542075283222846,-0.03905138423575061,0.0005153712857769444,-0.0019172995244536306,0.8911384582987865,1.0,,0.9301898425345371,True,,2.7941300803730424,2.787760711776565,2.7941300803730424,2.83369683589457,0.006299414182528995,0.8911384582987865,1.0,,-1.9029916220742562,False,estimated,0,1,,pad10,1,1,False,False,,1,ok,skewed_henon,henon_loc:01122,40.0,1024,1.2962877440004377,,,,,,,,,
,2,0.11067623922105607,45,2479861447,henon_loc,,,,,,,,,,,,,,,,,,,,,,,estimated,0,2,,pad10,1,1,False,False,,22,ok,skewed_henon,henon_loc:01123,40.0,1024,2.8209343279995664,2.0,20.0,0.012966960908047942,0.011410327760770445,1.0,0.011410327760770445,1.3013844641577903,-0.5603812570665248,True
,2,0.1383452990263201,45,2479861447,henon_loc,,0.01762020957325061,-0.017751693026964777,-0.01762020957325061,0.0007105425477368366,-0.0019172995244536306,0.9125696329612865,1.0,,0.9301898425345371,True,,2.8155612550355427,2.8154297715818286,2.8155612550355427,2.83389200715653,0.006299414182528995,0.9125696329612865,1.0,,-1.9029916220742562,False,estimated,0,1,,pad25,1,1,False,False,,1,ok,skewed_henon,henon_loc:01124,40.0,1024,1.4001342800002021,,,,,,,,,
,2,0.1383452990263201,45,2479861447,henon_loc,,,,,,,,,,,,,,,,,,,,,,,estimated,0,2,,pad25,1,1,False,False,,17,ok,skewed_henon,henon_loc:01125,40.0,1024,2.8600393849992543,3.0,14.0,0.005124486756091007,0.02354880596184783,1.0,1.19684963021481,1.3013844641577903,-0.5603812570665248,True
,2,0.11067623922105607,45,2479861447,henon_loc,,0.0045879041137952825,0.009917366778299574,0.0045879041137952825,0.0007142357410583333,-0.0019172995244536306,0.9347777466483324,1.0,,0.9301898425345371,True,,2.8377693687225887,2.843098831387093,2.8377693687225887,2.8338957003498515,0.006299414182528995,0.9347777466483324,1.0,,-1.9029916220742562,False,estimated,0,1,,pad10_shift,1,1,False,False,,1,ok,skewed_henon,henon_loc:01126,40.0,1024,1.249069386998599,,,,,,,,,
,2,0.11067623922105607,45,2479861447,henon_loc,,,,,,,,,,,,,,,,,,,,,,,estimated,0,2,,pad10_shift,1,1,False,False,,25,ok,skewed_henon,henon_loc:01127,40.0,1024,3.4498583439999493,2.0,23.0,0.0036666609292328456,0.030976009451074482,1.0,0.030976009451074482,1.3013844641577903,-0.5603812570665248,True
,2,0.06917264951316003,60,2479861447,henon_loc,,0.0053840942026114336,0.016834631729614413,0.0053840942026114336,0.0005420087366901916,0.00010346015208240189,0.9355739367371485,1.0,,0.9301898425345371,True,,0.015924919445215346,0.013937466298846735,0.015924919445215346,0.02076700491113659,0.01600817902582552,-1.8870667026290409,2.0,,-1.9029916220742562,True,estimated,0,1,,pad0,1,1,False,False,,2,ok,skewed_henon,henon_loc:01128,2.5,1024,0.7652760660002969,,,,,,,,,
,2,0.06917264951316003,60,2479861447,henon_loc,,,,,,,,,,,,,,,,,,,,,,,estimated,0,2,,pad0,1,1,False,False,,36,ok,skewed_henon,henon_loc:01129,2.5,1024,4.446329742000671,3.0,33.0,0.0032099957693544345,0.00273230288979609,1.0,0.00273230288979609,1.3013844641577903,-0.5603812570665248,True
,2,0.08300717941579205,60,2479861447,henon_loc,,0.007214927204933108,0.02375189668093136,0.007214927204933108,0.0005743528516697349,0.00010346015208240189,0.9374047697394702,1.0,,0.9301898425345371,True,,0.02731056687565614,0.03468926115279514,0.02731056687565614,0.020669992522392766,0.01600817902582552,-1.8756810551986,2.0,,-1.9029916220742562,True,estimated,0,1,,pad10,1,1,False,False,,2,ok,skewed_henon,henon_loc:01130,2.5,1024,1.179373928998757,,,,,,,,,
,2,0.08300717941579205,60,2479861447,henon_loc,,,,,,,,,,,,,,,,,,,,,,,estimated,0,2,,pad10,1,1,False,False,,34,ok,skewed_henon,henon_loc:01131,2.5,1024,4.871436553001331,2.0,32.0,0.003670742326907339,0.003588393658030542,1.0,0.003588393658030542,1.3013844641577903,-0.5603812570665248,True
,2,0.10375897426974007,60,2479861447,henon_loc,,0.010054214437199338,0.034127794107905784,0.010054214437199338,0.00045650931724838806,0.00010346015208240189,0.9402440569717364,1.0,,0.9301898425345371,True,,0.045008994365273836,0.06581695343371696,0.045008994365273836,0.020625635411885,0.01600817902582552,-1.8579826277089824,2.0,,-1.9029916220742562,True,estimated,0,1,,pad25,1,1,False,False,,2,ok,skewed_henon,henon_loc:01132,2.5,1024,1.137120577001042,,,,,,,,,
,2,0.10375897426974007,60,2479861447,henon_loc,,,,,,,,,,,,,,,,,,,,,,,estimated,0,2,,pad25,1,1,False,False,,34,ok,skewed_henon,henon_loc:01133,2.5,1024,3.599518189999799,2.0,32.0,0.004408292199504671,0.006619111317683446,1.0,0.006619111317683446,1.3013844641577903,-0.5603812570665248,True
,2,0.08300717941579205,60,2479861447,henon_loc,,0.006919870106798176,-0.017751693026964555,-0.006919870106798176,0.0005507760406231466,0.00010346015208240189,0.9232699724277389,1.0,,0.9301898425345371,True,,0.008508776462503809,-0.006814328555101223,0.008508776462503809,0.020752335426333257,0.01600817902582552,-1.8944828456117524,2.0,,-1.9029916220742562,True,estimated,0,1,,pad10_shift,1,1,False,False,,2,ok,skewed_henon,henon_loc:01134,2.5,1024,0.7125149229996168,,,,,,,,,
,2,0.08300717941579205,60,2479861447,henon_loc,,,,,,,,,,,,,,,,,,,,,,,estimated,0,2,,pad10_shift,1,1,False,False,,37,ok,skewed_henon,henon_loc:01135,2.5,1024,2.714947051999843,2.0,35.0,0.001075910360699539,0.009807495905412189,1.0,0.009807495905412189,1.3013844641577903,-0.5603812570665248,True
,2,0.06917264951316003,60,2479861447,henon_loc,,0.007303227535898071,0.016834631729614413,0.007303227535898071,0.0005588942083649684,-0.000762878730352079,0.9374930700704351,1.0,,0.9301898425345371,True,,0.01478672586118046,0.013937466298846735,0.01478672586118046,0.02222278568384506,0.013316685258881966,-1.8882048962130757,2.0,,-1.9029916220742562,True,estimated,0,1,,pad0,1,1,False,False,,2,ok,skewed_henon,henon_loc:01136,5.0,1024,0.691101193000577,,,,,,,,,
,2,0.06917264951316003,60,2479861447,henon_loc,,,,,,,,,,,,,,,,,,,,,,,estimated,0,2,,pad0,1,1,False,False,,48,ok,skewed_henon,henon_loc:01137,5.0,1024,2.6985524779993284,4.0,44.0,0.004031211894659381,0.0034068593790650414,1.0,0.0034068593790650414,1.3013844641577903,-0.5603812570665248,True
,2,0.08300717941579205,60,2479861447,henon_loc,,0.009949479448774667,0.02375189668093136,0.009949479448774667,0.0004036538159585268,-0.000762878730352079,0.9401393219833117,1.0,,0.9301898425345371,True,,0.029763395212338617,0.03468926115279514,0.029763395212338617,0.022292749064917405,0.013316685258881966,-1.8732282268619176,2.0,,-1.9029916220742562,True,estimated,0,1,,pad10,1,1,False,False,,2,ok,skewed_henon,henon_loc:01138,5.0,1024,0.7291908819988748,,,,,,,,,
,2,0.08300717941579205,60,2479861447,henon_loc,,,,,,,,,,,,,,,,,,,,,,,estimated,0,2,,pad10,1,1,False,False,,47,ok,skewed_henon,henon_loc:01139,5.0,1024,2.657126125999639,3.0,44.0,0.00477879048137464,0.005382166614966488,1.0,0.005382166614966488,1.3013844641577903,-0.5603812570665248,True
,2,0.10375897426974007,60,2479861447,henon_loc,,0.014186652780077913,0.034127794107905784,0.014186652780077913,0.000438588689337327,-0.000762878730352079,0.944376495314615,1.0,,0.9301898425345371,True,,0.050643010892944984,0.06581695343371696,0.050643010892944984,0.022368690404440894,0.013316685258881966,-1.8523486111813112,2.0,,-1.9029916220742562,True,estimated,0,1,,pad25,1,1,False,False,,2,ok,skewed_henon,henon_loc:01140,5.0,1024,0.7252040470011707,,,,,,,,,
,2,0.10375897426974007,60,2479861447,henon_loc,,,,,,,,,,,,,,,,,,,,,,,estimated,0,2,,pad25,1,1,False,False,,43,ok,skewed_henon,henon_loc:01141,5.0,1024,2.724294755998926,2.0,41.0,0.00583160933246607,0.007418280309326342,1.0,0.007418280309326342,1.3013844641577903,-0.5603812570665248,True
,2,0.08300717941579205,60,2479861447,henon_loc,,0.011134922603335706,-0.017751693026964555,-0.011134922603335706,0.0004860825148751413,-0.000762878730352079,0.9190549199312014,1.0,,0.9301898425345371,True,,0.004951442280172191,-0.006814328555101223,0.004951442280172191,0.022175432008949114,0.013316685258881966,-1.898040179794084,2.0,,-1.9029916220742562,True,estimated,0,1,,pad10_shift,1,1,False,False,,2,ok,skewed_henon,henon_loc:01142,5.0,1024,0.6908260950003751,,,,,,,,,
,2,0.08300717941579205,60,2479861447,henon_loc,,,,,,,,,,,,,,,,,,,,,,,estimated,0,2,,pad10_shift,1,1,False,False,,52,ok,skewed_henon,henon_loc:01143,5.0,1024,2.9620934880003915,3.0,49.0,0.0019497504352395945,0.009567759019378341,1.0,0.009567759019378341,1.3013844641577903,-0.5603812570665248,True
,2,0.06917264951316003,60,2479861447,henon_loc,,0.00959541649349327,0.016834631729614413,0.00959541649349327,0.00043004043299954553,-0.0018695166959795673,0.9397852590280303,1.0,,0.9301898425345371,True,,0.014486631547503848,0.013937466298846735,0.014486631547503848,0.02278734948908312,0.010870317938986185,-1.8885049905267524,2.0,,-1.9029916220742562,True,estimated,0,1,,pad0,1,1,False,False,,3,ok,skewed_henon,henon_loc:01144,10.0,1024,0.7096229279995896,,,,,,,,,
,2,0.06917264951316003,60,2479861447,henon_loc,,,,,,,,,,,,,,,,,,,,,,,estimated,0,2,,pad0,1,1,False,False,,65,ok,skewed_henon,henon_loc:01145,10.0,1024,3.6124350789996242,6.0,59.0,0.005156423652395881,0.0065182729443094,1.0,0.0065182729443094,1.3013844641577903,-0.5603812570665248,True
0.0,2,0.08300717941579205,60,2479861447,henon_loc,0.0,0.013310966449165962,0.02375189668093136,0.013310966449165962,0.00044485363971824565,-0.0018695166959795673,0.943500808983703,1.0,True,0.9301898425345371,True,0.02,0.031453605790187966,0.03468926115279514,0.031453605790187966,0.022945369900069235,0.010870317938986185,-1.8715380162840682,2.0,True,-1.9029916220742562,True,estimated,0,1,4.5675675675675675,pad10,1,1,True,True,2.0,3,ok,skewed_henon,henon_loc:01146,10.0,1024,40.51297685300051,,,,,,,,,
,2,0.08300717941579205,60,2479861447,henon_loc,,,,,,,,,,,,,,,,,,,,,,,estimated,0,2,,pad10,1,1,False,False,,68,ok,skewed_henon,henon_loc:01147,10.0,1024,4.868418557000041,4.0,64.0,0.006306135922520384,0.007981933823950849,1.0,0.007981933823950849,1.3013844641577903,-0.5603812570665248,True
,2,0.10375897426974007,60,2479861447,henon_loc,,0.01869816771958055,0.034127794107905784,0.01869816771958055,0.0005403472223760586,-0.0018695166959795673,0.9488880102541176,1.0,,0.9301898425345371,True,,0.05610155518683513,0.06581695343371696,0.05610155518683513,0.022898683420518262,0.010870317938986185,-1.846890066887421,2.0,,-1.9029916220742562,True,estimated,0,1,,pad25,1,1,False,False,,3,ok,skewed_henon,henon_loc:01148,10.0,1024,0.7521700689994759,,,,,,,,,
,2,0.10375897426974007,60,2479861447,henon_loc,,,,,,,,,,,,,,,,,,,,,,,estimated,0,2,,pad25,1,1,False,False,,52,ok,skewed_henon,henon_loc:01149,10.0,1024,2.8175090519998776,3.0,49.0,0.007940076744134328,0.012374969332594188,1.0,0.012374969332594188,1.3013844641577903,-0.5603812570665248,True
,2,0.08300717941579205,60,2479861447,henon_loc,,0.01480045821578102,-0.017751693026964555,-0.01480045821578102,0.0005558699761405439,-0.0018695166959795673,0.915389384318756,1.0,,0.9301898425345371,True,,0.0022910085965108795,-0.006814328555101223,0.0022910085965108795,0.022835285501919378,0.010870317938986185,-1.9007006134777453,2.0,,-1.9029916220742562,True,estimated,0,1,,pad10_shift,1,1,False,False,,3,ok,skewed_henon,henon_loc:01150,10.0,1024,0.7897017939994839,,,,,,,,,
,2,0.08300717941579205,60,2479861447,henon_loc,,,,,,,,,,,,,,,,,,,,,,,estimated,0,2,,pad10_shift,1,1,False,False,,60,ok,skewed_henon,henon_loc:01151,10.0,1024,2.814108129001397,3.0,57.0,0.002824039811145096,0.011456616017921695,1.0,0.011456616017921695,1.3013844641577903,-0.5603812570665248,True
,2,0.06917264951316003,60,2479861447,henon_loc,,0.011448670376338899,0.016834631729614413,0.011448670376338899,0.0005539780780161596,-0.0019323334817235027,0.941638512910876,1.0,,0.9301898425345371,True,,0.014543556524902135,0.013937466298846735,0.014543556524902135,0.022844274466481407,0.008451100281593682,-1.888448065549354,2.0,,-1.9029916220742562,True,estimated,0,1,,pad0,1,1,False,False,,2,ok,skewed_henon,henon_loc:01152,20.0,1024,0.8350597629996628,,,,,,,,,
,2,0.06917264951316003,60,2479861447,henon_loc,,,,,,,,,,,,,,,,,,,,,,,estimated,0,2,,pad0,1,1,False,False,,70,ok,skewed_henon,henon_loc:01153,20.0,1024,3.5417172569996183,5.0,65.0,0.006485220664490421,0.0069691676073728726,1.0,0.0069691676073728726,1.3013844641577903,-0.5603812570665248,True
,2,0.08300717941579205,60,2479861447,henon_loc,,0.01611536452815865,0.02375189668093136,0.01611536452815865,0.0005515183876977359,-0.0019323334817235027,0.9463052070626957,1.0,,0.9301898425345371,True,,0.03329897569673124,0.03468926115279514,0.03329897569673124,0.022923078269757147,0.008451100281593682,-1.869692646377525,2.0,,-1.9029916220742562,True,estimated,0,1,,pad10,1,1,False,False,,2,ok,skewed_henon,henon_loc:01154,20.0,1024,1.2324347440007841,,,,,,,,,
,2,0.08300717941579205,60,2479861447,henon_loc,,,,,,,,,,,,,,,,,,,,,,,estimated,0,2,,pad10,1,1,False,False,,66,ok,skewed_henon,henon_loc:01155,20.0,1024,4.687726436999583,7.0,59.0,0.008361022735643542,0.01025284833067841,1.0,0.01025284833067841,1.3013844641577903,-0.5603812570665248,True
,2,0.10375897426974007,60,2479861447,henon_loc,,0.022854506534099372,0.034127794107905784,0.022854506534099372,0.0005463270661052455,-0.0019323334817235027,0.9530443490686364,1.0,,0.9301898425345371,True,,0.05940288692518014,0.06581695343371696,0.05940288692518014,0.02282784849509678,0.008451100281593682,-1.843588735149076,2.0,,-1.9029916220742562,True,estimated,0,1,,pad25,1,1,False,False,,2,ok,skewed_henon,henon_loc:01156,20.0,1024,0.9033081390007283,,,,,,,,,
,2,0.10375897426974007,60,2479861447,henon_loc,,,,,,,,,,,,,,,,,,,,,,,estimated,0,2,,pad25,1,1,False,False,,65,ok,skewed_henon,henon_loc:01157,20.0,1024,2.7401624670001183,5.0,60.0,0.01102576326222593,0.017637482696640117,1.0,0.017637482696640117,1.3013844641577903,-0.5603812570665248,True
,2,0.08300717941579205,60,2479861447,henon_loc,,0.016177852843603957,-0.017751693026964555,-0.016177852843603957,0.0006311009880939356,-0.0019323334817235027,0.9140119896909331,1.0,,0.9301898425345371,True,,0.00034949525788374736,-0.006814328555101223,-0.00034949525788374736,0.022892514978537948,0.008451100281593682,-1.90334111733214,2.0,,-1.9029916220742562,True,estimated,0,1,,pad10_shift,1,1,False,False,,2,ok,skewed_henon,henon_loc:01158,20.0,1024,0.8713872130010714,,,,,,,,,
,2,0.08300717941579205,60,2479861447,henon_loc,,,,,,,,,,,,,,,,,,,,,,,estimated,0,2,,pad10_shift,1,1,False,False,,63,ok,skewed_henon,henon_loc:01159,20.0,1024,2.84722287600016,2.0,61.0,0.004391898553998241,0.014083353953145972,1.0,0.014083353953145972,1.3013844641577903,-0.5603812570665248,True
,2,0.06917264951316003,60,2479861447,henon_loc,,0.012459846007885078,0.016834631729614413,0.012459846007885078,0.0005275639668649301,-0.0019172995244536306,0.9426496885424221,1.0,,0.9301898425345371,True,,2.8456413106166782,2.8500160963384076,2.8456413106166782,2.833709028575658,0.006299414182528995,0.9426496885424221,1.0,,-1.9029916220742562,False,estimated,0,1,,pad0,1,1,False,False,,1,ok,skewed_henon,henon_loc:01160,40.0,1024,1.070199355999648,,,,,,,,,
,2,0.06917264951316003,60,2479861447,henon_loc,,,,,,,,,,,,,,,,,,,,,,,estimated,0,2,,pad0,1,1,False,False,,41,ok,skewed_henon,henon_loc:01161,40.0,1024,3.807298799001728,2.0,39.0,0.007017288193030491,0.00699405292415789,1.0,0.00699405292415789,1.3013844641577903,-0.5603812570665248,True
,2,0.08300717941579205,60,2479861447,henon_loc,,0.017532770187332347,0.02375189668093136,0.017532770187332347,0.000516298407094995,-0.0019172995244536306,0.9477226127218694,1.0,,0.9301898425345371,True,,2.8507142347961256,2.8569333612897245,2.8507142347961256,2.833697763015888,0.006299414182528995,0.9477226127218694,1.0,,-1.9029916220742562,False,estimated,0,1,,pad10,1,1,False,False,,1,ok,skewed_henon,henon_loc:01162,40.0,1024,1.6004115079995245,,,,,,,,,
,2,0.08300717941579205,60,2479861447,henon_loc,,,,,,,,,,,,,,,,,,,,,,,estimated,0,2,,pad10,1,1,False,False,,42,ok,skewed_henon,henon_loc:01163,40.0,1024,4.617082286998993,3.0,39.0,0.009538113704467444,0.011189498864818237,1.0,0.011189498864818237,1.3013844641577903,-0.5603812570665248,True
,2,0.10375897426974007,60,2479861447,henon_loc,,0.06556564998146341,-0.06963118016183467,-0.06556564998146341,0.0005806961154959378,-0.0019172995244536306,0.8646241925530737,1.0,,0.9301898425345371,True,,2.7676158146273298,2.763550284446959,2.7676158146273298,2.833762160724289,0.006299414182528995,0.8646241925530737,1.0,,-1.9029916220742562,False,estimated,0,1,,pad25,1,1,False,False,,1,ok,skewed_henon,henon_loc:01164,40.0,1024,2.0170668339997064,,,,,,,,,
,2,0.10375897426974007,60,2479861447,henon_loc,,,,,,,,,,,,,,,,,,,,,,,estimated,0,2,,pad25,1,1,False,False,,38,ok,skewed_henon,henon_loc:01165,40.0,1024,2.9345814299995254,4.0,34.0,0.013464834597958664,0.017989590637849107,1.0,0.017989590637849107,1.3013844641577903,-0.5603812570665248,True
,2,0.08300717941579205,60,2479861447,henon_loc,,0.01653323329029477,-0.017751693026964555,-0.01653323329029477,0.000690756438482043,-0.0019172995244536306,0.9136566092442423,1.0,,0.9301898425345371,True,,2.8166482313184984,2.8154297715818286,2.8166482313184984,2.833872221047275,0.006299414182528995,0.9136566092442423,1.0,,-1.9029916220742562,False,estimated,0,1,,pad10_shift,1,1,False,False,,1,ok,skewed_henon,henon_loc:01166,40.0,1024,1.1628625430003012,,,,,,,,,
,2,0.08300717941579205,60,2479861447,henon_loc,,,,,,,,,,,,,,,,,,,,,,,estimated,0,2,,pad10_shift,1,1,False,False,,38,ok,skewed_henon,henon_loc:01167,40.0,1024,2.812188915000661,2.0,36.0,0.006335180158706932,0.014446078896467318,1.0,0.014446078896467318,1.3013844641577903,-0.5603812570665248,True
,2,0.04611509967544002,90,2479861447,henon_loc,,0.0019650900471895882,0.005305856810754905,0.0019650900471895882,0.0005816370569263762,0.00010346015208240189,0.9321549325817267,1.0,,0.9301898425345371,True,,0.022430941198684495,0.025466241217706465,0.022430941198684495,0.02070162496085559,0.01600817902582552,-1.8805606808755717,2.0,,-1.9029916220742562,True,estimated,0,1,,pad0,1,1,False,False,,3,ok,skewed_henon,henon_loc:01168,2.5,1024,0.6651720509998995,,,,,,,,,
,2,0.04611509967544002,90,2479861447,henon_loc,,,,,,,,,,,,,,,,,,,,,,,estimated,0,2,,pad0,1,1,False,False,,42,ok,skewed_henon,henon_loc:01169,2.5,1024,2.6574701170011394,3.0,39.0,0.0016950862601025074,0.009167836599584311,1.0,0.009167836599584311,1.3013844641577903,-0.5603812570665248,True
,2,0.055338119610528036,90,2479861447,henon_loc,,0.007603903195787409,-0.017751693026964444,-0.007603903195787409,0.0005584694467655194,0.00010346015208240189,0.9225859393387497,1.0,,0.9301898425345371,True,,0.001115796325263041,-0.006814328555101001,0.001115796325263041,0.020760828787000474,0.01600817902582552,-1.9018758257489932,2.0,,-1.9029916220742562,True,estimated,0,1,,pad10,1,1,False,False,,2,ok,skewed_henon,henon_loc:01170,2.5,1024,0.6453245310003695,,,,,,,,,
,2,0.055338119610528036,90,2479861447,henon_loc,,,,,,,,,,,,,,,,,,,,,,,estimated,0,2,,pad10,1,1,False,False,,49,ok,skewed_henon,henon_loc:01171,2.5,1024,2.8910145009995176,3.0,46.0,0.0010963706653740468,0.007567100714670372,1.0,0.007567100714670372,1.3013844641577903,-0.5603812570665248,True
,2,0.06917264951316004,90,2479861447,henon_loc,,0.0053840942026114336,0.016834631729615857,0.0053840942026114336,0.0005420087366903026,0.00010346015208240189,0.9355739367371485,1.0,,0.9301898425345371,True,,0.015924919445215346,0.013937466298846957,0.015924919445215346,0.02076700491113659,0.01600817902582552,-1.8870667026290409,2.0,,-1.9029916220742562,True,estimated,0,1,,pad25,1,1,False,False,,2,ok,skewed_henon,henon_loc:01172,2.5,1024,0.6758835910004564,,,,,,,,,
,2,0.06917264951316004,90,2479861447,henon_loc,,,,,,,,,,,,,,,,,,,,,,,estimated,0,2,,pad25,1,1,False,False,,39,ok,skewed_henon,henon_loc:01173,2.5,1024,2.7578457460003847,3.0,36.0,0.0032099957693544345,0.00273230288979609,1.0,0.00273230288979609,1.3013844641577903,-0.5603812570665248,True
,2,0.055338119610528036,90,2479861447,henon_loc,,0.0033405566583054602,0.009917366778299797,0.0033405566583054602,0.0005736506777790362,0.00010346015208240189,0.9335303991928425,1.0,,0.9301898425345371,True,,0.019220177373708847,0.02085473125016324,0.019220177373708847,0.02074197566299829,0.01600817902582552,-1.8837714447005474,2.0,,-1.9029916220742562,True,estimated,0,1,,pad10_shift,1,1,False,False,,2,ok,skewed_henon,henon_loc:01174,2.5,1024,0.6364076829995611,,,,,,,,,
,2,0.055338119610528036,90,2479861447,henon_loc,,,,,,,,,,,,,,,,,,,,,,,estimated,0,2,,pad10_shift,1,1,False,False,,49,ok,skewed_henon,henon_loc:01175,2.5,1024,4.059173326000746,3.0,46.0,0.002378585468757133,0.0168198997380693,1.0,0.0168198997380693,1.3013844641577903,-0.5603812570665248,True
,2,0.04611509967544002,90,2479861447,henon_loc,,0.002001896301667694,0.005305856810754905,0.002001896301667694,0.0005031555622159178,-0.000762878730352079,0.9321917388362048,1.0,,0.9301898425345371,True,,0.02261945679458699,0.025466241217706465,0.02261945679458699,0.022273593547021076,0.013316685258881966,-1.8803721652796692,2.0,,-1.9029916220742562,True,estimated,0,1,,pad0,1,1,False,False,,3,ok,skewed_henon,henon_loc:01176,5.0,1024,1.3145132120007474,,,,,,,,,
,2,0.04611509967544002,90,2479861447,henon_loc,,,,,,,,,,,,,,,,,,,,,,,estimated,0,2,,pad0,1,1,False,False,,70,ok,skewed_henon,henon_loc:01177,5.0,1024,4.954701897999257,2.0,68.0,0.001992092402412604,0.012167362951516325,1.0,0.012167362951516325,1.3013844641577903,-0.5603812570665248,True
,2,0.055338119610528036,90,2479861447,henon_loc,,0.011203911748092432,-0.017751693026964444,-0.011203911748092432,0.0004170933701184154,-0.000762878730352079,0.9189859307864446,1.0,,0.9301898425345371,True,,0.0013696274797265762,-0.006814328555101001,-0.0013696274797265762,0.02228741865377426,0.013316685258881966,-1.9043612495539828,2.0,,-1.9029916220742562,True,estimated,0,1,,pad10,1,1,False,False,,2,ok,skewed_henon,henon_loc:01178,5.0,1024,1.030260465999163,,,,,,,,,
,2,0.055338119610528036,90,2479861447,henon_loc,,,,,,,,,,,,,,,,,,,,,,,estimated,0,2,,pad10,1,1,False,False,,72,ok,skewed_henon,henon_loc:01179,5.0,1024,4.383647496000776,4.0,68.0,0.002420571747520084,0.00877433175513398,1.0,0.00877433175513398,1.3013844641577903,-0.5603812570665248,True
,2,0.06917264951316004,90,2479861447,henon_loc,,0.007303227535898071,0.016834631729615857,0.007303227535898071,0.0005588942083649684,-0.000762878730352079,0.9374930700704351,1.0,,0.9301898425345371,True,,0.01478672586118046,0.013937466298846957,0.01478672586118046,0.02222278568384528,0.013316685258881966,-1.8882048962130757,2.0,,-1.9029916220742562,True,estimated,0,1,,pad25,1,1,False,False,,2,ok,skewed_henon,henon_loc:01180,5.0,1024,1.2146078279984067,,,,,,,,,
,2,0.06917264951316004,90,2479861447,henon_loc,,,,,,,,,,,,,,,,,,,,,,,estimated,0,2,,pad25,1,1,False,False,,55,ok,skewed_henon,henon_loc:01181,5.0,1024,2.8182522850001988,4.0,51.0,0.004031211894659381,0.0034068593790650414,1.0,0.0034068593790650414,1.3013844641577903,-0.5603812570665248,True
,2,0.055338119610528036,90,2479861447,henon_loc,,0.004073297283759381,0.009917366778299797,0.004073297283759381,0.0004763195090750072,-0.000762878730352079,0.9342631398182965,1.0,,0.9301898425345371,True,,0.019216579115306942,0.02085473125016324,0.019216579115306942,0.022260175693886053,0.013316685258881966,-1.8837750429589493,2.0,,-1.9029916220742562,True,estimated,0,1,,pad10_shift,1,1,False,False,,2,ok,skewed_henon,henon_loc:01182,5.0,1024,0.6979628159988351,,,,,,,,,
,2,0.055338119610528036,90,2479861447,henon_loc,,,,,,,,,,,,,,,,,,,,,,,estimated,0,2,,pad10_shift,1,1,False,False,,76,ok,skewed_henon,henon_loc:01183,5.0,1024,2.787415187998704,3.0,73.0,0.0029546048041578787,0.01565645050694142,1.0,0.01565645050694142,1.3013844641577903,-0.5603812570665248,True
,2,0.04611509967544002,90,2479861447,henon_loc,,0.0029008627887172622,0.005305856810754905,0.0029008627887172622,0.0004798200557566412,-0.0018695166959795673,0.9330907053232543,1.0,,0.9301898425345371,True,,0.023239517476956628,0.025466241217706465,0.023239517476956628,0.022893654229390936,0.010870317938986185,-1.8797521045972996,2.0,,-1.9029916220742562,True,estimated,0,1,,pad0,1,1,False,False,,4,ok,skewed_henon,henon_loc:01184,10.0,1024,0.6843963600003917,,,,,,,,,
,2,0.04611509967544002,90,2479861447,henon_loc,,,,,,,,,,,,,,,,,,,,,,,estimated,0,2,,pad0,1,1,False,False,,96,ok,skewed_henon,henon_loc:01185,10.0,1024,2.7986304580008436,4.0,92.0,0.0023667211488394013,0.014853053342451239,1.0,0.014853053342451239,1.3013844641577903,-0.5603812570665248,True
0.0,2,0.055338119610528036,90,2479861447,henon_loc,0.0,0.013786617214389008,-0.017751693026964444,-0.013786617214389008,0.0004629485853219206,-0.0018695166959795673,0.9164032253201481,1.0,True,0.9301898425345371,True,0.24,0.04491103020837084,0.048523791055427035,0.04491103020837084,0.0229141276631859,0.010870317938986185,-1.8580805918658854,2.0,False,-1.9029916220742562,True,estimated,0,1,5.759909233978699,pad10,1,1,True,True,1.0,4,ok,skewed_henon,henon_loc:01186,10.0,1024,37.986172167000404,,,,,,,,,
,2,0.055338119610528036,90,2479861447,henon_loc,,,,,,,,,,,,,,,,,,,,,,,estimated,0,2,,pad10,1,1,False,False,,95,ok,skewed_henon,henon_loc:01187,10.0,1024,2.82831636300034,5.0,90.0,0.004346963322101938,0.011971168260978549,1.0,0.011971168260978549,1.3013844641577903,-0.5603812570665248,True
,2,0.06917264951316004,90,2479861447,henon_loc,,0.00959541649349327,0.016834631729615857,0.00959541649349327,0.00043004043299954553,-0.0018695166959795673,0.9397852590280303,1.0,,0.9301898425345371,True,,0.014486631547503848,0.013937466298846957,0.014486631547503848,0.02278734948908312,0.010870317938986185,-1.8885049905267524,2.0,,-1.9029916220742562,True,estimated,0,1,,pad25,1,1,False,False,,3,ok,skewed_henon,henon_loc:01188,10.0,1024,0.8012800540000171,,,,,,,,,
,2,0.06917264951316004,90,2479861447,henon_loc,,,,,,,,,,,,,,,,,,,,,,,estimated,0,2,,pad25,1,1,False,False,,85,ok,skewed_henon,henon_loc:01189,10.0,1024,4.633883644999514,6.0,79.0,0.005156423652395881,0.0065182729443094,1.0,0.0065182729443094,1.3013844641577903,-0.5603812570665248,True
,2,0.055338119610528036,90,2479861447,henon_loc,,0.0057274863458293135,0.009917366778299797,0.0057274863458293135,0.0004703649828291523,-0.0018695166959795673,0.9359173288803664,1.0,,0.9301898425345371,True,,0.019962607923106335,0.02085473125016324,0.019962607923106335,0.02286785920265899,0.010870317938986185,-1.8830290141511499,2.0,,-1.9029916220742562,True,estimated,0,1,,pad10_shift,1,1,False,False,,3,ok,skewed_henon,henon_loc:01190,10.0,1024,1.3851086079994275,,,,,,,,,
,2,0.055338119610528036,90,2479861447,henon_loc,,,,,,,,,,,,,,,,,,,,,,,estimated,0,2,,pad10_shift,1,1,False,False,,93,ok,skewed_henon,henon_loc:01191,10.0,1024,3.3794254290005483,7.0,86.0,0.003686379084699376,0.013101197915206475,1.0,0.016848168672903396,1.3013844641577903,-0.5603812570665248,True
,2,0.04611509967544002,90,2479861447,henon_loc,,0.003325814794345905,0.005305856810754905,0.003325814794345905,0.0005589088138194809,-0.0019323334817235027,0.933515657328883,1.0,,0.9301898425345371,True,,0.02401813516448703,0.025466241217706465,0.02401813516448703,0.022865257672600947,0.008451100281593682,-1.8789734869097692,2.0,,-1.9029916220742562,True,estimated,0,1,,pad0,1,1,False,False,,2,ok,skewed_henon,henon_loc:01192,20.0,1024,0.7246847990008973,,,,,,,,,
,2,0.04611509967544002,90,2479861447,henon_loc,,,,,,,,,,,,,,,,,,,,,,,estimated,0,2,,pad0,1,1,False,False,,131,ok,skewed_henon,henon_loc:01193,20.0,1024,2.885555601998931,4.0,127.0,0.0026457970775685125,0.015219646514697316,1.0,0.015219646514697316,1.3013844641577903,-0.5603812570665248,True
,2,0.055338119610528036,90,2479861447,henon_loc,,0.015069352479370357,-0.017751693026964444,-0.015069352479370357,0.0005636663106037831,-0.0019323334817235027,0.9151204900551667,1.0,,0.9301898425345371,True,,0.046672086506684085,0.048523791055427035,0.046672086506684085,0.022876695074157016,0.008451100281593682,-1.8563195355675721,2.0,,-1.9029916220742562,True,estimated,0,1,,pad10,1,1,False,False,,2,ok,skewed_henon,henon_loc:01194,20.0,1024,0.7512518730000011,,,,,,,,,
,2,0.055338119610528036,90,2479861447,henon_loc,,,,,,,,,,,,,,,,,,,,,,,estimated,0,2,,pad10,1,1,False,False,,121,ok,skewed_henon,henon_loc:01195,20.0,1024,2.960560728000928,7.0,114.0,0.006108959027965155,0.012826890636343569,1.0,0.012826890636343569,1.3013844641577903,-0.5603812570665248,True
,2,0.06917264951316004,90,2479861447,henon_loc,,0.011448670376338899,0.016834631729615857,0.011448670376338899,0.0005539780780161596,-0.0019323334817235027,0.941638512910876,1.0,,0.9301898425345371,True,,0.014543556524902135,0.013937466298846957,0.014543556524902135,0.022844274466481407,0.008451100281593682,-1.888448065549354,2.0,,-1.9029916220742562,True,estimated,0,1,,pad25,1,1,False,False,,3,ok,skewed_henon,henon_loc:01196,20.0,1024,0.8148404240000673,,,,,,,,,
,2,0.06917264951316004,90,2479861447,henon_loc,,,,,,,,,,,,,,,,,,,,,,,estimated,0,2,,pad25,1,1,False,False,,116,ok,skewed_henon,henon_loc:01197,20.0,1024,4.584294067000883,5.0,111.0,0.006485220664490421,0.0069691676073728726,1.0,0.0069691676073728726,1.3013844641577903,-0.5603812570665248,True
,2,0.055338119610528036,90,2479861447,henon_loc,,0.006583319094316864,0.009917366778299797,0.006583319094316864,0.0004961259371587534,-0.0019323334817235027,0.9367731616288539,1.0,,0.9301898425345371,True,,0.020472577343626286,0.02085473125016324,0.020472577343626286,0.02282444742707379,0.008451100281593682,-1.88251904473063,2.0,,-1.9029916220742562,True,estimated,0,1,,pad10_shift,1,1,False,False,,2,ok,skewed_henon,henon_loc:01198,20.0,1024,1.315690146999259,,,,,,,,,
,2,0.055338119610528036,90,2479861447,henon_loc,,,,,,,,,,,,,,,,,,,,,,,estimated,0,2,,pad10_shift,1,1,False,False,,135,ok,skewed_henon,henon_loc:01199,20.0,1024,3.681649162001122,6.0,129.0,0.004418969730146105,0.015901682255951233,1.0,0.017134140110516505,1.3013844641577903,-0.5603812570665248,True
,2,0.04611509967544002,90,2479861447,henon_loc,,0.0036667614298500073,0.005305856810754905,0.0036667614298500073,0.0005539922017577803,-0.0019172995244536306,0.9338566039643871,1.0,,0.9301898425345371,True,,2.836848226038643,2.838487321419548,2.836848226038643,2.833735456810551,0.006299414182528995,0.9338566039643871,1.0,,-1.9029916220742562,False,estimated,0,1,,pad0,1,1,False,False,,1,ok,skewed_henon,henon_loc:01200,40.0,1024,0.8216634279997379,,,,,,,,,
,2,0.04611509967544002,90,2479861447,henon_loc,,,,,,,,,,,,,,,,,,,,,,,estimated,0,2,,pad0,1,1,False,False,,117,ok,skewed_henon,henon_loc:01201,40.0,1024,2.9898213779997604,4.0,113.0,0.0026411192192125066,0.015477238181038966,1.0,0.015477238181038966,1.3013844641577903,-0.5603812570665248,True
,2,0.055338119610528036,90,2479861447,henon_loc,,0.015687452123067658,-0.017751693026964444,-0.015687452123067658,0.0006372931620380884,-0.0019172995244536306,0.9145023904114694,1.0,,0.9301898425345371,True,,2.8174940124857257,2.8154297715818286,2.8174940124857257,2.8338187577708314,0.006299414182528995,0.9145023904114694,1.0,,-1.9029916220742562,False,estimated,0,1,,pad10,1,1,False,False,,1,ok,skewed_henon,henon_loc:01202,40.0,1024,0.9695807280004374,,,,,,,,,
,2,0.055338119610528036,90,2479861447,henon_loc,,,,,,,,,,,,,,,,,,,,,,,estimated,0,2,,pad10,1,1,False,False,,121,ok,skewed_henon,henon_loc:01203,40.0,1024,3.1039466519996495,6.0,115.0,0.007420409481395107,0.012913524348908578,1.0,0.012913524348908578,1.3013844641577903,-0.5603812570665248,True
,2,0.06917264951316004,90,2479861447,henon_loc,,0.012459846007885078,0.016834631729615857,0.012459846007885078,0.0005275639668649301,-0.0019172995244536306,0.9426496885424221,1.0,,0.9301898425345371,True,,2.8456413106166782,2.8500160963384094,2.8456413106166782,2.833709028575658,0.006299414182528995,0.9426496885424221,1.0,,-1.9029916220742562,False,estimated,0,1,,pad25,1,1,False,False,,1,ok,skewed_henon,henon_loc:01204,40.0,1024,1.0691394850000506,,,,,,,,,
,2,0.06917264951316004,90,2479861447,henon_loc,,,,,,,,,,,,,,,,,,,,,,,estimated,0,2,,pad25,1,1,False,False,,168,ok,skewed_henon,henon_loc:01205,40.0,1024,4.205186776000119,8.0,160.0,0.007017288193030491,0.00699405292415789,1.0,0.00699405292415789,1.3013844641577903,-0.5603812570665248,True
,2,0.055338119610528036,90,2479861447,henon_loc,,0.007078913482376437,0.009917366778299797,0.007078913482376437,0.0005766844281394068,-0.0019172995244536306,0.9372687560169135,1.0,,0.9301898425345371,True,,2.8402603780911697,2.843098831387093,2.8402603780911697,2.8337581490369326,0.006299414182528995,0.9372687560169135,1.0,,-1.9029916220742562,False,estimated,0,1,,pad10_shift,1,1,False,False,,1,ok,skewed_henon,henon_loc:01206,40.0,1024,1.3918014060000132,,,,,,,,,
,2,0.055338119610528036,90,2479861447,henon_loc,,,,,,,,,,,,,,,,,,,,,,,estimated,0,2,,pad10_shift,1,1,False,False,,135,ok,skewed_henon,henon_loc:01207,40.0,1024,5.584587819999797,3.0,132.0,0.00456154211010984,0.017274136787305716,1.0,0.017274136787305716,1.3013844641577903,-0.5603812570665248,True
0.0,7,0.1660143588315841,30,2479861447,henon_loc,0.0,0.016010487464275247,-0.017751693026964444,-0.016010487464275247,0.0005909484188831859,-0.0023278141815356035,0.9141793550702618,1.0,True,0.9301898425345371,True,0.0,0.002510618899324024,-0.006814328555101001,0.002510618899324024,0.01662183940000883,0.009348093204768926,-1.9004810031749322,2.0,True,-1.9029916220742562,True,estimated,0,1,8.241960542901532,pad10,1,1,True,True,2.0,2,ok,skewed_henon,henon_loc:01208,10.0,1024,40.27976263700111,,,,,,,,,
,7,0.1660143588315841,30,2479861447,henon_loc,,,,,,,,,,,,,,,,,,,,,,,estimated,0,2,,pad10,1,1,False,False,,15,ok,skewed_henon,henon_loc:01209,10.0,1024,3.207966440999371,3.0,12.0,0.0005982958540694527,0.008177942785653536,1.0,0.03281868563392709,1.3013844641577903,-0.5603812570665248,True
,2,0.2770703019145929,15,2601622717,henon_loc,,0.024393182391027057,0.12089717150221813,0.024393182391027057,0.00014953097350012268,-0.00014289736930794827,0.9545830249255641,1.0,,0.9301898425345371,True,,0.008095511808132727,-0.09369468494951061,-0.008095511808132727,0.023074897157258967,0.008920036925460062,-1.911087133882389,2.0,,-1.9029916220742562,True,estimated,0,1,,pad0,2,2,False,False,,2,ok,skewed_henon,henon_loc:01210,2.5,1024,0.6867569269998057,,,,,,,,,
,2,0.2770703019145929,15,2601622717,henon_loc,,,,,,,,,,,,,,,,,,,,,,,estimated,0,2,,pad0,2,2,False,False,,7,ok,skewed_henon,henon_loc:01211,2.5,1024,2.6771756509988336,2.0,5.0,0.008830132414446967,0.04771912737610351,1.0,0.0700555909236531,1.3013844641577903,-0.5603812570665248,True
,2,0.3324843622975115,15,2601622717,henon_loc,,0.008157413632933652,0.06548311111929939,0.008157413632933652,-0.00015469542450408102,-0.00014289736930794827,0.9383472561674707,1.0,,0.9301898425345371,True,,0.004660589096277201,-0.09369468494951083,-0.004660589096277201,0.022769370793267463,0.008920036925460062,-1.9076522111705334,2.0,,-1.9029916220742562,True,estimated,0,1,,pad10,2,2,False,False,,2,ok,skewed_henon,henon_loc:01212,2.5,1024,0.7228427840000222,,,,,,,,,
,2,0.3324843622975115,15,2601622717,henon_loc,,,,,,,,,,,,,,,,,,,,,,,estimated,0,2,,pad10,2,2,False,False,,7,ok,skewed_henon,henon_loc:01213,2.5,1024,3.239902933999474,2.0,5.0,0.005826862046592329,0.039144936063089,1.0,0.07121140653158453,1.3013844641577903,-0.5603812570665248,True
,2,0.4156054528718894,15,2601622717,henon_loc,,0.007699555486975873,-0.0176379794550785,-0.007699555486975873,-0.0004264600617177594,-0.00014289736930794827,0.9224902870475612,1.0,,0.9301898425345371,True,,0.0002643212717750032,-0.09369468494951061,0.0002643212717750032,0.023122621179728853,0.008920036925460062,-1.9027273008024812,2.0,,-1.9029916220742562,True,estimated,0,1,,pad25,2,2,False,False,,2,ok,skewed_henon,henon_loc:01214,2.5,1024,1.213404117999744,,,,,,,,,
,2,0.4156054528718894,15,2601622717,henon_loc,,,,,,,,,,,,,,,,,,,,,,,estimated,0,2,,pad25,2,2,False,False,,7,ok,skewed_henon,henon_loc:01215,2.5,1024,4.015062241000123,3.0,4.0,0.0003000495817732096,0.06693831085160606,1.0,0.11392804011180185,1.3013844641577903,-0.5603812570665248,True
,2,0.3324843622975115,15,2601622717,henon_loc,,0.02189347289908583,-0.10075907002945661,-0.02189347289908583,-0.00028198934974754675,-0.00014289736930794827,0.9082963696354512,1.0,,0.9301898425345371,True,,0.027694476184665584,0.07254749619924472,0.027694476184665584,0.0227072107502031,0.008920036925460062,-1.8752971458895906,2.0,,-1.9029916220742562,True,estimated,0,1,,pad10_shift,2,2,False,False,,2,ok,skewed_henon,henon_loc:01216,2.5,1024,1.1567669209998712,,,,,,,,,
,2,0.3324843622975115,15,2601622717,henon_loc,,,,,,,,,,,,,,,,,,,,,,,estimated,0,2,,pad10_shift,2,2,False,False,,7,ok,skewed_henon,henon_loc:01217,2.5,1024,3.408197853999809,2.0,5.0,0.0027657889095304977,0.08381748977913572,1.0,0.08381748977913572,1.3013844641577903,-0.5603812570665248,True
,2,0.2770703019145929,15,2601622717,henon_loc,,0.030733621208183903,0.12089717150221813,0.030733621208183903,0.0002558879975786965,-0.000585283175925988,0.960923463742721,1.0,,0.9301898425345371,True,,0.012207847505727898,-0.09369468494951061,-0.012207847505727898,0.02242594023359623,0.006745957144303372,-1.915199469579984,2.0,,-1.9029916220742562,True,estimated,0,1,,pad0,2,2,False,False,,2,ok,skewed_henon,henon_loc:01218,5.0,1024,0.7165963620009279,,,,,,,,,
,2,0.2770703019145929,15,2601622717,henon_loc,,,,,,,,,,,,,,,,,,,,,,,estimated,0,2,,pad0,2,2,False,False,,8,ok,skewed_henon,henon_loc:01219,5.0,1024,3.447589658999277,2.0,6.0,0.011793038346862628,0.04574885848879506,1.0,0.05959603616354903,1.3013844641577903,-0.5603812570665248,True
,2,0.3324843622975115,15,2601622717,henon_loc,,0.007564135922824455,0.06548311111929939,0.007564135922824455,8.323777113050657e-05,-0.000585283175925988,0.9377539784573615,1.0,,0.9301898425345371,True,,0.008526057292130629,-0.09369468494951083,-0.008526057292130629,0.022228746220389173,0.006745957144303372,-1.9115176793663868,2.0,,-1.9029916220742562,True,estimated,0,1,,pad10,2,2,False,False,,2,ok,skewed_henon,henon_loc:01220,5.0,1024,0.759003966999444,,,,,,,,,
,2,0.3324843622975115,15,2601622717,henon_loc,,,,,,,,,,,,,,,,,,,,,,,estimated,0,2,,pad10,2,2,False,False,,7,ok,skewed_henon,henon_loc:01221,5.0,1024,3.049408611999752,2.0,5.0,0.008019429294673586,0.03719314479355029,1.0,0.06061796801111874,1.3013844641577903,-0.5603812570665248,True
,2,0.4156054528718894,15,2601622717,henon_loc,,0.011268635140664451,-0.0176379794550785,-0.011268635140664451,0.00016051481331247341,-0.000585283175925988,0.9189212073938726,1.0,,0.9301898425345371,True,,0.004297478784589082,-0.09369468494951061,-0.004297478784589082,0.02167786201990385,0.006745957144303372,-1.9072891008588453,2.0,,-1.9029916220742562,True,estimated,0,1,,pad25,2,2,False,False,,2,ok,skewed_henon,henon_loc:01222,5.0,1024,0.8877483200012648,,,,,,,,,
,2,0.4156054528718894,15,2601622717,henon_loc,,,,,,,,,,,,,,,,,,,,,,,estimated,0,2,,pad25,2,2,False,False,,7,ok,skewed_henon,henon_loc:01223,5.0,1024,2.653989125999942,3.0,4.0,0.0010636913683460536,0.060893217238682795,1.0,0.14395567420702238,1.3013844641577903,-0.5603812570665248,True
,2,0.3324843622975115,15,2601622717,henon_loc,,0.02767124124703435,-0.10075907002945661,-0.02767124124703435,-0.0002412813574896866,-0.000585283175925988,0.9025186012875027,1.0,,0.9301898425345371,True,,0.03330646956452177,0.07254749619924472,0.03330646956452177,0.022500727789852792,0.006745957144303372,-1.8696851525097344,2.0,,-1.9029916220742562,True,estimated,0,1,,pad10_shift,2,2,False,False,,2,ok,skewed_henon,henon_loc:01224,5.0,1024,0.7359918570000445,,,,,,,,,
,2,0.3324843622975115,15,2601622717,henon_loc,,,,,,,,,,,,,,,,,,,,,,,estimated,0,2,,pad10_shift,2,2,False,False,,8,ok,skewed_henon,henon_loc:01225,5.0,1024,2.642581339001481,2.0,6.0,0.003137320838752955,0.08653570737928518,1.0,0.08653570737928518,1.3013844641577903,-0.5603812570665248,True
,2,0.2770703019145929,15,2601622717,henon_loc,,0.04133930445606104,0.12089717150221813,0.04133930445606104,-0.00022124083112784465,-0.003632516630233895,0.9715291469905981,1.0,,0.9301898425345371,True,,0.022950676329980935,-0.09369468494951061,-0.022950676329980935,0.022073247731140277,0.005734300370409784,-1.9259422984042371,2.0,,-1.9029916220742562,True,estimated,0,1,,pad0,2,2,False,False,,2,ok,skewed_henon,henon_loc:01226,10.0,1024,0.9049144180007715,,,,,,,,,
,2,0.2770703019145929,15,2601622717,henon_loc,,,,,,,,,,,,,,,,,,,,,,,estimated,0,2,,pad0,2,2,False,False,,6,ok,skewed_henon,henon_loc:01227,10.0,1024,3.65869488700082,2.0,4.0,0.016899845178988238,0.03707757598541339,1.0,0.03707757598541339,1.3013844641577903,-0.5603812570665248,True
0.0,2,0.3324843622975115,15,2601622717,henon_loc,0.0,0.005613635578292753,0.06548311111929939,0.005613635578292753,-0.0002048407619136272,-0.003632516630233895,0.9358034781128298,1.0,True,0.9301898425345371,True,0.0,0.019681242130957566,-0.09369468494951083,-0.019681242130957566,0.022710514061975218,0.005734300370409784,-1.9226728642052138,2.0,True,-1.9029916220742562,True,estimated,0,1,6.925425112229629,pad10,2,2,True,True,2.0,2,ok,skewed_henon,henon_loc:01228,10.0,1024,39.89454493999983,,,,,,,,,
,2,0.3324843622975115,15,2601622717,henon_loc,,,,,,,,,,,,,,,,,,,,,,,estimated,0,2,,pad10,2,2,False,False,,5,ok,skewed_henon,henon_loc:01229,10.0,1024,4.461364271001003,2.0,3.0,0.010835741429660484,0.03543044233635151,1.0,0.03543044233635151,1.3013844641577903,-0.5603812570665248,True
,2,0.4156054528718894,15,2601622717,henon_loc,,0.01778753920591236,-0.0176379794550785,-0.01778753920591236,-0.0001243074588569426,-0.003632516630233895,0.9124023033286247,1.0,,0.9301898425345371,True,,0.012755791060269361,-0.09369468494951061,-0.012755791060269361,0.022570672433841255,0.005734300370409784,-1.9157474131345256,2.0,,-1.9029916220742562,True,estimated,0,1,,pad25,2,2,False,False,,2,ok,skewed_henon,henon_loc:01230,10.0,1024,1.4142879569990328,,,,,,,,,
,2,0.4156054528718894,15,2601622717,henon_loc,,,,,,,,,,,,,,,,,,,,,,,estimated,0,2,,pad25,2,2,False,False,,7,ok,skewed_henon,henon_loc:01231,10.0,1024,2.6787790590005898,2.0,5.0,0.0015289480598286165,0.06270780096337814,1.0,0.17405295211430377,1.3013844641577903,-0.5603812570665248,True
,2,0.3324843622975115,15,2601622717,henon_loc,,0.0404580322115361,-0.10075907002945661,-0.0404580322115361,0.0002713021699091156,-0.003632516630233895,0.889731810323001,1.0,,0.9301898425345371,True,,0.048124006035039635,0.07254749619924472,0.048124006035039635,0.02235646795698254,0.005734300370409784,-1.8548676160392166,2.0,,-1.9029916220742562,True,estimated,0,1,,pad10_shift,2,2,False,False,,2,ok,skewed_henon,henon_loc:01232,10.0,1024,0.9148496620000515,,,,,,,,,
,2,0.3324843622975115,15,2601622717,henon_loc,,,,,,,,,,,,,,,,,,,,,,,estimated,0,2,,pad10_shift,2,2,False,False,,6,ok,skewed_henon,henon_loc:01233,10.0,1024,2.6934753879995696,2.0,4.0,0.004595199216025914,0.10686563621904299,1.0,0.3900942172773503,1.3013844641577903,-0.5603812570665248,True
,2,0.2770703019145929,15,2601622717,henon_loc,,0.11576274257768404,-0.1561731304123749,-0.11576274257768404,-8.58915283415973e-05,-0.0036735058981239854,0.814427099956853,1.0,,0.9301898425345371,True,,2.717418722031109,2.6770083341964184,2.717418722031109,2.8330955730804517,0.004331511434041424,0.814427099956853,1.0,,-1.9029916220742562,False,estimated,0,1,,pad0,2,2,False,False,,1,ok,skewed_henon,henon_loc:01234,20.0,1024,1.37799223500042,,,,,,,,,
,2,0.2770703019145929,15,2601622717,henon_loc,,,,,,,,,,,,,,,,,,,,,,,estimated,0,2,,pad0,2,2,False,False,,7,ok,skewed_henon,henon_loc:01235,20.0,1024,3.26962745200035,2.0,5.0,0.03023389491594619,0.02995622529061781,1.0,0.02995622529061781,1.3013844641577903,-0.5603812570665248,True
,2,0.3324843622975115,15,2601622717,henon_loc,,0.013484931335345007,0.06548311111929939,0.013484931335345007,0.00018555684344456758,-0.0036735058981239854,0.9436747738698821,1.0,,0.9301898425345371,True,,2.8466663959441383,2.898664575728093,2.8466663959441383,2.8333670214522377,0.004331511434041424,0.9436747738698821,1.0,,-1.9029916220742562,False,estimated,0,1,,pad10,2,2,False,False,,1,ok,skewed_henon,henon_loc:01236,20.0,1024,2.340784486999837,,,,,,,,,
,2,0.3324843622975115,15,2601622717,henon_loc,,,,,,,,,,,,,,,,,,,,,,,estimated,0,2,,pad10,2,2,False,False,,5,ok,skewed_henon,henon_loc:01237,20.0,1024,4.431395384001007,2.0,3.0,0.013466023056279863,0.03486428587483448,1.0,0.22046707124427578,1.3013844641577903,-0.5603812570665248,True
,2,0.4156054528718894,15,2601622717,henon_loc,,0.023897142616364553,-0.0176379794550785,-0.023897142616364553,1.709237691382981e-07,-0.0036735058981239854,0.9062926999181725,1.0,,0.9301898425345371,True,,2.8092843219924286,2.815543485153715,2.8092843219924286,2.8331816355325623,0.004331511434041424,0.9062926999181725,1.0,,-1.9029916220742562,False,estimated,0,1,,pad25,2,2,False,False,,1,ok,skewed_henon,henon_loc:01238,20.0,1024,1.4097011940011726,,,,,,,,,
,2,0.4156054528718894,15,2601622717,henon_loc,,,,,,,,,,,,,,,,,,,,,,,estimated,0,2,,pad25,2,2,False,False,,7,ok,skewed_henon,henon_loc:01239,20.0,1024,2.6315721470000426,2.0,5.0,2.478870512090392e-05,0.0677936047236013,1.0,0.20304185660124263,1.3013844641577903,-0.5603812570665248,True
,2,0.3324843622975115,15,2601622717,henon_loc,,0.05955304130749728,-0.10075907002945661,-0.05955304130749728,0.0002941439060547557,-0.0036735058981239854,0.8706368012270398,1.0,,0.9301898425345371,True,,2.7736284233012958,2.732422394579337,2.7736284233012958,2.8334756085148483,0.004331511434041424,0.8706368012270398,1.0,,-1.9029916220742562,False,estimated,0,1,,pad10_shift,2,2,False,False,,1,ok,skewed_henon,henon_loc:01240,20.0,1024,1.4042455019989575,,,,,,,,,
,2,0.3324843622975115,15,2601622717,henon_loc,,,,,,,,,,,,,,,,,,,,,,,estimated,0,2,,pad10_shift,2,2,False,False,,6,ok,skewed_henon,henon_loc:01241,20.0,1024,2.7437072209995677,2.0,4.0,0.010242114550180759,0.11590961752234286,1.0,0.38925878547100656,1.3013844641577903,-0.5603812570665248,True
,2,0.2770703019145929,15,2601622717,henon_loc,,0.13271605579958956,-0.1561731304123749,-0.13271605579958956,0.0002776891194150588,-0.003418341871314401,0.7974737867349475,1.0,,0.9301898425345371,True,,2.7004654088092037,2.6770083341964184,2.7004654088092037,2.8334591537282083,0.005143732068884965,0.7974737867349475,1.0,,-1.9029916220742562,False,estimated,0,1,,pad0,2,2,False,False,,1,ok,skewed_henon,henon_loc:01242,40.0,1024,2.130120697000166,,,,,,,,,
,2,0.2770703019145929,15,2601622717,henon_loc,,,,,,,,,,,,,,,,,,,,,,,estimated,0,2,,pad0,2,2,False,False,,9,ok,skewed_henon,henon_loc:01243,40.0,1024,4.335325239000667,3.0,6.0,0.03278117837000294,0.02729527768781914,1.0,0.22745069829623965,1.3013844641577903,-0.5603812570665248,True
,2,0.3324843622975115,15,2601622717,henon_loc,,0.02150567356749089,0.06548311111929939,0.02150567356749089,-0.00010580998184728241,-0.003418341871314401,0.951695516102028,1.0,,0.9301898425345371,True,,2.854687138176284,2.898664575728093,2.854687138176284,2.833075654626946,0.005143732068884965,0.951695516102028,1.0,,-1.9029916220742562,False,estimated,0,1,,pad10,2,2,False,False,,1,ok,skewed_henon,henon_loc:01244,40.0,1024,3.3605943949987704,,,,,,,,,
,2,0.3324843622975115,15,2601622717,henon_loc,,,,,,,,,,,,,,,,,,,,,,,estimated,0,2,,pad10,2,2,False,False,,7,ok,skewed_henon,henon_loc:01245,40.0,1024,4.13314703099968,3.0,4.0,0.01691150305879585,0.04853259373963048,1.0,0.23162398738522094,1.3013844641577903,-0.5603812570665248,True
,2,0.4156054528718894,15,2601622717,henon_loc,,0.02887330777221353,-0.0176379794550785,-0.02887330777221353,0.0002190739288187027,-0.003418341871314401,0.9013165347623235,1.0,,0.9301898425345371,True,,2.80430815683658,2.815543485153715,2.80430815683658,2.833400538537612,0.005143732068884965,0.9013165347623235,1.0,,-1.9029916220742562,False,estimated,0,1,,pad25,2,2,False,False,,1,ok,skewed_henon,henon_loc:01246,40.0,1024,2.2934849800003576,,,,,,,,,
,2,0.4156054528718894,15,2601622717,henon_loc,,,,,,,,,,,,,,,,,,,,,,,estimated,0,2,,pad25,2,2,False,False,,7,ok,skewed_henon,henon_loc:01247,40.0,1024,2.82811405800021,2.0,5.0,0.001379557575214796,0.08508091124096218,1.0,0.2250689493790129,1.3013844641577903,-0.5603812570665248,True
,2,0.3324843622975115,15,2601622717,henon_loc,,0.07546129703390281,-0.10075907002945661,-0.07546129703390281,0.00017889538878101963,-0.003418341871314401,0.8547285455006343,1.0,,0.9301898425345371,True,,2.7577201675748904,2.732422394579337,2.7577201675748904,2.8333603599975743,0.005143732068884965,0.8547285455006343,1.0,,-1.9029916220742562,False,estimated,0,1,,pad10_shift,2,2,False,False,,1,ok,skewed_henon,henon_loc:01248,40.0,1024,1.9569731049996335,,,,,,,,,
,2,0.3324843622975115,15,2601622717,henon_loc,,,,,,,,,,,,,,,,,,,,,,,estimated,0,2,,pad10_shift,2,2,False,False,,6,ok,skewed_henon,henon_loc:01249,40.0,1024,2.83815433899872,2.0,4.0,0.018663619850584845,0.12295369750814089,1.0,0.3953005686968798,1.3013844641577903,-0.5603812570665248,True
,2,0.2078027264359447,20,2601622717,henon_loc,,0.018755933442356043,0.086263383762894,0.018755933442356043,5.3688063121115626e-05,-0.00014289736930794827,0.9489457759768931,1.0,,0.9301898425345371,True,,0.009701279186494771,0.010206678268461555,0.009701279186494771,0.02268894958874146,0.008920036925460062,-1.8932903428877614,2.0,,-1.9029916220742562,True,estimated,0,1,,pad0,2,2,False,False,,2,ok,skewed_henon,henon_loc:01250,2.5,1024,0.7142418359999283,,,,,,,,,
,2,0.2078027264359447,20,2601622717,henon_loc,,,,,,,,,,,,,,,,,,,,,,,estimated,0,2,,pad0,2,2,False,False,,12,ok,skewed_henon,henon_loc:01251,2.5,1024,2.851411511999686,2.0,10.0,0.007563269570803555,0.06119277446973492,1.0,0.08371207553533422,1.3013844641577903,-0.5603812570665248,True
,2,0.24936327172313363,20,2601622717,henon_loc,,0.02334706527577779,0.10704365640648839,0.02334706527577779,0.00028096264138788296,-0.00014289736930794827,0.9535369078103149,1.0,,0.9301898425345371,True,,5.483223368329959e-05,-0.052134139662322276,-5.483223368329959e-05,0.023011270400706607,0.008920036925460062,-1.9030464543079395,2.0,,-1.9029916220742562,True,estimated,0,1,,pad10,2,2,False,False,,2,ok,skewed_henon,henon_loc:01252,2.5,1024,0.6668920129995968,,,,,,,,,
,2,0.24936327172313363,20,2601622717,henon_loc,,,,,,,,,,,,,,,,,,,,,,,estimated,0,2,,pad10,2,2,False,False,,12,ok,skewed_henon,henon_loc:01253,2.5,1024,2.677201538999725,2.0,10.0,0.008272646770281167,0.05424734730359937,1.0,0.06256287379300346,1.3013844641577903,-0.5603812570665248,True
,2,0.31170408965391705,20,2601622717,henon_loc,,0.025843442453804655,0.13821406537188052,0.025843442453804655,0.000127855057356574,-0.00014289736930794827,0.9560332849883417,1.0,,0.9301898425345371,True,,0.07374437082739571,0.16605872309542002,0.07374437082739571,0.023092456258634098,0.008920036925460062,-1.8292472512468605,2.0,,-1.9029916220742562,True,estimated,0,1,,pad25,2,2,False,False,,2,ok,skewed_henon,henon_loc:01254,2.5,1024,0.6742079369996645,,,,,,,,,
,2,0.31170408965391705,20,2601622717,henon_loc,,,,,,,,,,,,,,,,,,,,,,,estimated,0,2,,pad25,2,2,False,False,,9,ok,skewed_henon,henon_loc:01255,2.5,1024,3.338006279000183,2.0,7.0,0.00922209222936865,0.059336966230019605,1.0,0.059336966230019605,1.3013844641577903,-0.5603812570665248,True
,2,0.24936327172313363,20,2601622717,henon_loc,,0.005677297252191682,-0.01763797945507839,-0.005677297252191682,-6.662363842113717e-05,-0.00014289736930794827,0.9245125452823454,1.0,,0.9301898425345371,True,,0.02796679485113196,0.07254749619924472,0.02796679485113196,0.022979529416669253,0.008920036925460062,-1.8750248272231242,2.0,,-1.9029916220742562,True,estimated,0,1,,pad10_shift,2,2,False,False,,2,ok,skewed_henon,henon_loc:01256,2.5,1024,0.8341247199987265,,,,,,,,,
,2,0.24936327172313363,20,2601622717,henon_loc,,,,,,,,,,,,,,,,,,,,,,,estimated,0,2,,pad10_shift,2,2,False,False,,11,ok,skewed_henon,henon_loc:01257,2.5,1024,4.702220600998771,2.0,9.0,0.0004927885292164147,0.06938818037651706,1.0,0.07386136871031224,1.3013844641577903,-0.5603812570665248,True
,2,0.2078027264359447,20,2601622717,henon_loc,,0.02494396730831905,0.086263383762894,0.02494396730831905,7.640136005737652e-06,-0.000585283175925988,0.9551338098428561,1.0,,0.9301898425345371,True,,0.010360374755169488,0.010206678268461555,0.010360374755169488,0.022309031525236334,0.006745957144303372,-1.8926312473190867,2.0,,-1.9029916220742562,True,estimated,0,1,,pad0,2,2,False,False,,2,ok,skewed_henon,henon_loc:01258,5.0,1024,1.2975385839999944,,,,,,,,,
,2,0.2078027264359447,20,2601622717,henon_loc,,,,,,,,,,,,,,,,,,,,,,,estimated,0,2,,pad0,2,2,False,False,,13,ok,skewed_henon,henon_loc:01259,5.0,1024,4.74817207399974,2.0,11.0,0.009699556030938083,0.05923269721991198,1.0,0.08513496053663605,1.3013844641577903,-0.5603812570665248,True
,2,0.24936327172313363,20,2601622717,henon_loc,,0.02932392799581418,0.10704365640648839,0.02932392799581418,2.3743568346001886e-05,-0.000585283175925988,0.9595137705303513,1.0,,0.9301898425345371,True,,0.00259617689384517,-0.052134139662322276,-0.00259617689384517,0.02234015027846814,0.006745957144303372,-1.9055877989681014,2.0,,-1.9029916220742562,True,estimated,0,1,,pad10,2,2,False,False,,2,ok,skewed_henon,henon_loc:01260,5.0,1024,1.4929894689994399,,,,,,,,,
,2,0.24936327172313363,20,2601622717,henon_loc,,,,,,,,,,,,,,,,,,,,,,,estimated,0,2,,pad10,2,2,False,False,,11,ok,skewed_henon,henon_loc:01261,5.0,1024,3.170974650000062,2.0,9.0,0.010938481070164596,0.0550084476497541,1.0,0.07154820855795285,1.3013844641577903,-0.5603812570665248,True
,2,0.31170408965391705,20,2601622717,henon_loc,,0.03287620278577141,0.13821406537188052,0.03287620278577141,0.0001472733721100683,-0.000585283175925988,0.9630660453203085,1.0,,0.9301898425345371,True,,0.08719265357089623,0.16605872309542002,0.08719265357089623,0.022514054967708308,0.006745957144303372,-1.81579896850336,2.0,,-1.9029916220742562,True,estimated,0,1,,pad25,2,2,False,False,,2,ok,skewed_henon,henon_loc:01262,5.0,1024,0.7907167749999644,,,,,,,,,
,2,0.31170408965391705,20,2601622717,henon_loc,,,,,,,,,,,,,,,,,,,,,,,estimated,0,2,,pad25,2,2,False,False,,10,ok,skewed_henon,henon_loc:01263,5.0,1024,2.729633600001762,3.0,7.0,0.012408053662810725,0.06363358431409005,1.0,0.06422729396960375,1.3013844641577903,-0.5603812570665248,True
,2,0.24936327172313363,20,2601622717,henon_loc,,0.008157499816165092,-0.01763797945507839,-0.008157499816165092,-5.319348516319433e-05,-0.000585283175925988,0.922032342718372,1.0,,0.9301898425345371,True,,0.03278102626688262,0.07254749619924472,0.03278102626688262,0.022183087218649256,0.006745957144303372,-1.8702105958073736,2.0,,-1.9029916220742562,True,estimated,0,1,,pad10_shift,2,2,False,False,,2,ok,skewed_henon,henon_loc:01264,5.0,1024,0.7941765949999535,,,,,,,,,
,2,0.24936327172313363,20,2601622717,henon_loc,,,,,,,,,,,,,,,,,,,,,,,estimated,0,2,,pad10_shift,2,2,False,False,,10,ok,skewed_henon,henon_loc:01265,5.0,1024,2.694557644001179,2.0,8.0,0.0008687401534408501,0.06575295075655485,1.0,0.06795272804580454,1.3013844641577903,-0.5603812570665248,True
,2,0.2078027264359447,20,2601622717,henon_loc,,0.033280739697915784,0.086263383762894,0.033280739697915784,3.230346816462948e-05,-0.003632516630233895,0.9634705822324529,1.0,,0.9301898425345371,True,,0.009941009046964933,0.010206678268461555,0.009941009046964933,0.0224091726331217,0.005734300370409784,-1.8930506130272913,2.0,,-1.9029916220742562,True,estimated,0,1,,pad0,2,2,False,False,,2,ok,skewed_henon,henon_loc:01266,10.0,1024,0.8877623860007589,,,,,,,,,
,2,0.2078027264359447,20,2601622717,henon_loc,,,,,,,,,,,,,,,,,,,,,,,estimated,0,2,,pad0,2,2,False,False,,11,ok,skewed_henon,henon_loc:01267,10.0,1024,2.7098099119994004,2.0,9.0,0.013913185888865254,0.0620534159213425,1.0,0.13244228873466607,1.3013844641577903,-0.5603812570665248,True
0.0,2,0.24936327172313363,20,2601622717,henon_loc,0.0,0.03909621324389145,0.10704365640648839,0.03909621324389145,-0.00017850205250213858,-0.003632516630233895,0.9692860557784285,1.0,True,0.9301898425345371,True,0.0,0.009551327342223859,-0.052134139662322276,-0.009551327342223859,0.022242489802475562,0.005734300370409784,-1.91254294941648,2.0,True,-1.9029916220742562,True,estimated,0,1,3.5679811991287393,pad10,2,2,True,True,2.0,2,ok,skewed_henon,henon_loc:01268,10.0,1024,37.98007327399864,,,,,,,,,
,2,0.24936327172313363,20,2601622717,henon_loc,,,,,,,,,,,,,,,,,,,,,,,estimated,0,2,,pad10,2,2,False,False,,11,ok,skewed_henon,henon_loc:01269,10.0,1024,2.75698533799914,2.0,9.0,0.015669329581094127,0.0844890519980277,1.0,0.08748417871342806,1.3013844641577903,-0.5603812570665248,True
,2,0.31170408965391705,20,2601622717,henon_loc,,0.044412830993679875,0.13821406537188052,0.044412830993679875,-5.001782003244415e-06,-0.003632516630233895,0.974602673528217,1.0,,0.9301898425345371,True,,0.11631165987133896,0.16605872309542002,0.11631165987133896,0.022800432975163876,0.005734300370409784,-1.7866799622029172,2.0,,-1.9029916220742562,True,estimated,0,1,,pad25,2,2,False,False,,2,ok,skewed_henon,henon_loc:01270,10.0,1024,1.4239477770006488,,,,,,,,,
,2,0.31170408965391705,20,2601622717,henon_loc,,,,,,,,,,,,,,,,,,,,,,,estimated,0,2,,pad25,2,2,False,False,,10,ok,skewed_henon,henon_loc:01271,10.0,1024,4.618150497000897,2.0,8.0,0.017957097452499737,0.05866893610937973,1.0,0.07638870669406833,1.3013844641577903,-0.5603812570665248,True
,2,0.24936327172313363,20,2601622717,henon_loc,,0.014874275304163298,-0.01763797945507839,-0.014874275304163298,8.752099922471057e-05,-0.003632516630233895,0.9153155672303738,1.0,,0.9301898425345371,True,,0.04626271802868431,0.07254749619924472,0.04626271802868431,0.022573207214986457,0.005734300370409784,-1.856728904045572,2.0,,-1.9029916220742562,True,estimated,0,1,,pad10_shift,2,2,False,False,,2,ok,skewed_henon,henon_loc:01272,10.0,1024,1.7074493670006632,,,,,,,,,
,2,0.24936327172313363,20,2601622717,henon_loc,,,,,,,,,,,,,,,,,,,,,,,estimated,0,2,,pad10_shift,2,2,False,False,,7,ok,skewed_henon,henon_loc:01273,10.0,1024,2.653482884001278,2.0,5.0,0.0010659933417382916,0.05891257278258033,1.0,0.05891257278258033,1.3013844641577903,-0.5603812570665248,True
,2,0.2078027264359447,20,2601622717,henon_loc,,0.09261066569285936,-0.12153934267305078,-0.09261066569285936,-0.000138452428864011,-0.0036735058981239854,0.8375791768416777,1.0,,0.9301898425345371,True,,2.740570798915934,2.7116421219357427,2.740570798915934,2.833043012179929,0.004331511434041424,0.8375791768416777,1.0,,-1.9029916220742562,False,estimated,0,1,,pad0,2,2,False,False,,1,ok,skewed_henon,henon_loc:01274,20.0,1024,1.2904047729989543,,,,,,,,,
,2,0.2078027264359447,20,2601622717,henon_loc,,,,,,,,,,,,,,,,,,,,,,,estimated,0,2,,pad0,2,2,False,False,,10,ok,skewed_henon,henon_loc:01275,20.0,1024,2.7876127829986217,2.0,8.0,0.02061474721412615,0.0651385688375471,1.0,0.3301858809665882,1.3013844641577903,-0.5603812570665248,True
,2,0.24936327172313363,20,2601622717,henon_loc,,0.10615194192951061,-0.14231961531664516,-0.10615194192951061,-0.0001725514471789813,-0.0036735058981239854,0.8240379006050265,1.0,,0.9301898425345371,True,,2.727029522679283,2.690861849292148,2.727029522679283,2.8330089131616143,0.004331511434041424,0.8240379006050265,1.0,,-1.9029916220742562,False,estimated,0,1,,pad10,2,2,False,False,,1,ok,skewed_henon,henon_loc:01276,20.0,1024,1.3775289019995398,,,,,,,,,
,2,0.24936327172313363,20,2601622717,henon_loc,,,,,,,,,,,,,,,,,,,,,,,estimated,0,2,,pad10,2,2,False,False,,11,ok,skewed_henon,henon_loc:01277,20.0,1024,3.366288130999237,2.0,9.0,0.02847888261428866,0.0467928790259029,1.0,0.10218175876160823,1.3013844641577903,-0.5603812570665248,True
,2,0.31170408965391705,20,2601622717,henon_loc,,0.12566269352889026,-0.17349002428203641,-0.12566269352889026,-0.0002017974431886005,-0.0036735058981239854,0.8045271490056468,1.0,,0.9301898425345371,True,,2.707518771079903,2.659691440326757,2.707518771079903,2.8329796671656045,0.004331511434041424,0.8045271490056468,1.0,,-1.9029916220742562,False,estimated,0,1,,pad25,2,2,False,False,,1,ok,skewed_henon,henon_loc:01278,20.0,1024,2.341018663999421,,,,,,,,,
,2,0.31170408965391705,20,2601622717,henon_loc,,,,,,,,,,,,,,,,,,,,,,,estimated,0,2,,pad25,2,2,False,False,,9,ok,skewed_henon,henon_loc:01279,20.0,1024,4.488753554000141,2.0,7.0,0.032687282379495475,0.06019446243230653,1.0,0.08687049534639296,1.3013844641577903,-0.5603812570665248,True
,2,0.24936327172313363,20,2601622717,henon_loc,,0.018481921467418228,-0.01763797945507839,-0.018481921467418228,0.00022032391181669997,-0.0036735058981239854,0.9117079210671188,1.0,,0.9301898425345371,True,,0.05365949543122284,0.07254749619924472,0.05365949543122284,0.022489086465831143,0.004331511434041424,-1.8493321266430334,2.0,,-1.9029916220742562,True,estimated,0,1,,pad10_shift,2,2,False,False,,2,ok,skewed_henon,henon_loc:01280,20.0,1024,1.1112455610000325,,,,,,,,,
,2,0.24936327172313363,20,2601622717,henon_loc,,,,,,,,,,,,,,,,,,,,,,,estimated,0,2,,pad10_shift,2,2,False,False,,7,ok,skewed_henon,henon_loc:01281,20.0,1024,2.7337362420003046,2.0,5.0,0.0005196202756242441,0.06624607332401955,1.0,0.06624607332401955,1.3013844641577903,-0.5603812570665248,True
,2,0.2078027264359447,20,2601622717,henon_loc,,0.10380130636929874,-0.12153934267305078,-0.10380130636929874,0.00010005684867364639,-0.003418341871314401,0.8263885361652383,1.0,,0.9301898425345371,True,,2.7293801582394943,2.7116421219357427,2.7293801582394943,2.833281521457467,0.005143732068884965,0.8263885361652383,1.0,,-1.9029916220742562,False,estimated,0,1,,pad0,2,2,False,False,,1,ok,skewed_henon,henon_loc:01282,40.0,1024,1.723733873999663,,,,,,,,,
,2,0.2078027264359447,20,2601622717,henon_loc,,,,,,,,,,,,,,,,,,,,,,,estimated,0,2,,pad0,2,2,False,False,,9,ok,skewed_henon,henon_loc:01283,40.0,1024,2.6651834249987587,2.0,7.0,0.02649543241720631,0.07414084896150885,1.0,0.33420204400970654,1.3013844641577903,-0.5603812570665248,True
,2,0.24936327172313363,20,2601622717,henon_loc,,0.12138019774049258,-0.14231961531664516,-0.12138019774049258,0.0001843972245350045,-0.003418341871314401,0.8088096447940445,1.0,,0.9301898425345371,True,,2.7118012668683007,2.690861849292148,2.7118012668683007,2.8333658618333284,0.005143732068884965,0.8088096447940445,1.0,,-1.9029916220742562,False,estimated,0,1,,pad10,2,2,False,False,,1,ok,skewed_henon,henon_loc:01284,40.0,1024,2.3042451920009626,,,,,,,,,
,2,0.24936327172313363,20,2601622717,henon_loc,,,,,,,,,,,,,,,,,,,,,,,estimated,0,2,,pad10,2,2,False,False,,9,ok,skewed_henon,henon_loc:01285,40.0,1024,4.598231437001232,3.0,6.0,0.030261412055218373,0.051363565377656406,1.0,0.35265630116951086,1.3013844641577903,-0.5603812570665248,True
,2,0.31170408965391705,20,2601622717,henon_loc,,0.1464979303873183,-0.17349002428203641,-0.1464979303873183,2.9917500227183424e-06,-0.003418341871314401,0.7836919121472188,1.0,,0.9301898425345371,True,,2.686683534221475,2.659691440326757,2.686683534221475,2.8331844563588158,0.005143732068884965,0.7836919121472188,1.0,,-1.9029916220742562,False,estimated,0,1,,pad25,2,2,False,False,,1,ok,skewed_henon,henon_loc:01286,40.0,1024,4.507276270000148,,,,,,,,,
,2,0.31170408965391705,20,2601622717,henon_loc,,,,,,,,,,,,,,,,,,,,,,,estimated,0,2,,pad25,2,2,False,False,,7,ok,skewed_henon,henon_loc:01287,40.0,1024,5.00069210699985,2.0,5.0,0.03616431363585182,0.061743105263145415,1.0,0.08048643725284993,1.3013844641577903,-0.5603812570665248,True
,2,0.24936327172313363,20,2601622717,henon_loc,,0.020308403467315883,-0.01763797945507839,-0.020308403467315883,0.00026406644984255934,-0.003418341871314401,0.9098814390672212,1.0,,0.9301898425345371,True,,2.8128730611414774,2.815543485153715,2.8128730611414774,2.833445531058636,0.005143732068884965,0.9098814390672212,1.0,,-1.9029916220742562,False,estimated,0,1,,pad10_shift,2,2,False,False,,1,ok,skewed_henon,henon_loc:01288,40.0,1024,2.8054829579996294,,,,,,,,,
,2,0.24936327172313363,20,2601622717,henon_loc,,,,,,,,,,,,,,,,,,,,,,,estimated,0,2,,pad10_shift,2,2,False,False,,8,ok,skewed_henon,henon_loc:01289,40.0,1024,2.6767199679998157,2.0,6.0,0.003007535944675177,0.06909718795115682,1.0,0.47063176685577685,1.3013844641577903,-0.5603812570665248,True
,2,0.13853515095729646,30,2601622717,henon_loc,,0.013300389837641147,0.05162959602356987,0.013300389837641147,0.00013955049669800434,-0.00014289736930794827,0.9434902323721782,1.0,,0.9301898425345371,True,,0.0016980818263243602,-0.024427109470862574,-0.0016980818263243602,0.022891907468595818,0.008920036925460062,-1.9046897039005806,2.0,,-1.9029916220742562,True,estimated,0,1,,pad0,2,2,False,False,,2,ok,skewed_henon,henon_loc:01290,2.5,1024,0.7190057890002208,,,,,,,,,
,2,0.13853515095729646,30,2601622717,henon_loc,,,,,,,,,,,,,,,,,,,,,,,estimated,0,2,,pad0,2,2,False,False,,19,ok,skewed_henon,henon_loc:01291,2.5,1024,2.649744305999775,2.0,17.0,0.005513039811567921,0.07861286821503799,1.0,0.08315565357398791,1.3013844641577903,-0.5603812570665248,True
0.0,2,0.16624218114875575,30,2601622717,henon_loc,0.0,0.005272870084621739,-0.0176379794550785,-0.005272870084621739,0.00013000080271285963,-0.00014289736930794827,0.9249169724499153,1.0,True,0.9301898425345371,True,0.0,0.004128264464561715,-0.010573594375133277,0.004128264464561715,0.022830509843796865,0.008920036925460062,-1.8988633576096945,2.0,True,-1.9029916220742562,True,estimated,0,1,5.395315114333519,pad10,2,2,True,True,2.0,2,ok,skewed_henon,henon_loc:01292,2.5,1024,38.11095544000091,,,,,,,,,
,2,0.16624218114875575,30,2601622717,henon_loc,,,,,,,,,,,,,,,,,,,,,,,estimated,0,2,,pad10,2,2,False,False,,18,ok,skewed_henon,henon_loc:01293,2.5,1024,2.6385370200005127,2.0,16.0,0.0004527301536578765,0.07050098393729543,1.0,0.0828029392698979,1.3013844641577903,-0.5603812570665248,True
,2,0.2078027264359447,30,2601622717,henon_loc,,0.018755933442356043,0.08626338376289444,0.018755933442356043,5.3688063121115626e-05,-0.00014289736930794827,0.9489457759768931,1.0,,0.9301898425345371,True,,0.009701279186494771,0.010206678268461555,0.009701279186494771,0.02268894958874146,0.008920036925460062,-1.8932903428877614,2.0,,-1.9029916220742562,True,estimated,0,1,,pad25,2,2,False,False,,2,ok,skewed_henon,henon_loc:01294,2.5,1024,0.665842963000614,,,,,,,,,
,2,0.2078027264359447,30,2601622717,henon_loc,,,,,,,,,,,,,,,,,,,,,,,estimated,0,2,,pad25,2,2,False,False,,14,ok,skewed_henon,henon_loc:01295,2.5,1024,2.7304929380006797,2.0,12.0,0.007563269570803555,0.06119277446973492,1.0,0.08371207553533422,1.3013844641577903,-0.5603812570665248,True
,2,0.16624218114875575,30,2601622717,henon_loc,,0.016088495561123906,0.0654831111192995,0.016088495561123906,-0.00012011710087977967,-0.00014289736930794827,0.946278338095661,1.0,,0.9301898425345371,True,,0.03510465363024706,0.07254749619924472,0.03510465363024706,0.022636490044090296,0.008920036925460062,-1.8678869684440091,2.0,,-1.9029916220742562,True,estimated,0,1,,pad10_shift,2,2,False,False,,2,ok,skewed_henon,henon_loc:01296,2.5,1024,1.1239535109998542,,,,,,,,,
,2,0.16624218114875575,30,2601622717,henon_loc,,,,,,,,,,,,,,,,,,,,,,,estimated,0,2,,pad10_shift,2,2,False,False,,20,ok,skewed_henon,henon_loc:01297,2.5,1024,4.861602105000202,2.0,18.0,0.006425004563895054,0.060827828128174,1.0,0.07061331848071428,1.3013844641577903,-0.5603812570665248,True
,2,0.13853515095729646,30,2601622717,henon_loc,,0.01781413534172016,0.05162959602356987,0.01781413534172016,0.00015090359466485292,-0.000585283175925988,0.9480039778762572,1.0,,0.9301898425345371,True,,0.002055005727032766,-0.024427109470862574,-0.002055005727032766,0.02218864569049428,0.006745957144303372,-1.905046627801289,2.0,,-1.9029916220742562,True,estimated,0,1,,pad0,2,2,False,False,,2,ok,skewed_henon,henon_loc:01298,5.0,1024,1.5912822169993888,,,,,,,,,
,2,0.13853515095729646,30,2601622717,henon_loc,,,,,,,,,,,,,,,,,,,,,,,estimated,0,2,,pad0,2,2,False,False,,24,ok,skewed_henon,henon_loc:01299,5.0,1024,3.304835806999108,2.0,22.0,0.007267582585978594,0.07282302687783604,1.0,0.08322753577645758,1.3013844641577903,-0.5603812570665248,True
0.0,2,0.16624218114875575,30,2601622717,henon_loc,0.0,0.007766606080398697,-0.0176379794550785,-0.007766606080398697,0.00012989752416714406,-0.000585283175925988,0.9224232364541384,1.0,True,0.9301898425345371,True,0.0,0.0033691748386446285,-0.010573594375133277,0.0033691748386446285,0.022071420217879778,0.006745957144303372,-1.8996224472356116,2.0,True,-1.9029916220742562,True,estimated,0,1,6.644091684593131,pad10,2,2,True,True,2.0,2,ok,skewed_henon,henon_loc:01300,5.0,1024,37.64422563699918,,,,,,,,,
,2,0.16624218114875575,30,2601622717,henon_loc,,,,,,,,,,,,,,,,,,,,,,,estimated,0,2,,pad10,2,2,False,False,,20,ok,skewed_henon,henon_loc:01301,5.0,1024,2.8037624240005243,2.0,18.0,0.000728300049884667,0.06710591191330639,1.0,0.08313461890906138,1.3013844641577903,-0.5603812570665248,True
,2,0.2078027264359447,30,2601622717,henon_loc,,0.02494396730831905,0.08626338376289444,0.02494396730831905,7.640136005737652e-06,-0.000585283175925988,0.9551338098428561,1.0,,0.9301898425345371,True,,0.010360374755169488,0.010206678268461555,0.010360374755169488,0.022309031525236334,0.006745957144303372,-1.8926312473190867,2.0,,-1.9029916220742562,True,estimated,0,1,,pad25,2,2,False,False,,2,ok,skewed_henon,henon_loc:01302,5.0,1024,0.75231827800053,,,,,,,,,
,2,0.2078027264359447,30,2601622717,henon_loc,,,,,,,,,,,,,,,,,,,,,,,estimated,0,2,,pad25,2,2,False,False,,16,ok,skewed_henon,henon_loc:01303,5.0,1024,3.399132198999723,2.0,14.0,0.009699556030938083,0.05923269721991198,1.0,0.08513496053663605,1.3013844641577903,-0.5603812570665248,True
,2,0.16624218114875575,30,2601622717,henon_loc,,0.021073188527691467,0.0654831111192995,0.021073188527691467,-0.0001226895687749252,-0.000585283175925988,0.9512630310622285,1.0,,0.9301898425345371,True,,0.03867934931218975,0.07254749619924472,0.03867934931218975,0.02205513119731428,0.006745957144303372,-1.8643122727620665,2.0,,-1.9029916220742562,True,estimated,0,1,,pad10_shift,2,2,False,False,,2,ok,skewed_henon,henon_loc:01304,5.0,1024,1.3588530420001916,,,,,,,,,
,2,0.16624218114875575,30,2601622717,henon_loc,,,,,,,,,,,,,,,,,,,,,,,estimated,0,2,,pad10_shift,2,2,False,False,,23,ok,skewed_henon,henon_loc:01305,5.0,1024,4.783293108999715,2.0,21.0,0.0083922661516872,0.058963629150402985,1.0,0.058963629150402985,1.3013844641577903,-0.5603812570665248,True
0.0,2,0.13853515095729646,30,2601622717,henon_loc,0.0,0.023183167653110348,0.05162959602356987,0.023183167653110348,-2.147013223685601e-05,-0.003632516630233895,0.9533730101876474,1.0,True,0.9301898425345371,True,0.0,0.005516558214408773,-0.024427109470862574,-0.005516558214408773,0.02253680985444384,0.005734300370409784,-1.908508180288665,2.0,True,-1.9029916220742562,True,estimated,0,1,5.322382175497282,pad0,2,2,True,True,2.0,2,ok,skewed_henon,henon_loc:01306,10.0,1024,38.07662387700111,,,,,,,,,
,2,0.13853515095729646,30,2601622717,henon_loc,,,,,,,,,,,,,,,,,,,,,,,estimated,0,2,,pad0,2,2,False,False,,22,ok,skewed_henon,henon_loc:01307,10.0,1024,2.7439026779993583,2.0,20.0,0.010173519830674382,0.07504193417926763,1.0,0.07504193417926763,1.3013844641577903,-0.5603812570665248,True
0.0,2,0.16624218114875575,30,2601622717,henon_loc,0.0,0.014897334101176107,-0.0176379794550785,-0.014897334101176107,6.446220221190124e-05,-0.003632516630233895,0.915292508433361,1.0,True,0.9301898425345371,True,0.0,0.00038245085973942494,-0.010573594375133277,0.00038245085973942494,0.022409539861949712,0.005734300370409784,-1.9026091712145168,2.0,True,-1.9029916220742562,True,estimated,0,1,9.234506256241556,pad10,2,2,True,True,2.0,2,ok,skewed_henon,henon_loc:01308,10.0,1024,38.65002945499873,,,,,,,,,
,2,0.16624218114875575,30,2601622717,henon_loc,,,,,,,,,,,,,,,,,,,,,,,estimated,0,2,,pad10,2,2,False,False,,17,ok,skewed_henon,henon_loc:01309,10.0,1024,2.7097428270008095,2.0,15.0,0.0006440018445611484,0.07076390302265101,1.0,0.07076390302265101,1.3013844641577903,-0.5603812570665248,True
0.0,2,0.2078027264359447,30,2601622717,henon_loc,0.0,0.033280739697915784,0.08626338376289444,0.033280739697915784,3.230346816462948e-05,-0.003632516630233895,0.9634705822324529,1.0,True,0.9301898425345371,True,0.0,0.009941009046964933,0.010206678268461555,0.009941009046964933,0.0224091726331217,0.005734300370409784,-1.8930506130272913,2.0,True,-1.9029916220742562,True,estimated,0,1,4.228216378574163,pad25,2,2,True,True,2.0,2,ok,skewed_henon,henon_loc:01310,10.0,1024,38.45936081999935,,,,,,,,,
,2,0.2078027264359447,30,2601622717,henon_loc,,,,,,,,,,,,,,,,,,,,,,,estimated,0,2,,pad25,2,2,False,False,,26,ok,skewed_henon,henon_loc:01311,10.0,1024,4.508396936998906,3.0,23.0,0.013913185888865254,0.0620534159213425,1.0,0.13244228873466607,1.3013844641577903,-0.5603812570665248,True
0.0,2,0.16624218114875575,30,2601622717,henon_loc,0.0,0.02743379079350694,0.0654831111192995,0.02743379079350694,3.830903962165344e-06,-0.003632516630233895,0.957623633328044,1.0,True,0.9301898425345371,True,0.0,0.04814286420358882,0.07254749619924472,0.04814286420358882,0.022375326125531725,0.005734300370409784,-1.8548487578706674,2.0,True,-1.9029916220742562,True,estimated,0,1,4.841185520624691,pad10_shift,2,2,True,True,2.0,2,ok,skewed_henon,henon_loc:01312,10.0,1024,38.06748898600017,,,,,,,,,
,2,0.16624218114875575,30,2601622717,henon_loc,,,,,,,,,,,,,,,,,,,,,,,estimated,0,2,,pad10_shift,2,2,False,False,,20,ok,skewed_henon,henon_loc:01313,10.0,1024,3.7976221429998986,2.0,18.0,0.01175355411290735,0.05241244815388946,1.0,0.05899538338552279,1.3013844641577903,-0.5603812570665248,True
,2,0.13853515095729646,30,2601622717,henon_loc,,0.031057666844122922,0.05162959602356987,0.031057666844122922,-0.00011274212126877181,-0.0036735058981239854,0.96124750937866,1.0,,0.9301898425345371,True,,0.00960962189136949,-0.024427109470862574,-0.00960962189136949,0.02225346282880869,0.004331511434041424,-1.9126012439656257,2.0,,-1.9029916220742562,True,estimated,0,1,,pad0,2,2,False,False,,2,ok,skewed_henon,henon_loc:01314,20.0,1024,1.4883060829997703,,,,,,,,,
,2,0.13853515095729646,30,2601622717,henon_loc,,,,,,,,,,,,,,,,,,,,,,,estimated,0,2,,pad0,2,2,False,False,,19,ok,skewed_henon,henon_loc:01315,20.0,1024,4.4905219660013245,2.0,17.0,0.014440788507504854,0.07886672235014425,1.0,0.15760557485500826,1.3013844641577903,-0.5603812570665248,True
0.0,2,0.16624218114875575,30,2601622717,henon_loc,0.0,0.017059640440612034,-0.0176379794550785,-0.017059640440612034,-1.981687286467526e-05,-0.0036735058981239854,0.913130202093925,1.0,True,0.9301898425345371,True,0.0,0.0020175977553165136,-0.010573594375133277,-0.0020175977553165136,0.022503123964124905,0.004331511434041424,-1.9050092198295727,2.0,True,-1.9029916220742562,True,estimated,0,1,10.107987633906104,pad10,2,2,True,True,2.0,2,ok,skewed_henon,henon_loc:01316,20.0,1024,38.02629033899939,,,,,,,,,
,2,0.16624218114875575,30,2601622717,henon_loc,,,,,,,,,,,,,,,,,,,,,,,estimated,0,2,,pad10,2,2,False,False,,16,ok,skewed_henon,henon_loc:01317,20.0,1024,2.766315086000759,2.0,14.0,0.001007925612608207,0.07779678057792938,1.0,0.14736045523538754,1.3013844641577903,-0.5603812570665248,True
,2,0.2078027264359447,30,2601622717,henon_loc,,0.09261066569285936,-0.12153934267305078,-0.09261066569285936,-0.000138452428864011,-0.0036735058981239854,0.8375791768416777,1.0,,0.9301898425345371,True,,0.010358064076624762,0.010206678268461555,0.010358064076624762,0.022306720846691608,0.004331511434041424,-1.8926335579976314,2.0,,-1.9029916220742562,True,estimated,0,1,,pad25,2,2,False,False,,2,ok,skewed_henon,henon_loc:01318,20.0,1024,1.066094906998842,,,,,,,,,
,2,0.2078027264359447,30,2601622717,henon_loc,,,,,,,,,,,,,,,,,,,,,,,estimated,0,2,,pad25,2,2,False,False,,15,ok,skewed_henon,henon_loc:01319,20.0,1024,2.7928365930001746,3.0,12.0,0.02061474721412615,0.0651385688375471,1.0,0.3301858809665882,1.3013844641577903,-0.5603812570665248,True
,2,0.16624218114875575,30,2601622717,henon_loc,,0.03768147080580109,0.0654831111192995,0.03768147080580109,-0.00013862540554088199,-0.0036735058981239854,0.9678713133403382,1.0,,0.9301898425345371,True,,0.05448038353399398,0.07254749619924472,0.05448038353399398,0.022478763662858503,0.004331511434041424,-1.8485112385402622,2.0,,-1.9029916220742562,True,estimated,0,1,,pad10_shift,2,2,False,False,,2,ok,skewed_henon,henon_loc:01320,20.0,1024,1.0252615729987156,,,,,,,,,
,2,0.16624218114875575,30,2601622717,henon_loc,,,,,,,,,,,,,,,,,,,,,,,estimated,0,2,,pad10_shift,2,2,False,False,,17,ok,skewed_henon,henon_loc:01321,20.0,1024,3.4952060759987944,2.0,15.0,0.01707878861304979,0.053262149201857456,1.0,0.06473015531635407,1.3013844641577903,-0.5603812570665248,True
,2,0.13853515095729646,30,2601622717,henon_loc,,0.0754528051378901,-0.08690555493372665,-0.0754528051378901,4.885213383654108e-05,-0.003418341871314401,0.854737037396647,1.0,,0.9301898425345371,True,,2.757728659470903,2.7462759096750666,2.757728659470903,2.83323031674263,0.005143732068884965,0.854737037396647,1.0,,-1.9029916220742562,False,estimated,0,1,,pad0,2,2,False,False,,1,ok,skewed_henon,henon_loc:01322,40.0,1024,2.3882087679994584,,,,,,,,,
,2,0.13853515095729646,30,2601622717,henon_loc,,,,,,,,,,,,,,,,,,,,,,,estimated,0,2,,pad0,2,2,False,False,,16,ok,skewed_henon,henon_loc:01323,40.0,1024,4.3982482490009716,2.0,14.0,0.01855361675355882,0.07969442888215461,1.0,0.2971195842933313,1.3013844641577903,-0.5603812570665248,True
0.0,2,0.16624218114875575,30,2601622717,henon_loc,0.0,0.01767527320662632,-0.0176379794550785,-0.01767527320662632,0.00019576126686482453,-0.003418341871314401,0.9125145693279108,1.0,True,0.9301898425345371,True,0.0,2.815506191402167,2.815543485153715,2.815506191402167,2.833377225875658,0.005143732068884965,0.9125145693279108,1.0,True,-1.9029916220742562,False,estimated,0,1,9.759927624107332,pad10,2,2,True,True,1.0,1,ok,skewed_henon,henon_loc:01324,40.0,1024,38.78922570500072,,,,,,,,,
,2,0.16624218114875575,30,2601622717,henon_loc,,,,,,,,,,,,,,,,,,,,,,,estimated,0,2,,pad10,2,2,False,False,,13,ok,skewed_henon,henon_loc:01325,40.0,1024,2.9367213869991247,3.0,10.0,0.004012467023840283,0.08100357899537558,1.0,1.1399257312244542,1.3013844641577903,-0.5603812570665248,True
,2,0.2078027264359447,30,2601622717,henon_loc,,0.10380130636929874,-0.12153934267305078,-0.10380130636929874,0.00010005684867364639,-0.003418341871314401,0.8263885361652383,1.0,,0.9301898425345371,True,,2.7293801582394943,2.7116421219357427,2.7293801582394943,2.833281521457467,0.005143732068884965,0.8263885361652383,1.0,,-1.9029916220742562,False,estimated,0,1,,pad25,2,2,False,False,,1,ok,skewed_henon,henon_loc:01326,40.0,1024,1.7067764709991025,,,,,,,,,
,2,0.2078027264359447,30,2601622717,henon_loc,,,,,,,,,,,,,,,,,,,,,,,estimated,0,2,,pad25,2,2,False,False,,10,ok,skewed_henon,henon_loc:01327,40.0,1024,2.6720389500005695,2.0,8.0,0.02649543241720631,0.07414084896150885,1.0,0.33420204400970654,1.3013844641577903,-0.5603812570665248,True
,2,0.16624218114875575,30,2601622717,henon_loc,,0.08654913843538892,-0.1007590700294565,-0.08654913843538892,-0.0001032042380360032,-0.003418341871314401,0.8436407040991482,1.0,,0.9301898425345371,True,,2.7466323261734042,2.732422394579337,2.7466323261734042,2.8330782603707574,0.005143732068884965,0.8436407040991482,1.0,,-1.9029916220742562,False,estimated,0,1,,pad10_shift,2,2,False,False,,1,ok,skewed_henon,henon_loc:01328,40.0,1024,2.406444233000002,,,,,,,,,
,2,0.16624218114875575,30,2601622717,henon_loc,,,,,,,,,,,,,,,,,,,,,,,estimated,0,2,,pad10_shift,2,2,False,False,,14,ok,skewed_henon,henon_loc:01329,40.0,1024,4.881647899999734,2.0,12.0,0.02298239591051543,0.04780195721019109,1.0,0.06223836467103666,1.3013844641577903,-0.5603812570665248,True
,2,0.0923567673048643,45,2601622717,henon_loc,,0.008742321418116261,0.028540404197353708,0.008742321418116261,-3.15714758457597e-05,-0.00014289736930794827,0.9389321639526533,1.0,,0.9301898425345371,True,,0.004832357975801838,-0.0013379176446466357,0.004832357975801838,0.022841927600250278,0.008920036925460062,-1.8981592640984544,2.0,,-1.9029916220742562,True,estimated,0,1,,pad0,2,2,False,False,,2,ok,skewed_henon,henon_loc:01330,2.5,1024,0.9499567310012935,,,,,,,,,
,2,0.0923567673048643,45,2601622717,henon_loc,,,,,,,,,,,,,,,,,,,,,,,estimated,0,2,,pad0,2,2,False,False,,33,ok,skewed_henon,henon_loc:01331,2.5,1024,2.6904438600013236,2.0,31.0,0.004780425604745453,0.08365703007650893,1.0,0.08365703007650893,1.3013844641577903,-0.5603812570665248,True
,2,0.11082812076583717,45,2601622717,henon_loc,,0.015454032399310869,-0.04534500964653776,-0.015454032399310869,6.190450790632962e-05,-0.00014289736930794827,0.9147358101352262,1.0,,0.9301898425345371,True,,0.01152310590078165,0.017133435816326203,0.01152310590078165,0.022882988279280037,0.008920036925460062,-1.8914685161734746,2.0,,-1.9029916220742562,True,estimated,0,1,,pad10,2,2,False,False,,2,ok,skewed_henon,henon_loc:01332,2.5,1024,0.6522417460000725,,,,,,,,,
,2,0.11082812076583717,45,2601622717,henon_loc,,,,,,,,,,,,,,,,,,,,,,,estimated,0,2,,pad10,2,2,False,False,,29,ok,skewed_henon,henon_loc:01333,2.5,1024,2.7768449659997714,2.0,27.0,0.001959039452298472,0.04958500880901129,1.0,0.0846067413670486,1.3013844641577903,-0.5603812570665248,True
,2,0.13853515095729646,45,2601622717,henon_loc,,0.005558608269057075,-0.01763797945507839,-0.005558608269057075,-1.7202230765178683e-05,-0.00014289736930794827,0.92463123426548,1.0,,0.9301898425345371,True,,0.02076223676693778,0.044840466007785684,0.02076223676693778,0.02284026403129724,0.008920036925460062,-1.8822293853073184,2.0,,-1.9029916220742562,True,estimated,0,1,,pad25,2,2,False,False,,2,ok,skewed_henon,henon_loc:01334,2.5,1024,0.7019639709997136,,,,,,,,,
,2,0.13853515095729646,45,2601622717,henon_loc,,,,,,,,,,,,,,,,,,,,,,,estimated,0,2,,pad25,2,2,False,False,,25,ok,skewed_henon,henon_loc:01335,2.5,1024,2.6351735049993295,2.0,23.0,0.0004187536023418925,0.03797684828010195,1.0,0.06992220433913654,1.3013844641577903,-0.5603812570665248,True
,2,0.11082812076583717,45,2601622717,henon_loc,,0.0016514814705776981,0.010069050736380758,0.0016514814705776981,-1.0940340909870727e-05,-0.00014289736930794827,0.9318413240051148,1.0,,0.9301898425345371,True,,0.014329405266994222,-0.038280624566592536,-0.014329405266994222,0.02279801518956126,0.008920036925460062,-1.9173210273412504,2.0,,-1.9029916220742562,True,estimated,0,1,,pad10_shift,2,2,False,False,,2,ok,skewed_henon,henon_loc:01336,2.5,1024,0.7242998709989479,,,,,,,,,
,2,0.11082812076583717,45,2601622717,henon_loc,,,,,,,,,,,,,,,,,,,,,,,estimated,0,2,,pad10_shift,2,2,False,False,,33,ok,skewed_henon,henon_loc:01337,2.5,1024,2.6759453619997657,2.0,31.0,0.0035386204686241873,0.08269810481510254,1.0,0.08269810481510254,1.3013844641577903,-0.5603812570665248,True
,2,0.0923567673048643,45,2601622717,henon_loc,,0.011950214929032588,0.028540404197353708,0.011950214929032588,-5.616482059978001e-05,-0.000585283175925988,0.9421400574635697,1.0,,0.9301898425345371,True,,0.0038488487325789578,-0.0013379176446466357,0.0038488487325789578,0.02208931027528971,0.006745957144303372,-1.8991427733416772,2.0,,-1.9029916220742562,True,estimated,0,1,,pad0,2,2,False,False,,2,ok,skewed_henon,henon_loc:01338,5.0,1024,0.7339321679992281,,,,,,,,,
,2,0.0923567673048643,45,2601622717,henon_loc,,,,,,,,,,,,,,,,,,,,,,,estimated,0,2,,pad0,2,2,False,False,,34,ok,skewed_henon,henon_loc:01339,5.0,1024,3.41379984500054,2.0,32.0,0.0059442283510610094,0.03968559430315044,1.0,0.08427697402884893,1.3013844641577903,-0.5603812570665248,True
,2,0.11082812076583717,45,2601622717,henon_loc,,0.021782912418810363,-0.04534500964653776,-0.021782912418810363,0.00010564143244251589,-0.000585283175925988,0.9084069301157267,1.0,,0.9301898425345371,True,,0.010565212774085841,0.017133435816326203,0.010565212774085841,0.022202165454498823,0.006745957144303372,-1.8924264093001704,2.0,,-1.9029916220742562,True,estimated,0,1,,pad10,2,2,False,False,,2,ok,skewed_henon,henon_loc:01340,5.0,1024,1.0392560190011864,,,,,,,,,
,2,0.11082812076583717,45,2601622717,henon_loc,,,,,,,,,,,,,,,,,,,,,,,estimated,0,2,,pad10,2,2,False,False,,33,ok,skewed_henon,henon_loc:01341,5.0,1024,4.906946776000041,2.0,31.0,0.0028996729010545286,0.045183717522403244,1.0,0.0863236577169677,1.3013844641577903,-0.5603812570665248,True
,2,0.13853515095729646,45,2601622717,henon_loc,,0.008404609125854279,-0.01763797945507839,-0.008404609125854279,-9.250006841654557e-05,-0.000585283175925988,0.9217852334086828,1.0,,0.9301898425345371,True,,0.021593465333678896,0.044840466007785684,0.021593465333678896,0.022286141088465383,0.006745957144303372,-1.8813981567405773,2.0,,-1.9029916220742562,True,estimated,0,1,,pad25,2,2,False,False,,2,ok,skewed_henon,henon_loc:01342,5.0,1024,1.3523933420001413,,,,,,,,,
,2,0.13853515095729646,45,2601622717,henon_loc,,,,,,,,,,,,,,,,,,,,,,,estimated,0,2,,pad25,2,2,False,False,,25,ok,skewed_henon,henon_loc:01343,5.0,1024,4.725040870000157,2.0,23.0,0.0005225359174133581,0.03636753306276197,1.0,0.05894769704613756,1.3013844641577903,-0.5603812570665248,True
,2,0.11082812076583717,45,2601622717,henon_loc,,0.0020146384438396447,0.010069050736380758,0.0020146384438396447,7.514633043759211e-05,-0.000585283175925988,0.9322044809783767,1.0,,0.9301898425345371,True,,0.013807483525230424,-0.038280624566592536,-0.013807483525230424,0.02221165572366668,0.006745957144303372,-1.9167991055994866,2.0,,-1.9029916220742562,True,estimated,0,1,,pad10_shift,2,2,False,False,,2,ok,skewed_henon,henon_loc:01344,5.0,1024,1.3235656060005567,,,,,,,,,
,2,0.11082812076583717,45,2601622717,henon_loc,,,,,,,,,,,,,,,,,,,,,,,estimated,0,2,,pad10_shift,2,2,False,False,,35,ok,skewed_henon,henon_loc:01345,5.0,1024,2.8903312610000285,2.0,33.0,0.0043154769951442296,0.0821811995819064,1.0,0.0821811995819064,1.3013844641577903,-0.5603812570665248,True
,2,0.0923567673048643,45,2601622717,henon_loc,,0.014593319594383702,0.028540404197353708,0.014593319594383702,-0.00018376317439461332,-0.003632516630233895,0.9447831621289208,1.0,,0.9301898425345371,True,,0.003135527844032815,-0.0013379176446466357,0.003135527844032815,0.02253044897805423,0.005734300370409784,-1.8998560942302234,2.0,,-1.9029916220742562,True,estimated,0,1,,pad0,2,2,False,False,,2,ok,skewed_henon,henon_loc:01346,10.0,1024,0.81761409200044,,,,,,,,,
,2,0.0923567673048643,45,2601622717,henon_loc,,,,,,,,,,,,,,,,,,,,,,,estimated,0,2,,pad0,2,2,False,False,,42,ok,skewed_henon,henon_loc:01347,10.0,1024,2.6830622110010154,2.0,40.0,0.007779998520762832,0.03801036994163143,1.0,0.08481390342041895,1.3013844641577903,-0.5603812570665248,True
0.0,2,0.11082812076583717,45,2601622717,henon_loc,0.0,0.03009980552999969,-0.04534500964653776,-0.03009980552999969,-0.0001762129232236731,-0.003632516630233895,0.9000900370045374,1.0,True,0.9301898425345371,True,0.0,0.010917538491584722,0.017133435816326203,0.010917538491584722,0.022554491171997704,0.005734300370409784,-1.8920740835826715,2.0,True,-1.9029916220742562,True,estimated,0,1,8.32763408839964,pad10,2,2,True,True,2.0,2,ok,skewed_henon,henon_loc:01348,10.0,1024,37.82034752600157,,,,,,,,,
,2,0.11082812076583717,45,2601622717,henon_loc,,,,,,,,,,,,,,,,,,,,,,,estimated,0,2,,pad10,2,2,False,False,,44,ok,skewed_henon,henon_loc:01349,10.0,1024,2.723738847998902,3.0,41.0,0.014776456737393251,0.03516386510256386,1.0,0.03516386510256386,1.3013844641577903,-0.5603812570665248,True
,2,0.13853515095729646,45,2601622717,henon_loc,,0.015192705969902853,-0.01763797945507839,-0.015192705969902853,4.616063539975013e-05,-0.003632516630233895,0.9149971365646342,1.0,,0.9301898425345371,True,,0.025278355822471843,0.044840466007785684,0.025278355822471843,0.022507652803326117,0.005734300370409784,-1.8777132662517844,2.0,,-1.9029916220742562,True,estimated,0,1,,pad25,2,2,False,False,,2,ok,skewed_henon,henon_loc:01350,10.0,1024,0.9024779479987046,,,,,,,,,
,2,0.13853515095729646,45,2601622717,henon_loc,,,,,,,,,,,,,,,,,,,,,,,estimated,0,2,,pad25,2,2,False,False,,33,ok,skewed_henon,henon_loc:01351,10.0,1024,2.94265440900017,3.0,30.0,0.00032585820577413216,0.03183008849859026,1.0,0.06940220417823023,1.3013844641577903,-0.5603812570665248,True
,2,0.11082812076583717,45,2601622717,henon_loc,,0.0005374022448847438,0.010069050736380758,0.0005374022448847438,-1.6738358944445864e-05,-0.003632516630233895,0.9307272447794218,1.0,,0.9301898425345371,True,,0.01872685410723074,-0.038280624566592536,-0.01872685410723074,0.022556620878043665,0.005734300370409784,-1.921718476181487,2.0,,-1.9029916220742562,True,estimated,0,1,,pad10_shift,2,2,False,False,,2,ok,skewed_henon,henon_loc:01352,10.0,1024,1.5468185689987877,,,,,,,,,
,2,0.11082812076583717,45,2601622717,henon_loc,,,,,,,,,,,,,,,,,,,,,,,estimated,0,2,,pad10_shift,2,2,False,False,,38,ok,skewed_henon,henon_loc:01353,10.0,1024,4.903089525998439,2.0,36.0,0.005151684139116708,0.04536780943166241,1.0,0.08127754964850564,1.3013844641577903,-0.5603812570665248,True
,2,0.0923567673048643,45,2601622717,henon_loc,,0.01840436529056433,0.028540404197353708,0.01840436529056433,0.00016390374785368866,-0.0036735058981239854,0.9485942078251014,1.0,,0.9301898425345371,True,,0.0021685209747692724,-0.0013379176446466357,0.0021685209747692724,0.022487009781839484,0.004331511434041424,-1.900823101099487,2.0,,-1.9029916220742562,True,estimated,0,1,,pad0,2,2,False,False,,2,ok,skewed_henon,henon_loc:01354,20.0,1024,1.0287963320006384,,,,,,,,,
,2,0.0923567673048643,45,2601622717,henon_loc,,,,,,,,,,,,,,,,,,,,,,,estimated,0,2,,pad0,2,2,False,False,,31,ok,skewed_henon,henon_loc:01355,20.0,1024,2.8472034459991846,3.0,28.0,0.010098434902996778,0.038635500832386316,1.0,1.1488316698711416,1.3013844641577903,-0.5603812570665248,True
,2,0.11082812076583717,45,2601622717,henon_loc,,0.03507479316132911,-0.04534500964653776,-0.03507479316132911,0.00011313518182420879,-0.0036735058981239854,0.895115049373208,1.0,,0.9301898425345371,True,,0.011992624083351444,0.017133435816326203,0.011992624083351444,0.022521295556106047,0.004331511434041424,-1.8909989979909048,2.0,,-1.9029916220742562,True,estimated,0,1,,pad10,2,2,False,False,,2,ok,skewed_henon,henon_loc:01356,20.0,1024,0.9166261240006861,,,,,,,,,
,2,0.11082812076583717,45,2601622717,henon_loc,,,,,,,,,,,,,,,,,,,,,,,estimated,0,2,,pad10,2,2,False,False,,36,ok,skewed_henon,henon_loc:01357,20.0,1024,2.7234257069994783,3.0,33.0,0.0145246156363118,0.03287360113464022,1.0,0.03287360113464022,1.3013844641577903,-0.5603812570665248,True
,2,0.13853515095729646,45,2601622717,henon_loc,,0.01661804371544473,-0.01763797945507839,-0.01661804371544473,6.174399430847188e-06,-0.0036735058981239854,0.9135717988190923,1.0,,0.9301898425345371,True,,0.029737101246322784,0.044840466007785684,0.029737101246322784,0.02246400582106478,0.004331511434041424,-1.8732545208279334,2.0,,-1.9029916220742562,True,estimated,0,1,,pad25,2,2,False,False,,2,ok,skewed_henon,henon_loc:01358,20.0,1024,0.926428663000479,,,,,,,,,
,2,0.13853515095729646,45,2601622717,henon_loc,,,,,,,,,,,,,,,,,,,,,,,estimated,0,2,,pad25,2,2,False,False,,37,ok,skewed_henon,henon_loc:01359,20.0,1024,3.41771502300071,3.0,34.0,0.0013320170470988435,0.03198422304134674,1.0,0.07930196148431218,1.3013844641577903,-0.5603812570665248,True
,2,0.11082812076583717,45,2601622717,henon_loc,,0.0024469902621305772,0.010069050736380758,0.0024469902621305772,-4.6642455100665003e-05,-0.0036735058981239854,0.9326368327966676,1.0,,0.9301898425345371,True,,0.02295326515462004,-0.038280624566592536,-0.02295326515462004,0.022486264359373287,0.004331511434041424,-1.9259448872288762,2.0,,-1.9029916220742562,True,estimated,0,1,,pad10_shift,2,2,False,False,,2,ok,skewed_henon,henon_loc:01360,20.0,1024,1.5480288809994818,,,,,,,,,
,2,0.11082812076583717,45,2601622717,henon_loc,,,,,,,,,,,,,,,,,,,,,,,estimated,0,2,,pad10_shift,2,2,False,False,,35,ok,skewed_henon,henon_loc:01361,20.0,1024,4.837234075999731,2.0,33.0,0.00526126872894761,0.04650883792410365,1.0,0.170065523592001,1.3013844641577903,-0.5603812570665248,True
,2,0.0923567673048643,45,2601622717,henon_loc,,0.020494875217724307,0.028540404197353708,0.020494875217724307,-5.4505507607993664e-05,-0.003418341871314401,0.9506847177522614,1.0,,0.9301898425345371,True,,2.8536763398265177,2.861721868806147,2.8536763398265177,2.833126959101185,0.005143732068884965,0.9506847177522614,1.0,,-1.9029916220742562,False,estimated,0,1,,pad0,2,2,False,False,,1,ok,skewed_henon,henon_loc:01362,40.0,1024,1.160394004000409,,,,,,,,,
,2,0.0923567673048643,45,2601622717,henon_loc,,,,,,,,,,,,,,,,,,,,,,,estimated,0,2,,pad0,2,2,False,False,,24,ok,skewed_henon,henon_loc:01363,40.0,1024,2.7222173150003073,2.0,22.0,0.011414723692313333,0.040631078322333924,1.0,1.1492591082765666,1.3013844641577903,-0.5603812570665248,True
,2,0.11082812076583717,45,2601622717,henon_loc,,0.03782056696750302,-0.04534500964653776,-0.03782056696750302,0.00013806439479624455,-0.003418341871314401,0.892369275567034,1.0,,0.9301898425345371,True,,2.7953608976412903,2.7878364549622554,2.7953608976412903,2.8333195290035897,0.005143732068884965,0.892369275567034,1.0,,-1.9029916220742562,False,estimated,0,1,,pad10,2,2,False,False,,1,ok,skewed_henon,henon_loc:01364,40.0,1024,1.3656109540006582,,,,,,,,,
,2,0.11082812076583717,45,2601622717,henon_loc,,,,,,,,,,,,,,,,,,,,,,,estimated,0,2,,pad10,2,2,False,False,,22,ok,skewed_henon,henon_loc:01365,40.0,1024,2.712208783999813,2.0,20.0,0.012058922084884904,0.03151074408714449,1.0,0.44713024607185814,1.3013844641577903,-0.5603812570665248,True
,2,0.13853515095729646,45,2601622717,henon_loc,,0.01728115837144173,-0.01763797945507839,-0.01728115837144173,3.573549822033506e-05,-0.003418341871314401,0.9129086841630953,1.0,,0.9301898425345371,True,,2.8159003062373515,2.815543485153715,2.8159003062373515,2.8332172001070135,0.005143732068884965,0.9129086841630953,1.0,,-1.9029916220742562,False,estimated,0,1,,pad25,2,2,False,False,,1,ok,skewed_henon,henon_loc:01366,40.0,1024,1.4602259539988154,,,,,,,,,
,2,0.13853515095729646,45,2601622717,henon_loc,,,,,,,,,,,,,,,,,,,,,,,estimated,0,2,,pad25,2,2,False,False,,18,ok,skewed_henon,henon_loc:01367,40.0,1024,2.7308672279996244,2.0,16.0,0.004361992048869001,0.03439326467046022,1.0,0.08060457536715265,1.3013844641577903,-0.5603812570665248,True
,2,0.11082812076583717,45,2601622717,henon_loc,,0.004029257391778729,0.010069050736380758,0.004029257391778729,0.0001502731649745126,-0.003418341871314401,0.9342190999263158,1.0,,0.9301898425345371,True,,2.837210722000572,2.843250515345174,2.837210722000572,2.8333317377737677,0.005143732068884965,0.9342190999263158,1.0,,-1.9029916220742562,False,estimated,0,1,,pad10_shift,2,2,False,False,,1,ok,skewed_henon,henon_loc:01368,40.0,1024,1.3895442390003154,,,,,,,,,
,2,0.11082812076583717,45,2601622717,henon_loc,,,,,,,,,,,,,,,,,,,,,,,estimated,0,2,,pad10_shift,2,2,False,False,,18,ok,skewed_henon,henon_loc:01369,40.0,1024,4.319564471999911,2.0,16.0,0.0050949858326935216,0.04703075237518217,1.0,0.16999753153380454,1.3013844641577903,-0.5603812570665248,True
,2,0.06926757547864823,60,2601622717,henon_loc,,0.005673153638921846,0.01699580828424574,0.005673153638921846,0.00013174760062995006,-0.00014289736930794827,0.9358629961734589,1.0,,0.9301898425345371,True,,0.009286980525222255,0.010206678268461555,0.009286980525222255,0.02279415774355864,0.008920036925460062,-1.893704641549034,2.0,,-1.9029916220742562,True,estimated,0,1,,pad0,2,2,False,False,,2,ok,skewed_henon,henon_loc:01370,2.5,1024,0.7582863360003103,,,,,,,,,
,2,0.06926757547864823,60,2601622717,henon_loc,,,,,,,,,,,,,,,,,,,,,,,estimated,0,2,,pad0,2,2,False,False,,41,ok,skewed_henon,henon_loc:01371,2.5,1024,4.557963871000538,3.0,38.0,0.0037064092186418485,0.05723361046237385,1.0,0.08275263874057814,1.3013844641577903,-0.5603812570665248,True
,2,0.08312109057437787,60,2601622717,henon_loc,,0.007722255732029559,0.023922565832110054,0.007722255732029559,3.355485389955337e-05,-0.00014289736930794827,0.9379120982665666,1.0,,0.9301898425345371,True,,0.019451179453490175,0.030986950912055944,0.019451179453490175,0.022776023076465313,0.008920036925460062,-1.883540442620766,2.0,,-1.9029916220742562,True,estimated,0,1,,pad10,2,2,False,False,,3,ok,skewed_henon,henon_loc:01372,2.5,1024,1.2399155200000678,,,,,,,,,
,2,0.08312109057437787,60,2601622717,henon_loc,,,,,,,,,,,,,,,,,,,,,,,estimated,0,2,,pad10,2,2,False,False,,43,ok,skewed_henon,henon_loc:01373,2.5,1024,3.8515322130006098,2.0,41.0,0.004411631207627331,0.06720292862945842,1.0,0.08260251149348519,1.3013844641577903,-0.5603812570665248,True
,2,0.10390136321797235,60,2601622717,henon_loc,,0.009513916244759946,0.03431270215390825,0.009513916244759946,0.00016279355514237093,-0.00014289736930794827,0.939703758779297,1.0,,0.9301898425345371,True,,0.03757677564608364,0.06215735987744764,0.03757677564608364,0.02277083138752256,0.008920036925460062,-1.8654148464281726,2.0,,-1.9029916220742562,True,estimated,0,1,,pad25,2,2,False,False,,2,ok,skewed_henon,henon_loc:01374,2.5,1024,1.2543290649991832,,,,,,,,,
,2,0.10390136321797235,60,2601622717,henon_loc,,,,,,,,,,,,,,,,,,,,,,,estimated,0,2,,pad25,2,2,False,False,,32,ok,skewed_henon,henon_loc:01375,2.5,1024,3.2896392900001956,2.0,30.0,0.005095653915088927,0.05827535627263525,1.0,0.08272516483779646,1.3013844641577903,-0.5603812570665248,True
,2,0.08312109057437787,60,2601622717,henon_loc,,0.00608285166410738,-0.017637979455078723,-0.00608285166410738,0.00015123012897100274,-0.00014289736930794827,0.9241069908704297,1.0,,0.9301898425345371,True,,0.0020324927456814024,-0.010573594375133277,0.0020324927456814024,0.02281276538927579,0.008920036925460062,-1.9009591293285748,2.0,,-1.9029916220742562,True,estimated,0,1,,pad10_shift,2,2,False,False,,2,ok,skewed_henon,henon_loc:01376,2.5,1024,0.658693167999445,,,,,,,,,
,2,0.08312109057437787,60,2601622717,henon_loc,,,,,,,,,,,,,,,,,,,,,,,estimated,0,2,,pad10_shift,2,2,False,False,,39,ok,skewed_henon,henon_loc:01377,2.5,1024,2.6832497879986477,2.0,37.0,0.00021702010475876943,0.03791852077538138,1.0,0.0833695131545873,1.3013844641577903,-0.5603812570665248,True
,2,0.06926757547864823,60,2601622717,henon_loc,,0.00779204319117599,0.01699580828424574,0.00779204319117599,-5.590501720442731e-07,-0.000585283175925988,0.9379818857257131,1.0,,0.9301898425345371,True,,0.008863280470181145,0.010206678268461555,0.008863280470181145,0.022197288749820965,0.006745957144303372,-1.894128341604075,2.0,,-1.9029916220742562,True,estimated,0,1,,pad0,2,2,False,False,,2,ok,skewed_henon,henon_loc:01378,5.0,1024,0.6787955909985612,,,,,,,,,
,2,0.06926757547864823,60,2601622717,henon_loc,,,,,,,,,,,,,,,,,,,,,,,estimated,0,2,,pad0,2,2,False,False,,46,ok,skewed_henon,henon_loc:01379,5.0,1024,2.7970658199992613,3.0,43.0,0.004618608489251663,0.05224111182194768,1.0,0.08196331421542546,1.3013844641577903,-0.5603812570665248,True
,2,0.08312109057437787,60,2601622717,henon_loc,,0.010647489644446284,0.023922565832110054,0.010647489644446284,4.9550596213032705e-05,-0.000585283175925988,0.9408373321789834,1.0,,0.9301898425345371,True,,0.01919751204287956,0.030986950912055944,0.01919751204287956,0.022106750212982806,0.006745957144303372,-1.8837941100313766,2.0,,-1.9029916220742562,True,estimated,0,1,,pad10,2,2,False,False,,3,ok,skewed_henon,henon_loc:01380,5.0,1024,0.7054598640006589,,,,,,,,,
,2,0.08312109057437787,60,2601622717,henon_loc,,,,,,,,,,,,,,,,,,,,,,,estimated,0,2,,pad10,2,2,False,False,,47,ok,skewed_henon,henon_loc:01381,5.0,1024,2.6808329560008133,2.0,45.0,0.005508063413522835,0.06405408384265354,1.0,0.08226856724406728,1.3013844641577903,-0.5603812570665248,True
,2,0.10390136321797235,60,2601622717,henon_loc,,0.013026852508349784,0.03431270215390825,0.013026852508349784,3.918210610320827e-05,-0.000585283175925988,0.9432166950428869,1.0,,0.9301898425345371,True,,0.01844211189484346,-0.04174400334052475,-0.01844211189484346,0.02207941976016592,0.006745957144303372,-1.9214337339690997,2.0,,-1.9029916220742562,True,estimated,0,1,,pad25,2,2,False,False,,2,ok,skewed_henon,henon_loc:01382,5.0,1024,0.7358639459998813,,,,,,,,,
,2,0.10390136321797235,60,2601622717,henon_loc,,,,,,,,,,,,,,,,,,,,,,,estimated,0,2,,pad25,2,2,False,False,,37,ok,skewed_henon,henon_loc:01383,5.0,1024,2.6919312909994915,2.0,35.0,0.006374605294725888,0.05318934362843608,1.0,0.08218536691753697,1.3013844641577903,-0.5603812570665248,True
,2,0.08312109057437787,60,2601622717,henon_loc,,0.009423468862972073,-0.017637979455078723,-0.009423468862972073,-7.234617335460936e-05,-0.000585283175925988,0.920766373671565,1.0,,0.9301898425345371,True,,0.00015848710398946864,-0.010573594375133277,0.00015848710398946864,0.022185576106199534,0.006745957144303372,-1.9028331349702667,2.0,,-1.9029916220742562,True,estimated,0,1,,pad10_shift,2,2,False,False,,2,ok,skewed_henon,henon_loc:01384,5.0,1024,0.6902291730002617,,,,,,,,,
,2,0.08312109057437787,60,2601622717,henon_loc,,,,,,,,,,,,,,,,,,,,,,,estimated,0,2,,pad10_shift,2,2,False,False,,43,ok,skewed_henon,henon_loc:01385,5.0,1024,3.6676100959994073,2.0,41.0,0.0003772985722071409,0.03697954401143155,1.0,0.08364293269845491,1.3013844641577903,-0.5603812570665248,True
,2,0.06926757547864823,60,2601622717,henon_loc,,0.008795317273058822,0.01699580828424574,0.008795317273058822,-3.629860046883149e-05,-0.003632516630233895,0.9389851598075959,1.0,,0.9301898425345371,True,,0.009346315976515696,0.010206678268461555,0.009346315976515696,0.02250715531745895,0.005734300370409784,-1.8936453060977405,2.0,,-1.9029916220742562,True,estimated,0,1,,pad0,2,2,False,False,,3,ok,skewed_henon,henon_loc:01386,10.0,1024,0.7934504229997401,,,,,,,,,
,2,0.06926757547864823,60,2601622717,henon_loc,,,,,,,,,,,,,,,,,,,,,,,estimated,0,2,,pad0,2,2,False,False,,54,ok,skewed_henon,henon_loc:01387,10.0,1024,4.781335116000264,4.0,50.0,0.005863572294382169,0.050813979919611674,1.0,0.08041011604440018,1.3013844641577903,-0.5603812570665248,True
0.0,2,0.08312109057437787,60,2601622717,henon_loc,0.0,0.012381555370495345,0.023922565832110054,0.012381555370495345,-8.660821566131016e-05,-0.003632516630233895,0.9425713979050324,1.0,True,0.9301898425345371,True,0.0,0.0206068450205108,0.030986950912055944,0.0206068450205108,0.022477069558434204,0.005734300370409784,-1.8823847770537454,2.0,True,-1.9029916220742562,True,estimated,0,1,5.632294366820509,pad10,2,2,True,True,2.0,3,ok,skewed_henon,henon_loc:01388,10.0,1024,39.903385311999955,,,,,,,,,
,2,0.08312109057437787,60,2601622717,henon_loc,,,,,,,,,,,,,,,,,,,,,,,estimated,0,2,,pad10,2,2,False,False,,54,ok,skewed_henon,henon_loc:01389,10.0,1024,4.178970601999026,2.0,52.0,0.007163560077729003,0.06363779382268198,1.0,0.08137838623255034,1.3013844641577903,-0.5603812570665248,True
,2,0.10390136321797235,60,2601622717,henon_loc,,0.016455437227756997,0.03431270215390825,0.016455437227756997,-0.0001687808871185803,-0.003632516630233895,0.9466452797622941,1.0,,0.9301898425345371,True,,0.023137020122042884,-0.04174400334052475,-0.023137020122042884,0.022319826285820188,0.005734300370409784,-1.926128642196299,2.0,,-1.9029916220742562,True,estimated,0,1,,pad25,2,2,False,False,,2,ok,skewed_henon,henon_loc:01390,10.0,1024,0.8020515640000667,,,,,,,,,
,2,0.10390136321797235,60,2601622717,henon_loc,,,,,,,,,,,,,,,,,,,,,,,estimated,0,2,,pad25,2,2,False,False,,49,ok,skewed_henon,henon_loc:01391,10.0,1024,2.7672494130001724,2.0,47.0,0.00850089975091739,0.03644781005516928,1.0,0.08127538281986602,1.3013844641577903,-0.5603812570665248,True
,2,0.08312109057437787,60,2601622717,henon_loc,,0.014455649915927293,-0.017637979455078723,-0.014455649915927293,-0.00011726179184712304,-0.003632516630233895,0.9157341926186098,1.0,,0.9301898425345371,True,,0.0021389237423881102,-0.010573594375133277,-0.0021389237423881102,0.022381797977053308,0.005734300370409784,-1.9051305458166443,2.0,,-1.9029916220742562,True,estimated,0,1,,pad10_shift,2,2,False,False,,2,ok,skewed_henon,henon_loc:01392,10.0,1024,0.7310304359998554,,,,,,,,,
,2,0.08312109057437787,60,2601622717,henon_loc,,,,,,,,,,,,,,,,,,,,,,,estimated,0,2,,pad10_shift,2,2,False,False,,60,ok,skewed_henon,henon_loc:01393,10.0,1024,2.8174091809996753,2.0,58.0,0.0012645447958478107,0.026894942529427812,1.0,0.026894942529427812,1.3013844641577903,-0.5603812570665248,True
,2,0.06926757547864823,60,2601622717,henon_loc,,0.010928056882184123,0.01699580828424574,0.010928056882184123,1.8413744297007817e-05,-0.0036735058981239854,0.9411178994167212,1.0,,0.9301898425345371,True,,0.009223887912553907,0.010206678268461555,0.009223887912553907,0.02238472725349716,0.004331511434041424,-1.8937677341617023,2.0,,-1.9029916220742562,True,estimated,0,1,,pad0,2,2,False,False,,2,ok,skewed_henon,henon_loc:01394,20.0,1024,0.8466534990002401,,,,,,,,,
,2,0.06926757547864823,60,2601622717,henon_loc,,,,,,,,,,,,,,,,,,,,,,,estimated,0,2,,pad0,2,2,False,False,,64,ok,skewed_henon,henon_loc:01395,20.0,1024,4.119859280999663,4.0,60.0,0.007231608821760216,0.05336004324933019,1.0,0.07909517328676108,1.3013844641577903,-0.5603812570665248,True
,2,0.08312109057437787,60,2601622717,henon_loc,,0.015365080869359171,0.023922565832110054,0.015365080869359171,-1.2320886900840655e-05,-0.0036735058981239854,0.9455549234038962,1.0,,0.9301898425345371,True,,0.022473510304000355,0.030986950912055944,0.022473510304000355,0.022473510304000355,0.004331511434041424,-1.8805181117702559,2.0,,-1.9029916220742562,True,estimated,0,1,,pad10,2,2,False,False,,2,ok,skewed_henon,henon_loc:01396,20.0,1024,1.507845936999729,,,,,,,,,
,2,0.08312109057437787,60,2601622717,henon_loc,,,,,,,,,,,,,,,,,,,,,,,estimated,0,2,,pad10,2,2,False,False,,77,ok,skewed_henon,henon_loc:01397,20.0,1024,4.289214874001118,5.0,72.0,0.009026731373352748,0.06715477930340308,1.0,0.06715477930340308,1.3013844641577903,-0.5603812570665248,True
,2,0.10390136321797235,60,2601622717,henon_loc,,0.021328884026451944,0.03431270215390825,0.021328884026451944,2.9104566767634843e-05,-0.0036735058981239854,0.951518726560989,1.0,,0.9301898425345371,True,,0.02754544071697307,-0.04174400334052475,-0.02754544071697307,0.022327213627653775,0.004331511434041424,-1.9305370627912293,2.0,,-1.9029916220742562,True,estimated,0,1,,pad25,2,2,False,False,,2,ok,skewed_henon,henon_loc:01398,20.0,1024,0.929528778000531,,,,,,,,,
,2,0.10390136321797235,60,2601622717,henon_loc,,,,,,,,,,,,,,,,,,,,,,,estimated,0,2,,pad25,2,2,False,False,,61,ok,skewed_henon,henon_loc:01399,20.0,1024,2.7566558489997988,5.0,56.0,0.011195129415500715,0.037117886926165466,1.0,0.17320047430389185,1.3013844641577903,-0.5603812570665248,True
,2,0.08312109057437787,60,2601622717,henon_loc,,0.015647263446313064,-0.017637979455078723,-0.015647263446313064,0.00014574376281872858,-0.0036735058981239854,0.914542579088224,1.0,,0.9301898425345371,True,,0.003612215988371359,-0.010573594375133277,-0.003612215988371359,0.022363124816121793,0.004331511434041424,-1.9066038380626276,2.0,,-1.9029916220742562,True,estimated,0,1,,pad10_shift,2,2,False,False,,2,ok,skewed_henon,henon_loc:01400,20.0,1024,0.8647940869996091,,,,,,,,,
,2,0.08312109057437787,60,2601622717,henon_loc,,,,,,,,,,,,,,,,,,,,,,,estimated,0,2,,pad10_shift,2,2,False,False,,63,ok,skewed_henon,henon_loc:01401,20.0,1024,2.8118088960000023,4.0,59.0,0.0036395206729109564,0.026683040711165562,1.0,0.026683040711165562,1.3013844641577903,-0.5603812570665248,True
,2,0.06926757547864823,60,2601622717,henon_loc,,0.012137075503354522,0.01699580828424574,0.012137075503354522,1.5249794590999066e-05,-0.003418341871314401,0.9423269180378916,1.0,,0.9301898425345371,True,,0.010022650244871034,0.010206678268461555,0.010022650244871034,0.022663982769724367,0.005143732068884965,-1.8929689718293852,2.0,,-1.9029916220742562,True,estimated,0,1,,pad0,2,2,False,False,,2,ok,skewed_henon,henon_loc:01402,40.0,1024,0.95053739299874,,,,,,,,,
,2,0.06926757547864823,60,2601622717,henon_loc,,,,,,,,,,,,,,,,,,,,,,,estimated,0,2,,pad0,2,2,False,False,,44,ok,skewed_henon,henon_loc:01403,40.0,1024,4.356265938999059,2.0,42.0,0.007623469664262417,0.054969523942871135,1.0,0.12335093961536814,1.3013844641577903,-0.5603812570665248,True
,2,0.08312109057437787,60,2601622717,henon_loc,,0.01737132662947627,0.023922565832110054,0.01737132662947627,-8.41023911430927e-05,-0.003418341871314401,0.9475611691640133,1.0,,0.9301898425345371,True,,2.8505527912382695,2.857104030440903,2.8505527912382695,2.83309736221765,0.005143732068884965,0.9475611691640133,1.0,,-1.9029916220742562,False,estimated,0,1,,pad10,2,2,False,False,,1,ok,skewed_henon,henon_loc:01404,40.0,1024,1.9203101720013365,,,,,,,,,
,2,0.08312109057437787,60,2601622717,henon_loc,,,,,,,,,,,,,,,,,,,,,,,estimated,0,2,,pad10,2,2,False,False,,40,ok,skewed_henon,henon_loc:01405,40.0,1024,3.630694666000636,2.0,38.0,0.009948844209482832,0.06792275308495066,1.0,0.18312007601551084,1.3013844641577903,-0.5603812570665248,True
,2,0.10390136321797235,60,2601622717,henon_loc,,0.024174237720890335,0.03431270215390825,0.024174237720890335,1.7170772711794235e-05,-0.003418341871314401,0.9543640802554274,1.0,,0.9301898425345371,True,,2.8573557023296834,2.8674941667627016,2.8573557023296834,2.833198635381505,0.005143732068884965,0.9543640802554274,1.0,,-1.9029916220742562,False,estimated,0,1,,pad25,2,2,False,False,,1,ok,skewed_henon,henon_loc:01406,40.0,1024,1.6412546259998635,,,,,,,,,
,2,0.10390136321797235,60,2601622717,henon_loc,,,,,,,,,,,,,,,,,,,,,,,estimated,0,2,,pad25,2,2,False,False,,41,ok,skewed_henon,henon_loc:01407,40.0,1024,2.833721097000307,5.0,36.0,0.013163794378508231,0.03596103312586463,1.0,1.1107527620453534,1.3013844641577903,-0.5603812570665248,True
,2,0.08312109057437787,60,2601622717,henon_loc,,0.01627732439418117,-0.017637979455078723,-0.01627732439418117,-6.871173217748439e-05,-0.003418341871314401,0.9139125181403559,1.0,,0.9301898425345371,True,,2.816904140214612,2.8155434851537144,2.816904140214612,2.833112752876616,0.005143732068884965,0.9139125181403559,1.0,,-1.9029916220742562,False,estimated,0,1,,pad10_shift,2,2,False,False,,1,ok,skewed_henon,henon_loc:01408,40.0,1024,1.2933531740000035,,,,,,,,,
,2,0.08312109057437787,60,2601622717,henon_loc,,,,,,,,,,,,,,,,,,,,,,,estimated,0,2,,pad10_shift,2,2,False,False,,37,ok,skewed_henon,henon_loc:01409,40.0,1024,2.8502151079992473,2.0,35.0,0.005677872316777632,0.026755048611237786,1.0,0.31080938052049784,1.3013844641577903,-0.5603812570665248,True
,2,0.04617838365243215,90,2601622717,henon_loc,,0.0024318113895575033,0.005451212371137659,0.0024318113895575033,0.00012289220693595393,-0.00014289736930794827,0.9326216539240946,1.0,,0.9301898425345371,True,,0.017360934719848675,0.021751274181569746,0.017360934719848675,0.022786894799009527,0.008920036925460062,-1.8856306873544075,2.0,,-1.9029916220742562,True,estimated,0,1,,pad0,2,2,False,False,,3,ok,skewed_henon,henon_loc:01410,2.5,1024,0.630890571999771,,,,,,,,,
,2,0.04617838365243215,90,2601622717,henon_loc,,,,,,,,,,,,,,,,,,,,,,,estimated,0,2,,pad0,2,2,False,False,,56,ok,skewed_henon,henon_loc:01411,2.5,1024,2.7160902930008888,3.0,53.0,0.0018334780995646893,0.030255567913786696,1.0,0.08245704788105024,1.3013844641577903,-0.5603812570665248,True
,2,0.05541406038291859,90,2601622717,henon_loc,,0.007638430697043064,-0.017637979455078612,-0.007638430697043064,0.00011953775656559085,-0.00014289736930794827,0.922551411837494,1.0,,0.9301898425345371,True,,0.004962633362904922,-0.010573594375133055,-0.004962633362904922,0.022744396828554336,0.008920036925460062,-1.9079542554371611,2.0,,-1.9029916220742562,True,estimated,0,1,,pad10,2,2,False,False,,3,ok,skewed_henon,henon_loc:01412,2.5,1024,0.6849754920003761,,,,,,,,,
,2,0.05541406038291859,90,2601622717,henon_loc,,,,,,,,,,,,,,,,,,,,,,,estimated,0,2,,pad10,2,2,False,False,,47,ok,skewed_henon,henon_loc:01413,2.5,1024,2.6807512499999575,3.0,44.0,0.0013090180548277486,0.06579208049252427,1.0,0.08390597661405441,1.3013844641577903,-0.5603812570665248,False
,2,0.06926757547864823,90,2601622717,henon_loc,,0.005673153638921846,0.016995808284246183,0.005673153638921846,0.00013174760062995006,-0.00014289736930794827,0.9358629961734589,1.0,,0.9301898425345371,True,,0.009286980525222255,0.010206678268461555,0.009286980525222255,0.02279415774355864,0.008920036925460062,-1.893704641549034,2.0,,-1.9029916220742562,True,estimated,0,1,,pad25,2,2,False,False,,2,ok,skewed_henon,henon_loc:01414,2.5,1024,0.6827642049993301,,,,,,,,,
,2,0.06926757547864823,90,2601622717,henon_loc,,,,,,,,,,,,,,,,,,,,,,,estimated,0,2,,pad25,2,2,False,False,,42,ok,skewed_henon,henon_loc:01415,2.5,1024,2.8379203240001516,3.0,39.0,0.0037064092186418485,0.05723361046237385,1.0,0.08275263874057814,1.3013844641577903,-0.5603812570665248,True
,2,0.05541406038291859,90,2601622717,henon_loc,,0.004007734641238603,0.010069050736380869,0.004007734641238603,0.00012875041443427548,-0.00014289736930794827,0.9341975771757757,1.0,,0.9301898425345371,True,,0.013498125049484333,0.017133435816326426,0.013498125049484333,0.02277998016362326,0.008920036925460062,-1.8894934970247719,2.0,,-1.9029916220742562,True,estimated,0,1,,pad10_shift,2,2,False,False,,3,ok,skewed_henon,henon_loc:01416,2.5,1024,0.7563095359982981,,,,,,,,,
,2,0.05541406038291859,90,2601622717,henon_loc,,,,,,,,,,,,,,,,,,,,,,,estimated,0,2,,pad10_shift,2,2,False,False,,52,ok,skewed_henon,henon_loc:01417,2.5,1024,4.247466103000988,3.0,49.0,0.002729238444578397,0.0714852399548882,1.0,0.08278702364025214,1.3013844641577903,-0.5603812570665248,False
,2,0.04617838365243215,90,2601622717,henon_loc,,0.003297089554877064,0.005451212371137659,0.003297089554877064,6.460269920682826e-05,-0.000585283175925988,0.9334869320894141,1.0,,0.9301898425345371,True,,0.01731351696802208,0.021751274181569746,0.01731351696802208,0.02216224725152749,0.006745957144303372,-1.8856781051062341,2.0,,-1.9029916220742562,True,estimated,0,1,,pad0,2,2,False,False,,3,ok,skewed_henon,henon_loc:01418,5.0,1024,1.2552257259994803,,,,,,,,,
,2,0.04617838365243215,90,2601622717,henon_loc,,,,,,,,,,,,,,,,,,,,,,,estimated,0,2,,pad0,2,2,False,False,,75,ok,skewed_henon,henon_loc:01419,5.0,1024,5.006915067000591,4.0,71.0,0.002306946033996171,0.05663418563749412,1.0,0.08242923194179563,1.3013844641577903,-0.5603812570665248,False
,2,0.05541406038291859,90,2601622717,henon_loc,,0.010874358565370223,-0.017637979455078612,-0.010874358565370223,6.991836025616038e-05,-0.000585283175925988,0.9193154839691668,1.0,,0.9301898425345371,True,,0.005125248556269613,-0.010573594375133055,-0.005125248556269613,0.022166176182317754,0.006745957144303372,-1.9081168706305258,2.0,,-1.9029916220742562,True,estimated,0,1,,pad10,2,2,False,False,,3,ok,skewed_henon,henon_loc:01420,5.0,1024,1.0419972319996305,,,,,,,,,
,2,0.05541406038291859,90,2601622717,henon_loc,,,,,,,,,,,,,,,,,,,,,,,estimated,0,2,,pad10,2,2,False,False,,64,ok,skewed_henon,henon_loc:01421,5.0,1024,3.770372856000904,3.0,61.0,0.0019724496699282668,0.04481176562853473,1.0,0.08422147182647621,1.3013844641577903,-0.5603812570665248,True
,2,0.06926757547864823,90,2601622717,henon_loc,,0.00779204319117599,0.016995808284246183,0.00779204319117599,-5.590501720442731e-07,-0.000585283175925988,0.9379818857257131,1.0,,0.9301898425345371,True,,0.008863280470181145,0.010206678268461555,0.008863280470181145,0.022197288749820965,0.006745957144303372,-1.894128341604075,2.0,,-1.9029916220742562,True,estimated,0,1,,pad25,2,2,False,False,,2,ok,skewed_henon,henon_loc:01422,5.0,1024,1.1461305709999579,,,,,,,,,
,2,0.06926757547864823,90,2601622717,henon_loc,,,,,,,,,,,,,,,,,,,,,,,estimated,0,2,,pad25,2,2,False,False,,56,ok,skewed_henon,henon_loc:01423,5.0,1024,2.7382438629992976,3.0,53.0,0.004618608489251663,0.05224111182194768,1.0,0.08196331421542546,1.3013844641577903,-0.5603812570665248,True
,2,0.05541406038291859,90,2601622717,henon_loc,,0.005322108877811371,0.010069050736380869,0.005322108877811371,5.7773141434069863e-05,-0.000585283175925988,0.9355119514123484,1.0,,0.9301898425345371,True,,0.013507260143612365,0.017133435816326426,0.013507260143612365,0.0222349746539221,0.006745957144303372,-1.8894843619306438,2.0,,-1.9029916220742562,True,estimated,0,1,,pad10_shift,2,2,False,False,,3,ok,skewed_henon,henon_loc:01424,5.0,1024,0.6789944320007635,,,,,,,,,
,2,0.05541406038291859,90,2601622717,henon_loc,,,,,,,,,,,,,,,,,,,,,,,estimated,0,2,,pad10_shift,2,2,False,False,,66,ok,skewed_henon,henon_loc:01425,5.0,1024,2.7980936519998068,3.0,63.0,0.003383989281085409,0.07296987642882025,1.0,0.082625080842053,1.3013844641577903,-0.5603812570665248,False
,2,0.04617838365243215,90,2601622717,henon_loc,,0.0028038819418165772,0.005451212371137659,0.0028038819418165772,-8.2267036460415e-05,-0.003632516630233895,0.9329937244763536,1.0,,0.9301898425345371,True,,0.01865519100900026,0.021751274181569746,0.01865519100900026,0.022464907660325828,0.005734300370409784,-1.884336431065256,2.0,,-1.9029916220742562,True,estimated,0,1,,pad0,2,2,False,False,,4,ok,skewed_henon,henon_loc:01426,10.0,1024,0.7293233309992502,,,,,,,,,
,2,0.04617838365243215,90,2601622717,henon_loc,,,,,,,,,,,,,,,,,,,,,,,estimated,0,2,,pad0,2,2,False,False,,85,ok,skewed_henon,henon_loc:01427,10.0,1024,2.805479759001173,4.0,81.0,0.002722298264946521,0.03049315699439592,1.0,0.08267578201268333,1.3013844641577903,-0.5603812570665248,True
0.0,2,0.05541406038291859,90,2601622717,henon_loc,0.0,0.014060775985751395,-0.017637979455078612,-0.014060775985751395,-6.8725739064468e-05,-0.003632516630233895,0.9161290665487857,1.0,True,0.9301898425345371,True,0.0,0.006423975090002143,-0.010573594375133055,-0.006423975090002143,0.022391336309115495,0.005734300370409784,-1.9094155971642583,2.0,True,-1.9029916220742562,True,estimated,0,1,6.417968616457557,pad10,2,2,True,True,2.0,4,ok,skewed_henon,henon_loc:01428,10.0,1024,37.89864923300047,,,,,,,,,
,2,0.05541406038291859,90,2601622717,henon_loc,,,,,,,,,,,,,,,,,,,,,,,estimated,0,2,,pad10,2,2,False,False,,78,ok,skewed_henon,henon_loc:01429,10.0,1024,2.707023561999449,4.0,74.0,0.011278754732201413,0.027899322999263343,1.0,0.08450170991508532,1.3013844641577903,-0.5603812570665248,True
,2,0.06926757547864823,90,2601622717,henon_loc,,0.008795317273058822,0.016995808284246183,0.008795317273058822,-3.629860046883149e-05,-0.003632516630233895,0.9389851598075959,1.0,,0.9301898425345371,True,,0.009346315976515696,0.010206678268461555,0.009346315976515696,0.02250715531745895,0.005734300370409784,-1.8936453060977405,2.0,,-1.9029916220742562,True,estimated,0,1,,pad25,2,2,False,False,,3,ok,skewed_henon,henon_loc:01430,10.0,1024,0.7893897280009696,,,,,,,,,
,2,0.06926757547864823,90,2601622717,henon_loc,,,,,,,,,,,,,,,,,,,,,,,estimated,0,2,,pad25,2,2,False,False,,71,ok,skewed_henon,henon_loc:01431,10.0,1024,4.982110142000238,4.0,67.0,0.005863572294382169,0.050813979919611674,1.0,0.08041011604440018,1.3013844641577903,-0.5603812570665248,True
,2,0.05541406038291859,90,2601622717,henon_loc,,0.005228260167104648,0.010069050736380869,0.005228260167104648,-3.607556927265332e-05,-0.003632516630233895,0.9354181027016417,1.0,,0.9301898425345371,True,,0.01447355686633367,0.017133435816326426,0.01447355686633367,0.022370060470899622,0.005734300370409784,-1.8885180652079225,2.0,,-1.9029916220742562,True,estimated,0,1,,pad10_shift,2,2,False,False,,4,ok,skewed_henon,henon_loc:01432,10.0,1024,1.1596138880013314,,,,,,,,,
,2,0.05541406038291859,90,2601622717,henon_loc,,,,,,,,,,,,,,,,,,,,,,,estimated,0,2,,pad10_shift,2,2,False,False,,93,ok,skewed_henon,henon_loc:01433,10.0,1024,3.4173408139995445,5.0,88.0,0.004269456672555738,0.03184857653864359,1.0,0.08241554605141088,1.3013844641577903,-0.5603812570665248,True
,2,0.04617838365243215,90,2601622717,henon_loc,,0.003416852935663295,0.005451212371137659,0.003416852935663295,6.892012086201493e-05,-0.0036735058981239854,0.9336066954702004,1.0,,0.9301898425345371,True,,0.018936238843116904,0.021751274181569746,0.018936238843116904,0.02239961761704934,0.004331511434041424,-1.8840553832311393,2.0,,-1.9029916220742562,True,estimated,0,1,,pad0,2,2,False,False,,2,ok,skewed_henon,henon_loc:01434,20.0,1024,0.7768496720000257,,,,,,,,,
,2,0.04617838365243215,90,2601622717,henon_loc,,,,,,,,,,,,,,,,,,,,,,,estimated,0,2,,pad0,2,2,False,False,,125,ok,skewed_henon,henon_loc:01435,20.0,1024,2.818090282000412,5.0,120.0,0.0028450057493348835,0.030130211690601816,1.0,0.08274996164211568,1.3013844641577903,-0.5603812570665248,True
,2,0.05541406038291859,90,2601622717,henon_loc,,0.015064785445159323,-0.017637979455078612,-0.015064785445159323,3.554600918598272e-05,-0.0036735058981239854,0.9151250570893777,1.0,,0.9301898425345371,True,,0.007074075236011668,-0.010573594375133055,-0.007074075236011668,0.022433911917892457,0.004331511434041424,-1.9100656973102679,2.0,,-1.9029916220742562,True,estimated,0,1,,pad10,2,2,False,False,,3,ok,skewed_henon,henon_loc:01436,20.0,1024,0.775803298000028,,,,,,,,,
,2,0.05541406038291859,90,2601622717,henon_loc,,,,,,,,,,,,,,,,,,,,,,,estimated,0,2,,pad10,2,2,False,False,,127,ok,skewed_henon,henon_loc:01437,20.0,1024,2.7864936550013226,4.0,123.0,0.010379260537527468,0.027454223341018325,1.0,0.027454223341018325,1.3013844641577903,-0.5603812570665248,True
,2,0.06926757547864823,90,2601622717,henon_loc,,0.010928056882184123,0.016995808284246183,0.010928056882184123,1.8413744297007817e-05,-0.0036735058981239854,0.9411178994167212,1.0,,0.9301898425345371,True,,0.009223887912553907,0.010206678268461555,0.009223887912553907,0.02238472725349716,0.004331511434041424,-1.8937677341617023,2.0,,-1.9029916220742562,True,estimated,0,1,,pad25,2,2,False,False,,4,ok,skewed_henon,henon_loc:01438,20.0,1024,0.8106078840010014,,,,,,,,,
,2,0.06926757547864823,90,2601622717,henon_loc,,,,,,,,,,,,,,,,,,,,,,,estimated,0,2,,pad25,2,2,False,False,,101,ok,skewed_henon,henon_loc:01439,20.0,1024,4.7374328400001104,4.0,97.0,0.007231608821760216,0.05336004324933019,1.0,0.07909517328676108,1.3013844641577903,-0.5603812570665248,True
,2,0.05541406038291859,90,2601622717,henon_loc,,0.006347253712159939,0.010069050736380869,0.006347253712159939,0.0001131719190815561,-0.0036735058981239854,0.936537096246697,1.0,,0.9301898425345371,True,,0.014636438853237621,0.017133435816326426,0.014636438853237621,0.022394407306846276,0.004331511434041424,-1.8883551832210186,2.0,,-1.9029916220742562,True,estimated,0,1,,pad10_shift,2,2,False,False,,3,ok,skewed_henon,henon_loc:01440,20.0,1024,1.3455303049995564,,,,,,,,,
,2,0.05541406038291859,90,2601622717,henon_loc,,,,,,,,,,,,,,,,,,,,,,,estimated,0,2,,pad10_shift,2,2,False,False,,127,ok,skewed_henon,henon_loc:01441,20.0,1024,3.633476085999064,5.0,122.0,0.004957559983048254,0.031170183540593976,1.0,0.08227708429923464,1.3013844641577903,-0.5603812570665248,True
,2,0.04617838365243215,90,2601622717,henon_loc,,0.003644568813331417,0.005451212371137659,0.003644568813331417,6.574408026793765e-05,-0.003418341871314401,0.9338344113478685,1.0,,0.9301898425345371,True,,0.020130851016350704,0.021751274181569746,0.020130851016350704,0.022786108076365608,0.005143732068884965,-1.8828607710579055,2.0,,-1.9029916220742562,True,estimated,0,1,,pad0,2,2,False,False,,2,ok,skewed_henon,henon_loc:01442,40.0,1024,0.8192605980002554,,,,,,,,,
,2,0.04617838365243215,90,2601622717,henon_loc,,,,,,,,,,,,,,,,,,,,,,,estimated,0,2,,pad0,2,2,False,False,,136,ok,skewed_henon,henon_loc:01443,40.0,1024,3.0907468580007844,6.0,130.0,0.0028605202246264616,0.029623060057407113,1.0,0.08298971104815722,1.3013844641577903,-0.5603812570665248,True
,2,0.05541406038291859,90,2601622717,henon_loc,,0.01576427108806633,-0.017637979455078612,-0.01576427108806633,2.8736121065464637e-05,-0.003418341871314401,0.9144255714464707,1.0,,0.9301898425345371,True,,2.817417193520727,2.8155434851537144,2.817417193520727,2.8332102007298587,0.005143732068884965,0.9144255714464707,1.0,,-1.9029916220742562,False,estimated,0,1,,pad10,2,2,False,False,,1,ok,skewed_henon,henon_loc:01444,40.0,1024,1.012503445999755,,,,,,,,,
,2,0.05541406038291859,90,2601622717,henon_loc,,,,,,,,,,,,,,,,,,,,,,,estimated,0,2,,pad10,2,2,False,False,,141,ok,skewed_henon,henon_loc:01445,40.0,1024,3.096904510999593,7.0,134.0,0.0072699671959136625,0.02703647023925826,1.0,0.1413390459622017,1.3013844641577903,-0.5603812570665248,True
,2,0.06926757547864823,90,2601622717,henon_loc,,0.012137075503354522,0.016995808284246183,0.012137075503354522,1.5249794590999066e-05,-0.003418341871314401,0.9423269180378916,1.0,,0.9301898425345371,True,,0.010022650244871034,0.010206678268461555,0.010022650244871034,0.022663982769724367,0.005143732068884965,-1.8929689718293852,2.0,,-1.9029916220742562,True,estimated,0,1,,pad25,2,2,False,False,,2,ok,skewed_henon,henon_loc:01446,40.0,1024,0.9263473580012942,,,,,,,,,
,2,0.06926757547864823,90,2601622717,henon_loc,,,,,,,,,,,,,,,,,,,,,,,estimated,0,2,,pad25,2,2,False,False,,160,ok,skewed_henon,henon_loc:01447,40.0,1024,4.368515819000095,5.0,155.0,0.007623469664262417,0.054969523942871135,1.0,0.12335093961536814,1.3013844641577903,-0.5603812570665248,True
,2,0.05541406038291859,90,2601622717,henon_loc,,0.007040042057022244,0.010069050736380869,0.007040042057022244,-2.52506417999232e-05,-0.003418341871314401,0.9372298845915593,1.0,,0.9301898425345371,True,,2.8402215066658156,2.843250515345174,2.8402215066658156,2.8331562139669932,0.005143732068884965,0.9372298845915593,1.0,,-1.9029916220742562,False,estimated,0,1,,pad10_shift,2,2,False,False,,1,ok,skewed_henon,henon_loc:01448,40.0,1024,1.4221807419999095,,,,,,,,,
,2,0.05541406038291859,90,2601622717,henon_loc,,,,,,,,,,,,,,,,,,,,,,,estimated,0,2,,pad10_shift,2,2,False,False,,118,ok,skewed_henon,henon_loc:01449,40.0,1024,5.212064934999944,4.0,114.0,0.005033023840315565,0.030353713828702,1.0,0.08185030470080057,1.3013844641577903,-0.5603812570665248,True
0.0,7,0.16624218114875575,30,2601622717,henon_loc,0.0,0.014557819895397062,-0.0176379794550785,-0.014557819895397062,-1.1629044880945294e-05,-0.0027872864786312457,0.91563202263914,1.0,True,0.9301898425345371,True,0.0,0.0001321809031216148,-0.010573594375133277,-0.0001321809031216148,0.021063697193344888,0.003464070720733403,-1.9031238029773778,2.0,True,-1.9029916220742562,True,estimated,0,1,8.673941269095831,pad10,2,2,True,True,2.0,2,ok,skewed_henon,henon_loc:01450,10.0,1024,40.05994276599995,,,,,,,,,
,7,0.16624218114875575,30,2601622717,henon_loc,,,,,,,,,,,,,,,,,,,,,,,estimated,0,2,,pad10,2,2,False,False,,18,ok,skewed_henon,henon_loc:01451,10.0,1024,3.3433798480000405,2.0,16.0,2.6496605004866502e-05,0.014783338645897981,1.0,0.014783338645897981,1.3013844641577903,-0.5603812570665248,True
