J_W,J_W0,W,W0,algo_random_seed,analysis_error,coverage_radius,data_seed,embedding_dimension,embedding_not_saturated,experiment,lle_embedding_not_saturated,lle_m,lle_n_embedded_points,lle_per_beat,lle_r2,lle_reason,lle_tau,lle_theiler_beats,lle_valid,lle_valid_fit_quality,map_mode,n_embedded_points,n_in_tube,n_runtime_warnings,n_surrogates_requested,n_surrogates_used,p_value_finite,peak_threshold,period1_status,rJ,seed,signal_mean,signal_std,significance_assessed,significance_not_assessed_reason,significance_requested,significant_peak_count,significant_peak_coverage,significant_peaks_per_point,snr_db,source_faithful_map,source_peak_count,source_peak_coverage,source_peaks_per_point,source_rJ,source_stability_available_count,source_stability_unstable_count,surrogates,system,task_id,upo_failure,upo_no_peak_status,upo_significance_status,upo_status,upo_tau,variant,verification_assessed,verification_failed_count,verification_gated_count,verified_unstable_count,verified_unstable_coverage,verified_unstable_per_point,window_length,runtime_s
0.0,0.5,259.6,80.61000000000001,20260823,,0.9261402405031106,1949141757,6,False,noise,False,8,214,0.15177729232857282,0.6116150822717721,,6,4,True,False,one_sample,251,2498.0,0,50,50.0,0.0196078431372549,170.89523262167492,ok,3.220444113633544,0,0.5041099676724723,0.3514903051774733,True,,True,2.0,0.595,0.00796812749003984,30.0,True,2.0,0.595,0.00796812749003984,3.220444113633544,2.0,2.0,50,logistic,noise:00000,False,False,assessed,ok,1,,True,2.0,0.0,0.0,0.0,0.0,256,14.639858857000036
0.0,0.5,330.72,90.22999999999999,20260823,,0.897213081668838,1652537900,6,False,noise,False,9,208,0.1315901895184619,0.5838886912400801,,6,4,True,False,one_sample,251,2498.0,0,50,50.0,0.0196078431372549,146.9977250298745,ok,3.6652997894270207,1,0.49770748367057016,0.3545232371082112,True,,True,1.0,0.47,0.00398406374501992,30.0,True,1.0,0.47,0.00398406374501992,3.6652997894270207,1.0,1.0,50,logistic,noise:00001,False,False,assessed,ok,1,,True,1.0,0.0,0.0,0.0,0.0,256,14.195430173999739
0.0,0.5,517.0,131.70999999999998,20260823,,1.877898117730095,292278060,8,False,noise,True,13,136,0.09081917313030857,0.5190649386155697,,10,4,True,False,one_sample,249,2467.0,0,50,50.0,0.0196078431372549,109.5362529496023,ok,3.925290410750893,2,0.4657073272697885,0.3656381478379701,True,,True,1.0,1.0,0.004016064257028112,30.0,True,2.0,1.0,0.008032128514056224,3.925290410750893,2.0,2.0,50,logistic,noise:00002,False,False,assessed,ok,1,,True,2.0,0.0,0.0,0.0,0.0,256,16.353742201000387
0.0,0.5,367.12,92.74000000000001,20260823,,1.3196703991855867,1341124623,7,False,noise,True,13,148,0.08384613847554363,0.4810582170397947,,9,4,True,False,one_sample,250,2489.0,0,50,50.0,0.0196078431372549,220.43841373514266,ok,3.958593918481777,3,0.4586948116502827,0.3646992125652116,True,,True,1.0,0.89,0.004,30.0,True,1.0,0.89,0.004,3.958593918481777,1.0,1.0,50,logistic,noise:00003,False,False,assessed,ok,1,,True,1.0,0.0,0.0,0.0,0.0,256,15.566566237999723
0.0,0.5,340.94,93.87,20260823,,1.2864409998875435,3611326506,7,False,noise,False,9,192,0.13377739130506194,0.5805749189851812,,8,4,True,False,one_sample,250,2487.0,0,50,50.0,0.0196078431372549,120.90562639669398,ok,3.632044316608075,4,0.49356108012218514,0.35560861594313015,True,,True,1.0,0.875,0.004,30.0,True,1.0,0.875,0.004,3.632044316608075,1.0,1.0,50,logistic,noise:00004,False,False,assessed,ok,1,,True,1.0,0.0,0.0,0.0,0.0,256,13.74259672900007
0.0,0.5,507.15999999999997,165.55,20260823,,2.188625616014643,2937350216,10,False,noise,False,10,202,0.11880690741917675,0.5912930252185111,,6,4,True,False,one_sample,247,2460.0,0,50,50.0,0.0196078431372549,35.249933058108894,ok,3.0634853518574445,5,0.5224044730040002,0.34567088377338084,True,,True,1.0,1.0,0.004048582995951417,30.0,True,1.0,1.0,0.004048582995951417,3.0634853518574445,1.0,1.0,50,logistic,noise:00005,False,False,assessed,ok,1,,True,1.0,0.0,0.0,0.0,0.0,256,19.70764188299927
0.0,0.5,353.84000000000003,93.52000000000001,20260823,,1.2848356296904249,2625739459,7,False,noise,False,10,202,0.1211510511636194,0.5280212494438093,,6,4,True,False,one_sample,250,2489.0,0,50,50.0,0.0196078431372549,30.636667236235922,ok,3.783575705731394,6,0.5275395260630128,0.34231967002752706,True,,True,1.0,0.935,0.004,30.0,True,2.0,1.0,0.008,3.783575705731394,2.0,2.0,50,logistic,noise:00006,False,False,assessed,ok,1,,True,2.0,0.0,0.0,0.0,0.0,256,12.846321750000243
0.0,0.5,458.48,125.71,20260823,,1.9591022880300908,3175003209,9,False,noise,False,10,121,0.09962119927120444,0.5062684519405003,,15,5,True,False,one_sample,248,2470.0,0,50,50.0,0.0196078431372549,48.51907079153381,ok,3.6471243337841064,7,0.5112823111735332,0.3486674153252527,True,,True,1.0,1.0,0.004032258064516129,30.0,True,2.0,1.0,0.008064516129032258,3.6471243337841064,2.0,2.0,50,logistic,noise:00007,False,False,assessed,ok,1,,True,2.0,0.0,0.0,0.0,0.0,256,17.752153984999495
,,,,20260823,,,855530592,13,True,noise,False,11,186,0.11644145190908073,0.5736882704454895,,7,4,True,False,one_sample,0,,0,50,,,,,,8,0.5042709425599616,0.3522796338588083,False,,True,,,,30.0,True,,,,,,,50,logistic,noise:00008,True,False,not_assessed_detector_failure,embedding_not_saturated,1,,False,,,,,,256,0.932072984000115
0.0,0.5,477.46000000000004,88.08000000000001,20260823,,1.317127240006571,1137966784,7,False,noise,False,9,200,0.13848057104168385,0.6019715963859837,,7,4,True,False,one_sample,250,2489.0,0,50,50.0,0.0196078431372549,82.46426984801495,ok,5.4207538601271565,9,0.5140414231574959,0.3487006094867553,True,,True,1.0,0.875,0.004,30.0,True,1.0,0.875,0.004,5.4207538601271565,1.0,1.0,50,logistic,noise:00009,False,False,assessed,ok,1,,True,1.0,0.0,0.0,0.0,0.0,256,15.42117770799996
0.0,0.5,315.82,84.7,20260823,,0.9350280656507607,155083518,6,False,noise,False,10,202,0.12003534468082838,0.5477040609389341,,6,4,True,False,one_sample,251,2499.0,0,50,50.0,0.0196078431372549,141.94850702110588,ok,3.728689492325856,10,0.50963577792978,0.34903940333366695,True,,True,2.0,0.65,0.00796812749003984,30.0,True,2.0,0.65,0.00796812749003984,3.728689492325856,2.0,2.0,50,logistic,noise:00010,False,False,assessed,ok,1,,True,2.0,0.0,0.0,0.0,0.0,256,12.32631035600025
0.0,0.5,488.74,112.66,20260823,,1.8150451733231108,1643540681,8,False,noise,False,10,166,0.10476617276597788,0.4071430218725788,,10,4,True,False,one_sample,249,2480.0,0,50,50.0,0.0196078431372549,71.02027827769851,ok,4.3381856914610335,11,0.4892828587525674,0.35798488497333897,True,,True,1.0,0.995,0.004016064257028112,30.0,True,2.0,1.0,0.008032128514056224,4.3381856914610335,2.0,2.0,50,logistic,noise:00011,False,False,assessed,ok,1,,True,2.0,0.0,0.0,0.0,0.0,256,16.297754021999936
0.0,0.5,269.62,81.35,20260823,,0.9697625587255356,1760545983,6,False,noise,False,8,214,0.1408605189520289,0.5558826471773288,,6,4,True,False,one_sample,251,2495.0,0,50,50.0,0.0196078431372549,126.89818437075684,ok,3.3143208358942844,12,0.5089314973172157,0.3492753725075661,True,,True,2.0,0.675,0.00796812749003984,30.0,True,2.0,0.675,0.00796812749003984,3.3143208358942844,2.0,2.0,50,logistic,noise:00012,False,False,assessed,ok,1,,True,2.0,0.0,0.0,0.0,0.0,256,12.565789539999969
0.0,0.5,437.28,90.58,20260823,,0.8970984147994556,1200119167,6,False,noise,False,10,184,0.11676569326179025,0.5067249153298337,,8,4,True,False,one_sample,251,2492.0,0,50,50.0,0.0196078431372549,156.38701441952338,ok,4.827555751821594,13,0.4770498324092999,0.3613387119601117,True,,True,2.0,0.52,0.00796812749003984,30.0,True,2.0,0.52,0.00796812749003984,4.827555751821594,2.0,2.0,50,logistic,noise:00013,False,False,assessed,ok,1,,True,2.0,0.0,0.0,0.0,0.0,256,14.18864514300003
0.0,0.5,336.24,73.92,20260823,,0.8933027384306514,1080202061,6,False,noise,True,13,148,0.08831270013523532,0.4857019603489503,,9,4,True,False,one_sample,251,2487.0,0,50,50.0,0.0196078431372549,195.37089261724537,ok,4.548701298701299,14,0.48654118867453844,0.3574728819882673,True,,True,1.0,0.5,0.00398406374501992,30.0,True,1.0,0.5,0.00398406374501992,4.548701298701299,1.0,1.0,50,logistic,noise:00014,False,False,assessed,ok,1,,True,1.0,0.0,0.0,0.0,0.0,256,13.989187526000023
0.0,0.5,573.72,133.48,20260823,,2.64972447891922,3156448767,10,False,noise,False,8,214,0.13985145788106954,0.50610936219994,,6,4,True,False,one_sample,247,2460.0,0,50,50.0,0.0196078431372549,116.64284815301228,ok,4.298172010788133,15,0.4677485471186495,0.36384876105779446,True,,True,1.0,1.0,0.004048582995951417,30.0,True,1.0,1.0,0.004048582995951417,4.298172010788133,1.0,1.0,50,logistic,noise:00015,False,False,assessed,ok,1,,True,1.0,0.0,0.0,0.0,0.0,256,19.62473457299984
0.0,0.5,955.04,102.11,20260823,,0.8411203372344085,1458145094,6,False,noise,False,8,207,0.15366111943885463,0.6018678895929739,,7,5,True,False,one_sample,251,2491.0,0,50,50.0,0.0196078431372549,56.17564054491761,ok,9.353050631671726,16,0.404200141180284,0.3716788624566593,True,,True,1.0,0.105,0.00398406374501992,30.0,True,2.0,0.325,0.00796812749003984,9.353050631671726,2.0,2.0,50,logistic,noise:00016,False,False,assessed,ok,1,,True,2.0,0.0,0.0,0.0,0.0,256,13.294774386999961
0.0,0.5,354.56,134.15,20260823,,2.227434476103719,842987019,9,False,noise,True,13,136,0.07621788174791726,0.45814323767347254,,10,4,True,False,one_sample,248,2470.0,0,50,50.0,0.0196078431372549,135.64737377234619,ok,2.643011554230339,17,0.4792673118032007,0.35668629696692083,True,,True,1.0,1.0,0.004032258064516129,30.0,True,1.0,1.0,0.004032258064516129,2.643011554230339,1.0,1.0,50,logistic,noise:00017,False,False,assessed,ok,1,,True,1.0,0.0,0.0,0.0,0.0,256,16.79050393200032
0.0,0.5,488.06,134.56,20260823,,2.036274982946946,3573163102,9,False,noise,False,10,139,0.10498349089491435,0.5220808008924174,,13,4,True,False,one_sample,248,2470.0,0,50,50.0,0.0196078431372549,57.32665309440647,ok,3.627080856123662,18,0.5224925781766949,0.34438380467207147,True,,True,1.0,1.0,0.004032258064516129,30.0,True,1.0,1.0,0.004032258064516129,3.627080856123662,1.0,1.0,50,logistic,noise:00018,False,False,assessed,ok,1,,True,1.0,0.0,0.0,0.0,0.0,256,17.808848049000517
0.0,0.5,661.46,159.79,20260823,,2.602500297189602,368305781,11,False,noise,True,13,184,0.10411165783431202,0.5581098018532138,,6,4,True,False,one_sample,246,2450.0,0,50,50.0,0.0196078431372549,24.41669347575192,ok,4.139558170098255,19,0.5190651951237866,0.34441140855295693,True,,True,1.0,1.0,0.0040650406504065045,30.0,True,1.0,1.0,0.0040650406504065045,4.139558170098255,1.0,1.0,50,logistic,noise:00019,False,False,assessed,ok,1,,True,1.0,0.0,0.0,0.0,0.0,256,23.180944464000277
0.0,0.5,503.12,164.38,20260823,,2.5937510255121463,745135004,11,False,noise,False,10,175,0.11564621022035884,0.5916236866142317,,9,5,True,False,one_sample,246,2450.0,0,50,50.0,0.0196078431372549,19.88732323337866,ok,3.0607129821146124,20,0.5272361569274171,0.34245669218898334,True,,True,1.0,1.0,0.0040650406504065045,30.0,True,2.0,1.0,0.008130081300813009,3.0607129821146124,2.0,2.0,50,logistic,noise:00020,False,False,assessed,ok,1,,True,2.0,0.0,0.0,0.0,0.0,256,20.5422250849997
0.0,0.5,622.8199999999999,126.35999999999999,20260823,,2.1852603779105437,2237865140,9,False,noise,False,11,186,0.10511644248988539,0.5045017082353795,,7,4,True,False,one_sample,248,2470.0,0,50,50.0,0.0196078431372549,42.35897655884337,ok,4.928933206710985,21,0.5064237789249257,0.35147822942321005,True,,True,1.0,1.0,0.004032258064516129,30.0,True,2.0,1.0,0.008064516129032258,4.928933206710985,2.0,2.0,50,logistic,noise:00021,False,False,assessed,ok,1,,True,2.0,0.0,0.0,0.0,0.0,256,17.360763476000102
0.0,0.5,617.1,157.0,20260823,,2.503459200781423,407955920,10,False,noise,True,13,160,0.10669341278591823,0.5504706376131765,,8,4,True,False,one_sample,247,2460.0,0,50,50.0,0.0196078431372549,28.506791790984693,ok,3.9305732484076437,22,0.5004814559342774,0.35369465658850724,True,,True,1.0,1.0,0.004048582995951417,30.0,True,1.0,1.0,0.004048582995951417,3.9305732484076437,1.0,1.0,50,logistic,noise:00022,False,False,assessed,ok,1,,True,1.0,0.0,0.0,0.0,0.0,256,19.354443661000005
0.02,0.5,308.98,74.49,20260823,,0.8718297724502573,4003317703,6,False,noise,False,8,214,0.13497453914356586,0.5323731128965843,,6,3,True,False,one_sample,251,2488.0,0,50,50.0,0.0392156862745098,123.25283259590313,ok,4.14793932071419,23,0.5151329276178851,0.3466070966195201,True,,True,2.0,0.535,0.00796812749003984,30.0,True,2.0,0.535,0.00796812749003984,4.14793932071419,2.0,2.0,50,logistic,noise:00023,False,False,assessed,ok,1,,True,2.0,0.0,0.0,0.0,0.0,256,10.724550644000374
0.0,0.5,560.9,139.84,20260823,,2.5738879014687464,2713073067,10,False,noise,False,10,175,0.10932201797911496,0.5173127074269219,,9,4,True,False,one_sample,247,2460.0,0,50,50.0,0.0196078431372549,89.7137708244708,ok,4.011012585812357,24,0.4628532358119087,0.3631475092365228,True,,True,1.0,1.0,0.004048582995951417,30.0,True,1.0,1.0,0.004048582995951417,4.011012585812357,1.0,1.0,50,logistic,noise:00024,False,False,assessed,ok,1,,True,1.0,0.0,0.0,0.0,0.0,256,19.259391104000315
0.0,0.5,547.74,105.92,20260823,,1.8200042396978462,165118891,8,False,noise,False,9,192,0.11930761009356906,0.4947903278987972,,8,4,True,False,one_sample,249,2480.0,0,50,50.0,0.0196078431372549,42.946957806818325,ok,5.171261329305136,25,0.5092848727764656,0.35135710443629786,True,,True,2.0,1.0,0.008032128514056224,30.0,True,2.0,1.0,0.008032128514056224,5.171261329305136,2.0,2.0,50,logistic,noise:00025,False,False,assessed,ok,1,,True,2.0,0.0,0.0,0.0,0.0,256,16.47434518999944
0.0,0.5,513.94,155.76999999999998,20260823,,2.589699247636035,2921005077,10,False,noise,False,11,166,0.08886622880576318,0.3470760898244347,,9,4,True,False,one_sample,247,2460.0,0,50,50.0,0.0196078431372549,67.39950082610498,ok,3.2993516081402077,26,0.4862999104667505,0.35968981702981373,True,,True,1.0,1.0,0.004048582995951417,30.0,True,1.0,1.0,0.004048582995951417,3.2993516081402077,1.0,1.0,50,logistic,noise:00026,False,False,assessed,ok,1,,True,1.0,0.0,0.0,0.0,0.0,256,19.394208470000194
0.0,0.5,269.08000000000004,81.61999999999999,20260823,,0.9159520206050349,1518783019,6,False,noise,False,10,202,0.13499887946978942,0.6093738649886192,,6,4,True,False,one_sample,251,2498.0,0,50,50.0,0.0196078431372549,130.45487967091157,ok,3.2967409948542032,27,0.5105661569927507,0.3491464172133538,True,,True,1.0,0.54,0.00398406374501992,30.0,True,1.0,0.54,0.00398406374501992,3.2967409948542032,1.0,1.0,50,logistic,noise:00027,False,False,assessed,ok,1,,True,1.0,0.0,0.0,0.0,0.0,256,14.271489081999789
0.0,0.5,519.88,110.28,20260823,,1.8281775157578113,2556668425,8,False,noise,False,8,186,0.16771575011072928,0.6659788207852009,,10,4,True,False,one_sample,249,2480.0,0,50,50.0,0.0196078431372549,142.90142236614696,ok,4.714182081973159,28,0.4741323727695695,0.3607429144712176,True,,True,1.0,1.0,0.004016064257028112,30.0,True,1.0,1.0,0.004016064257028112,4.714182081973159,1.0,1.0,50,logistic,noise:00028,False,False,assessed,ok,1,,True,1.0,0.0,0.0,0.0,0.0,256,16.35130785599995
0.0,0.5,313.15999999999997,77.31,20260823,,0.8971703932092964,4188589604,6,False,noise,False,10,175,0.10653301430810175,0.526451552922284,,9,4,True,False,one_sample,251,2498.0,0,50,50.0,0.0196078431372549,158.87300778959775,ok,4.050704954080972,29,0.48917230911535825,0.35453041700046317,True,,True,1.0,0.465,0.00398406374501992,30.0,True,1.0,0.465,0.00398406374501992,4.050704954080972,1.0,1.0,50,logistic,noise:00029,False,False,assessed,ok,1,,True,1.0,0.0,0.0,0.0,0.0,256,13.332629791000727
0.02,0.5,292.72,110.16,20260823,,1.6106490878901778,1949141757,8,False,noise,False,10,211,0.026717453310728147,0.02536151290201838,,5,4,True,False,one_sample,249,2479.0,0,50,50.0,0.0392156862745098,118.72424488093407,ok,2.657225853304285,0,0.5044547764120697,0.35253081507895984,True,,True,1.0,1.0,0.004016064257028112,20.0,True,1.0,1.0,0.004016064257028112,2.657225853304285,1.0,1.0,50,logistic,noise:00030,False,False,assessed,ok,1,,True,1.0,0.0,0.0,0.0,0.0,256,14.666838699000436
0.0,0.5,651.62,139.89,20260823,,2.083751778486241,1652537900,9,False,noise,False,10,202,0.11567227294237815,0.5643124081373803,,6,4,True,False,one_sample,248,2470.0,0,50,50.0,0.0196078431372549,35.41218074681313,ok,4.658088498105655,1,0.49630798851260216,0.3623896085156963,True,,True,1.0,1.0,0.004032258064516129,20.0,True,1.0,1.0,0.004032258064516129,4.658088498105655,1.0,1.0,50,logistic,noise:00031,False,False,assessed,ok,1,,True,1.0,0.0,0.0,0.0,0.0,256,17.703796054000122
0.0,0.5,532.76,143.66,20260823,,1.6667453920615216,292278060,8,False,noise,False,7,220,0.18124386570845938,0.592014673046772,,6,4,True,False,one_sample,249,2480.0,0,50,50.0,0.0196078431372549,145.64462817061641,ok,3.70847835166365,2,0.4618191809136595,0.370031506482254,True,,True,1.0,0.99,0.004016064257028112,20.0,True,1.0,0.99,0.004016064257028112,3.70847835166365,1.0,1.0,50,logistic,noise:00032,False,False,assessed,ok,1,,True,1.0,0.0,0.0,0.0,0.0,256,15.604943047000233
0.0,0.5,419.5,117.65,20260823,,2.2317286090097443,1341124623,9,False,noise,False,7,202,0.18573150583584674,0.604871917559502,,9,4,True,False,one_sample,248,2470.0,0,50,50.0,0.0196078431372549,137.37706278318421,ok,3.565660858478538,3,0.46313206567544096,0.371187793625801,True,,True,1.0,1.0,0.004032258064516129,20.0,True,1.0,1.0,0.004032258064516129,3.565660858478538,1.0,1.0,50,logistic,noise:00033,False,False,assessed,ok,1,,True,1.0,0.0,0.0,0.0,0.0,256,16.646478374000253
0.0,0.5,534.78,183.91,20260823,,2.6165332490801094,3611326506,11,False,noise,False,10,193,0.11089083695116209,0.530277490998416,,7,4,True,False,one_sample,246,2450.0,0,50,50.0,0.0196078431372549,12.309515536060925,ok,2.907835354249361,4,0.49345869980951035,0.36100578889516494,True,,True,1.0,1.0,0.0040650406504065045,20.0,True,2.0,1.0,0.008130081300813009,2.907835354249361,2.0,2.0,50,logistic,noise:00034,False,False,assessed,ok,1,,True,2.0,0.0,0.0,0.0,0.0,256,22.316891556999508
0.0,0.5,427.48,151.57999999999998,20260823,,1.792206842297954,2937350216,9,False,noise,False,7,226,0.06342280192068378,0.08207421338148357,,5,4,True,False,one_sample,248,2469.0,0,50,50.0,0.0196078431372549,55.827873025904665,ok,2.8201609711043676,5,0.5221291246950128,0.3457551820933593,True,,True,1.0,1.0,0.004032258064516129,20.0,True,2.0,1.0,0.008064516129032258,2.8201609711043676,2.0,2.0,50,logistic,noise:00035,False,False,assessed,ok,1,,True,2.0,0.0,0.0,0.0,0.0,256,17.29338904799988
,,,,20260823,,,2625739459,13,True,noise,False,8,207,0.15206768134449158,0.5968391802663953,,7,4,True,False,one_sample,0,,0,50,,,,,,6,0.5276252536334676,0.3431508373044871,False,,True,,,,20.0,True,,,,,,,50,logistic,noise:00036,True,False,not_assessed_detector_failure,embedding_not_saturated,1,,False,,,,,,256,1.0379368590001832
0.0,0.5,384.12,122.74000000000001,20260823,,1.6000465075493397,3175003209,8,False,noise,False,7,220,0.18830794391704078,0.6293185715722913,,6,5,True,False,one_sample,249,2480.0,0,50,50.0,0.0196078431372549,67.70959154467982,ok,3.129542121557764,7,0.5082389446581946,0.35097593873229604,True,,True,1.0,0.97,0.004016064257028112,20.0,True,2.0,1.0,0.008032128514056224,3.129542121557764,2.0,2.0,50,logistic,noise:00037,False,False,assessed,ok,1,,True,2.0,0.0,0.0,0.0,0.0,256,14.357440557999325
0.0,0.5,367.41999999999996,86.4,20260823,,0.9366566770807692,855530592,6,False,noise,False,8,193,0.13661889361355523,0.56783846804105,,9,4,True,False,one_sample,251,2495.0,0,50,50.0,0.0196078431372549,109.69745476961967,ok,4.252546296296296,8,0.5051753268365077,0.3541972501125985,True,,True,2.0,0.645,0.00796812749003984,20.0,True,2.0,0.645,0.00796812749003984,4.252546296296296,2.0,2.0,50,logistic,noise:00038,False,False,assessed,ok,1,,True,2.0,0.0,0.0,0.0,0.0,256,12.366812932999892
0.0,0.5,443.06,121.61,20260823,,1.516992907359717,1137966784,8,False,noise,False,10,202,0.11943813807604266,0.5341334989725408,,6,4,True,False,one_sample,249,2480.0,0,50,50.0,0.0196078431372549,29.492471057722547,ok,3.6432859139873366,9,0.5135761305181215,0.3493661239563061,True,,True,1.0,1.0,0.004016064257028112,20.0,True,1.0,1.0,0.004016064257028112,3.6432859139873366,1.0,1.0,50,logistic,noise:00039,False,False,assessed,ok,1,,True,1.0,0.0,0.0,0.0,0.0,256,16.219226637999782
,,,,20260823,,,155083518,13,True,noise,False,7,220,0.16830915071944458,0.5676061452821315,,6,4,True,False,one_sample,0,,0,50,,,,,,10,0.5126325509834434,0.3500083895426156,False,,True,,,,20.0,True,,,,,,,50,logistic,noise:00040,True,False,not_assessed_detector_failure,embedding_not_saturated,1,,False,,,,,,256,0.9589345670001421
0.0,0.5,477.74,155.76,20260823,,2.12877794137082,1643540681,9,False,noise,True,13,172,0.09303334199566601,0.5482638170244056,,7,4,True,False,one_sample,248,2470.0,0,50,50.0,0.0196078431372549,96.28148693551037,ok,3.067154596815614,11,0.48927938990783215,0.36355587239895615,True,,True,1.0,1.0,0.004032258064516129,20.0,True,1.0,1.0,0.004032258064516129,3.067154596815614,1.0,1.0,50,logistic,noise:00041,False,False,assessed,ok,1,,True,1.0,0.0,0.0,0.0,0.0,256,17.763372632000028
0.0,0.5,523.52,177.99,20260823,,2.68623141637965,1760545983,11,False,noise,False,7,226,0.050489556153867965,0.04454542904807157,,5,4,True,False,one_sample,246,2450.0,0,50,50.0,0.0196078431372549,20.846623830168834,ok,2.941288836451486,12,0.509903699234781,0.35335831250530725,True,,True,1.0,1.0,0.0040650406504065045,20.0,True,2.0,1.0,0.008130081300813009,2.941288836451486,2.0,2.0,50,logistic,noise:00042,False,False,assessed,ok,1,,True,2.0,0.0,0.0,0.0,0.0,256,20.864423222999903
0.0,0.5,342.98,117.25,20260823,,1.2986236342857929,1200119167,7,False,noise,False,8,214,0.15517570771362718,0.6026858097285344,,6,4,True,False,one_sample,250,2487.0,0,50,50.0,0.0196078431372549,117.11964789613633,ok,2.9252025586353945,13,0.4784494988423042,0.3646154905393249,True,,True,1.0,0.865,0.004,20.0,True,2.0,1.0,0.008,2.9252025586353945,2.0,2.0,50,logistic,noise:00043,False,False,assessed,ok,1,,True,2.0,0.0,0.0,0.0,0.0,256,15.35625043500022
0.0,0.5,403.38,109.12,20260823,,1.6139685520708227,1080202061,8,False,noise,False,10,202,0.11044216357256681,0.5020071198264576,,6,4,True,False,one_sample,249,2479.0,0,50,50.0,0.0196078431372549,114.89182691326113,ok,3.6966642228739,14,0.4869170271366859,0.36115888084946357,True,,True,1.0,1.0,0.004016064257028112,20.0,True,1.0,1.0,0.004016064257028112,3.6966642228739,1.0,1.0,50,logistic,noise:00044,False,False,assessed,ok,1,,True,1.0,0.0,0.0,0.0,0.0,256,16.598517131000335
0.02,0.5,276.41999999999996,117.61999999999999,20260823,,1.8059179903703222,3156448767,8,False,noise,False,11,196,0.10338842322898292,0.4788368977386306,,6,4,True,False,one_sample,249,2480.0,0,50,50.0,0.0392156862745098,247.08799544797714,ok,2.3501105254208468,15,0.46714625637897383,0.36519067829674423,True,,True,1.0,1.0,0.004016064257028112,20.0,True,1.0,1.0,0.004016064257028112,2.3501105254208468,1.0,1.0,50,logistic,noise:00045,False,False,assessed,ok,1,,True,1.0,0.0,0.0,0.0,0.0,256,16.48071384099967
0.02,0.5,398.34,167.92000000000002,20260823,,2.0496957274052723,1458145094,9,False,noise,False,10,166,0.11284154402348599,0.5338066333768521,,10,5,True,False,one_sample,248,2469.0,0,50,50.0,0.0392156862745098,198.8986531517546,ok,2.3722010481181512,16,0.40767082776997665,0.37756267966193907,True,,True,1.0,1.0,0.004032258064516129,20.0,True,2.0,1.0,0.008064516129032258,2.3722010481181512,2.0,2.0,50,logistic,noise:00046,False,False,assessed,ok,1,,True,2.0,0.0,0.0,0.0,0.0,256,17.847990942999786
0.0,0.5,345.92,98.08,20260823,,1.2920311079001916,842987019,7,False,noise,False,7,226,0.057202987263842375,0.07420394159645027,,5,4,True,False,one_sample,250,2490.0,0,50,50.0,0.0196078431372549,188.47230228236327,ok,3.5269168026101143,17,0.48221004924087757,0.36081307855900174,True,,True,1.0,0.94,0.004,20.0,True,1.0,0.94,0.004,3.5269168026101143,1.0,1.0,50,logistic,noise:00047,False,False,assessed,ok,1,,True,1.0,0.0,0.0,0.0,0.0,256,15.304683944999852
,,,,20260823,,,3573163102,13,True,noise,False,9,200,0.1335328604817188,0.5784172408610897,,7,4,True,False,one_sample,0,,0,50,,,,,,18,0.5209140277843818,0.34259068704144796,False,,True,,,,20.0,True,,,,,,,50,logistic,noise:00048,True,False,not_assessed_detector_failure,embedding_not_saturated,1,,False,,,,,,256,0.753924630000256
0.0,0.5,436.6,101.07000000000001,20260823,,1.2485993303343803,368305781,7,False,noise,False,10,211,0.03182171360609274,0.02719418789475736,,5,4,True,False,one_sample,250,2487.0,0,50,50.0,0.0196078431372549,73.93903025721482,ok,4.319778371425745,19,0.5149256068171214,0.34985203335040416,True,,True,1.0,0.95,0.004,20.0,True,2.0,1.0,0.008,4.319778371425745,2.0,2.0,50,logistic,noise:00049,False,False,assessed,ok,1,,True,2.0,0.0,0.0,0.0,0.0,256,15.339674228000149
0.02,0.5,419.46,202.02,20260823,,2.3796459700962425,745135004,11,False,noise,False,8,214,0.1371951721581261,0.5192079903633825,,6,5,True,False,one_sample,246,2450.0,0,50,50.0,0.0392156862745098,13.742390374081932,ok,2.0763290763290763,20,0.525729172190153,0.34675885049606403,True,,True,1.0,1.0,0.0040650406504065045,20.0,True,2.0,1.0,0.008130081300813009,2.0763290763290763,2.0,2.0,50,logistic,noise:00050,False,False,assessed,ok,1,,True,2.0,0.0,0.0,0.0,0.0,256,20.920781513000293
0.0,0.5,337.06,114.53999999999999,20260823,,1.3499783758818737,2237865140,7,False,noise,True,13,196,0.018295909859784357,0.013244398866449236,,5,4,True,False,one_sample,250,2490.0,0,50,50.0,0.0196078431372549,84.09995552384092,ok,2.9427274314649905,21,0.5046007517322461,0.352469387846868,True,,True,1.0,0.935,0.004,20.0,True,2.0,1.0,0.008,2.9427274314649905,2.0,2.0,50,logistic,noise:00051,False,False,assessed,ok,1,,True,2.0,0.0,0.0,0.0,0.0,256,12.016778929000793
0.0,0.5,474.65999999999997,136.32999999999998,20260823,,2.0315618407975053,407955920,9,False,noise,False,9,208,0.12294442970852265,0.5311049444219393,,6,4,True,False,one_sample,248,2470.0,0,50,50.0,0.0196078431372549,35.25483866239784,ok,3.4816988190420304,22,0.5025939933435093,0.3501545855894869,True,,True,1.0,1.0,0.004032258064516129,20.0,True,1.0,1.0,0.004032258064516129,3.4816988190420304,1.0,1.0,50,logistic,noise:00052,False,False,assessed,ok,1,,True,1.0,0.0,0.0,0.0,0.0,256,18.06751053700009
0.0,0.5,762.1,175.88,20260823,,2.415445330808148,4003317703,11,False,noise,False,9,200,0.12332689798541283,0.5409948227040045,,7,4,True,False,one_sample,246,2450.0,0,50,50.0,0.0196078431372549,23.28562806051266,ok,4.333068000909711,23,0.5156434439026498,0.3429966753466475,True,,True,1.0,1.0,0.0040650406504065045,20.0,True,3.0,1.0,0.012195121951219513,4.333068000909711,3.0,3.0,50,logistic,noise:00053,False,False,assessed,ok,1,,True,3.0,0.0,0.0,0.0,0.0,256,22.955687694999142
0.0,0.5,460.34000000000003,101.78,20260823,,1.260238950344591,2713073067,7,False,noise,False,6,236,0.09630640428677428,0.157875284148422,,4,4,True,False,one_sample,250,2489.0,0,50,50.0,0.0196078431372549,182.1465746340777,ok,4.522892513263903,24,0.4616125372334555,0.36224028589061774,True,,True,1.0,0.915,0.004,20.0,True,1.0,0.915,0.004,4.522892513263903,1.0,1.0,50,logistic,noise:00054,False,False,assessed,ok,1,,True,1.0,0.0,0.0,0.0,0.0,256,16.15061779499956
0.0,0.5,442.65999999999997,155.77999999999997,20260823,,2.4134053735159555,165118891,10,False,noise,True,13,160,0.08534597917319489,0.4651289938269737,,8,4,True,False,one_sample,247,2460.0,0,50,50.0,0.0196078431372549,6.614840533371548,ok,2.8415714469123126,25,0.5106937831154463,0.35121732317239257,True,,True,1.0,1.0,0.004048582995951417,20.0,True,1.0,1.0,0.004048582995951417,2.8415714469123126,1.0,1.0,50,logistic,noise:00055,False,False,assessed,ok,1,,True,1.0,0.0,0.0,0.0,0.0,256,20.43600520400014
0.0,0.5,394.08000000000004,111.97,20260823,,1.223097612107358,2921005077,7,False,noise,False,9,208,0.12962120802219837,0.560501484990851,,6,4,True,False,one_sample,250,2490.0,0,50,50.0,0.0196078431372549,138.53053385971583,ok,3.519514155577387,26,0.48931617679627815,0.35864192019838886,True,,True,1.0,0.875,0.004,20.0,True,1.0,0.875,0.004,3.519514155577387,1.0,1.0,50,logistic,noise:00056,False,False,assessed,ok,1,,True,1.0,0.0,0.0,0.0,0.0,256,15.453540798000176
0.0,0.5,477.18,138.79,20260823,,2.001635384119915,1518783019,9,False,noise,False,9,216,0.038471530515377474,0.03944306941522813,,5,4,True,False,one_sample,248,2470.0,0,50,50.0,0.0196078431372549,31.022190350423145,ok,3.438143958498451,27,0.5106659237327469,0.3528607722123792,True,,True,1.0,1.0,0.004032258064516129,20.0,True,1.0,1.0,0.004032258064516129,3.438143958498451,1.0,1.0,50,logistic,noise:00057,False,False,assessed,ok,1,,True,1.0,0.0,0.0,0.0,0.0,256,17.439556706000076
0.0,0.5,548.8,170.06,20260823,,2.4562244211212465,2556668425,10,False,noise,False,10,202,0.11893313620883113,0.5361393757407413,,6,4,True,False,one_sample,247,2460.0,0,50,50.0,0.0196078431372549,35.465769860723036,ok,3.227096318946254,28,0.4789933555973389,0.36511220349010626,True,,True,1.0,1.0,0.004048582995951417,20.0,True,1.0,1.0,0.004048582995951417,3.227096318946254,1.0,1.0,50,logistic,noise:00058,False,False,assessed,ok,1,,True,1.0,0.0,0.0,0.0,0.0,256,19.856478676000734
0.0,0.5,549.52,154.23,20260823,,2.275007193137788,4188589604,10,False,noise,False,9,208,0.12814113049161732,0.5415224448745939,,6,4,True,False,one_sample,247,2460.0,0,50,50.0,0.0196078431372549,35.88616345765142,ok,3.5629903391039357,29,0.491023510499496,0.3552863882603426,True,,True,1.0,1.0,0.004048582995951417,20.0,True,2.0,1.0,0.008097165991902834,3.5629903391039357,2.0,2.0,50,logistic,noise:00059,False,False,assessed,ok,1,,True,2.0,0.0,0.0,0.0,0.0,256,20.447846786999435
0.2,0.5,145.0,105.81,20260823,,1.0370706689153815,1949141757,6,False,noise,False,8,214,0.13672615782807349,0.5005099348199735,,6,4,True,False,one_sample,251,2500.0,0,50,50.0,0.21568627450980393,186.69374902032047,ok,1.3703808713732162,0,0.5153939127199499,0.36755887300997653,True,,True,0.0,0.0,0.0,10.0,True,2.0,0.985,0.00796812749003984,1.3703808713732162,2.0,2.0,50,logistic,noise:00060,False,False,assessed,ok,1,,True,2.0,0.0,0.0,0.0,0.0,256,11.487863383999866
0.0,0.5,511.72,122.16999999999999,20260823,,1.1790582013052315,1652537900,7,False,noise,False,9,224,0.053390101027222504,0.08098992491680157,,4,4,True,False,one_sample,250,2490.0,0,50,50.0,0.0196078431372549,73.79018749197323,ok,4.188589670131784,1,0.49858571158172915,0.3701201499471052,True,,True,1.0,1.0,0.004,10.0,True,1.0,1.0,0.004,4.188589670131784,1.0,1.0,50,logistic,noise:00061,False,False,assessed,ok,1,,True,1.0,0.0,0.0,0.0,0.0,256,14.726540419999765
0.0,0.5,472.8,151.16,20260823,,1.6065118214481222,292278060,8,False,noise,True,13,160,0.09320470835658187,0.48555841226926666,,8,4,True,False,one_sample,249,2480.0,0,50,50.0,0.0196078431372549,244.7410352015516,ok,3.1278115903678225,2,0.45541793215054505,0.38575693592293947,True,,True,1.0,1.0,0.004016064257028112,10.0,True,1.0,1.0,0.004016064257028112,3.1278115903678225,1.0,1.0,50,logistic,noise:00062,False,False,assessed,ok,1,,True,1.0,0.0,0.0,0.0,0.0,256,15.732687830000032
0.0,0.5,402.78,142.97,20260823,,1.522876853653791,1341124623,8,False,noise,False,8,221,0.04147097845630239,0.03633671926862847,,5,4,True,False,one_sample,249,2480.0,0,50,50.0,0.0196078431372549,7.514912574467294,ok,2.8172343848359795,3,0.4522982630964888,0.3888411777244863,True,,True,1.0,1.0,0.004016064257028112,10.0,True,2.0,1.0,0.008032128514056224,2.8172343848359795,2.0,2.0,50,logistic,noise:00063,False,False,assessed,ok,1,,True,2.0,0.0,0.0,0.0,0.0,256,16.877235283999653
0.0,0.5,394.52,138.46,20260823,,1.7959813978789274,3611326506,9,False,noise,False,10,220,0.04740566483820632,0.061865092372,,4,4,True,False,one_sample,248,2470.0,0,50,50.0,0.0196078431372549,5.0,ok,2.849342770475227,4,0.4820052284051274,0.3701021139117068,True,,True,1.0,1.0,0.004032258064516129,10.0,True,2.0,1.0,0.008064516129032258,2.849342770475227,2.0,2.0,50,logistic,noise:00064,False,False,assessed,ok,1,,True,2.0,0.0,0.0,0.0,0.0,256,17.2189089780004
0.0,0.5,475.46,184.51,20260823,,1.8237094619317347,2937350216,10,False,noise,False,9,200,0.11293387108086853,0.5168271518342538,,7,4,True,False,one_sample,247,2460.0,0,50,50.0,0.0196078431372549,17.4565794349022,ok,2.5768793019348544,5,0.506499460695075,0.3569831345538501,True,,True,1.0,1.0,0.004048582995951417,10.0,True,2.0,1.0,0.008097165991902834,2.5768793019348544,2.0,2.0,50,logistic,noise:00065,False,False,assessed,ok,1,,True,2.0,0.0,0.0,0.0,0.0,256,19.469578913000078
0.02,0.5,391.04,145.37,20260823,,1.356097957128895,2625739459,8,False,noise,False,10,220,0.04483650108481215,0.06938159000027899,,4,4,True,False,one_sample,249,2480.0,0,50,50.0,0.0392156862745098,5.0,ok,2.6899635413083858,6,0.5277927497535164,0.3714271914419526,True,,True,1.0,1.0,0.004016064257028112,10.0,True,2.0,1.0,0.008032128514056224,2.6899635413083858,2.0,2.0,50,logistic,noise:00066,False,False,assessed,ok,1,,True,2.0,0.0,0.0,0.0,0.0,256,14.81793859300069
0.0,0.5,388.22,163.49,20260823,,1.3732213311717878,3175003209,8,False,noise,False,8,221,0.03771311449366964,0.03233141154508001,,5,5,True,False,one_sample,249,2480.0,0,50,50.0,0.0196078431372549,54.28878317040591,ok,2.374579484983791,7,0.5061545313586305,0.36968935863039387,True,,True,1.0,0.995,0.004016064257028112,10.0,True,2.0,1.0,0.008032128514056224,2.374579484983791,2.0,2.0,50,logistic,noise:00067,False,False,assessed,ok,1,,True,2.0,0.0,0.0,0.0,0.0,256,16.494810733999657
0.0,0.5,633.56,145.69,20260823,,1.6171711660039292,855530592,8,False,noise,False,10,211,0.02501760916262752,0.018610163830287907,,5,4,True,False,one_sample,249,2480.0,0,50,50.0,0.0196078431372549,50.90080947981549,ok,4.348685565241265,8,0.5108613004450592,0.3623348654266314,True,,True,1.0,1.0,0.004016064257028112,10.0,True,2.0,1.0,0.008032128514056224,4.348685565241265,2.0,2.0,50,logistic,noise:00068,False,False,assessed,ok,1,,True,2.0,0.0,0.0,0.0,0.0,256,16.35337009199975
0.02,0.5,675.0,223.12,20260823,,1.9816135665512626,1137966784,11,False,noise,False,9,224,0.05531908228272934,0.08676272518151928,,4,4,True,False,one_sample,246,2450.0,0,50,50.0,0.0392156862745098,5.0,ok,3.0252778773754034,9,0.5071730869465585,0.3822127735490159,True,,True,1.0,1.0,0.0040650406504065045,10.0,True,2.0,1.0,0.008130081300813009,3.0252778773754034,2.0,2.0,50,logistic,noise:00069,False,False,assessed,ok,1,,True,2.0,0.0,0.0,0.0,0.0,256,21.312375761999647
,,,,20260823,,,155083518,13,True,noise,False,9,216,0.0327394804427218,0.028384566563652958,,5,4,True,False,one_sample,0,,0,50,,,,,,10,0.49854062105106256,0.3654524656026157,False,,True,,,,10.0,True,,,,,,,50,logistic,noise:00070,True,False,not_assessed_detector_failure,embedding_not_saturated,1,,False,,,,,,256,0.8841601519998221
0.0,0.5,391.22,175.79,20260823,,1.806112684867604,1643540681,9,False,noise,False,9,224,0.057059479089669136,0.09148738453082972,,4,4,True,False,one_sample,248,2470.0,0,50,50.0,0.0196078431372549,78.01952738465621,ok,2.225496330849309,11,0.4916886400993995,0.37520389639078505,True,,True,1.0,1.0,0.004032258064516129,10.0,True,1.0,1.0,0.004032258064516129,2.225496330849309,1.0,1.0,50,logistic,noise:00071,False,False,assessed,ok,1,,True,1.0,0.0,0.0,0.0,0.0,256,17.682113959000162
0.0,0.5,693.38,178.85000000000002,20260823,,1.8679505160231558,1760545983,9,False,noise,False,8,228,0.06029139182266772,0.08917197816657751,,4,4,True,False,one_sample,248,2470.0,0,50,50.0,0.0196078431372549,81.73251151083723,ok,3.876880067095331,12,0.5068245950484378,0.37229511767636475,True,,True,1.0,1.0,0.004032258064516129,10.0,True,2.0,1.0,0.008064516129032258,3.876880067095331,2.0,2.0,50,logistic,noise:00072,False,False,assessed,ok,1,,True,2.0,0.0,0.0,0.0,0.0,256,18.12829101800071
0.14,0.5,292.1,217.77,20260823,,1.9540030201668475,1200119167,10,False,noise,False,10,220,0.05157029603833774,0.09061341881069573,,4,4,True,False,one_sample,247,2460.0,0,50,50.0,0.1568627450980392,147.52609002377798,ok,1.3413234146117463,13,0.47176262062482927,0.37941164256083887,True,,True,0.0,0.0,0.0,10.0,True,2.0,1.0,0.008097165991902834,1.3413234146117463,2.0,2.0,50,logistic,noise:00073,False,False,assessed,ok,1,,True,2.0,0.0,0.0,0.0,0.0,256,18.974994384000638
0.18,0.5,267.44,171.18,20260823,,2.248809008097286,1080202061,11,False,noise,False,9,232,0.10341724560774268,0.24284250543424823,,3,4,True,False,one_sample,246,2450.0,0,50,50.0,0.19607843137254902,5.0,ok,1.5623320481364644,14,0.48114756088286853,0.3775441566798772,True,,True,0.0,0.0,0.0,10.0,True,1.0,1.0,0.0040650406504065045,1.5623320481364644,1.0,1.0,50,logistic,noise:00074,False,False,assessed,ok,1,,True,1.0,0.0,0.0,0.0,0.0,256,22.729795338999793
,,,,20260823,,,3156448767,13,True,noise,False,7,238,0.1280897100545889,0.3225506357642939,,3,5,True,False,one_sample,0,,0,50,,,,,,15,0.460137266422595,0.38466365176336953,False,,True,,,,10.0,True,,,,,,,50,logistic,noise:00075,True,False,not_assessed_detector_failure,embedding_not_saturated,1,,False,,,,,,256,0.7784309979997488
0.14,0.5,261.92,154.82,20260823,,1.5596225488800746,1458145094,8,False,noise,True,13,208,0.03750664611561398,0.06323411775107934,,4,5,True,False,one_sample,249,2480.0,0,50,50.0,0.1568627450980392,238.8863954899504,ok,1.6917710890065885,16,0.41265311740923394,0.40201429372092407,True,,True,0.0,0.0,0.0,10.0,True,2.0,1.0,0.008032128514056224,1.6917710890065885,2.0,2.0,50,logistic,noise:00076,False,False,assessed,ok,1,,True,2.0,0.0,0.0,0.0,0.0,256,16.923980742999447
0.04,0.5,352.78,162.78,20260823,,1.763845412603941,842987019,9,False,noise,False,10,211,0.01692580989569824,0.010546473294622327,,5,4,True,False,one_sample,248,2470.0,0,50,50.0,0.058823529411764705,5.0,ok,2.1672195601425233,17,0.4779920263372116,0.36913142373989916,True,,True,1.0,1.0,0.004032258064516129,10.0,True,2.0,1.0,0.008064516129032258,2.1672195601425233,2.0,2.0,50,logistic,noise:00077,False,False,assessed,ok,1,,True,2.0,0.0,0.0,0.0,0.0,256,18.28501941400009
0.0,0.5,638.42,164.70999999999998,20260823,,1.698169962310656,3573163102,9,False,noise,False,10,220,0.04677330145488662,0.06432641770950143,,4,4,True,False,one_sample,248,2470.0,0,50,50.0,0.0196078431372549,7.209857359930081,ok,3.8760245279582297,18,0.5230021252067343,0.36539592422830036,True,,True,1.0,1.0,0.004032258064516129,10.0,True,2.0,1.0,0.008064516129032258,3.8760245279582297,2.0,2.0,50,logistic,noise:00078,False,False,assessed,ok,1,,True,2.0,0.0,0.0,0.0,0.0,256,16.807477880999613
0.0,0.5,281.74,149.84,20260823,,1.4567112148860615,368305781,8,False,noise,False,9,208,0.12391019294867794,0.5136062742144872,,6,4,True,False,one_sample,249,2480.0,0,50,50.0,0.0196078431372549,63.07344724089523,ok,1.8802722904431393,19,0.5065018554001436,0.3621316640579481,True,,True,1.0,1.0,0.004016064257028112,10.0,True,1.0,1.0,0.004016064257028112,1.8802722904431393,1.0,1.0,50,logistic,noise:00079,False,False,assessed,ok,1,,True,1.0,0.0,0.0,0.0,0.0,256,16.661806989999604
0.0,0.5,536.9,200.75,20260823,,1.8120698803958897,745135004,10,False,noise,False,9,216,0.03196719776722759,0.026138565954480275,,5,5,True,False,one_sample,247,2460.0,0,50,50.0,0.0196078431372549,8.835726135620703,ok,2.674470734744707,20,0.5313123358487453,0.3530181083081033,True,,True,1.0,1.0,0.004048582995951417,10.0,True,2.0,1.0,0.008097165991902834,2.674470734744707,2.0,2.0,50,logistic,noise:00080,False,False,assessed,ok,1,,True,2.0,0.0,0.0,0.0,0.0,256,19.832909417999872
0.0,0.5,604.88,257.82,20260823,,2.07672691903027,2237865140,11,False,noise,False,7,214,0.15451805096832777,0.5362570843090743,,7,4,True,False,one_sample,246,2450.0,0,50,50.0,0.0196078431372549,5.0,ok,2.3461329609805293,21,0.50982564304467,0.36566065004165527,True,,True,1.0,1.0,0.0040650406504065045,10.0,True,2.0,1.0,0.008130081300813009,2.3461329609805293,2.0,2.0,50,logistic,noise:00081,False,False,assessed,ok,1,,True,2.0,0.0,0.0,0.0,0.0,256,21.081486813999618
0.0,0.5,558.9,206.85000000000002,20260823,,2.2337238639108907,407955920,11,False,noise,False,10,211,0.025277762875709313,0.01800125269643471,,5,4,True,False,one_sample,246,2450.0,0,50,50.0,0.0196078431372549,5.767955472569917,ok,2.7019579405366203,22,0.5011788886875255,0.36945995948767585,True,,True,1.0,1.0,0.0040650406504065045,10.0,True,3.0,1.0,0.012195121951219513,2.7019579405366203,3.0,3.0,50,logistic,noise:00082,False,False,assessed,ok,1,,True,3.0,0.0,0.0,0.0,0.0,256,22.976659977000054
0.0,0.5,597.88,169.76,20260823,,1.6663291217591767,4003317703,9,False,noise,False,9,224,0.05051290173734797,0.08295529782714217,,4,4,True,False,one_sample,248,2470.0,0,50,50.0,0.0196078431372549,72.49200288623445,ok,3.52191328934967,23,0.5095924915731791,0.3471172204464409,True,,True,1.0,1.0,0.004032258064516129,10.0,True,2.0,1.0,0.008064516129032258,3.52191328934967,2.0,2.0,50,logistic,noise:00083,False,False,assessed,ok,1,,True,2.0,0.0,0.0,0.0,0.0,256,17.841651204999835
,,,,20260823,,,2713073067,13,True,noise,False,8,221,0.034215110764820394,0.026508530182136503,,5,4,True,False,one_sample,0,,0,50,,,,,,24,0.45864343349457837,0.37619048697977825,False,,True,,,,10.0,True,,,,,,,50,logistic,noise:00084,True,False,not_assessed_detector_failure,embedding_not_saturated,1,,False,,,,,,256,1.488498501000322
0.0,0.5,395.98,182.79,20260823,,1.6564815547947571,165118891,9,False,noise,False,10,220,0.05033467664390338,0.072909756940018,,4,4,True,False,one_sample,248,2470.0,0,50,50.0,0.0196078431372549,5.0,ok,2.166311067345041,25,0.5062380985481836,0.3685953213354533,True,,True,0.0,0.0,0.0,10.0,True,2.0,1.0,0.008064516129032258,2.166311067345041,2.0,2.0,50,logistic,noise:00085,False,False,assessed,ok,1,,True,2.0,0.0,0.0,0.0,0.0,256,18.059150046000468
0.04,0.5,281.62,151.8,20260823,,1.4209607305332181,2921005077,8,False,noise,False,8,228,0.06060193160476769,0.08496693415621226,,4,4,True,False,one_sample,249,2480.0,0,50,50.0,0.058823529411764705,35.302646518724046,ok,1.8552042160737812,26,0.47351714614164186,0.38804584715857454,True,,True,1.0,1.0,0.004016064257028112,10.0,True,3.0,1.0,0.012048192771084338,1.8552042160737812,3.0,3.0,50,logistic,noise:00086,False,False,assessed,ok,1,,True,3.0,0.0,0.0,0.0,0.0,256,16.549760351999794
0.0,0.5,463.64,124.98999999999998,20260823,,1.1743366494305956,1518783019,7,False,noise,True,13,208,0.03572495716389886,0.059400697578164574,,4,4,True,False,one_sample,250,2490.0,0,50,50.0,0.0196078431372549,133.762772660168,ok,3.7094167533402675,27,0.5125022796800995,0.3819670253447869,True,,True,1.0,0.99,0.004,10.0,True,1.0,0.99,0.004,3.7094167533402675,1.0,1.0,50,logistic,noise:00087,False,False,assessed,ok,1,,True,1.0,0.0,0.0,0.0,0.0,256,12.100186316999498
0.0,0.5,504.78,152.39999999999998,20260823,,1.3772895891128372,2556668425,8,False,noise,False,9,224,0.05631464975792597,0.08673616357957714,,4,4,True,False,one_sample,249,2480.0,0,50,50.0,0.0196078431372549,42.116199619812676,ok,3.3122047244094492,28,0.48856509882225435,0.3841756225206102,True,,True,1.0,1.0,0.004016064257028112,10.0,True,3.0,1.0,0.012048192771084338,3.3122047244094492,3.0,3.0,50,logistic,noise:00088,False,False,assessed,ok,1,,True,3.0,0.0,0.0,0.0,0.0,256,16.397438529000283
0.0,0.5,437.06,135.47,20260823,,1.1712308176432384,4188589604,7,False,noise,False,8,228,0.0621608909708589,0.08796598183485516,,4,4,True,False,one_sample,250,2490.0,0,50,50.0,0.0196078431372549,39.11202626186255,ok,3.226249354100539,29,0.4868790381206676,0.37879966501405327,True,,True,1.0,1.0,0.004,10.0,True,2.0,1.0,0.008,3.226249354100539,2.0,2.0,50,logistic,noise:00089,False,False,assessed,ok,1,,True,2.0,0.0,0.0,0.0,0.0,256,15.684236586000225
0.16,0.5,240.27999999999997,179.06,20260823,,1.2867210117024146,1949141757,8,False,noise,False,9,232,0.09095666474578987,0.22135417273449587,,3,4,True,False,one_sample,249,2480.0,0,50,50.0,0.17647058823529413,5.453556599332385,ok,1.3418965709817936,0,0.5137747624126603,0.39512358193443914,True,,True,0.0,0.0,0.0,5.0,True,1.0,1.0,0.004016064257028112,1.3418965709817936,1.0,1.0,50,logistic,noise:00090,False,False,assessed,ok,1,,True,1.0,0.0,0.0,0.0,0.0,256,16.7383664959998
0.68,0.5,123.58000000000001,153.15,20260823,,1.0858654872305102,1652537900,7,False,noise,False,9,224,0.05414242751065131,0.09113302555113878,,4,4,True,False,one_sample,250,2490.0,0,50,50.0,0.6862745098039216,5.171501160057492,ok,0.8069213189683317,1,0.4784973614706818,0.41594162689443603,True,,True,0.0,0.0,0.0,5.0,True,1.0,1.0,0.004,0.8069213189683317,1.0,1.0,50,logistic,noise:00091,False,False,assessed,ok,1,,True,1.0,0.0,0.0,0.0,0.0,256,15.88588389799952
0.04,0.5,424.72,144.82999999999998,20260823,,1.1404731513037318,292278060,7,False,noise,False,9,232,0.0926599470503094,0.2276562196524321,,3,4,True,False,one_sample,250,2490.0,0,50,50.0,0.058823529411764705,10.904988283502036,ok,2.932541600497135,2,0.46842897708787573,0.4184101166017383,True,,True,1.0,1.0,0.004,5.0,True,3.0,1.0,0.012,2.932541600497135,3.0,3.0,50,logistic,noise:00092,False,False,assessed,ok,1,,True,3.0,0.0,0.0,0.0,0.0,256,13.72908613799973
0.26,0.5,224.27999999999997,160.29,20260823,,1.2194432857715733,1341124623,8,False,noise,True,13,220,0.06783695005898956,0.21018174403526513,,3,4,True,False,one_sample,249,2480.0,0,50,50.0,0.29411764705882354,5.0,ok,1.39921392476137,3,0.47088629724150416,0.41036756941165,True,,True,0.0,0.0,0.0,5.0,True,1.0,1.0,0.004016064257028112,1.39921392476137,1.0,1.0,50,logistic,noise:00093,False,False,assessed,ok,1,,True,1.0,0.0,0.0,0.0,0.0,256,16.38599825900019
0.22,0.5,425.14,278.28000000000003,20260823,,1.6435472573778098,3611326506,11,False,noise,False,10,220,0.048192175731289484,0.08297478548421644,,4,4,True,False,one_sample,246,2450.0,0,50,50.0,0.23529411764705882,5.0,ok,1.527741842748311,4,0.5113770881682935,0.38759372733956726,True,,True,0.0,0.0,0.0,5.0,True,1.0,1.0,0.0040650406504065045,1.527741842748311,1.0,1.0,50,logistic,noise:00094,False,False,assessed,ok,1,,True,1.0,0.0,0.0,0.0,0.0,256,22.837365809000403
0.44,0.5,218.14,206.32,20260823,,1.8345356307541743,2937350216,10,False,noise,False,8,235,0.09787081501046524,0.2386745797342812,,3,4,True,False,one_sample,247,2460.0,0,50,50.0,0.45098039215686275,5.0,ok,1.0572896471500581,5,0.5239838819282758,0.36945238472844827,True,,True,0.0,0.0,0.0,5.0,True,2.0,1.0,0.008097165991902834,1.0572896471500581,2.0,2.0,50,logistic,noise:00095,False,False,assessed,ok,1,,True,2.0,0.0,0.0,0.0,0.0,256,19.30735135300074
0.28,0.5,200.58,142.95,20260823,,1.30131607414769,2625739459,8,False,noise,False,11,226,0.08343427035638379,0.23491655422558733,,3,4,True,False,one_sample,249,2480.0,0,50,50.0,0.29411764705882354,5.159282529449384,ok,1.4031479538300107,6,0.5187644634590372,0.378388073985987,True,,True,0.0,0.0,0.0,5.0,True,1.0,1.0,0.004016064257028112,1.4031479538300107,1.0,1.0,50,logistic,noise:00096,False,False,assessed,ok,1,,True,1.0,0.0,0.0,0.0,0.0,256,14.948996736000481
,,,,20260823,,,3175003209,13,True,noise,False,9,232,0.08180702575845537,0.22009406777748042,,3,4,True,False,one_sample,0,,0,50,,,,,,7,0.5136612262281659,0.4139728225701473,False,,True,,,,5.0,True,,,,,,,50,logistic,noise:00097,True,False,not_assessed_detector_failure,embedding_not_saturated,1,,False,,,,,,256,0.8660295950003274
0.0,0.5,501.52,199.56,20260823,,1.5688984767912553,855530592,9,False,noise,False,10,220,0.05167175315721771,0.08412519327477985,,4,4,True,False,one_sample,248,2470.0,0,50,50.0,0.0196078431372549,8.680508966368143,ok,2.5131288835437964,8,0.49190895122336764,0.41207684154859286,True,,True,1.0,1.0,0.004032258064516129,5.0,True,2.0,1.0,0.008064516129032258,2.5131288835437964,2.0,2.0,50,logistic,noise:00098,False,False,assessed,ok,1,,True,2.0,0.0,0.0,0.0,0.0,256,18.127338904999306
0.0,0.5,572.44,181.51999999999998,20260823,,1.2061482402442154,1137966784,8,False,noise,False,8,228,0.055306157190445925,0.07497624728970265,,4,4,True,False,one_sample,249,2480.0,0,50,50.0,0.0196078431372549,5.0,ok,3.1535918907007496,9,0.5104619636396184,0.40596539800242387,True,,True,1.0,1.0,0.004016064257028112,5.0,True,2.0,1.0,0.008032128514056224,3.1535918907007496,2.0,2.0,50,logistic,noise:00099,False,False,assessed,ok,1,,True,2.0,0.0,0.0,0.0,0.0,256,14.812267759999486
0.04,0.5,335.02,198.73000000000002,20260823,,1.3389750358846217,155083518,8,False,noise,False,8,235,0.10254437693073129,0.24821650046996624,,3,4,True,False,one_sample,249,2480.0,0,50,50.0,0.058823529411764705,6.3385350379122345,ok,1.685804860866502,10,0.4957895434843832,0.39704352366118056,True,,True,1.0,1.0,0.004016064257028112,5.0,True,2.0,1.0,0.008032128514056224,1.685804860866502,2.0,2.0,50,logistic,noise:00100,False,False,assessed,ok,1,,True,2.0,0.0,0.0,0.0,0.0,256,16.771903801000008
0.06,0.5,403.42,229.67999999999998,20260823,,2.04846901208966,1643540681,11,False,noise,False,8,228,0.06318478284983522,0.09328644358125182,,4,4,True,False,one_sample,246,2450.0,0,50,50.0,0.0784313725490196,5.0,ok,1.7564437478230583,11,0.48361899969743827,0.3804503283607274,True,,True,0.0,0.0,0.0,5.0,True,2.0,1.0,0.008130081300813009,1.7564437478230583,2.0,2.0,50,logistic,noise:00101,False,False,assessed,ok,1,,True,2.0,0.0,0.0,0.0,0.0,256,22.577497016000052
0.0,0.5,506.76,200.9,20260823,,1.6643743628059404,1760545983,9,False,noise,False,9,232,0.08742259077001541,0.22431865336432155,,3,4,True,False,one_sample,248,2470.0,0,50,50.0,0.0196078431372549,12.661257730331624,ok,2.522448979591837,12,0.5312646044533738,0.41411999752246104,True,,True,1.0,1.0,0.004032258064516129,5.0,True,2.0,1.0,0.008064516129032258,2.522448979591837,2.0,2.0,50,logistic,noise:00102,False,False,assessed,ok,1,,True,2.0,0.0,0.0,0.0,0.0,256,18.263777672999822
0.04,0.5,293.32,182.57000000000002,20260823,,1.4077153473292152,1200119167,8,False,noise,False,7,238,0.12169523799671128,0.2566462924968884,,3,4,True,False,one_sample,249,2480.0,0,50,50.0,0.058823529411764705,20.590845271679832,ok,1.6066166401928026,13,0.5043584600011388,0.41796277106962876,True,,True,1.0,1.0,0.004016064257028112,5.0,True,3.0,1.0,0.012048192771084338,1.6066166401928026,3.0,3.0,50,logistic,noise:00103,False,False,assessed,ok,1,,True,3.0,0.0,0.0,0.0,0.0,256,14.861944731000222
0.04,0.5,520.26,266.24,20260823,,1.7657705646544797,1080202061,11,False,noise,False,7,226,0.03923371990394451,0.03298298901224117,,5,4,True,False,one_sample,246,2450.0,0,50,50.0,0.058823529411764705,5.0,ok,1.9541015625,14,0.4939043240265991,0.3973456440568538,True,,True,1.0,1.0,0.0040650406504065045,5.0,True,1.0,1.0,0.0040650406504065045,1.9541015625,1.0,1.0,50,logistic,noise:00104,False,False,assessed,ok,1,,True,1.0,0.0,0.0,0.0,0.0,256,20.680619283999476
0.24,0.5,221.76,149.38,20260823,,1.380968632120083,3156448767,8,False,noise,False,10,220,0.04817010315808673,0.07392891290135617,,4,5,True,False,one_sample,249,2480.0,0,50,50.0,0.2549019607843137,5.0,ok,1.4845360824742269,15,0.4725686173948549,0.4236992360768377,True,,True,0.0,0.0,0.0,5.0,True,1.0,1.0,0.004016064257028112,1.4845360824742269,1.0,1.0,50,logistic,noise:00105,False,False,assessed,ok,1,,True,1.0,0.0,0.0,0.0,0.0,256,16.574303680999947
0.08,0.5,197.5,113.64999999999999,20260823,,0.8434677864890243,1458145094,5,False,noise,False,10,229,0.09263813853615677,0.22987906005254466,,3,5,True,False,one_sample,252,2509.0,0,50,50.0,0.09803921568627451,239.02499042076207,ok,1.7377914650241972,16,0.40754650091183986,0.4314625064509091,True,,True,0.0,0.0,0.0,5.0,True,1.0,0.71,0.003968253968253968,1.7377914650241972,1.0,1.0,50,logistic,noise:00106,False,False,assessed,ok,1,,True,1.0,0.0,0.0,0.0,0.0,256,12.616902136000135
0.1,0.5,303.42,221.10999999999999,20260823,,1.628336769769595,842987019,9,False,noise,False,9,216,0.024909867197561802,0.01814586002889007,,5,4,True,False,one_sample,248,2470.0,0,50,50.0,0.11764705882352941,5.0,ok,1.3722581520510155,17,0.4909447006559824,0.40918109194876395,True,,True,0.0,0.0,0.0,5.0,True,3.0,1.0,0.012096774193548387,1.3722581520510155,3.0,3.0,50,logistic,noise:00107,False,False,assessed,ok,1,,True,3.0,0.0,0.0,0.0,0.0,256,18.10003030400003
0.02,0.5,373.14,176.04999999999998,20260823,,1.4228755455349056,3573163102,8,False,noise,False,10,220,0.05062434100794993,0.07621172633192386,,4,4,True,False,one_sample,249,2480.0,0,50,50.0,0.0392156862745098,12.402202066319049,ok,2.119511502414087,18,0.5290623399979723,0.38124146978586726,True,,True,1.0,1.0,0.004016064257028112,5.0,True,2.0,1.0,0.008032128514056224,2.119511502414087,2.0,2.0,50,logistic,noise:00108,False,False,assessed,ok,1,,True,2.0,0.0,0.0,0.0,0.0,256,14.987263078000069
0.0,0.5,412.5,154.94,20260823,,1.4259623493881726,368305781,8,False,noise,False,7,238,0.1212242630422885,0.3066815020851956,,3,4,True,False,one_sample,249,2480.0,0,50,50.0,0.0196078431372549,13.863510014056796,ok,2.662320898412289,19,0.5331462948483665,0.42546886354324864,True,,True,1.0,1.0,0.004016064257028112,5.0,True,2.0,1.0,0.008032128514056224,2.662320898412289,2.0,2.0,50,logistic,noise:00109,False,False,assessed,ok,1,,True,2.0,0.0,0.0,0.0,0.0,256,16.582330149999507
0.72,0.5,128.3,170.95,20260823,,1.3053605418359968,745135004,8,False,noise,False,10,220,0.048130685335751336,0.08135897671930925,,4,5,True,False,one_sample,249,2480.0,0,50,50.0,0.7254901960784313,126.21248623572055,ok,0.75051184556888,20,0.5250287467237869,0.397909399322942,True,,True,0.0,0.0,0.0,5.0,True,1.0,1.0,0.004016064257028112,0.75051184556888,1.0,1.0,50,logistic,noise:00110,False,False,assessed,ok,1,,True,1.0,0.0,0.0,0.0,0.0,256,15.597810287000357
,,,,20260823,,,2237865140,13,True,noise,False,11,196,0.09269397129405049,0.4626558018738328,,6,4,True,False,one_sample,0,,0,50,,,,,,21,0.4834814362005815,0.396529130838936,False,,True,,,,5.0,True,,,,,,,50,logistic,noise:00111,True,False,not_assessed_detector_failure,embedding_not_saturated,1,,False,,,,,,256,0.8312075060002826
0.0,0.5,384.8,181.46,20260823,,1.3317992883558583,407955920,8,False,noise,False,7,232,0.07258519502340191,0.11331356842579265,,4,4,True,False,one_sample,249,2480.0,0,50,50.0,0.0196078431372549,5.0,ok,2.1205775377493663,22,0.49159283469593645,0.4054803944161373,True,,True,1.0,1.0,0.004016064257028112,5.0,True,1.0,1.0,0.004016064257028112,2.1205775377493663,1.0,1.0,50,logistic,noise:00112,False,False,assessed,ok,1,,True,1.0,0.0,0.0,0.0,0.0,256,16.375365032000445
0.08,0.5,311.4,183.23,20260823,,1.3729197340609351,4003317703,8,False,noise,False,6,236,0.09025975704670497,0.13480908772026945,,4,4,True,False,one_sample,249,2480.0,0,50,50.0,0.09803921568627451,41.96714294504119,ok,1.6995033564372646,23,0.492642935409851,0.4076006929080507,True,,True,0.0,0.0,0.0,5.0,True,4.0,1.0,0.01606425702811245,1.6995033564372646,4.0,4.0,50,logistic,noise:00113,False,False,assessed,ok,1,,True,4.0,0.0,0.0,0.0,0.0,256,16.937844988000506
0.02,0.5,222.88,132.69,20260823,,1.0167932420379557,2713073067,6,False,noise,False,10,211,0.024381054819963534,0.020276131322346846,,5,4,True,False,one_sample,251,2500.0,0,50,50.0,0.0392156862745098,80.33131410808033,ok,1.6797045745723114,24,0.4742847573708196,0.41929200002211664,True,,True,1.0,0.99,0.00398406374501992,5.0,True,1.0,0.99,0.00398406374501992,1.6797045745723114,1.0,1.0,50,logistic,noise:00114,False,False,assessed,ok,1,,True,1.0,0.0,0.0,0.0,0.0,256,14.11964893899949
0.0,0.5,455.5,167.82999999999998,20260823,,1.4836671457708879,165118891,8,False,noise,False,9,216,0.028934616661859543,0.02403613428689877,,5,5,True,False,one_sample,249,2480.0,0,50,50.0,0.0196078431372549,5.0,ok,2.714055889888578,25,0.5057653285848087,0.4132951720687676,True,,True,1.0,1.0,0.004016064257028112,5.0,True,1.0,1.0,0.004016064257028112,2.714055889888578,1.0,1.0,50,logistic,noise:00115,False,False,assessed,ok,1,,True,1.0,0.0,0.0,0.0,0.0,256,17.177014980999957
,,,,20260823,,,2921005077,13,True,noise,True,13,220,0.07160207989877855,0.20707799509660252,,3,4,True,False,one_sample,0,,0,50,,,,,,26,0.50246949230907,0.4242879183688269,False,,True,,,,5.0,True,,,,,,,50,logistic,noise:00116,True,False,not_assessed_detector_failure,embedding_not_saturated,1,,False,,,,,,256,0.8277184999997189
0.18,0.5,251.12,182.08,20260823,,1.357272760403228,1518783019,8,False,noise,False,7,226,0.040698048227399364,0.0395383256794708,,5,4,True,False,one_sample,249,2480.0,0,50,50.0,0.19607843137254902,5.0,ok,1.3791739894551844,27,0.5216418385638091,0.401196118875742,True,,True,0.0,0.0,0.0,5.0,True,2.0,1.0,0.008032128514056224,1.3791739894551844,2.0,2.0,50,logistic,noise:00117,False,False,assessed,ok,1,,True,2.0,0.0,0.0,0.0,0.0,256,16.233420439999463
0.0,0.5,515.42,202.76,20260823,,1.5065082167882025,2556668425,9,False,noise,False,6,236,0.08030471479201795,0.1221426050611909,,4,4,True,False,one_sample,248,2470.0,0,50,50.0,0.0196078431372549,5.0,ok,2.542020122312093,28,0.46496769839944063,0.42299900665480583,True,,True,1.0,1.0,0.004032258064516129,5.0,True,2.0,1.0,0.008064516129032258,2.542020122312093,2.0,2.0,50,logistic,noise:00118,False,False,assessed,ok,1,,True,2.0,0.0,0.0,0.0,0.0,256,18.03890875899924
,,,,20260823,,,4188589604,13,True,noise,False,9,232,0.08921038649527763,0.2560832270424961,,3,4,True,False,one_sample,0,,0,50,,,,,,29,0.47725161631940216,0.41012608403347856,False,,True,,,,5.0,True,,,,,,,50,logistic,noise:00119,True,False,not_assessed_detector_failure,embedding_not_saturated,1,,False,,,,,,256,1.219451656000274
0.4,0.5,227.88,208.0,20260823,,1.1799873900206357,1949141757,8,False,noise,False,10,229,0.09046251322453583,0.21909002181446435,,3,4,True,False,one_sample,249,2480.0,0,50,50.0,0.4117647058823529,5.0,ok,1.095576923076923,0,0.5405750496316483,0.5162019414357785,True,,True,0.0,0.0,0.0,0.0,True,2.0,1.0,0.008032128514056224,1.095576923076923,2.0,2.0,50,logistic,noise:00120,False,False,assessed,ok,1,,True,2.0,0.0,0.0,0.0,0.0,256,15.130181706999792
0.18,0.5,334.26,220.14,20260823,,1.3539082706111931,1652537900,8,False,noise,False,9,224,0.056272098958188646,0.07928722509685482,,4,4,True,False,one_sample,249,2480.0,0,50,50.0,0.19607843137254902,5.0,ok,1.518397383483238,1,0.47361938401383713,0.4829740439545776,True,,True,0.0,0.0,0.0,0.0,True,2.0,1.0,0.008032128514056224,1.518397383483238,2.0,2.0,50,logistic,noise:00121,False,False,assessed,ok,1,,True,2.0,0.0,0.0,0.0,0.0,256,16.612043117999747
1.0,0.5,83.91999999999996,334.38,20260823,,1.7382886451399915,292278060,11,False,noise,False,9,216,0.027263791843890196,0.022304139599647832,,5,4,True,False,one_sample,246,2450.0,0,50,50.0,1.0,5.0,ok,0.2509719480830192,2,0.4615625884833518,0.5388478025584206,True,,True,0.0,0.0,0.0,0.0,True,2.0,1.0,0.008130081300813009,0.2509719480830192,2.0,2.0,50,logistic,noise:00122,False,False,assessed,ok,1,,True,2.0,0.0,0.0,0.0,0.0,256,22.317257959000017
0.68,0.5,202.0,235.94,20260823,,1.5361271045295368,1341124623,10,False,noise,False,7,220,0.11930212531956508,0.42360927879524257,,6,4,True,False,one_sample,247,2460.0,0,50,50.0,0.6862745098039216,5.0,ok,0.8561498686106638,3,0.48124959874314416,0.5220461110240133,True,,True,0.0,0.0,0.0,0.0,True,2.0,1.0,0.008097165991902834,0.8561498686106638,2.0,2.0,50,logistic,noise:00123,False,False,assessed,ok,1,,True,2.0,0.0,0.0,0.0,0.0,256,19.501857047999692
1.0,0.5,70.12,190.24,20260823,,1.2778329848324543,3611326506,8,False,noise,False,8,235,0.10649622644624111,0.2245582178863722,,3,4,True,False,one_sample,249,2480.0,0,50,50.0,1.0,5.0,ok,0.3685870479394449,4,0.4856803452866545,0.5048573074406048,True,,True,0.0,0.0,0.0,0.0,True,1.0,1.0,0.004016064257028112,0.3685870479394449,1.0,1.0,50,logistic,noise:00124,False,False,assessed,ok,1,,True,1.0,0.0,0.0,0.0,0.0,256,14.71374072799972
0.04,0.5,483.5,233.06,20260823,,1.3458372484131895,2937350216,9,False,noise,True,13,196,0.008107639910682658,0.0031607981343374503,,5,4,True,False,one_sample,248,2470.0,0,50,50.0,0.058823529411764705,5.0,ok,2.0745730713121087,5,0.5068282901652598,0.5053459661436979,True,,True,1.0,1.0,0.004032258064516129,0.0,True,2.0,1.0,0.008064516129032258,2.0745730713121087,2.0,2.0,50,logistic,noise:00125,False,False,assessed,ok,1,,True,2.0,0.0,0.0,0.0,0.0,256,18.210113990000536
0.04,0.5,371.38,187.89,20260823,,1.6714409851764804,2625739459,9,False,noise,False,10,229,0.0831004684058081,0.22376872296897832,,3,4,True,False,one_sample,248,2470.0,0,50,50.0,0.058823529411764705,5.0,ok,1.9765820426845495,6,0.5247469969695548,0.49554477282230486,True,,True,1.0,1.0,0.004032258064516129,0.0,True,1.0,1.0,0.004032258064516129,1.9765820426845495,1.0,1.0,50,logistic,noise:00126,False,False,assessed,ok,1,,True,1.0,0.0,0.0,0.0,0.0,256,17.01616027700038
0.0,0.5,782.8,314.66999999999996,20260823,,1.4762687264476948,3175003209,11,False,noise,False,7,232,0.06490623506031633,0.09061635218399511,,4,4,True,False,one_sample,246,2450.0,0,50,50.0,0.0196078431372549,5.0,ok,2.4876855118060193,7,0.4998997703554815,0.5218694360345532,True,,True,1.0,1.0,0.0040650406504065045,0.0,True,2.0,1.0,0.008130081300813009,2.4876855118060193,2.0,2.0,50,logistic,noise:00127,False,False,assessed,ok,1,,True,2.0,0.0,0.0,0.0,0.0,256,21.321774950999497
0.9,0.5,117.22000000000003,195.9,20260823,,1.190948130832489,855530592,7,False,noise,False,8,228,0.05861266731391483,0.08153828367823202,,4,5,True,False,one_sample,250,2490.0,0,50,50.0,0.9019607843137255,9.503706822698609,ok,0.59836651352731,8,0.4896540261181184,0.5037997612008148,True,,True,0.0,0.0,0.0,0.0,True,3.0,1.0,0.012,0.59836651352731,3.0,3.0,50,logistic,noise:00128,False,False,assessed,ok,1,,True,3.0,0.0,0.0,0.0,0.0,256,13.703389039000285
0.64,0.5,182.88,214.36,20260823,,1.3945824098113468,1137966784,8,False,noise,False,9,232,0.09388288079697289,0.22555871403508665,,3,4,True,False,one_sample,249,2480.0,0,50,50.0,0.6470588235294118,5.0,ok,0.8531442433289792,9,0.5167459305930044,0.5198632042596717,True,,True,0.0,0.0,0.0,0.0,True,1.0,1.0,0.004016064257028112,0.8531442433289792,1.0,1.0,50,logistic,noise:00129,False,False,assessed,ok,1,,True,1.0,0.0,0.0,0.0,0.0,256,16.633131433000017
0.5,0.5,247.51999999999998,240.67,20260823,,1.16227699266977,155083518,8,False,noise,False,8,235,0.09759272499948465,0.23566249894483426,,3,4,True,False,one_sample,249,2480.0,0,50,50.0,0.5098039215686274,5.0,ok,1.028462209664686,10,0.5270251893334124,0.48285016739091435,True,,True,0.0,0.0,0.0,0.0,True,2.0,1.0,0.008032128514056224,1.028462209664686,2.0,2.0,50,logistic,noise:00130,False,False,assessed,ok,1,,True,2.0,0.0,0.0,0.0,0.0,256,16.611286641000333
0.88,0.5,109.14,179.51,20260823,,1.2034119412634958,1643540681,7,False,noise,False,9,200,0.09625578696861811,0.38607841029748635,,7,4,True,False,one_sample,250,2490.0,0,50,50.0,0.8823529411764706,5.0,ok,0.6079884129017883,11,0.4888888956920155,0.5168333719243671,True,,True,0.0,0.0,0.0,0.0,True,2.0,1.0,0.008,0.6079884129017883,2.0,2.0,50,logistic,noise:00131,False,False,assessed,ok,1,,True,2.0,0.0,0.0,0.0,0.0,256,15.294048144999579
0.42,0.48,143.83999999999997,124.44,20260823,,1.0242651986967628,1760545983,6,False,noise,True,13,184,0.08084400138117882,0.4314791833481254,,6,4,True,False,one_sample,251,2500.0,0,50,50.0,0.43137254901960786,27.591208919238618,ok,1.1558984249437478,12,0.48513715822598,0.49202047632412577,True,,True,0.0,0.0,0.0,0.0,True,3.0,1.0,0.01195219123505976,1.1558984249437478,3.0,3.0,50,logistic,noise:00132,False,False,assessed,ok,1,,True,3.0,0.0,0.0,0.0,0.0,256,14.262957760999598
0.22,0.5,282.7,215.45,20260823,,1.2667110276403595,1200119167,8,False,noise,False,10,229,0.08445586179214835,0.21128644957408893,,3,5,True,False,one_sample,249,2480.0,0,50,50.0,0.23529411764705882,5.0,ok,1.3121373868647017,13,0.4605791434679871,0.5289639954942836,True,,True,0.0,0.0,0.0,0.0,True,3.0,1.0,0.012048192771084338,1.3121373868647017,3.0,3.0,50,logistic,noise:00133,False,False,assessed,ok,1,,True,3.0,0.0,0.0,0.0,0.0,256,15.733412734000012
,,,,20260823,,,1080202061,13,True,noise,False,8,228,0.06068152096760079,0.09243215941958172,,4,4,True,False,one_sample,0,,0,50,,,,,,14,0.46344834709199156,0.5224299411110527,False,,True,,,,0.0,True,,,,,,,50,logistic,noise:00134,True,False,not_assessed_detector_failure,embedding_not_saturated,1,,False,,,,,,256,0.799600086999817
0.12,0.5,380.2,227.0,20260823,,1.2110930334589427,3156448767,8,False,noise,False,10,229,0.0833506986855037,0.24756400050641603,,3,4,True,False,one_sample,249,2480.0,0,50,50.0,0.13725490196078433,5.0,ok,1.6748898678414097,15,0.4539211144320377,0.5181979499206886,True,,True,0.0,0.0,0.0,0.0,True,2.0,1.0,0.008032128514056224,1.6748898678414097,2.0,2.0,50,logistic,noise:00135,False,False,assessed,ok,1,,True,2.0,0.0,0.0,0.0,0.0,256,16.80282416600039
0.5,0.5,200.33999999999997,197.34,20260823,,1.0964514756775052,1458145094,7,False,noise,True,13,208,0.04212575990679672,0.05812861758404175,,4,4,True,False,one_sample,250,2490.0,0,50,50.0,0.5098039215686274,6.260223367193059,ok,1.0152021891152325,16,0.434064554133186,0.5120351792948736,True,,True,0.0,0.0,0.0,0.0,True,3.0,1.0,0.012,1.0152021891152325,3.0,3.0,50,logistic,noise:00136,False,False,assessed,ok,1,,True,3.0,0.0,0.0,0.0,0.0,256,12.524456286999339
0.06,0.5,477.4,241.99,20260823,,1.4380544267528816,842987019,9,False,noise,True,13,196,0.009915629979909855,0.004375884998462198,,5,4,True,False,one_sample,248,2470.0,0,50,50.0,0.0784313725490196,5.0,ok,1.9728087937518077,17,0.47806014069510355,0.4780922802956045,True,,True,0.0,0.0,0.0,0.0,True,1.0,1.0,0.004032258064516129,1.9728087937518077,1.0,1.0,50,logistic,noise:00137,False,False,assessed,ok,1,,True,1.0,0.0,0.0,0.0,0.0,256,17.982455354000194
0.58,0.5,221.07999999999998,237.86,20260823,,1.9704605429390936,3573163102,11,False,noise,False,6,241,0.12113436949099128,0.27715557836080706,,3,4,True,False,one_sample,246,2450.0,0,50,50.0,0.5882352941176471,5.0,ok,0.929454300849239,18,0.5238199478710129,0.4813135956707184,True,,True,0.0,0.0,0.0,0.0,True,2.0,1.0,0.008130081300813009,0.929454300849239,2.0,2.0,50,logistic,noise:00138,False,False,assessed,ok,1,,True,2.0,0.0,0.0,0.0,0.0,256,24.405431866999606
0.44,0.5,291.0,270.1,20260823,,1.9224470010951293,368305781,11,False,noise,False,9,224,0.059355508923746324,0.08723506469536157,,4,4,True,False,one_sample,246,2450.0,0,50,50.0,0.45098039215686275,5.0,ok,1.0773787486116253,19,0.5339235273467785,0.4678734257413429,True,,True,0.0,0.0,0.0,0.0,True,2.0,1.0,0.008130081300813009,1.0773787486116253,2.0,2.0,50,logistic,noise:00139,False,False,assessed,ok,1,,True,2.0,0.0,0.0,0.0,0.0,256,21.692265525999574
0.38,0.5,254.54000000000002,216.96,20260823,,1.2457025986688144,745135004,8,False,noise,False,8,228,0.05609113757861738,0.07981477205732124,,4,5,True,False,one_sample,249,2480.0,0,50,50.0,0.39215686274509803,15.875304037550432,ok,1.1732116519174043,20,0.5659545967423687,0.5194982730734811,True,,True,0.0,0.0,0.0,0.0,True,5.0,1.0,0.020080321285140562,1.1732116519174043,5.0,5.0,50,logistic,noise:00140,False,False,assessed,ok,1,,True,5.0,0.0,0.0,0.0,0.0,256,15.070260753000184
0.24,0.5,333.28,245.73000000000002,20260823,,1.412502173520708,2237865140,9,False,noise,False,9,216,0.02922610915901963,0.020635001748742554,,5,4,True,False,one_sample,248,2470.0,0,50,50.0,0.2549019607843137,5.0,ok,1.3562853538436492,21,0.5117358136855449,0.5020916595301215,True,,True,0.0,0.0,0.0,0.0,True,4.0,1.0,0.016129032258064516,1.3562853538436492,4.0,4.0,50,logistic,noise:00141,False,False,assessed,ok,1,,True,4.0,0.0,0.0,0.0,0.0,256,17.983165394000025
,,,,20260823,,,407955920,13,True,noise,False,10,220,0.049599135886194044,0.07339050168618644,,4,4,True,False,one_sample,0,,0,50,,,,,,22,0.47632519523996175,0.4937953386026915,False,,True,,,,0.0,True,,,,,,,50,logistic,noise:00142,True,False,not_assessed_detector_failure,embedding_not_saturated,1,,False,,,,,,256,1.2143030320003163
0.1,0.5,293.36,163.86,20260823,,1.1916208531427273,4003317703,7,False,noise,False,10,193,0.09946993341989385,0.42480888851863696,,7,4,True,False,one_sample,250,2490.0,0,50,50.0,0.11764705882352941,8.473171482927686,ok,1.7903088001952885,23,0.519436556908212,0.4944644623439034,True,,True,0.0,0.0,0.0,0.0,True,1.0,1.0,0.004,1.7903088001952885,1.0,1.0,50,logistic,noise:00143,False,False,assessed,ok,1,,True,1.0,0.0,0.0,0.0,0.0,256,13.790203642000051
0.22,0.5,263.1,186.45999999999998,20260823,,1.4564955016949446,2713073067,8,False,noise,False,9,224,0.05861196324897883,0.09495450482565304,,4,4,True,False,one_sample,249,2480.0,0,50,50.0,0.23529411764705882,5.0,ok,1.4110264936179344,24,0.43830005997725296,0.4994776762718937,True,,True,0.0,0.0,0.0,0.0,True,2.0,1.0,0.008032128514056224,1.4110264936179344,2.0,2.0,50,logistic,noise:00144,False,False,assessed,ok,1,,True,2.0,0.0,0.0,0.0,0.0,256,16.596235846000127
0.9,0.5,106.72000000000003,193.88000000000002,20260823,,1.405844534700047,165118891,8,False,noise,False,8,228,0.05681691669169156,0.0854592365956851,,4,4,True,False,one_sample,249,2480.0,0,50,50.0,0.9019607843137255,5.0,ok,0.5504435733443368,25,0.4939301490737963,0.480834046520732,True,,True,0.0,0.0,0.0,0.0,True,2.0,1.0,0.008032128514056224,0.5504435733443368,2.0,2.0,50,logistic,noise:00145,False,False,assessed,ok,1,,True,2.0,0.0,0.0,0.0,0.0,256,16.507625920000464
0.54,0.5,185.62,220.16,20260823,,1.5838059922530558,2921005077,9,False,noise,False,8,228,0.060671631670666956,0.10408700022226292,,4,4,True,False,one_sample,248,2470.0,0,50,50.0,0.5686274509803921,5.0,ok,0.8431140988372093,26,0.5039802485485199,0.5021498249231287,True,,True,0.0,0.0,0.0,0.0,True,2.0,1.0,0.008064516129032258,0.8431140988372093,2.0,2.0,50,logistic,noise:00146,False,False,assessed,ok,1,,True,2.0,0.0,0.0,0.0,0.0,256,18.455012167999485
0.42,0.48,228.27999999999997,214.82,20260823,,1.2914196311567705,1518783019,8,False,noise,False,9,216,0.02412920345315898,0.019412459195862097,,5,4,True,False,one_sample,249,2480.0,0,50,50.0,0.43137254901960786,5.0,ok,1.0626571082766967,27,0.5059029275395343,0.5064555750545594,True,,True,0.0,0.0,0.0,0.0,True,3.0,1.0,0.012048192771084338,1.0626571082766967,3.0,3.0,50,logistic,noise:00147,False,False,assessed,ok,1,,True,3.0,0.0,0.0,0.0,0.0,256,16.865470415000345
0.54,0.5,228.62,233.33,20260823,,1.401687475011466,2556668425,9,False,noise,True,13,208,0.03894397154662364,0.07179756055457276,,4,4,True,False,one_sample,248,2470.0,0,50,50.0,0.5490196078431373,5.0,ok,0.9798139973428192,28,0.4926137203245441,0.5286619315911403,True,,True,0.0,0.0,0.0,0.0,True,1.0,1.0,0.004032258064516129,0.9798139973428192,1.0,1.0,50,logistic,noise:00148,False,False,assessed,ok,1,,True,1.0,0.0,0.0,0.0,0.0,256,18.083307918999708
,,,,20260823,,,4188589604,13,True,noise,False,9,216,0.020102310751803548,0.011167687734448983,,5,4,True,False,one_sample,0,,0,50,,,,,,29,0.4562206659671122,0.50192377298171,False,,True,,,,0.0,True,,,,,,,50,logistic,noise:00149,True,False,not_assessed_detector_failure,embedding_not_saturated,1,,False,,,,,,256,0.7995298340001682
0.0,0.5,486.32,133.98000000000002,20260823,,0.4863680173467747,493659376,6,False,noise,False,10,157,0.1133465130466748,0.6478763541467956,,11,3,True,False,one_sample,251,2500.0,0,50,50.0,0.0196078431372549,5.0,ok,3.629795491864457,0,0.2644094391698952,0.7196545076806768,True,,True,1.0,0.085,0.00398406374501992,30.0,True,2.0,0.085,0.00796812749003984,3.629795491864457,2.0,2.0,50,henon,noise:00150,False,False,assessed,ok,1,,True,2.0,0.0,0.0,0.0,0.0,256,14.149365973000386
0.0,0.5,627.5,152.44,20260823,,0.7064711195737329,216778323,7,False,noise,False,8,193,0.13087890957619022,0.6822657440262032,,9,3,True,False,one_sample,250,2490.0,0,50,50.0,0.0196078431372549,6.92061449088571,ok,4.116373655208607,1,0.24920414029646287,0.7237320093415468,True,,True,1.0,0.235,0.004,30.0,True,1.0,0.235,0.004,4.116373655208607,1.0,1.0,50,henon,noise:00151,False,False,assessed,ok,1,,True,1.0,0.0,0.0,0.0,0.0,256,12.724715653000203
0.2,0.48,218.51999999999998,168.20000000000005,20260823,,0.6136372457682333,378400350,7,False,noise,False,11,106,0.1258502138874838,0.6662443295792513,,15,3,True,False,one_sample,250,2489.0,0,50,50.0,0.21568627450980393,7.015457250074678,ok,1.2991676575505346,2,0.24822753379658768,0.7278938548134817,True,,True,0.0,0.0,0.0,30.0,True,1.0,0.165,0.004,1.2991676575505346,1.0,1.0,50,henon,noise:00152,False,False,assessed,ok,1,,True,1.0,0.0,0.0,0.0,0.0,256,12.720040680999773
0.36,0.5,176.01999999999998,143.36,20260823,,0.6415096332079409,1663362928,7,False,noise,False,9,128,0.1216251227329207,0.633005807926085,,16,3,True,False,one_sample,250,2488.0,0,50,50.0,0.37254901960784315,6.913427061116235,ok,1.2278180803571426,3,0.26824278055284634,0.717701906332178,True,,True,0.0,0.0,0.0,30.0,True,1.0,0.155,0.004,1.2278180803571426,1.0,1.0,50,henon,noise:00153,False,False,assessed,ok,1,,True,1.0,0.0,0.0,0.0,0.0,256,14.246377508000478
0.4,0.5,202.72000000000003,142.31,20260823,,0.7766799235805408,1537020589,8,False,noise,False,10,166,0.10895712670028743,0.5864207088025675,,10,3,True,False,one_sample,249,2480.0,0,50,50.0,0.4117647058823529,5.0,ok,1.4244958189867194,4,0.27474731246760076,0.7140555635572596,True,,True,0.0,0.0,0.0,30.0,True,1.0,0.44,0.004016064257028112,1.4244958189867194,1.0,1.0,50,henon,noise:00154,False,False,assessed,ok,1,,True,1.0,0.0,0.0,0.0,0.0,256,14.976932948000467
0.38,0.5,166.54000000000002,144.82,20260823,,0.5729315889073244,1462996361,7,False,noise,False,11,116,0.08596107138554468,0.5646729432626247,,14,3,True,False,one_sample,250,2490.0,0,50,50.0,0.39215686274509803,5.745674440284544,ok,1.149979284629195,5,0.2690949820387753,0.7140578959193774,True,,True,0.0,0.0,0.0,30.0,True,1.0,0.05,0.004,1.149979284629195,1.0,1.0,50,henon,noise:00155,False,False,assessed,ok,1,,True,1.0,0.0,0.0,0.0,0.0,256,15.470343988999957
0.36,0.48,211.79999999999995,178.70000000000005,20260823,,0.8166645713657273,1666659224,8,False,noise,False,7,148,0.1552752639891513,0.6289672585089083,,18,3,True,False,one_sample,249,2480.0,0,50,50.0,0.37254901960784315,5.454994085286281,ok,1.1852266368214879,6,0.2630885208391577,0.7200596387873163,True,,True,0.0,0.0,0.0,30.0,True,1.0,0.6,0.004016064257028112,1.1852266368214879,1.0,1.0,50,henon,noise:00156,False,False,assessed,ok,1,,True,1.0,0.0,0.0,0.0,0.0,256,16.83859666599983
0.02,0.5,377.14,167.42999999999998,20260823,,0.5953639255277334,1523205322,7,False,noise,True,13,88,0.07243337659781529,0.599690280921547,,14,3,True,False,one_sample,250,2490.0,0,50,50.0,0.0392156862745098,6.0349173093289155,ok,2.252523442632742,7,0.28718102290471514,0.6993210080802559,True,,True,1.0,0.075,0.004,30.0,True,1.0,0.075,0.004,2.252523442632742,1.0,1.0,50,henon,noise:00157,False,False,assessed,ok,1,,True,1.0,0.0,0.0,0.0,0.0,256,15.363757784999507
0.0,0.5,376.32,97.79,20260823,,0.36669795766743174,273461635,5,False,noise,False,11,146,0.11109016067645054,0.671634780234715,,11,4,True,False,one_sample,252,2510.0,0,50,50.0,0.0196078431372549,18.402032902318904,ok,3.848246241947029,8,0.205984281618817,0.7493200177574592,True,,True,1.0,0.09,0.003968253968253968,30.0,True,1.0,0.09,0.003968253968253968,3.848246241947029,1.0,1.0,50,henon,noise:00158,False,False,assessed,ok,1,,True,1.0,0.0,0.0,0.0,0.0,256,13.250614515000052
0.0,0.5,527.36,149.26000000000002,20260823,,0.7202959831874794,1502100350,7,False,noise,False,7,184,0.16347122644521275,0.6897768810095826,,12,3,True,False,one_sample,250,2490.0,0,50,50.0,0.0196078431372549,6.321285206465493,ok,3.5331636071285004,9,0.266677430829393,0.716382471510755,True,,True,1.0,0.34,0.004,30.0,True,1.0,0.34,0.004,3.5331636071285004,1.0,1.0,50,henon,noise:00159,False,False,assessed,ok,1,,True,1.0,0.0,0.0,0.0,0.0,256,14.090393078000488
0.12,0.5,205.0,161.45,20260823,,0.666961602397396,2679122804,7,False,noise,True,13,64,0.08386302073374763,0.7116306341936877,,16,3,True,False,one_sample,250,2490.0,0,50,50.0,0.13725490196078433,10.607089184966188,ok,1.2697429544750698,10,0.2247048207397418,0.737955816633492,True,,True,0.0,0.0,0.0,30.0,True,1.0,0.31,0.004,1.2697429544750698,1.0,1.0,50,henon,noise:00160,False,False,assessed,ok,1,,True,1.0,0.0,0.0,0.0,0.0,256,14.622973855000055
0.08,0.5,307.68,146.38,20260823,,0.6685008558352447,3697673766,7,False,noise,True,13,124,0.07133219922066342,0.4509706472207675,,11,3,True,False,one_sample,250,2489.0,0,50,50.0,0.09803921568627451,5.0,ok,2.1019264926902586,11,0.2669904055955342,0.7199372739174823,True,,True,0.0,0.0,0.0,30.0,True,1.0,0.335,0.004,2.1019264926902586,1.0,1.0,50,henon,noise:00161,False,False,assessed,ok,1,,True,1.0,0.0,0.0,0.0,0.0,256,12.5741266240002
0.1,0.5,294.8,179.38,20260823,,0.7033397457962457,732492722,7,False,noise,True,13,136,0.09848477294549549,0.6042951788811941,,10,3,True,False,one_sample,250,2490.0,0,50,50.0,0.11764705882352941,6.907677117300655,ok,1.6434385104247966,12,0.2534850191251672,0.7224443350879935,True,,True,0.0,0.0,0.0,30.0,True,1.0,0.265,0.004,1.6434385104247966,1.0,1.0,50,henon,noise:00162,False,False,assessed,ok,1,,True,1.0,0.0,0.0,0.0,0.0,256,12.547243888000594
0.08,0.5,232.60000000000002,134.82999999999998,20260823,,0.5194245842464312,2650272499,6,False,noise,False,6,211,0.18167144611063982,0.7505455218502429,,9,3,True,False,one_sample,251,2498.0,0,50,50.0,0.09803921568627451,19.065167065377977,ok,1.7251353556330198,13,0.23648019954655253,0.7363175577559247,True,,True,0.0,0.0,0.0,30.0,True,1.0,0.1,0.00398406374501992,1.7251353556330198,1.0,1.0,50,henon,noise:00163,False,False,assessed,ok,1,,True,1.0,0.0,0.0,0.0,0.0,256,14.076669902000503
0.28,0.5,261.78,214.76999999999998,20260823,,0.8768929031626685,2582023415,9,False,noise,False,8,179,0.14334008931001083,0.6312995527081127,,11,3,True,False,one_sample,248,2470.0,0,50,50.0,0.29411764705882354,5.0,ok,1.2188853191786562,14,0.20812616344473103,0.7559158102763869,True,,True,0.0,0.0,0.0,30.0,True,1.0,0.56,0.004032258064516129,1.2188853191786562,1.0,1.0,50,henon,noise:00164,False,False,assessed,ok,1,,True,1.0,0.0,0.0,0.0,0.0,256,17.219643530999747
0.0,0.5,447.46,148.64999999999998,20260823,,0.6918585794808181,2534286796,7,False,noise,False,10,148,0.11420055876489238,0.5844344192995222,,12,3,True,False,one_sample,250,2490.0,0,50,50.0,0.0196078431372549,8.171709983275209,ok,3.0101580894719144,15,0.25199261954767693,0.726183142678245,True,,True,1.0,0.3,0.004,30.0,True,1.0,0.3,0.004,3.0101580894719144,1.0,1.0,50,henon,noise:00165,False,False,assessed,ok,1,,True,1.0,0.0,0.0,0.0,0.0,256,15.475040235000051
0.24,0.5,188.98000000000002,135.70000000000005,20260823,,0.5801083722555513,2578131799,7,False,noise,True,13,148,0.09528034671276435,0.6495185912179025,,9,3,True,False,one_sample,250,2490.0,0,50,50.0,0.2549019607843137,5.740643239445912,ok,1.3926308032424461,16,0.2521979674907662,0.7246383374775076,True,,True,0.0,0.0,0.0,30.0,True,1.0,0.045,0.004,1.3926308032424461,1.0,1.0,50,henon,noise:00166,False,False,assessed,ok,1,,True,1.0,0.0,0.0,0.0,0.0,256,15.195335409000108
0.0,0.5,369.82,166.32,20260823,,0.6199579075619394,1990281096,7,False,noise,False,8,193,0.13470455008781926,0.650063421936925,,9,3,True,False,one_sample,250,2490.0,0,50,50.0,0.0196078431372549,5.0,ok,2.2235449735449735,17,0.24398012134827735,0.7316697181148507,True,,True,0.0,0.0,0.0,30.0,True,3.0,0.16,0.012,2.2235449735449735,3.0,3.0,50,henon,noise:00167,False,False,assessed,ok,1,,True,3.0,0.0,0.0,0.0,0.0,256,15.346463492000112
0.0,0.5,417.78,180.26999999999998,20260823,,1.1005376601228996,2053305126,9,False,noise,True,13,160,0.09181041216684607,0.5846869544118936,,8,3,True,False,one_sample,248,2470.0,0,50,50.0,0.0196078431372549,5.0,ok,2.3175237144283574,18,0.2575315563192452,0.7223469913956362,True,,True,1.0,0.965,0.004032258064516129,30.0,True,1.0,0.965,0.004032258064516129,2.3175237144283574,1.0,1.0,50,henon,noise:00168,False,False,assessed,ok,1,,True,1.0,0.0,0.0,0.0,0.0,256,17.80204377100017
0.02,0.5,313.12,148.66000000000003,20260823,,0.6586841218538824,1511984254,7,False,noise,False,6,211,0.18311527090730137,0.690092912078453,,9,3,True,False,one_sample,250,2490.0,0,50,50.0,0.0392156862745098,5.45211911337849,ok,2.1062827929503563,19,0.26214399855302517,0.7167758282588667,True,,True,0.0,0.0,0.0,30.0,True,1.0,0.175,0.004,2.1062827929503563,1.0,1.0,50,henon,noise:00169,False,False,assessed,ok,1,,True,1.0,0.0,0.0,0.0,0.0,256,12.013900636000471
0.0,0.5,436.2,126.17999999999999,20260823,,0.5164719698637306,3364347009,6,False,noise,False,8,193,0.1442607415836169,0.6712632592077905,,9,3,True,False,one_sample,251,2500.0,0,50,50.0,0.0196078431372549,8.064648593478134,ok,3.4569662387066096,20,0.24996661096831835,0.727902122119014,True,,True,1.0,0.135,0.00398406374501992,30.0,True,1.0,0.135,0.00398406374501992,3.4569662387066096,1.0,1.0,50,henon,noise:00170,False,False,assessed,ok,1,,True,1.0,0.0,0.0,0.0,0.0,256,14.489543636000235
0.02,0.5,340.94,176.42999999999998,20260823,,0.7055042308857091,4081926746,7,False,noise,False,10,184,0.1063789104181712,0.5920499857222725,,8,3,True,False,one_sample,250,2490.0,0,50,50.0,0.0392156862745098,5.0,ok,1.9324377940259596,21,0.251273514181838,0.723561327362888,True,,True,0.0,0.0,0.0,30.0,True,2.0,0.375,0.008,1.9324377940259596,2.0,2.0,50,henon,noise:00171,False,False,assessed,ok,1,,True,2.0,0.0,0.0,0.0,0.0,256,14.920803390999936
0.22,0.5,262.94,185.80999999999997,20260823,,1.0907222363891325,3999581070,9,False,noise,True,13,76,0.11048722351581405,0.831462663185826,,15,3,True,False,one_sample,248,2470.0,0,50,50.0,0.23529411764705882,5.0,ok,1.4151014477154085,22,0.2754757797635692,0.71166155475587,True,,True,0.0,0.0,0.0,30.0,True,1.0,0.97,0.004032258064516129,1.4151014477154085,1.0,1.0,50,henon,noise:00172,False,False,assessed,ok,1,,True,1.0,0.0,0.0,0.0,0.0,256,17.74803252699985
0.04,0.5,350.52,148.32000000000002,20260823,,0.6673013201190667,1569788839,7,False,noise,False,7,184,0.16074397168402133,0.6631025108743753,,12,3,True,False,one_sample,250,2489.0,0,50,50.0,0.058823529411764705,10.02285350306187,ok,2.363268608414239,23,0.24354737157056583,0.7312162132155465,True,,True,1.0,0.15,0.004,30.0,True,2.0,0.285,0.008,2.363268608414239,2.0,2.0,50,henon,noise:00173,False,False,assessed,ok,1,,True,2.0,0.0,0.0,0.0,0.0,256,15.699204051000379
0.22,0.48,221.14,138.98000000000002,20260823,,0.6726464732283995,3026696393,7,False,noise,False,7,184,0.1665724795646232,0.7303187702294471,,12,3,True,False,one_sample,250,2489.0,0,50,50.0,0.23529411764705882,5.0,ok,1.5911641962872354,24,0.23485189687422084,0.7349944896372902,True,,True,0.0,0.0,0.0,30.0,True,1.0,0.195,0.004,1.5911641962872354,1.0,1.0,50,henon,noise:00174,False,False,assessed,ok,1,,True,1.0,0.0,0.0,0.0,0.0,256,13.057039209999857
0.04,0.5,297.74,116.95999999999998,20260823,,0.49490106051288874,2378322099,6,False,noise,False,8,165,0.15698517250437796,0.7540352516763176,,13,3,True,False,one_sample,251,2500.0,0,50,50.0,0.058823529411764705,14.49658890462544,ok,2.5456566347469227,25,0.2626133997005068,0.719279489285882,True,,True,1.0,0.105,0.00398406374501992,30.0,True,1.0,0.105,0.00398406374501992,2.5456566347469227,1.0,1.0,50,henon,noise:00175,False,False,assessed,ok,1,,True,1.0,0.0,0.0,0.0,0.0,256,14.22126413299975
0.04,0.5,539.76,232.26,20260823,,1.309588796158563,2208778284,10,False,noise,False,11,116,0.0936485316570122,0.5005277262982564,,14,3,True,False,one_sample,247,2460.0,0,50,50.0,0.058823529411764705,5.0,ok,2.323947300439163,26,0.2759015195547895,0.7087800903304152,True,,True,1.0,0.995,0.004048582995951417,30.0,True,1.0,0.995,0.004048582995951417,2.323947300439163,1.0,1.0,50,henon,noise:00176,False,False,assessed,ok,1,,True,1.0,0.0,0.0,0.0,0.0,256,19.97639010200055
0.02,0.5,291.24,131.47000000000003,20260823,,0.48388947137568383,2446859969,6,False,noise,False,10,139,0.11019592532270175,0.6130539984256476,,13,3,True,False,one_sample,251,2500.0,0,50,50.0,0.0392156862745098,8.068242308362871,ok,2.215258233817601,27,0.24369338527360968,0.732060185270028,True,,True,0.0,0.0,0.0,30.0,True,1.0,0.08,0.00398406374501992,2.215258233817601,1.0,1.0,50,henon,noise:00177,False,False,assessed,ok,1,,True,1.0,0.0,0.0,0.0,0.0,256,10.68030162100058
0.0,0.5,387.9,145.63,20260823,,0.5623538929786489,955981557,6,False,noise,True,13,148,0.09483939753925806,0.7086586849152141,,9,3,True,False,one_sample,251,2499.0,0,50,50.0,0.0196078431372549,10.900644511872244,ok,2.6635995330632425,28,0.2559321429430617,0.7211770024434135,True,,True,0.0,0.0,0.0,30.0,True,1.0,0.155,0.00398406374501992,2.6635995330632425,1.0,1.0,50,henon,noise:00178,False,False,assessed,ok,1,,True,1.0,0.0,0.0,0.0,0.0,256,13.709034280000196
0.52,0.5,193.38,194.60000000000002,20260823,,0.8691153757990702,874063825,8,False,noise,False,8,172,0.13932515838182175,0.6380253562665053,,12,3,True,False,one_sample,249,2480.0,0,50,50.0,0.5294117647058824,5.0,ok,0.9937307297019525,29,0.259771664075508,0.7194396649344136,True,,True,0.0,0.0,0.0,30.0,True,1.0,0.735,0.004016064257028112,0.9937307297019525,1.0,1.0,50,henon,noise:00179,False,False,assessed,ok,1,,True,1.0,0.0,0.0,0.0,0.0,256,14.245862880000459
0.08,0.5,247.77999999999997,160.38,20260823,,0.703672210813155,493659376,7,False,noise,True,13,172,0.09041952789973914,0.5526817244501493,,7,3,True,False,one_sample,250,2490.0,0,50,50.0,0.09803921568627451,10.895613311033612,ok,1.5449557301409151,0,0.26497544099392323,0.7257360587623991,True,,True,0.0,0.0,0.0,20.0,True,1.0,0.445,0.004,1.5449557301409151,1.0,1.0,50,henon,noise:00180,False,False,assessed,ok,1,,True,1.0,0.0,0.0,0.0,0.0,256,15.617886439000358
0.0,0.5,540.28,159.45,20260823,,0.7269821532561231,216778323,7,False,noise,True,13,160,0.08129446753956826,0.5235835694130446,,8,3,True,False,one_sample,250,2490.0,0,50,50.0,0.0196078431372549,5.0,ok,3.3883976168077767,1,0.24563233802838136,0.7268724940035504,True,,True,1.0,0.51,0.004,20.0,True,1.0,0.51,0.004,3.3883976168077767,1.0,1.0,50,henon,noise:00181,False,False,assessed,ok,1,,True,1.0,0.0,0.0,0.0,0.0,256,14.628376831999958
0.14,0.5,291.3,171.53,20260823,,0.6570072929947673,378400350,7,False,noise,True,13,160,0.09381897436527935,0.6059745367857245,,8,3,True,False,one_sample,250,2490.0,0,50,50.0,0.1568627450980392,5.457869057194071,ok,1.6982452049204222,2,0.25069154925207077,0.7280838396019237,True,,True,0.0,0.0,0.0,20.0,True,1.0,0.27,0.004,1.6982452049204222,1.0,1.0,50,henon,noise:00182,False,False,assessed,ok,1,,True,1.0,0.0,0.0,0.0,0.0,256,15.716506875999585
0.26,0.5,273.84000000000003,193.88,20260823,,0.738687850102218,1663362928,8,False,noise,False,10,157,0.12240928417312563,0.6749586335467598,,11,3,True,False,one_sample,249,2480.0,0,50,50.0,0.27450980392156865,5.0,ok,1.412420053641428,3,0.26815004134830606,0.7190745433664382,True,,True,0.0,0.0,0.0,20.0,True,1.0,0.62,0.004016064257028112,1.412420053641428,1.0,1.0,50,henon,noise:00183,False,False,assessed,ok,1,,True,1.0,0.0,0.0,0.0,0.0,256,15.944879379999293
0.22,0.5,280.12,184.22000000000003,20260823,,0.7709336310783643,1537020589,8,False,noise,False,10,139,0.1255236683806082,0.6419885043670595,,13,3,True,False,one_sample,249,2480.0,0,50,50.0,0.23529411764705882,5.0,ok,1.5205732276625772,4,0.27334320104750476,0.7150633432776712,True,,True,0.0,0.0,0.0,20.0,True,1.0,0.69,0.004016064257028112,1.5205732276625772,1.0,1.0,50,henon,noise:00184,False,False,assessed,ok,1,,True,1.0,0.0,0.0,0.0,0.0,256,15.240677845000391
0.9,0.5,87.0,167.69,20260823,,0.7746405947488301,1462996361,8,False,noise,True,13,136,0.09519825648144387,0.6260688041995613,,10,3,True,False,one_sample,249,2480.0,0,50,50.0,0.9019607843137255,5.0,ok,0.5188144790983362,5,0.26557885960317484,0.7110954756241971,True,,True,0.0,0.0,0.0,20.0,True,1.0,0.57,0.004016064257028112,0.5188144790983362,1.0,1.0,50,henon,noise:00185,False,False,assessed,ok,1,,True,1.0,0.0,0.0,0.0,0.0,256,16.329035495000426
0.2,0.5,223.88,150.38,20260823,,0.691051278305554,1666659224,7,False,noise,False,8,193,0.1341941741342636,0.6255614484963629,,9,3,True,False,one_sample,250,2490.0,0,50,50.0,0.21568627450980393,7.883904600184735,ok,1.4887618034313073,6,0.2637969956004378,0.7180171880253172,True,,True,0.0,0.0,0.0,20.0,True,1.0,0.26,0.004,1.4887618034313073,1.0,1.0,50,henon,noise:00186,False,False,assessed,ok,1,,True,1.0,0.0,0.0,0.0,0.0,256,12.655666728999677
0.14,0.5,292.55999999999995,208.44000000000003,20260823,,0.9888485522470061,1523205322,9,False,noise,True,13,148,0.0894204031187146,0.6142418330079957,,9,3,True,False,one_sample,248,2470.0,0,50,50.0,0.1568627450980392,5.0,ok,1.4035693724812892,7,0.28476011651245714,0.7057007045497768,True,,True,0.0,0.0,0.0,20.0,True,1.0,0.94,0.004032258064516129,1.4035693724812892,1.0,1.0,50,henon,noise:00187,False,False,assessed,ok,1,,True,1.0,0.0,0.0,0.0,0.0,256,17.935691235000377
0.1,0.5,280.68,176.16000000000003,20260823,,0.6609595631654688,273461635,7,False,noise,False,7,190,0.1705063169210847,0.7280781554482916,,11,4,True,False,one_sample,250,2489.0,0,50,50.0,0.11764705882352941,5.167907445172754,ok,1.5933242506811987,8,0.21340837841867918,0.7540956639392614,True,,True,0.0,0.0,0.0,20.0,True,2.0,0.22,0.008,1.5933242506811987,2.0,2.0,50,henon,noise:00188,False,False,assessed,ok,1,,True,2.0,0.0,0.0,0.0,0.0,256,15.902408826000283
0.1,0.5,331.78,185.78,20260823,,0.8913887208756469,1502100350,8,False,noise,False,10,148,0.11230749580119957,0.6118910735322266,,12,3,True,False,one_sample,249,2480.0,0,50,50.0,0.11764705882352941,5.0,ok,1.7858757670362793,9,0.2672344128127154,0.7193276858355988,True,,True,0.0,0.0,0.0,20.0,True,1.0,0.855,0.004016064257028112,1.7858757670362793,1.0,1.0,50,henon,noise:00189,False,False,assessed,ok,1,,True,1.0,0.0,0.0,0.0,0.0,256,15.987464103000093
0.06,0.5,250.53999999999996,155.53999999999996,20260823,,0.6792759654206192,2679122804,7,False,noise,False,8,186,0.13935519917808867,0.6455142026658527,,10,3,True,False,one_sample,250,2490.0,0,50,50.0,0.0784313725490196,5.0,ok,1.610775363250611,10,0.22440612426399897,0.7399910215669875,True,,True,0.0,0.0,0.0,20.0,True,1.0,0.4,0.004,1.610775363250611,1.0,1.0,50,henon,noise:00190,False,False,assessed,ok,1,,True,1.0,0.0,0.0,0.0,0.0,256,15.537767590999465
0.3,0.5,308.22,261.32,20260823,,1.3384296181090292,3697673766,11,False,noise,False,11,166,0.10940533862635618,0.6638425661705163,,9,3,True,False,one_sample,246,2450.0,0,50,50.0,0.3137254901960784,5.0,ok,1.179473442522578,11,0.26842998285962316,0.7202989096465718,True,,True,0.0,0.0,0.0,20.0,True,1.0,1.0,0.0040650406504065045,1.179473442522578,1.0,1.0,50,henon,noise:00191,False,False,assessed,ok,1,,True,1.0,0.0,0.0,0.0,0.0,256,21.439822917999663
0.0,0.5,470.66,127.72999999999999,20260823,,0.5773217322379358,732492722,6,False,noise,False,7,184,0.16354778609096557,0.7088031215667738,,12,3,True,False,one_sample,251,2500.0,0,50,50.0,0.0196078431372549,12.17545852250101,ok,3.6848038831911065,12,0.257350338813847,0.7187364426121831,True,,True,1.0,0.215,0.00398406374501992,20.0,True,1.0,0.215,0.00398406374501992,3.6848038831911065,1.0,1.0,50,henon,noise:00192,False,False,assessed,ok,1,,True,1.0,0.0,0.0,0.0,0.0,256,14.118509382000411
0.0,0.5,467.14,170.18,20260823,,1.0582750688582963,2650272499,9,False,noise,False,10,166,0.10705240306092036,0.5762724666362529,,10,3,True,False,one_sample,248,2470.0,0,50,50.0,0.0196078431372549,5.0,ok,2.7449759078622633,13,0.2401704162695951,0.7337719079130326,True,,True,1.0,0.985,0.004032258064516129,20.0,True,1.0,0.985,0.004032258064516129,2.7449759078622633,1.0,1.0,50,henon,noise:00193,False,False,assessed,ok,1,,True,1.0,0.0,0.0,0.0,0.0,256,17.62571403899983
0.52,0.5,189.88,197.15,20260823,,0.576019876813532,2582023415,7,False,noise,True,13,172,0.0912134343025573,0.6619711513993721,,7,3,True,False,one_sample,250,2490.0,0,50,50.0,0.5294117647058824,5.0,ok,0.9631245244737509,14,0.21004081195759444,0.7601054189943544,True,,True,0.0,0.0,0.0,20.0,True,2.0,0.075,0.008,0.9631245244737509,2.0,2.0,50,henon,noise:00194,False,False,assessed,ok,1,,True,2.0,0.0,0.0,0.0,0.0,256,13.925009831999887
0.18,0.5,278.22,209.81,20260823,,0.8478594821371306,2534286796,8,False,noise,False,10,166,0.11414709510862794,0.6430143481780752,,10,3,True,False,one_sample,249,2480.0,0,50,50.0,0.19607843137254902,5.0,ok,1.3260569086316192,15,0.24715112194594843,0.7323539539015023,True,,True,0.0,0.0,0.0,20.0,True,1.0,0.615,0.004016064257028112,1.3260569086316192,1.0,1.0,50,henon,noise:00195,False,False,assessed,ok,1,,True,1.0,0.0,0.0,0.0,0.0,256,14.621587515000101
0.0,0.5,511.22,146.69,20260823,,0.791302947923151,2578131799,8,False,noise,False,10,148,0.09973079011980265,0.5996031492256318,,12,3,True,False,one_sample,249,2480.0,0,50,50.0,0.0196078431372549,5.0,ok,3.485036471470448,16,0.24560728368638324,0.7277638792340978,True,,True,1.0,0.475,0.004016064257028112,20.0,True,1.0,0.475,0.004016064257028112,3.485036471470448,1.0,1.0,50,henon,noise:00196,False,False,assessed,ok,1,,True,1.0,0.0,0.0,0.0,0.0,256,15.214406306000456
0.0,0.5,501.84000000000003,196.48000000000002,20260823,,0.6161673832421565,1990281096,7,False,noise,False,8,193,0.1338617627597369,0.641996805960491,,9,3,True,False,one_sample,250,2490.0,0,50,50.0,0.0196078431372549,5.0,ok,2.554153094462541,17,0.24467456576155672,0.7403599638095036,True,,True,1.0,0.15,0.004,20.0,True,2.0,0.25,0.008,2.554153094462541,2.0,2.0,50,henon,noise:00197,False,False,assessed,ok,1,,True,2.0,0.0,0.0,0.0,0.0,256,15.292710794999948
0.28,0.5,218.06,164.77,20260823,,0.8558341219703447,2053305126,8,False,noise,False,8,193,0.1578486686764995,0.7429141930879369,,9,3,True,False,one_sample,249,2480.0,0,50,50.0,0.29411764705882354,5.0,ok,1.323420525581113,18,0.2586439401023045,0.7273841420315342,True,,True,0.0,0.0,0.0,20.0,True,1.0,0.76,0.004016064257028112,1.323420525581113,1.0,1.0,50,henon,noise:00198,False,False,assessed,ok,1,,True,1.0,0.0,0.0,0.0,0.0,256,15.933259141000235
0.0,0.5,425.65999999999997,161.7,20260823,,0.688073019176921,1511984254,7,False,noise,False,8,207,0.13370937450456644,0.6453490897091934,,7,3,True,False,one_sample,250,2490.0,0,50,50.0,0.0196078431372549,8.75522692220258,ok,2.6324056895485466,19,0.2626494939826892,0.7243925475828912,True,,True,1.0,0.255,0.004,20.0,True,2.0,0.39,0.008,2.6324056895485466,2.0,2.0,50,henon,noise:00199,False,False,assessed,ok,1,,True,2.0,0.0,0.0,0.0,0.0,256,16.008788371000264
0.28,0.5,262.20000000000005,203.30999999999997,20260823,,1.0357459767469321,3364347009,9,False,noise,False,7,202,0.1602673416313478,0.6926367015264243,,9,3,True,False,one_sample,248,2470.0,0,50,50.0,0.29411764705882354,5.0,ok,1.2896561900545969,20,0.2451362340733786,0.72703746704523,True,,True,0.0,0.0,0.0,20.0,True,1.0,0.995,0.004032258064516129,1.2896561900545969,1.0,1.0,50,henon,noise:00200,False,False,assessed,ok,1,,True,1.0,0.0,0.0,0.0,0.0,256,17.71043490900047
0.1,0.5,356.92,211.94,20260823,,0.9203312756724507,4081926746,8,False,noise,False,8,207,0.14003304448496876,0.6418635257774425,,7,3,True,False,one_sample,249,2480.0,0,50,50.0,0.11764705882352941,5.0,ok,1.684061526847221,21,0.24562075919918994,0.7239157149310338,True,,True,0.0,0.0,0.0,20.0,True,1.0,0.845,0.004016064257028112,1.684061526847221,1.0,1.0,50,henon,noise:00201,False,False,assessed,ok,1,,True,1.0,0.0,0.0,0.0,0.0,256,18.205549891999908
0.7,0.5,151.92,204.71999999999997,20260823,,1.200464031916666,3999581070,10,False,noise,True,13,124,0.08386732775496564,0.5681848238899112,,11,3,True,False,one_sample,247,2460.0,0,50,50.0,0.7058823529411765,5.0,ok,0.7420867526377491,22,0.28331426926712805,0.7117182818251427,True,,True,0.0,0.0,0.0,20.0,True,1.0,1.0,0.004048582995951417,0.7420867526377491,1.0,1.0,50,henon,noise:00202,False,False,assessed,ok,1,,True,1.0,0.0,0.0,0.0,0.0,256,20.821239836999666
0.02,0.5,437.16,189.16000000000003,20260823,,1.2028441047828342,1569788839,10,False,noise,False,9,184,0.12331941116510262,0.6469625907075449,,9,3,True,False,one_sample,247,2460.0,0,50,50.0,0.0392156862745098,5.0,ok,2.31105942059632,23,0.24551550617691958,0.7475943882076009,True,,True,1.0,1.0,0.004048582995951417,20.0,True,1.0,1.0,0.004048582995951417,2.31105942059632,1.0,1.0,50,henon,noise:00203,False,False,assessed,ok,1,,True,1.0,0.0,0.0,0.0,0.0,256,19.488149408000027
0.1,0.5,391.53999999999996,241.14999999999998,20260823,,0.9955343636465912,3026696393,9,False,noise,False,11,176,0.10201516134711106,0.5753772438354801,,8,3,True,False,one_sample,248,2470.0,0,50,50.0,0.11764705882352941,5.0,ok,1.6236367406178727,24,0.23511375625710867,0.7339939241401978,True,,True,0.0,0.0,0.0,20.0,True,1.0,0.96,0.004032258064516129,1.6236367406178727,1.0,1.0,50,henon,noise:00204,False,False,assessed,ok,1,,True,1.0,0.0,0.0,0.0,0.0,256,16.3225849370001
0.2,0.5,309.44000000000005,213.18,20260823,,1.2830594901784678,2378322099,10,False,noise,False,8,193,0.15009399655548375,0.785510140600641,,9,3,True,False,one_sample,247,2460.0,0,50,50.0,0.21568627450980393,5.0,ok,1.4515432967445354,25,0.2553267045290439,0.7209596064591115,True,,True,0.0,0.0,0.0,20.0,True,1.0,1.0,0.004048582995951417,1.4515432967445354,1.0,1.0,50,henon,noise:00205,False,False,assessed,ok,1,,True,1.0,0.0,0.0,0.0,0.0,256,18.94418709599995
0.0,0.5,747.3199999999999,202.48000000000002,20260823,,1.119086367399103,2208778284,9,False,noise,True,13,172,0.10594464701921197,0.6043181541886313,,7,3,True,False,one_sample,248,2470.0,0,50,50.0,0.0196078431372549,5.0,ok,3.6908336625839584,26,0.27910454413334007,0.7059343607788894,True,,True,1.0,0.955,0.004032258064516129,20.0,True,1.0,0.955,0.004032258064516129,3.6908336625839584,1.0,1.0,50,henon,noise:00206,False,False,assessed,ok,1,,True,1.0,0.0,0.0,0.0,0.0,256,16.849741891999656
0.32,0.5,200.17999999999995,174.03,20260823,,0.7722914545288473,2446859969,8,False,noise,False,10,175,0.11052746731799244,0.5986434766702005,,9,3,True,False,one_sample,249,2480.0,0,50,50.0,0.3333333333333333,5.0,ok,1.1502614491754293,27,0.23634727035233521,0.7258688775059448,True,,True,0.0,0.0,0.0,20.0,True,1.0,0.455,0.004016064257028112,1.1502614491754293,1.0,1.0,50,henon,noise:00207,False,False,assessed,ok,1,,True,1.0,0.0,0.0,0.0,0.0,256,16.046774479000305
0.56,0.5,164.95999999999998,188.95,20260823,,0.8944582792167369,955981557,8,False,noise,False,8,193,0.14745367376187293,0.659289675917034,,9,3,True,False,one_sample,249,2480.0,0,50,50.0,0.5686274509803921,5.0,ok,0.8730351944958983,28,0.2668350040713985,0.720910619665138,True,,True,0.0,0.0,0.0,20.0,True,1.0,0.76,0.004016064257028112,0.8730351944958983,1.0,1.0,50,henon,noise:00208,False,False,assessed,ok,1,,True,1.0,0.0,0.0,0.0,0.0,256,15.972686491999411
0.28,0.5,244.46000000000004,176.25,20260823,,1.0354536504515335,874063825,9,False,noise,False,6,206,0.18009676537525435,0.6879451624565271,,10,3,True,False,one_sample,248,2470.0,0,50,50.0,0.29411764705882354,5.0,ok,1.3870070921985818,29,0.255150839233642,0.7298132509389356,True,,True,0.0,0.0,0.0,20.0,True,1.0,0.995,0.004032258064516129,1.3870070921985818,1.0,1.0,50,henon,noise:00209,False,False,assessed,ok,1,,True,1.0,0.0,0.0,0.0,0.0,256,17.62666424300005
0.12,0.5,346.82,204.98000000000002,20260823,,1.1223707791534272,493659376,9,False,noise,False,8,221,0.039076670111693,0.051655737891235454,,5,3,True,False,one_sample,248,2470.0,0,50,50.0,0.13725490196078433,5.0,ok,1.6919699482876376,0,0.2674909348792998,0.7368087727256721,True,,True,0.0,0.0,0.0,10.0,True,1.0,1.0,0.004032258064516129,1.6919699482876376,1.0,1.0,50,henon,noise:00210,False,False,assessed,ok,1,,True,1.0,0.0,0.0,0.0,0.0,256,17.784481472000152
0.18,0.5,414.76,253.72000000000003,20260823,,1.648726419905438,216778323,11,False,noise,False,11,196,0.09330421963517968,0.5211548729140116,,6,3,True,False,one_sample,246,2450.0,0,50,50.0,0.19607843137254902,5.0,ok,1.6347154343370642,1,0.23307402739007055,0.7411837136991327,True,,True,0.0,0.0,0.0,10.0,True,1.0,1.0,0.0040650406504065045,1.6347154343370642,1.0,1.0,50,henon,noise:00211,False,False,assessed,ok,1,,True,1.0,0.0,0.0,0.0,0.0,256,21.188627221000388
0.88,0.48,112.62,207.22000000000003,20260823,,0.9482354233445822,378400350,8,False,noise,False,11,216,0.032191156955909205,0.040358264187653425,,4,3,True,False,one_sample,249,2480.0,0,50,50.0,0.8823529411764706,5.0,ok,0.5434803590387027,2,0.26497494556756457,0.7665433612806732,True,,True,0.0,0.0,0.0,10.0,True,1.0,0.99,0.004016064257028112,0.5434803590387027,1.0,1.0,50,henon,noise:00212,False,False,assessed,ok,1,,True,1.0,0.0,0.0,0.0,0.0,256,16.502140390000022
0.54,0.5,162.26,168.60999999999999,20260823,,0.8936903745123439,1663362928,7,False,noise,False,9,208,0.10892373388256542,0.5054893260120471,,6,3,True,False,one_sample,250,2490.0,0,50,50.0,0.5490196078431373,5.0,ok,0.9623391257932508,3,0.2603429676776837,0.7334152667130985,True,,True,0.0,0.0,0.0,10.0,True,1.0,1.0,0.004,0.9623391257932508,1.0,1.0,50,henon,noise:00213,False,False,assessed,ok,1,,True,1.0,0.0,0.0,0.0,0.0,256,14.48430301100052
0.34,0.5,298.0,237.25,20260823,,1.2982768756028364,1537020589,9,False,noise,False,7,220,0.12475505375228355,0.47852870137378734,,6,3,True,False,one_sample,248,2470.0,0,50,50.0,0.35294117647058826,5.0,ok,1.256059009483667,4,0.2794358590877569,0.7060347167880047,True,,True,0.0,0.0,0.0,10.0,True,1.0,1.0,0.004032258064516129,1.256059009483667,1.0,1.0,50,henon,noise:00214,False,False,assessed,ok,1,,True,1.0,0.0,0.0,0.0,0.0,256,18.549283620000097
0.06,0.5,328.20000000000005,190.63,20260823,,0.8112829344535184,1462996361,7,False,noise,False,10,202,0.09069121093176986,0.43748047049367855,,6,3,True,False,one_sample,250,2490.0,0,50,50.0,0.0784313725490196,5.0,ok,1.721659759744007,5,0.2755087893023309,0.7600098748471755,True,,True,0.0,0.0,0.0,10.0,True,1.0,0.955,0.004,1.721659759744007,1.0,1.0,50,henon,noise:00215,False,False,assessed,ok,1,,True,1.0,0.0,0.0,0.0,0.0,256,12.731254266999713
0.84,0.5,132.62,201.03000000000003,20260823,,1.0048592905997904,1666659224,8,False,noise,False,9,176,0.11319640711101672,0.5543969516070084,,10,3,True,False,one_sample,249,2480.0,0,50,50.0,0.8431372549019608,5.0,ok,0.6597025319604038,6,0.2648628043429949,0.75296805946674,True,,True,0.0,0.0,0.0,10.0,True,1.0,1.0,0.004016064257028112,0.6597025319604038,1.0,1.0,50,henon,noise:00216,False,False,assessed,ok,1,,True,1.0,0.0,0.0,0.0,0.0,256,16.74864599800003
0.06,0.5,572.8,261.42,20260823,,1.196277858920676,1523205322,11,False,noise,True,13,184,0.08298644064939743,0.49790397301723366,,6,3,True,False,one_sample,246,2450.0,0,50,50.0,0.0784313725490196,5.0,ok,2.191110091041236,7,0.30530122824013445,0.7320109832220429,True,,True,0.0,0.0,0.0,10.0,True,1.0,1.0,0.0040650406504065045,2.191110091041236,1.0,1.0,50,henon,noise:00217,False,False,assessed,ok,1,,True,1.0,0.0,0.0,0.0,0.0,256,23.301618583000163
0.1,0.5,239.05999999999995,157.3,20260823,,1.0124775580990533,273461635,8,False,noise,False,7,226,0.051515497843410876,0.07398417559765391,,5,4,True,False,one_sample,249,2480.0,0,50,50.0,0.13725490196078433,5.0,ok,1.5197711379529557,8,0.21279813220358482,0.7543239538127249,True,,True,0.0,0.0,0.0,10.0,True,1.0,1.0,0.004016064257028112,1.5197711379529557,1.0,1.0,50,henon,noise:00218,False,False,assessed,ok,1,,True,1.0,0.0,0.0,0.0,0.0,256,16.412493200000426
0.5,0.5,152.4,152.39999999999998,20260823,,0.6923731901588303,1502100350,6,False,noise,False,10,193,0.11314809209247524,0.557790744611077,,7,3,True,False,one_sample,251,2500.0,0,50,50.0,0.5098039215686274,7.008988563282151,ok,1.0000000000000002,9,0.2565274977837381,0.7306566068353403,True,,True,0.0,0.0,0.0,10.0,True,1.0,0.935,0.00398406374501992,1.0000000000000002,1.0,1.0,50,henon,noise:00219,False,False,assessed,ok,1,,True,1.0,0.0,0.0,0.0,0.0,256,12.152674828000272
0.06,0.5,312.62,188.77,20260823,,0.9059235919893043,2679122804,7,False,noise,False,8,207,0.12670948251215908,0.5649374016285229,,7,3,True,False,one_sample,250,2490.0,0,50,50.0,0.0784313725490196,5.0,ok,1.6560894209885044,10,0.2353076059889555,0.7882819274704862,True,,True,0.0,0.0,0.0,10.0,True,1.0,0.95,0.004,1.6560894209885044,1.0,1.0,50,henon,noise:00220,False,False,assessed,ok,1,,True,1.0,0.0,0.0,0.0,0.0,256,14.136281002000032
0.68,0.5,178.10000000000002,251.41999999999996,20260823,,1.2221132074546546,3697673766,10,False,noise,False,10,202,0.09136355197114174,0.5510927579211677,,6,3,True,False,one_sample,247,2460.0,0,50,50.0,0.6862745098039216,5.0,ok,0.7083764219234748,11,0.28411914497931634,0.7368868426148836,True,,True,0.0,0.0,0.0,10.0,True,1.0,1.0,0.004048582995951417,0.7083764219234748,1.0,1.0,50,henon,noise:00221,False,False,assessed,ok,1,,True,1.0,0.0,0.0,0.0,0.0,256,19.632922030999907
0.5,0.5,208.67999999999995,209.73999999999998,20260823,,0.7797548190686632,732492722,7,False,noise,False,9,176,0.11462439042981623,0.5682626504650945,,10,3,True,False,one_sample,250,2490.0,0,50,50.0,0.5098039215686274,5.0,ok,0.9949461237722893,12,0.25534106205106344,0.7604787577761525,True,,True,0.0,0.0,0.0,10.0,True,1.0,0.93,0.004,0.9949461237722893,1.0,1.0,50,henon,noise:00222,False,False,assessed,ok,1,,True,1.0,0.0,0.0,0.0,0.0,256,13.040395700999397
0.12,0.5,318.62,214.78,20260823,,0.9545490527535947,2650272499,9,False,noise,True,13,196,0.01639480794282188,0.01341842531616333,,5,3,True,False,one_sample,248,2470.0,0,50,50.0,0.13725490196078433,5.0,ok,1.4834714591675202,13,0.23918586000531644,0.7561117377306638,True,,True,0.0,0.0,0.0,10.0,True,1.0,1.0,0.004032258064516129,1.4834714591675202,1.0,1.0,50,henon,noise:00223,False,False,assessed,ok,1,,True,1.0,0.0,0.0,0.0,0.0,256,18.27883828999984
0.54,0.5,186.24,192.34,20260823,,0.8446845029614645,2582023415,7,False,noise,False,10,211,0.02543408784735573,0.032888697886403695,,5,3,True,False,one_sample,250,2490.0,0,50,50.0,0.5490196078431373,5.0,ok,0.9682853280648851,14,0.22287179481709624,0.7898037886953869,True,,True,0.0,0.0,0.0,10.0,True,1.0,1.0,0.004,0.9682853280648851,1.0,1.0,50,henon,noise:00224,False,False,assessed,ok,1,,True,1.0,0.0,0.0,0.0,0.0,256,15.590819281999757
0.4,0.5,229.29999999999995,212.16999999999996,20260823,,1.0652608733202134,2534286796,8,False,noise,False,10,193,0.09788470880401805,0.48502364830355116,,7,4,True,False,one_sample,249,2480.0,0,50,50.0,0.4117647058823529,5.0,ok,1.0807371447424234,15,0.24213434128579908,0.7437521034239295,True,,True,0.0,0.0,0.0,10.0,True,1.0,1.0,0.004016064257028112,1.0807371447424234,1.0,1.0,50,henon,noise:00225,False,False,assessed,ok,1,,True,1.0,0.0,0.0,0.0,0.0,256,16.259093626000322
0.0,0.5,456.5,212.41000000000003,20260823,,0.9826268152384001,2578131799,8,False,noise,False,7,184,0.1414553913162421,0.6096001556591837,,12,3,True,False,one_sample,249,2480.0,0,50,50.0,0.0196078431372549,5.0,ok,2.1491455204557224,16,0.2528638050075846,0.777003131011644,True,,True,1.0,1.0,0.004016064257028112,10.0,True,1.0,1.0,0.004016064257028112,2.1491455204557224,1.0,1.0,50,henon,noise:00226,False,False,assessed,ok,1,,True,1.0,0.0,0.0,0.0,0.0,256,16.705647543999476
0.04,0.5,638.06,301.09,20260823,,1.4409735888686863,1990281096,11,False,noise,False,7,220,0.13933762163999688,0.5860168166014708,,6,3,True,False,one_sample,246,2450.0,0,50,50.0,0.058823529411764705,5.0,ok,2.1191670264704907,17,0.2371798471027877,0.758414542541242,True,,True,1.0,1.0,0.0040650406504065045,10.0,True,1.0,1.0,0.0040650406504065045,2.1191670264704907,1.0,1.0,50,henon,noise:00227,False,False,assessed,ok,1,,True,1.0,0.0,0.0,0.0,0.0,256,21.0593879019998
0.78,0.5,121.80000000000001,168.9,20260823,,1.0030925370803498,2053305126,8,False,noise,False,11,206,0.029132927913142245,0.03510099919937737,,5,3,True,False,one_sample,249,2480.0,0,50,50.0,0.7843137254901961,5.0,ok,0.7211367673179396,18,0.25443410426680513,0.7703427353285796,True,,True,0.0,0.0,0.0,10.0,True,1.0,1.0,0.004016064257028112,0.7211367673179396,1.0,1.0,50,henon,noise:00228,False,False,assessed,ok,1,,True,1.0,0.0,0.0,0.0,0.0,256,16.35837551700024
0.66,0.5,157.95999999999998,186.97,20260823,,1.03140178211267,1511984254,8,False,noise,False,9,216,0.03619702226185462,0.05709924840667013,,5,3,True,False,one_sample,249,2480.0,0,50,50.0,0.6666666666666666,5.0,ok,0.8448414184093704,19,0.26365816661062713,0.7540170016434447,True,,True,0.0,0.0,0.0,10.0,True,2.0,1.0,0.008032128514056224,0.8448414184093704,2.0,2.0,50,henon,noise:00229,False,False,assessed,ok,1,,True,2.0,0.0,0.0,0.0,0.0,256,16.792310522999287
0.38,0.5,317.26,271.85,20260823,,1.41007375808614,3364347009,11,False,noise,False,10,211,0.03327012150662945,0.03921737460862196,,5,3,True,False,one_sample,246,2450.0,0,50,50.0,0.39215686274509803,5.0,ok,1.1670406474158541,20,0.24962470860027358,0.7727802272266213,True,,True,0.0,0.0,0.0,10.0,True,1.0,1.0,0.0040650406504065045,1.1670406474158541,1.0,1.0,50,henon,noise:00230,False,False,assessed,ok,1,,True,1.0,0.0,0.0,0.0,0.0,256,20.93794216799961
0.12,0.5,332.76,200.8,20260823,,1.4015187618042462,4081926746,10,False,noise,False,10,211,0.01893027106187334,0.010877667108998512,,5,3,True,False,one_sample,247,2460.0,0,50,50.0,0.13725490196078433,5.0,ok,1.6571713147410356,21,0.25277696576486997,0.7696245946328171,True,,True,0.0,0.0,0.0,10.0,True,1.0,1.0,0.004048582995951417,1.6571713147410356,1.0,1.0,50,henon,noise:00231,False,False,assessed,ok,1,,True,1.0,0.0,0.0,0.0,0.0,256,19.327505621000455
0.26,0.5,301.15999999999997,203.84000000000003,20260823,,1.0642541777380838,3999581070,9,False,noise,False,9,200,0.1207519767591826,0.5921235935899374,,7,3,True,False,one_sample,248,2470.0,0,50,50.0,0.27450980392156865,5.0,ok,1.4774332810047093,22,0.26675426717062245,0.7359165293306449,True,,True,0.0,0.0,0.0,10.0,True,1.0,1.0,0.004032258064516129,1.4774332810047093,1.0,1.0,50,henon,noise:00232,False,False,assessed,ok,1,,True,1.0,0.0,0.0,0.0,0.0,256,17.791255575999458
0.98,0.5,85.5,181.31,20260823,,1.016241134824937,1569788839,8,False,noise,False,7,220,0.1423551445139239,0.5319434644389931,,6,3,True,False,one_sample,249,2480.0,0,50,50.0,0.9803921568627451,5.0,ok,0.4715680326512603,23,0.2669678718696679,0.7694317534266419,True,,True,0.0,0.0,0.0,10.0,True,1.0,1.0,0.004016064257028112,0.4715680326512603,1.0,1.0,50,henon,noise:00233,False,False,assessed,ok,1,,True,1.0,0.0,0.0,0.0,0.0,256,17.126037441000335
0.68,0.5,150.89999999999998,195.12,20260823,,0.9396242241227297,3026696393,8,False,noise,True,13,160,0.08979479940162073,0.575204498474754,,8,3,True,False,one_sample,249,2480.0,0,50,50.0,0.6862745098039216,5.0,ok,0.7733702337023369,24,0.21971361314085658,0.7635045797447549,True,,True,0.0,0.0,0.0,10.0,True,1.0,1.0,0.004016064257028112,0.7733702337023369,1.0,1.0,50,henon,noise:00234,False,False,assessed,ok,1,,True,1.0,0.0,0.0,0.0,0.0,256,16.24639098500029
,,,,20260823,,,2378322099,13,True,noise,False,9,200,0.11604130102679919,0.5482573867440228,,7,3,True,False,one_sample,0,,0,50,,,,,,25,0.28530374757110927,0.7518731461532813,False,,True,,,,10.0,True,,,,,,,50,henon,noise:00235,True,False,not_assessed_detector_failure,embedding_not_saturated,1,,False,,,,,,256,0.8210129439994489
0.06,0.5,445.26,222.32999999999998,20260823,,0.9873003996516441,2208778284,8,False,noise,False,11,176,0.10526965865334828,0.547747037326713,,8,3,True,False,one_sample,249,2480.0,0,50,50.0,0.0784313725490196,5.0,ok,2.0026986911347997,26,0.2984191211050018,0.7481339294863355,True,,True,0.0,0.0,0.0,10.0,True,1.0,0.98,0.004016064257028112,2.0026986911347997,1.0,1.0,50,henon,noise:00236,False,False,assessed,ok,1,,True,1.0,0.0,0.0,0.0,0.0,256,16.35085468000034
0.22,0.5,284.03999999999996,200.32,20260823,,1.1427518847165758,2446859969,9,False,noise,False,10,211,0.025958705960725716,0.029645720912769846,,5,3,True,False,one_sample,248,2470.0,0,50,50.0,0.23529411764705882,5.0,ok,1.4179313099041533,27,0.26159909050170843,0.7709512483496042,True,,True,0.0,0.0,0.0,10.0,True,1.0,1.0,0.004032258064516129,1.4179313099041533,1.0,1.0,50,henon,noise:00237,False,False,assessed,ok,1,,True,1.0,0.0,0.0,0.0,0.0,256,17.85291824700016
0.96,0.5,109.46000000000004,283.19,20260823,,1.580729679493138,955981557,11,False,noise,False,6,231,0.06660682302246317,0.12334045459951448,,5,3,True,False,one_sample,246,2450.0,0,50,50.0,0.9607843137254902,5.0,ok,0.3865249479148276,28,0.23781895562496608,0.7495999197529386,True,,True,0.0,0.0,0.0,10.0,True,1.0,1.0,0.0040650406504065045,0.3865249479148276,1.0,1.0,50,henon,noise:00238,False,False,assessed,ok,1,,True,1.0,0.0,0.0,0.0,0.0,256,21.143907196999862
0.2,0.5,263.1,189.01000000000002,20260823,,0.8648180143432218,874063825,7,False,noise,False,8,221,0.041309775004297944,0.04323608921659938,,5,3,True,False,one_sample,250,2490.0,0,50,50.0,0.21568627450980393,5.0,ok,1.3919898418073118,29,0.26176652966974423,0.7937369955817191,True,,True,0.0,0.0,0.0,10.0,True,2.0,1.0,0.008,1.3919898418073118,2.0,2.0,50,henon,noise:00239,False,False,assessed,ok,1,,True,2.0,0.0,0.0,0.0,0.0,256,15.2442504619994
0.88,0.5,152.26,263.1,20260823,,1.2706128250501951,493659376,9,False,noise,False,9,224,0.054268116677909595,0.09242527180919469,,4,3,True,False,one_sample,248,2470.0,0,50,50.0,0.8823529411764706,5.0,ok,0.5787153173698213,0,0.22764866936778977,0.8013406339582035,True,,True,0.0,0.0,0.0,5.0,True,1.0,1.0,0.004032258064516129,0.5787153173698213,1.0,1.0,50,henon,noise:00240,False,False,assessed,ok,1,,True,1.0,0.0,0.0,0.0,0.0,256,17.65309854000043
0.0,0.5,405.56,194.9,20260823,,1.0700214353425288,216778323,7,False,noise,False,11,216,0.03994625576135791,0.0762036437092104,,4,3,True,False,one_sample,250,2490.0,0,50,50.0,0.0196078431372549,5.0,ok,2.080861980502822,1,0.1978223121992747,0.8307826849302742,True,,True,1.0,1.0,0.004,5.0,True,2.0,1.0,0.008,2.080861980502822,2.0,2.0,50,henon,noise:00241,False,False,assessed,ok,1,,True,2.0,0.0,0.0,0.0,0.0,256,15.074153124000077
0.4,0.5,270.41999999999996,243.94000000000005,20260823,,1.0729592584197456,378400350,8,False,noise,False,11,206,0.014611699999337464,0.009147008548870628,,5,3,True,False,one_sample,249,2480.0,0,50,50.0,0.4117647058823529,5.0,ok,1.1085512831024018,2,0.2366688531529422,0.8340116157884622,True,,True,0.0,0.0,0.0,5.0,True,1.0,1.0,0.004016064257028112,1.1085512831024018,1.0,1.0,50,henon,noise:00242,False,False,assessed,ok,1,,True,1.0,0.0,0.0,0.0,0.0,256,14.562286934999975
0.02,0.5,374.6,160.48000000000002,20260823,,0.7361507724851455,1663362928,6,False,noise,False,11,206,0.017529897112451013,0.01221989883257224,,5,3,True,False,one_sample,251,2499.0,0,50,50.0,0.0392156862745098,5.0,ok,2.3342472582253238,3,0.294387996595346,0.8612947747343771,True,,True,1.0,0.98,0.00398406374501992,5.0,True,1.0,0.98,0.00398406374501992,2.3342472582253238,1.0,1.0,50,henon,noise:00243,False,False,assessed,ok,1,,True,1.0,0.0,0.0,0.0,0.0,256,10.752028981999501
0.84,0.5,118.69999999999999,210.39000000000001,20260823,,1.7057311203235888,1537020589,11,False,noise,False,8,235,0.09223282104543654,0.27012194233286524,,3,3,True,False,one_sample,246,2450.0,0,50,50.0,0.8431372549019608,5.0,ok,0.5641903132278149,4,0.2748045943233416,0.8017366694941661,True,,True,0.0,0.0,0.0,5.0,True,1.0,1.0,0.0040650406504065045,0.5641903132278149,1.0,1.0,50,henon,noise:00244,False,False,assessed,ok,1,,True,1.0,0.0,0.0,0.0,0.0,256,23.259822998000345
0.04,0.5,466.68,236.41999999999996,20260823,,1.1175719441103362,1462996361,8,False,noise,False,11,226,0.07860903417154406,0.22367219671756766,,3,3,True,False,one_sample,249,2480.0,0,50,50.0,0.058823529411764705,5.0,ok,1.9739446747314107,5,0.26204056377745816,0.8363819310584446,True,,True,1.0,1.0,0.004016064257028112,5.0,True,1.0,1.0,0.004016064257028112,1.9739446747314107,1.0,1.0,50,henon,noise:00245,False,False,assessed,ok,1,,True,1.0,0.0,0.0,0.0,0.0,256,14.789454159999877
0.9,0.5,135.8,271.63,20260823,,1.2993033180232574,1666659224,9,False,noise,False,11,196,0.09212778255359949,0.42189384974683664,,6,3,True,False,one_sample,248,2470.0,0,50,50.0,0.9019607843137255,5.0,ok,0.4999447778227737,6,0.25406301447544877,0.8201550414411765,True,,True,0.0,0.0,0.0,5.0,True,1.0,1.0,0.004032258064516129,0.4999447778227737,1.0,1.0,50,henon,noise:00246,False,False,assessed,ok,1,,True,1.0,0.0,0.0,0.0,0.0,256,17.65858141999979
0.9,0.5,120.89999999999998,204.45999999999998,20260823,,1.019556180783571,1523205322,7,False,noise,False,10,229,0.0819160332243892,0.21863313585683608,,3,3,True,False,one_sample,250,2490.0,0,50,50.0,0.9019607843137255,5.0,ok,0.5913137043920571,7,0.28867148649177554,0.8238897359664714,True,,True,0.0,0.0,0.0,5.0,True,1.0,1.0,0.004,0.5913137043920571,1.0,1.0,50,henon,noise:00247,False,False,assessed,ok,1,,True,1.0,0.0,0.0,0.0,0.0,256,13.146174166000492
0.08,0.5,357.4,198.56000000000003,20260823,,1.009134177040567,273461635,7,False,noise,False,11,186,0.09558765344094156,0.4970738793247611,,7,3,True,False,one_sample,250,2490.0,0,50,50.0,0.09803921568627451,5.0,ok,1.7999597099113613,8,0.21448983880324107,0.8561064475937437,True,,True,0.0,0.0,0.0,5.0,True,2.0,1.0,0.008,1.7999597099113613,2.0,2.0,50,henon,noise:00248,False,False,assessed,ok,1,,True,2.0,0.0,0.0,0.0,0.0,256,15.290246395000395
0.2,0.5,270.74,205.37,20260823,,0.9601731876323294,1502100350,7,False,noise,False,9,224,0.04936895775352061,0.0925719159631111,,4,3,True,False,one_sample,250,2490.0,0,50,50.0,0.21568627450980393,5.0,ok,1.318303549690802,9,0.2685279274250944,0.8143703238446328,True,,True,0.0,0.0,0.0,5.0,True,1.0,1.0,0.004,1.318303549690802,1.0,1.0,50,henon,noise:00249,False,False,assessed,ok,1,,True,1.0,0.0,0.0,0.0,0.0,256,15.259152003000054
0.64,0.5,244.68,305.51,20260823,,1.3270008995889975,2679122804,9,False,noise,False,7,232,0.06967731812194129,0.10275156032686716,,4,4,True,False,one_sample,248,2470.0,0,50,50.0,0.6470588235294118,5.0,ok,0.8008903145559884,10,0.24416542521172357,0.8235848925579431,True,,True,0.0,0.0,0.0,5.0,True,1.0,1.0,0.004032258064516129,0.8008903145559884,1.0,1.0,50,henon,noise:00250,False,False,assessed,ok,1,,True,1.0,0.0,0.0,0.0,0.0,256,17.562835908000125
0.74,0.5,133.7,162.8,20260823,,0.919036309759171,3697673766,6,False,noise,False,8,235,0.09879421700403182,0.25299386906829235,,3,3,True,False,one_sample,251,2500.0,0,50,50.0,0.7450980392156863,6.912708318139288,ok,0.8212530712530711,11,0.3226665178431437,0.8014784939912717,True,,True,0.0,0.0,0.0,5.0,True,3.0,1.0,0.01195219123505976,0.8212530712530711,3.0,3.0,50,henon,noise:00251,False,False,assessed,ok,1,,True,3.0,0.0,0.0,0.0,0.0,256,14.426015731999541
0.28,0.5,283.42,221.66,20260823,,1.0118286583536455,732492722,8,False,noise,False,8,228,0.06506228183051409,0.11443999337818611,,4,3,True,False,one_sample,249,2480.0,0,50,50.0,0.29411764705882354,5.0,ok,1.2786249210502572,12,0.24609402664141278,0.8708418834063782,True,,True,0.0,0.0,0.0,5.0,True,3.0,1.0,0.012048192771084338,1.2786249210502572,3.0,3.0,50,henon,noise:00252,False,False,assessed,ok,1,,True,3.0,0.0,0.0,0.0,0.0,256,16.43056017500021
0.92,0.5,81.51999999999998,221.31,20260823,,0.9090767150827145,2650272499,7,False,noise,False,9,232,0.10219951107071441,0.2767521962178926,,3,3,True,False,one_sample,250,2490.0,0,50,50.0,0.9215686274509803,5.0,ok,0.36835208531019825,13,0.20132016808049003,0.8175741123568249,True,,True,0.0,0.0,0.0,5.0,True,2.0,1.0,0.008,0.36835208531019825,2.0,2.0,50,henon,noise:00253,False,False,assessed,ok,1,,True,2.0,0.0,0.0,0.0,0.0,256,15.468670969000414
0.78,0.5,167.16,253.21,20260823,,1.152669468485089,2582023415,8,False,noise,True,13,196,0.0063134437831759115,0.0018612414625318596,,5,4,True,False,one_sample,249,2480.0,0,50,50.0,0.7843137254901961,5.0,ok,0.660163500651633,14,0.19425173408214064,0.815905722394053,True,,True,0.0,0.0,0.0,5.0,True,2.0,1.0,0.008032128514056224,0.660163500651633,2.0,2.0,50,henon,noise:00254,False,False,assessed,ok,1,,True,2.0,0.0,0.0,0.0,0.0,256,15.567256495000038
1.0,0.5,43.60000000000002,222.90000000000003,20260823,,1.0838227978389503,2534286796,8,False,noise,False,6,241,0.13567137164923976,0.3011268837805685,,3,4,True,False,one_sample,249,2480.0,0,50,50.0,1.0,5.0,ok,0.19560340960071787,15,0.272584777942617,0.8160216777357839,True,,True,0.0,0.0,0.0,5.0,True,1.0,1.0,0.004016064257028112,0.19560340960071787,1.0,1.0,50,henon,noise:00255,False,False,assessed,ok,1,,True,1.0,0.0,0.0,0.0,0.0,256,15.645260771999347
0.24,0.5,376.64,236.94000000000003,20260823,,1.2600595852249228,2578131799,9,False,noise,False,10,211,0.019844247610458058,0.01137763854698548,,5,3,True,False,one_sample,248,2470.0,0,50,50.0,0.2549019607843137,5.0,ok,1.5896007428040853,16,0.2813303227160878,0.8563170623922632,True,,True,0.0,0.0,0.0,5.0,True,1.0,1.0,0.004032258064516129,1.5896007428040853,1.0,1.0,50,henon,noise:00256,False,False,assessed,ok,1,,True,1.0,0.0,0.0,0.0,0.0,256,16.688181556000018
0.32,0.5,342.94000000000005,228.83000000000004,20260823,,1.5637008380936583,1990281096,10,False,noise,False,5,244,0.15461187002946322,0.38018737101092415,,3,3,True,False,one_sample,247,2460.0,0,50,50.0,0.3333333333333333,5.0,ok,1.4986671328060133,17,0.24089246321927466,0.8579734689221075,True,,True,0.0,0.0,0.0,5.0,True,1.0,1.0,0.004048582995951417,1.4986671328060133,1.0,1.0,50,henon,noise:00257,False,False,assessed,ok,1,,True,1.0,0.0,0.0,0.0,0.0,256,19.88271369299946
0.7,0.5,202.83999999999997,248.83999999999997,20260823,,0.9512832158495753,2053305126,7,False,noise,False,11,206,0.009426293069690865,0.00417750936417971,,5,3,True,False,one_sample,250,2490.0,0,50,50.0,0.7058823529411765,5.0,ok,0.8151422600868028,18,0.30221402332758546,0.8221967309594684,True,,True,0.0,0.0,0.0,5.0,True,2.0,1.0,0.008,0.8151422600868028,2.0,2.0,50,henon,noise:00258,False,False,assessed,ok,1,,True,2.0,0.0,0.0,0.0,0.0,256,13.601083051999922
0.14,0.5,387.9,189.46,20260823,,1.4220637528697824,1511984254,10,False,noise,False,9,208,0.10956634274487503,0.4589955884136656,,6,3,True,False,one_sample,247,2460.0,0,50,50.0,0.1568627450980392,5.0,ok,2.0473978676237725,19,0.24420514930771056,0.8248816073850452,True,,True,0.0,0.0,0.0,5.0,True,2.0,1.0,0.008097165991902834,2.0473978676237725,2.0,2.0,50,henon,noise:00259,False,False,assessed,ok,1,,True,2.0,0.0,0.0,0.0,0.0,256,19.639975576000325
0.64,0.5,224.04000000000002,257.32,20260823,,1.0965391164458265,3364347009,8,False,noise,False,11,216,0.04152796603005287,0.06581817092597653,,4,3,True,False,one_sample,249,2480.0,0,50,50.0,0.6470588235294118,5.0,ok,0.8706668739312918,20,0.25201212937243744,0.8162002029812713,True,,True,0.0,0.0,0.0,5.0,True,2.0,1.0,0.008032128514056224,0.8706668739312918,2.0,2.0,50,henon,noise:00260,False,False,assessed,ok,1,,True,2.0,0.0,0.0,0.0,0.0,256,16.290127858000233
,,,,20260823,,,4081926746,13,True,noise,False,9,216,0.02870255834024865,0.0302036522405692,,5,3,True,False,one_sample,0,,0,50,,,,,,21,0.2777356025682679,0.7884805216681223,False,,True,,,,5.0,True,,,,,,,50,henon,noise:00261,True,False,not_assessed_detector_failure,embedding_not_saturated,1,,False,,,,,,256,0.8466599630000928
0.6,0.5,221.26,257.66,20260823,,1.3288815152252054,3999581070,9,False,noise,True,13,196,0.01309034636479193,0.009061196215104816,,5,3,True,False,one_sample,248,2470.0,0,50,50.0,0.6078431372549019,5.0,ok,0.8587285570131179,22,0.28599946845251145,0.7891532282724064,True,,True,0.0,0.0,0.0,5.0,True,1.0,1.0,0.004032258064516129,0.8587285570131179,1.0,1.0,50,henon,noise:00262,False,False,assessed,ok,1,,True,1.0,0.0,0.0,0.0,0.0,256,17.61241243099994
0.06,0.5,460.08,204.09000000000003,20260823,,1.3889916023015656,1569788839,9,False,noise,False,10,229,0.08537815921330918,0.24016852765532537,,3,3,True,False,one_sample,248,2470.0,0,50,50.0,0.0784313725490196,5.0,ok,2.254299573717477,23,0.2735974408963153,0.81863281024466,True,,True,0.0,0.0,0.0,5.0,True,1.0,1.0,0.004032258064516129,2.254299573717477,1.0,1.0,50,henon,noise:00263,False,False,assessed,ok,1,,True,1.0,0.0,0.0,0.0,0.0,256,18.174596955000197
,,,,20260823,,,3026696393,13,True,noise,False,9,232,0.08574525773744751,0.2210233971722977,,3,3,True,False,one_sample,0,,0,50,,,,,,24,0.21142794645609478,0.8533420911674959,False,,True,,,,5.0,True,,,,,,,50,henon,noise:00264,True,False,not_assessed_detector_failure,embedding_not_saturated,1,,False,,,,,,256,0.8811078139997335
0.62,0.5,196.55999999999995,237.04999999999998,20260823,,0.9648062014785946,2378322099,7,False,noise,False,11,216,0.04262572452810086,0.07571824439592256,,4,3,True,False,one_sample,250,2490.0,0,50,50.0,0.6274509803921569,5.0,ok,0.8291921535541024,25,0.22480999546363745,0.8216074435107472,True,,True,0.0,0.0,0.0,5.0,True,1.0,1.0,0.004,0.8291921535541024,1.0,1.0,50,henon,noise:00265,False,False,assessed,ok,1,,True,1.0,0.0,0.0,0.0,0.0,256,13.806821825000043
0.06,0.5,495.08,237.53000000000003,20260823,,1.1531683329865083,2208778284,8,False,noise,False,10,229,0.08498243655684327,0.22928171767004157,,3,3,True,False,one_sample,249,2480.0,0,50,50.0,0.0784313725490196,5.0,ok,2.0842840904306823,26,0.2607934574861375,0.7996922408481758,True,,True,0.0,0.0,0.0,5.0,True,1.0,1.0,0.004016064257028112,2.0842840904306823,1.0,1.0,50,henon,noise:00266,False,False,assessed,ok,1,,True,1.0,0.0,0.0,0.0,0.0,256,16.42704972699994
,,,,20260823,,,2446859969,13,True,noise,False,8,221,0.03232944203614596,0.0324975864388406,,5,3,True,False,one_sample,0,,0,50,,,,,,27,0.24010182855783455,0.8419883335855571,False,,True,,,,5.0,True,,,,,,,50,henon,noise:00267,True,False,not_assessed_detector_failure,embedding_not_saturated,1,,False,,,,,,256,1.5513615210002172
0.44,0.5,278.6,246.3,20260823,,1.35163503107271,955981557,9,False,noise,False,7,238,0.10570503368582825,0.3015420201669957,,3,3,True,False,one_sample,248,2470.0,0,50,50.0,0.45098039215686275,5.0,ok,1.1311408850994722,28,0.24918210483904704,0.818595273720539,True,,True,0.0,0.0,0.0,5.0,True,1.0,1.0,0.004032258064516129,1.1311408850994722,1.0,1.0,50,henon,noise:00268,False,False,assessed,ok,1,,True,1.0,0.0,0.0,0.0,0.0,256,16.78586189500038
0.84,0.5,129.24,220.11,20260823,,1.1630525548987072,874063825,8,False,noise,False,9,200,0.10840355501089961,0.506459639812747,,7,3,True,False,one_sample,249,2480.0,0,50,50.0,0.8431372549019608,5.0,ok,0.5871609649720594,29,0.31256083030644677,0.7748021048294238,True,,True,0.0,0.0,0.0,5.0,True,1.0,1.0,0.004016064257028112,0.5871609649720594,1.0,1.0,50,henon,noise:00269,False,False,assessed,ok,1,,True,1.0,0.0,0.0,0.0,0.0,256,16.442254018000312
0.32,0.5,274.02,211.64,20260823,,1.3683906135169968,493659376,8,False,noise,False,9,216,0.02161743697942996,0.013145830534819436,,5,3,True,False,one_sample,249,2480.0,0,50,50.0,0.3333333333333333,5.0,ok,1.2947457947457948,0,0.25492148671425385,1.0947099977704122,True,,True,0.0,0.0,0.0,0.0,True,3.0,1.0,0.012048192771084338,1.2947457947457948,3.0,3.0,50,henon,noise:00270,False,False,assessed,ok,1,,True,3.0,0.0,0.0,0.0,0.0,256,15.044092153999372
,,,,20260823,,,216778323,13,True,noise,False,7,238,0.1129954758266355,0.262836010407817,,3,4,True,False,one_sample,0,,0,50,,,,,,1,0.291421031900557,0.9944482334175792,False,,True,,,,0.0,True,,,,,,,50,henon,noise:00271,True,False,not_assessed_detector_failure,embedding_not_saturated,1,,False,,,,,,256,0.834316795999257
0.88,0.5,146.3,289.31,20260823,,1.293602797638981,378400350,8,False,noise,False,9,224,0.05608923702475586,0.0927396657314169,,4,3,True,False,one_sample,249,2480.0,0,50,50.0,0.8823529411764706,5.0,ok,0.5056859424147109,2,0.20220020529811333,1.0080677472074442,True,,True,0.0,0.0,0.0,0.0,True,3.0,1.0,0.012048192771084338,0.5056859424147109,3.0,3.0,50,henon,noise:00272,False,False,assessed,ok,1,,True,3.0,0.0,0.0,0.0,0.0,256,16.750625183999546
0.3,0.5,430.34000000000003,372.44,20260823,,1.4645232432979784,1663362928,11,False,noise,False,8,221,0.026067999228251662,0.016499205439404196,,5,3,True,False,one_sample,246,2450.0,0,50,50.0,0.3137254901960784,5.0,ok,1.1554612823542048,3,0.17597258622393874,1.0490056608938945,True,,True,0.0,0.0,0.0,0.0,True,1.0,1.0,0.0040650406504065045,1.1554612823542048,1.0,1.0,50,henon,noise:00273,False,False,assessed,ok,1,,True,1.0,0.0,0.0,0.0,0.0,256,22.91935379000006
0.82,0.5,170.34000000000003,290.95000000000005,20260823,,1.3873426477608382,1537020589,9,False,noise,False,10,229,0.08359818040809906,0.20787077100729168,,3,3,True,False,one_sample,248,2470.0,0,50,50.0,0.8235294117647058,5.0,ok,0.5854614194878845,4,0.29880407900620387,0.958223138228013,True,,True,0.0,0.0,0.0,0.0,True,1.0,1.0,0.004032258064516129,0.5854614194878845,1.0,1.0,50,henon,noise:00274,False,False,assessed,ok,1,,True,1.0,0.0,0.0,0.0,0.0,256,17.79894366299959
1.0,0.5,61.0,250.27,20260823,,1.432123684452334,1462996361,9,False,noise,False,11,206,0.01611089621025721,0.008992397073200098,,5,3,True,False,one_sample,248,2470.0,0,50,50.0,1.0,5.0,ok,0.24373676429456187,5,0.2543368885078763,0.9555687234565178,True,,True,0.0,0.0,0.0,0.0,True,1.0,1.0,0.004032258064516129,0.24373676429456187,1.0,1.0,50,henon,noise:00275,False,False,assessed,ok,1,,True,1.0,0.0,0.0,0.0,0.0,256,17.50068192799972
0.66,0.5,193.51999999999998,241.03,20260823,,1.2540734111847387,1666659224,8,False,noise,False,8,228,0.06707787771283977,0.11485302171618894,,4,3,True,False,one_sample,249,2480.0,0,50,50.0,0.6666666666666666,5.0,ok,0.8028876073517819,6,0.26691727142345917,1.044762642846964,True,,True,0.0,0.0,0.0,0.0,True,2.0,1.0,0.008032128514056224,0.8028876073517819,2.0,2.0,50,henon,noise:00276,False,False,assessed,ok,1,,True,2.0,0.0,0.0,0.0,0.0,256,14.70397088000027
,,,,20260823,,,1523205322,13,True,noise,False,11,226,0.08185406565719164,0.2112617758434171,,3,3,True,False,one_sample,0,,0,50,,,,,,7,0.2990077003510011,1.0481787287251414,False,,True,,,,0.0,True,,,,,,,50,henon,noise:00277,True,False,not_assessed_detector_failure,embedding_not_saturated,1,,False,,,,,,256,1.774983936999888
,,,,20260823,,,273461635,13,True,noise,False,6,241,0.13791454483752502,0.2740296690747207,,3,4,True,False,one_sample,0,,0,50,,,,,,8,0.2283947988082332,1.037279068387256,False,,True,,,,0.0,True,,,,,,,50,henon,noise:00278,True,False,not_assessed_detector_failure,embedding_not_saturated,1,,False,,,,,,256,1.8785345630003576
0.88,0.5,170.74,321.31999999999994,20260823,,1.3662393889507287,1502100350,10,False,noise,False,9,208,0.101931073206515,0.3993185092496253,,6,3,True,False,one_sample,247,2460.0,0,50,50.0,0.8823529411764706,5.0,ok,0.5313705962903026,9,0.1801231586484666,1.0417652189142022,True,,True,0.0,0.0,0.0,0.0,True,1.0,1.0,0.004048582995951417,0.5313705962903026,1.0,1.0,50,henon,noise:00279,False,False,assessed,ok,1,,True,1.0,0.0,0.0,0.0,0.0,256,20.34338918099911
0.48,0.5,215.08000000000004,208.95,20260823,,1.3101516069856105,2679122804,8,False,noise,False,9,232,0.09618936004062928,0.22757291306151217,,3,4,True,False,one_sample,249,2480.0,0,50,50.0,0.49019607843137253,5.0,ok,1.0293371620004788,10,0.26698518833543927,1.0063557636383758,True,,True,0.0,0.0,0.0,0.0,True,2.0,1.0,0.008032128514056224,1.0293371620004788,2.0,2.0,50,henon,noise:00280,False,False,assessed,ok,1,,True,2.0,0.0,0.0,0.0,0.0,256,14.569427354000254
0.16,0.5,370.28,215.56,20260823,,1.1698284721314978,3697673766,8,False,noise,False,6,221,0.14865506146907514,0.4423582118905893,,7,3,True,False,one_sample,249,2480.0,0,50,50.0,0.17647058823529413,5.0,ok,1.717758396734088,11,0.25020170119704804,1.0930392062688783,True,,True,0.0,0.0,0.0,0.0,True,1.0,1.0,0.004016064257028112,1.717758396734088,1.0,1.0,50,henon,noise:00281,False,False,assessed,ok,1,,True,1.0,0.0,0.0,0.0,0.0,256,15.34526688599999
0.54,0.5,229.29999999999995,252.26000000000002,20260823,,1.0834893539532198,732492722,7,False,noise,False,8,221,0.02425046327994691,0.011633082549251439,,5,3,True,False,one_sample,250,2490.0,0,50,50.0,0.5490196078431373,5.0,ok,0.9089827955284228,12,0.29850112132404033,1.0336982446677487,True,,True,0.0,0.0,0.0,0.0,True,1.0,1.0,0.004,0.9089827955284228,1.0,1.0,50,henon,noise:00282,False,False,assessed,ok,1,,True,1.0,0.0,0.0,0.0,0.0,256,12.427904111999851
0.28,0.5,497.20000000000005,370.78,20260823,,1.777319287240032,2650272499,11,False,noise,False,10,229,0.07827318675254091,0.1885236392315487,,3,3,True,False,one_sample,246,2450.0,0,50,50.0,0.29411764705882354,5.0,ok,1.3409569016667569,13,0.2464250015812018,1.0500296066115666,True,,True,0.0,0.0,0.0,0.0,True,1.0,1.0,0.0040650406504065045,1.3409569016667569,1.0,1.0,50,henon,noise:00283,False,False,assessed,ok,1,,True,1.0,0.0,0.0,0.0,0.0,256,22.256046851000065
0.08,0.5,602.6600000000001,278.96,20260823,,1.1726304438766102,2582023415,9,False,noise,False,9,232,0.089781207898519,0.22864454436782167,,3,4,True,False,one_sample,248,2470.0,0,50,50.0,0.09803921568627451,5.0,ok,2.1603814166905653,14,0.1532201386174119,0.9928110076518976,True,,True,0.0,0.0,0.0,0.0,True,2.0,1.0,0.008064516129032258,2.1603814166905653,2.0,2.0,50,henon,noise:00284,False,False,assessed,ok,1,,True,2.0,0.0,0.0,0.0,0.0,256,16.85882509699968
0.5,0.5,253.51999999999998,253.86,20260823,,1.299458683914703,2534286796,8,False,noise,False,8,228,0.0644978357018692,0.10220652994805002,,4,4,True,False,one_sample,249,2480.0,0,50,50.0,0.5098039215686274,5.0,ok,0.9986606791144724,15,0.2955879931750038,1.058016087548203,True,,True,0.0,0.0,0.0,0.0,True,2.0,1.0,0.008032128514056224,0.9986606791144724,2.0,2.0,50,henon,noise:00285,False,False,assessed,ok,1,,True,2.0,0.0,0.0,0.0,0.0,256,17.04228730199975
0.88,0.5,123.08000000000001,253.64,20260823,,1.2498108380506392,2578131799,8,False,noise,False,9,232,0.0968619677953402,0.22711434634892302,,3,3,True,False,one_sample,249,2480.0,0,50,50.0,0.8823529411764706,5.0,ok,0.48525469168900814,16,0.23881676294552734,1.001642019733669,True,,True,0.0,0.0,0.0,0.0,True,1.0,1.0,0.004016064257028112,0.48525469168900814,1.0,1.0,50,henon,noise:00286,False,False,assessed,ok,1,,True,1.0,0.0,0.0,0.0,0.0,256,14.950955925000017
0.04,0.5,454.1,282.58000000000004,20260823,,1.4321250938994152,1990281096,9,False,noise,False,8,228,0.05614940310743491,0.07314200970730289,,4,3,True,False,one_sample,248,2470.0,0,50,50.0,0.058823529411764705,5.0,ok,1.6069785547455586,17,0.22095960734799336,1.0441692540397782,True,,True,1.0,1.0,0.004032258064516129,0.0,True,1.0,1.0,0.004032258064516129,1.6069785547455586,1.0,1.0,50,henon,noise:00287,False,False,assessed,ok,1,,True,1.0,0.0,0.0,0.0,0.0,256,18.008173380999324
0.6,0.5,225.26,242.65,20260823,,1.3083224815826884,2053305126,9,False,noise,False,8,228,0.0588620022264128,0.08690897710448575,,4,3,True,False,one_sample,248,2470.0,0,50,50.0,0.6078431372549019,5.0,ok,0.9283329899031526,18,0.2303915523979489,1.0465916119411458,True,,True,0.0,0.0,0.0,0.0,True,1.0,1.0,0.004032258064516129,0.9283329899031526,1.0,1.0,50,henon,noise:00288,False,False,assessed,ok,1,,True,1.0,0.0,0.0,0.0,0.0,256,18.461845016000552
0.6,0.5,199.76,213.11,20260823,,1.0199376284347736,1511984254,7,False,noise,False,10,211,0.013624703275518082,0.005508909649581284,,5,4,True,False,one_sample,250,2490.0,0,50,50.0,0.6078431372549019,5.0,ok,0.9373562948711932,19,0.23522822378532182,1.03190385965072,True,,True,0.0,0.0,0.0,0.0,True,1.0,1.0,0.004,0.9373562948711932,1.0,1.0,50,henon,noise:00289,False,False,assessed,ok,1,,True,1.0,0.0,0.0,0.0,0.0,256,15.935981337999692
0.38,0.5,271.29999999999995,238.85999999999999,20260823,,1.3871852573822543,3364347009,10,False,noise,False,7,226,0.0376146294954267,0.03104992525787509,,5,3,True,False,one_sample,247,2460.0,0,50,50.0,0.39215686274509803,5.0,ok,1.1358117725864523,20,0.29593975686325424,0.9516766349627044,True,,True,0.0,0.0,0.0,0.0,True,1.0,1.0,0.004048582995951417,1.1358117725864523,1.0,1.0,50,henon,noise:00290,False,False,assessed,ok,1,,True,1.0,0.0,0.0,0.0,0.0,256,19.39334868200058
0.16,0.5,324.82,240.0,20260823,,0.988408585803822,4081926746,7,False,noise,False,11,206,0.00888785415583147,0.0027679994502948224,,5,3,True,False,one_sample,250,2490.0,0,50,50.0,0.17647058823529413,5.0,ok,1.3534166666666667,21,0.2857741265884293,1.0810683885045995,True,,True,0.0,0.0,0.0,0.0,True,2.0,1.0,0.008,1.3534166666666667,2.0,2.0,50,henon,noise:00291,False,False,assessed,ok,1,,True,2.0,0.0,0.0,0.0,0.0,256,15.963721276999422
0.52,0.5,264.44000000000005,273.26,20260823,,1.3485396840280484,3999581070,9,False,noise,False,8,235,0.09880027308886469,0.22882341812192286,,3,4,True,False,one_sample,248,2470.0,0,50,50.0,0.5294117647058824,5.0,ok,0.9677230476469298,22,0.2940266399912316,0.9703677375011204,True,,True,0.0,0.0,0.0,0.0,True,1.0,1.0,0.004032258064516129,0.9677230476469298,1.0,1.0,50,henon,noise:00292,False,False,assessed,ok,1,,True,1.0,0.0,0.0,0.0,0.0,256,18.284278068000276
0.34,0.5,333.9,274.58,20260823,,1.4250538444336918,1569788839,9,False,noise,False,10,211,0.018724161670649758,0.010999421387893338,,5,4,True,False,one_sample,248,2470.0,0,50,50.0,0.35294117647058826,5.0,ok,1.216039041445116,23,0.2488779644817816,1.002844455057536,True,,True,0.0,0.0,0.0,0.0,True,2.0,1.0,0.008064516129032258,1.216039041445116,2.0,2.0,50,henon,noise:00293,False,False,assessed,ok,1,,True,2.0,0.0,0.0,0.0,0.0,256,17.778990886999964
0.76,0.5,192.16000000000003,292.47,20260823,,1.3222331969804961,3026696393,9,False,noise,False,8,235,0.10726143015929245,0.24413217349643657,,3,4,True,False,one_sample,248,2470.0,0,50,50.0,0.7647058823529411,5.0,ok,0.6570246521010702,24,0.24893712109873606,0.9296406913205499,True,,True,0.0,0.0,0.0,0.0,True,2.0,1.0,0.008064516129032258,0.6570246521010702,2.0,2.0,50,henon,noise:00294,False,False,assessed,ok,1,,True,2.0,0.0,0.0,0.0,0.0,256,17.879529521000222
0.9,0.5,141.0,288.28000000000003,20260823,,1.4536094079814477,2378322099,9,False,noise,False,8,235,0.10614787981658576,0.24708225954468077,,3,4,True,False,one_sample,248,2470.0,0,50,50.0,0.9019607843137255,5.0,ok,0.4891078118495906,25,0.33228040960889604,1.011628701849198,True,,True,0.0,0.0,0.0,0.0,True,3.0,1.0,0.012096774193548387,0.4891078118495906,3.0,3.0,50,henon,noise:00295,False,False,assessed,ok,1,,True,3.0,0.0,0.0,0.0,0.0,256,17.951121207999677
0.72,0.5,220.58000000000004,284.58000000000004,20260823,,1.3796183140773608,2208778284,9,False,noise,False,10,220,0.05363283225311811,0.08765405042737429,,4,3,True,False,one_sample,248,2470.0,0,50,50.0,0.7254901960784313,5.0,ok,0.7751071754866822,26,0.2613914116003557,0.9999907457689693,True,,True,0.0,0.0,0.0,0.0,True,1.0,1.0,0.004032258064516129,0.7751071754866822,1.0,1.0,50,henon,noise:00296,False,False,assessed,ok,1,,True,1.0,0.0,0.0,0.0,0.0,256,17.798457261000294
0.16,0.5,382.44000000000005,228.12,20260823,,0.998367942545911,2446859969,7,False,noise,False,7,232,0.06837848504990984,0.08984944711027087,,4,4,True,False,one_sample,250,2490.0,0,50,50.0,0.17647058823529413,5.0,ok,1.676486059968438,27,0.27494292803998893,1.0558521779205137,True,,True,0.0,0.0,0.0,0.0,True,1.0,1.0,0.004,1.676486059968438,1.0,1.0,50,henon,noise:00297,False,False,assessed,ok,1,,True,1.0,0.0,0.0,0.0,0.0,256,14.12380887999916
0.22,0.5,338.46000000000004,239.82000000000005,20260823,,1.2806516468168838,955981557,8,False,noise,False,11,226,0.07559818570774803,0.21673752226898535,,3,4,True,False,one_sample,249,2480.0,0,50,50.0,0.23529411764705882,5.0,ok,1.4113084813610206,28,0.32332729051535797,1.0048102540095607,True,,True,0.0,0.0,0.0,0.0,True,2.0,1.0,0.008032128514056224,1.4113084813610206,2.0,2.0,50,henon,noise:00298,False,False,assessed,ok,1,,True,2.0,0.0,0.0,0.0,0.0,256,16.41681822299961
0.8,0.5,166.2,250.77999999999997,20260823,,1.384688827254319,874063825,9,False,noise,False,11,226,0.07701361704910523,0.21850999448503805,,3,3,True,False,one_sample,248,2470.0,0,50,50.0,0.803921568627451,5.0,ok,0.6627322753010607,29,0.24210709040529674,1.0570482585702972,True,,True,0.0,0.0,0.0,0.0,True,2.0,1.0,0.008064516129032258,0.6627322753010607,2.0,2.0,50,henon,noise:00299,False,False,assessed,ok,1,,True,2.0,0.0,0.0,0.0,0.0,256,16.857154907999757
