J_W,J_W0,W,W0,algo_random_seed,analysis_error,coverage_radius,data_seed,embedding_dimension,embedding_not_saturated,experiment,lle_embedding_not_saturated,lle_m,lle_n_embedded_points,lle_per_beat,lle_r2,lle_reason,lle_tau,lle_theiler_beats,lle_valid,lle_valid_fit_quality,map_mode,n_embedded_points,n_in_tube,n_runtime_warnings,n_surrogates_requested,n_surrogates_used,p_value_finite,peak_threshold,period1_status,rJ,seed,signal_mean,signal_std,significance_assessed,significance_not_assessed_reason,significance_requested,significant_peak_count,significant_peak_coverage,significant_peaks_per_point,snr_db,source_faithful_map,source_peak_count,source_peak_coverage,source_peaks_per_point,source_rJ,source_stability_available_count,source_stability_unstable_count,surrogates,system,task_id,upo_failure,upo_no_peak_status,upo_significance_status,upo_status,upo_tau,variant,verification_assessed,verification_failed_count,verification_gated_count,verified_unstable_count,verified_unstable_coverage,verified_unstable_per_point,window_length,runtime_s
0.45,0.5,273.45000000000005,272.0,20260823,,1.4596203951365463,3525481314,9,False,surrogate_sens,False,8,235,0.097744395555435,0.22365208159030914,,3,4,True,False,one_sample,248,2470.0,0,20,20.0,0.47619047619047616,5.0,ok,1.0053308823529414,0,0.04240132271432731,0.9500136492507664,True,,True,0.0,0.0,0.0,,True,2.0,1.0,0.008064516129032258,1.0053308823529414,2.0,2.0,20,white_noise,surrogate_sens:00000,False,False,assessed,ok,1,,True,2.0,0.0,0.0,0.0,0.0,256,6.417289324999729
0.75,0.5,200.04999999999995,294.0,20260823,,1.3673806528529848,448579287,9,False,surrogate_sens,False,10,220,0.04839144208351271,0.08100907650941847,,4,4,True,False,one_sample,248,2470.0,0,20,20.0,0.7619047619047619,5.0,ok,0.6804421768707481,1,-0.013439247826775483,1.062744994669898,True,,True,0.0,0.0,0.0,,True,1.0,1.0,0.004032258064516129,0.6804421768707481,1.0,1.0,20,white_noise,surrogate_sens:00001,False,False,assessed,ok,1,,True,1.0,0.0,0.0,0.0,0.0,256,10.177140449000944
0.85,0.5,141.2,215.89999999999998,20260823,,1.1586056407954113,2708556317,8,False,surrogate_sens,False,9,224,0.059900079559573625,0.08369634813143667,,4,4,True,False,one_sample,249,2480.0,0,20,20.0,0.8571428571428571,5.0,ok,0.6540064844835572,2,-0.12572416578275175,1.0638951678035085,True,,True,0.0,0.0,0.0,,True,2.0,1.0,0.008032128514056224,0.6540064844835572,2.0,2.0,20,white_noise,surrogate_sens:00002,False,False,assessed,ok,1,,True,2.0,0.0,0.0,0.0,0.0,256,5.657862603999092
0.0,0.5,638.7,278.375,20260823,,1.274375135304471,3863378471,9,False,surrogate_sens,False,8,221,0.027972831920045776,0.01878210967223637,,5,4,True,False,one_sample,248,2470.0,0,20,20.0,0.047619047619047616,5.0,ok,2.2943870678042213,3,0.0013375503175751119,0.8309968640030182,True,,True,1.0,1.0,0.004032258064516129,,True,2.0,1.0,0.008064516129032258,2.2943870678042213,2.0,2.0,20,white_noise,surrogate_sens:00003,False,False,assessed,ok,1,,True,2.0,0.0,0.0,0.0,0.0,256,8.744564920998528
,,,,20260823,,,1199871569,13,True,surrogate_sens,False,7,202,0.12494917363463683,0.39587136010236157,,9,4,True,False,one_sample,0,,0,20,,,,,,4,-0.09891547418189556,1.0657706402532392,False,,True,,,,,True,,,,,,,20,white_noise,surrogate_sens:00004,True,False,not_assessed_detector_failure,embedding_not_saturated,1,,False,,,,,,256,1.4354007389993058
0.3,0.5,335.20000000000005,281.9,20260823,,0.8825403851622821,2441100079,7,False,surrogate_sens,True,13,208,0.041924240714303056,0.0705277721828288,,4,4,True,False,one_sample,250,2490.0,0,20,20.0,0.3333333333333333,5.0,ok,1.1890741397658746,5,-0.11943963698437123,0.9297283722371191,True,,True,0.0,0.0,0.0,,True,1.0,1.0,0.004,1.1890741397658746,1.0,1.0,20,white_noise,surrogate_sens:00005,False,False,assessed,ok,1,,True,1.0,0.0,0.0,0.0,0.0,256,5.486084966998533
0.85,0.5,207.70000000000005,316.575,20260823,,1.4375306456526866,3503171991,10,False,surrogate_sens,True,13,220,0.07787073852024372,0.221358736174604,,3,4,True,False,one_sample,247,2460.0,0,20,20.0,0.8571428571428571,5.0,ok,0.6560846560846563,6,-0.02201952765349155,1.0232705044678327,True,,True,0.0,0.0,0.0,,True,2.0,1.0,0.008097165991902834,0.6560846560846563,2.0,2.0,20,white_noise,surrogate_sens:00006,False,False,assessed,ok,1,,True,2.0,0.0,0.0,0.0,0.0,256,6.833372488999885
0.7,0.5,251.20000000000005,318.45,20260823,,1.5103929577044475,3880835121,11,False,surrogate_sens,False,11,196,0.09841657719223558,0.43452714114559565,,6,4,True,False,one_sample,246,2450.0,0,20,20.0,0.7142857142857143,5.0,ok,0.7888208509970169,7,-0.06737707883293743,0.9794903042599591,True,,True,0.0,0.0,0.0,,True,1.0,1.0,0.0040650406504065045,0.7888208509970169,1.0,1.0,20,white_noise,surrogate_sens:00007,False,False,assessed,ok,1,,True,1.0,0.0,0.0,0.0,0.0,256,8.907087465000586
0.05,0.5,609.3,355.25,20260823,,1.2648677476067753,4059865634,9,False,surrogate_sens,True,13,160,0.07732049946399243,0.41287884100589134,,8,4,True,False,one_sample,248,2470.0,0,20,20.0,0.09523809523809523,5.0,ok,1.7151301900070373,8,-0.0033818114275893964,1.032838768968139,True,,True,0.0,0.0,0.0,,True,2.0,1.0,0.008064516129032258,1.7151301900070373,2.0,2.0,20,white_noise,surrogate_sens:00008,False,False,assessed,ok,1,,True,2.0,0.0,0.0,0.0,0.0,256,10.139355187999172
1.0,0.5,156.35000000000002,356.35,20260823,,1.5613567024385777,1387367435,10,False,surrogate_sens,True,13,220,0.06951933049246674,0.19802191663600965,,3,4,True,False,one_sample,247,2460.0,0,20,20.0,1.0,5.0,ok,0.438754033955381,9,0.049260071357297,0.9702214647330504,True,,True,0.0,0.0,0.0,,True,2.0,1.0,0.008097165991902834,0.438754033955381,2.0,2.0,20,white_noise,surrogate_sens:00009,False,False,assessed,ok,1,,True,2.0,0.0,0.0,0.0,0.0,256,9.347041950999483
0.8,0.5,148.39999999999998,217.875,20260823,,1.048830525927259,2794683157,7,False,surrogate_sens,False,10,193,0.08516951713247575,0.3769448621180215,,7,4,True,False,one_sample,250,2490.0,0,20,20.0,0.8095238095238095,5.0,ok,0.6811244979919677,10,-0.05609580297697533,0.9115408713602312,True,,True,0.0,0.0,0.0,,True,2.0,1.0,0.008,0.6811244979919677,2.0,2.0,20,white_noise,surrogate_sens:00010,False,False,assessed,ok,1,,True,2.0,0.0,0.0,0.0,0.0,256,5.2770471809999435
0.5,0.5,235.89999999999998,250.2,20260823,,1.071541074134374,3966354353,8,False,surrogate_sens,False,10,211,0.019258326451791343,0.013339474322354938,,5,4,True,False,one_sample,249,2480.0,0,20,20.0,0.5238095238095238,5.0,ok,0.9428457234212629,11,0.08029779189606041,0.9731665745169045,True,,True,0.0,0.0,0.0,,True,1.0,1.0,0.004016064257028112,0.9428457234212629,1.0,1.0,20,white_noise,surrogate_sens:00011,False,False,assessed,ok,1,,True,1.0,0.0,0.0,0.0,0.0,256,5.585843520000708
0.1,0.5,541.6,321.3,20260823,,1.3148959787375896,194681585,11,False,surrogate_sens,False,10,229,0.08818562638321523,0.22185071129996425,,3,4,True,False,one_sample,246,2450.0,0,20,20.0,0.14285714285714285,5.0,ok,1.685652038593215,12,0.061526507167892125,1.0483843572650442,True,,True,0.0,0.0,0.0,,True,1.0,1.0,0.0040650406504065045,1.685652038593215,1.0,1.0,20,white_noise,surrogate_sens:00012,False,False,assessed,ok,1,,True,1.0,0.0,0.0,0.0,0.0,256,10.709096422000584
0.05,0.5,582.2,263.65,20260823,,1.0701863661458637,771772561,8,False,surrogate_sens,True,13,184,0.07702305681452946,0.39093428794203877,,6,4,True,False,one_sample,249,2480.0,0,20,20.0,0.09523809523809523,5.0,ok,2.208230608761616,13,-0.04385439724710702,1.004139773587261,True,,True,0.0,0.0,0.0,,True,2.0,1.0,0.008032128514056224,2.208230608761616,2.0,2.0,20,white_noise,surrogate_sens:00013,False,False,assessed,ok,1,,True,2.0,0.0,0.0,0.0,0.0,256,9.723275869000645
,,,,20260823,,,2770550060,13,True,surrogate_sens,False,9,216,0.0196929578525639,0.00990902126643911,,5,4,True,False,one_sample,0,,0,20,,,,,,14,-0.14537666107560204,1.064440754837932,False,,True,,,,,True,,,,,,,20,white_noise,surrogate_sens:00014,True,False,not_assessed_detector_failure,embedding_not_saturated,1,,False,,,,,,256,1.6181658770001377
0.05,0.5,552.4,298.5,20260823,,1.4534593479181792,2353907072,10,False,surrogate_sens,True,13,172,0.08619773720306263,0.47696119653836977,,7,4,True,False,one_sample,247,2460.0,0,20,20.0,0.09523809523809523,5.0,ok,1.8505862646566162,15,-0.073449927554751,1.0620098157909041,True,,True,0.0,0.0,0.0,,True,1.0,1.0,0.004048582995951417,1.8505862646566162,1.0,1.0,20,white_noise,surrogate_sens:00015,False,False,assessed,ok,1,,True,1.0,0.0,0.0,0.0,0.0,256,7.219382551998933
0.95,0.5,149.5,335.75,20260823,,1.3670486176034906,3143255291,10,False,surrogate_sens,False,9,200,0.11543133871702571,0.433584395163791,,7,4,True,False,one_sample,247,2460.0,0,20,20.0,0.9523809523809523,5.0,ok,0.44527177959791514,16,-0.018720293913958033,0.9879109079176702,True,,True,0.0,0.0,0.0,,True,1.0,1.0,0.004048582995951417,0.44527177959791514,1.0,1.0,20,white_noise,surrogate_sens:00016,False,False,assessed,ok,1,,True,1.0,0.0,0.0,0.0,0.0,256,6.595893838999473
0.3,0.5,294.85,239.6,20260823,,1.4607627247483892,371273942,9,False,surrogate_sens,False,9,232,0.09702783016056023,0.23509079063435023,,3,4,True,False,one_sample,248,2470.0,0,20,20.0,0.3333333333333333,5.0,ok,1.2305926544240402,17,0.03271970157060881,0.9482821476412375,True,,True,0.0,0.0,0.0,,True,2.0,1.0,0.008064516129032258,1.2305926544240402,2.0,2.0,20,white_noise,surrogate_sens:00017,False,False,assessed,ok,1,,True,2.0,0.0,0.0,0.0,0.0,256,9.172450817999561
0.9,0.5,152.29999999999995,305.875,20260823,,1.3890990550919844,4106010254,10,False,surrogate_sens,False,8,228,0.06868941572756215,0.09853415108823327,,4,3,True,False,one_sample,247,2460.0,0,20,20.0,0.9047619047619048,5.0,ok,0.4979158152840211,18,-0.003783604196108268,0.9989158805971559,True,,True,0.0,0.0,0.0,,True,1.0,1.0,0.004048582995951417,0.4979158152840211,1.0,1.0,20,white_noise,surrogate_sens:00018,False,False,assessed,ok,1,,True,1.0,0.0,0.0,0.0,0.0,256,10.039255382000192
0.25,0.5,374.05,292.925,20260823,,1.4387289585524266,985429714,9,False,surrogate_sens,False,8,228,0.06562792621420674,0.10453929245037774,,4,4,True,False,one_sample,248,2470.0,0,20,20.0,0.2857142857142857,5.0,ok,1.2769480242382862,19,0.09214336427725256,0.9292296351211575,True,,True,0.0,0.0,0.0,,True,1.0,1.0,0.004032258064516129,1.2769480242382862,1.0,1.0,20,white_noise,surrogate_sens:00019,False,False,assessed,ok,1,,True,1.0,0.0,0.0,0.0,0.0,256,7.566050572000677
0.6,0.5,215.39999999999998,244.87499999999997,20260823,,1.1764710004851675,1112045265,8,False,surrogate_sens,False,10,220,0.05132619783624673,0.07154947563796232,,4,4,True,False,one_sample,249,2480.0,0,20,20.0,0.6190476190476191,5.0,ok,0.8796324655436447,20,-0.03192376781852471,0.9501484053309711,True,,True,0.0,0.0,0.0,,True,1.0,1.0,0.004016064257028112,0.8796324655436447,1.0,1.0,20,white_noise,surrogate_sens:00020,False,False,assessed,ok,1,,True,1.0,0.0,0.0,0.0,0.0,256,6.1598897029998625
0.1,0.5,503.5,316.475,20260823,,1.1222002278099585,670497574,8,False,surrogate_sens,False,6,241,0.12268494352563862,0.272714246945871,,3,4,True,False,one_sample,249,2480.0,0,20,20.0,0.14285714285714285,5.0,ok,1.590962951259973,21,0.07509314819543939,1.0531897129983319,True,,True,0.0,0.0,0.0,,True,2.0,1.0,0.008032128514056224,1.590962951259973,2.0,2.0,20,white_noise,surrogate_sens:00021,False,False,assessed,ok,1,,True,2.0,0.0,0.0,0.0,0.0,256,5.718690659999993
0.75,0.5,223.05,297.05,20260823,,1.4888677051001504,1699222924,9,False,surrogate_sens,False,11,216,0.04727109395933899,0.07718521196697081,,4,4,True,False,one_sample,248,2470.0,0,20,20.0,0.7619047619047619,5.0,ok,0.750883689614543,22,-0.0840672798525332,0.9882795334429678,True,,True,0.0,0.0,0.0,,True,1.0,1.0,0.004032258064516129,0.750883689614543,1.0,1.0,20,white_noise,surrogate_sens:00022,False,False,assessed,ok,1,,True,1.0,0.0,0.0,0.0,0.0,256,7.599746436000714
,,,,20260823,,,1769767991,13,True,surrogate_sens,False,8,228,0.0586222195893005,0.07827611390908185,,4,4,True,False,one_sample,0,,0,20,,,,,,23,0.02049424217728172,1.0123069635442448,False,,True,,,,,True,,,,,,,20,white_noise,surrogate_sens:00023,True,False,not_assessed_detector_failure,embedding_not_saturated,1,,False,,,,,,256,1.491647307000676
0.05,0.5,461.6,194.25000000000003,20260823,,1.090529841044038,3011541328,8,False,surrogate_sens,False,11,206,0.0034756423734395208,0.0004134141282349235,,5,4,True,False,one_sample,249,2480.0,0,20,20.0,0.09523809523809523,5.0,ok,2.376319176319176,24,-0.05936313714267766,0.9902116743747182,True,,True,0.0,0.0,0.0,,True,2.0,1.0,0.008032128514056224,2.376319176319176,2.0,2.0,20,white_noise,surrogate_sens:00024,False,False,assessed,ok,1,,True,2.0,0.0,0.0,0.0,0.0,256,8.548307989000023
0.2,0.5,434.6,325.02500000000003,20260823,,1.3591425947272513,2988018410,10,False,surrogate_sens,True,13,172,0.0755161712646448,0.3785283805126929,,7,4,True,False,one_sample,247,2460.0,0,20,20.0,0.23809523809523808,5.0,ok,1.3371279132374432,25,-0.06355827912552978,1.0343008327867087,True,,True,0.0,0.0,0.0,,True,2.0,1.0,0.008097165991902834,1.3371279132374432,2.0,2.0,20,white_noise,surrogate_sens:00025,False,False,assessed,ok,1,,True,2.0,0.0,0.0,0.0,0.0,256,9.581907105999562
0.45,0.5,322.1,309.775,20260823,,1.4685677598104263,1795940492,10,False,surrogate_sens,False,8,214,0.12179910012362476,0.41874574643909646,,6,4,True,False,one_sample,247,2460.0,0,20,20.0,0.47619047619047616,5.0,ok,1.039786942135421,26,-0.059324076530442624,0.9951172308581382,True,,True,0.0,0.0,0.0,,True,1.0,1.0,0.004048582995951417,1.039786942135421,1.0,1.0,20,white_noise,surrogate_sens:00026,False,False,assessed,ok,1,,True,1.0,0.0,0.0,0.0,0.0,256,6.9053924290001305
0.4,0.5,337.4,293.325,20260823,,1.157826262545377,3972747218,9,False,surrogate_sens,False,6,231,0.04668860176919725,0.036472486874720045,,5,4,True,False,one_sample,248,2470.0,0,20,20.0,0.42857142857142855,5.0,ok,1.1502599505667774,27,-0.010082565891103543,1.0367550207433922,True,,True,0.0,0.0,0.0,,True,1.0,1.0,0.004032258064516129,1.1502599505667774,1.0,1.0,20,white_noise,surrogate_sens:00027,False,False,assessed,ok,1,,True,1.0,0.0,0.0,0.0,0.0,256,6.040490262001185
0.85,0.5,168.39999999999998,348.325,20260823,,1.2971974461662685,222680484,9,False,surrogate_sens,False,8,228,0.06458293197156488,0.09558995345088184,,4,4,True,False,one_sample,248,2470.0,0,20,20.0,0.8571428571428571,5.0,ok,0.48345654202253635,28,-0.055281116097804894,1.0553093870625603,True,,True,0.0,0.0,0.0,,True,3.0,1.0,0.012096774193548387,0.48345654202253635,3.0,3.0,20,white_noise,surrogate_sens:00028,False,False,assessed,ok,1,,True,3.0,0.0,0.0,0.0,0.0,256,10.213529936001578
,,,,20260823,,,3595221444,13,True,surrogate_sens,True,13,172,0.08147654143291908,0.4482300503759984,,7,4,True,False,one_sample,0,,0,20,,,,,,29,0.0815940162228808,1.0238416975686746,False,,True,,,,,True,,,,,,,20,white_noise,surrogate_sens:00029,True,False,not_assessed_detector_failure,embedding_not_saturated,1,,False,,,,,,256,1.0006401459995686
1.0,0.5,76.04999999999995,394.54999999999995,20260823,,1.2057142180336418,2316799955,10,False,surrogate_sens,False,9,224,0.05841661966773291,0.08294657098550895,,4,4,True,False,one_sample,247,2460.0,0,20,20.0,1.0,5.0,ok,0.1927512355848434,30,0.01598439594594875,1.0713642926880969,True,,True,0.0,0.0,0.0,,True,1.0,1.0,0.004048582995951417,0.1927512355848434,1.0,1.0,20,white_noise,surrogate_sens:00030,False,False,assessed,ok,1,,True,1.0,0.0,0.0,0.0,0.0,256,10.500056447999668
0.85,0.5,171.3,285.57500000000005,20260823,,1.2628340782936618,438396130,8,False,surrogate_sens,False,8,214,0.12928743628693531,0.46555682385109776,,6,4,True,False,one_sample,249,2480.0,0,20,20.0,0.8571428571428571,5.0,ok,0.5998424231813009,31,-0.049841828616670275,0.9950450413334742,True,,True,0.0,0.0,0.0,,True,3.0,1.0,0.012048192771084338,0.5998424231813009,3.0,3.0,20,white_noise,surrogate_sens:00031,False,False,assessed,ok,1,,True,3.0,0.0,0.0,0.0,0.0,256,5.510565253000095
0.2,0.5,309.5,247.62500000000003,20260823,,1.0833620865486133,4001575028,7,False,surrogate_sens,False,8,228,0.06125495507639283,0.08855000324621953,,4,4,True,False,one_sample,250,2490.0,0,20,20.0,0.23809523809523808,5.0,ok,1.2498738011105501,32,-0.0014776201965004225,1.0301341763751537,True,,True,0.0,0.0,0.0,,True,2.0,1.0,0.008,1.2498738011105501,2.0,2.0,20,white_noise,surrogate_sens:00032,False,False,assessed,ok,1,,True,2.0,0.0,0.0,0.0,0.0,256,5.160508079001374
0.65,0.5,192.4,220.375,20260823,,1.0360320804933467,2011218321,7,False,surrogate_sens,False,8,214,0.10884822106972175,0.37870216443122584,,6,5,True,False,one_sample,250,2490.0,0,20,20.0,0.6666666666666666,5.0,ok,0.873057288712422,33,0.12829078881785877,1.0669877261320089,True,,True,0.0,0.0,0.0,,True,3.0,1.0,0.012,0.873057288712422,3.0,3.0,20,white_noise,surrogate_sens:00033,False,False,assessed,ok,1,,True,3.0,0.0,0.0,0.0,0.0,256,6.509599075001461
0.2,0.5,403.05,310.65,20260823,,1.1461981759829645,2749220014,9,False,surrogate_sens,False,9,208,0.11090707806085974,0.43850622699757336,,6,4,True,False,one_sample,248,2470.0,0,20,20.0,0.23809523809523808,5.0,ok,1.2974408498309997,34,-0.011304648161225745,0.9730031568677693,True,,True,0.0,0.0,0.0,,True,2.0,1.0,0.008064516129032258,1.2974408498309997,2.0,2.0,20,white_noise,surrogate_sens:00034,False,False,assessed,ok,1,,True,2.0,0.0,0.0,0.0,0.0,256,9.418321100998583
0.35,0.5,343.1,251.25,20260823,,1.360868353833048,365556872,10,False,surrogate_sens,False,9,208,0.10555705331573627,0.4305352030182663,,6,4,True,False,one_sample,247,2460.0,0,20,20.0,0.38095238095238093,5.0,ok,1.3655721393034828,35,-0.007868681453420116,0.9133578808975112,True,,True,0.0,0.0,0.0,,True,1.0,1.0,0.004048582995951417,1.3655721393034828,1.0,1.0,20,white_noise,surrogate_sens:00035,False,False,assessed,ok,1,,True,1.0,0.0,0.0,0.0,0.0,256,9.332569157000762
0.9,0.5,128.70000000000005,227.87500000000003,20260823,,1.1369326151597603,2588375961,8,False,surrogate_sens,False,8,228,0.06213918633270776,0.08976052198762574,,4,4,True,False,one_sample,249,2480.0,0,20,20.0,0.9047619047619048,5.0,ok,0.5647833241908943,36,-0.027876896866622328,0.9836785563071462,True,,True,0.0,0.0,0.0,,True,2.0,1.0,0.008032128514056224,0.5647833241908943,2.0,2.0,20,white_noise,surrogate_sens:00036,False,False,assessed,ok,1,,True,2.0,0.0,0.0,0.0,0.0,256,6.346183738000036
0.4,0.5,307.05,258.025,20260823,,1.2897652779085504,404641273,9,False,surrogate_sens,False,7,238,0.10047956226749892,0.24500184681877968,,3,3,True,False,one_sample,248,2470.0,0,20,20.0,0.42857142857142855,5.0,ok,1.1900009688983628,37,-0.08913025200839016,1.0345346597491296,True,,True,0.0,0.0,0.0,,True,1.0,1.0,0.004032258064516129,1.1900009688983628,1.0,1.0,20,white_noise,surrogate_sens:00037,False,False,assessed,ok,1,,True,1.0,0.0,0.0,0.0,0.0,256,6.185629310999502
0.7,0.5,224.95,255.825,20260823,,0.7477401666297541,826299201,6,False,surrogate_sens,True,13,220,0.0746648883509181,0.20540813818255965,,3,5,True,False,one_sample,251,2500.0,0,20,20.0,0.7142857142857143,5.0,ok,0.8793120297078081,38,-0.14243066736029478,0.9486708500627347,True,,True,0.0,0.0,0.0,,True,3.0,1.0,0.01195219123505976,0.8793120297078081,3.0,3.0,20,white_noise,surrogate_sens:00038,False,False,assessed,ok,1,,True,3.0,0.0,0.0,0.0,0.0,256,4.817841259999113
0.8,0.5,240.05,276.40000000000003,20260823,,1.488236581208867,169387759,9,False,surrogate_sens,False,8,228,0.06413467064220862,0.08959610760430459,,4,4,True,False,one_sample,248,2470.0,0,20,20.0,0.8095238095238095,5.0,ok,0.8684876989869753,39,0.037679392792632604,0.9986802630032456,True,,True,0.0,0.0,0.0,,True,3.0,1.0,0.012096774193548387,0.8684876989869753,3.0,3.0,20,white_noise,surrogate_sens:00039,False,False,assessed,ok,1,,True,3.0,0.0,0.0,0.0,0.0,256,10.183397896000315
0.6,0.5,259.0,301.675,20260823,,1.2362497995075326,2071736284,8,False,surrogate_sens,False,8,228,0.06356500824658709,0.08892015648778806,,4,4,True,False,one_sample,249,2480.0,0,20,20.0,0.6190476190476191,5.0,ok,0.8585398193420071,40,0.005866034558927461,0.9431935596786482,True,,True,0.0,0.0,0.0,,True,2.0,1.0,0.008032128514056224,0.8585398193420071,2.0,2.0,20,white_noise,surrogate_sens:00040,False,False,assessed,ok,1,,True,2.0,0.0,0.0,0.0,0.0,256,9.453570214998763
0.9,0.5,155.25,336.15,20260823,,1.403794165055498,1645124031,10,False,surrogate_sens,False,9,232,0.09254870838880114,0.23266523861821176,,3,4,True,False,one_sample,247,2460.0,0,20,20.0,0.9047619047619048,5.0,ok,0.46184738955823296,41,-0.014920930754255803,0.9995365067064552,True,,True,0.0,0.0,0.0,,True,2.0,1.0,0.008097165991902834,0.46184738955823296,2.0,2.0,20,white_noise,surrogate_sens:00041,False,False,assessed,ok,1,,True,2.0,0.0,0.0,0.0,0.0,256,6.680799395000577
,,,,20260823,,,164639666,13,True,surrogate_sens,False,7,232,0.07288618129165524,0.10047502620694648,,4,4,True,False,one_sample,0,,0,20,,,,,,42,-0.03434534362972164,0.9505062916674389,False,,True,,,,,True,,,,,,,20,white_noise,surrogate_sens:00042,True,False,not_assessed_detector_failure,embedding_not_saturated,1,,False,,,,,,256,0.8747427350008365
0.05,0.5,463.85,229.10000000000002,20260823,,1.4619603972276631,429372196,10,False,surrogate_sens,False,10,220,0.053759679635090686,0.08417598718297326,,4,4,True,False,one_sample,247,2460.0,0,20,20.0,0.09523809523809523,5.0,ok,2.024661719773025,43,0.010783104726900913,0.9845570747850042,True,,True,0.0,0.0,0.0,,True,2.0,1.0,0.008097165991902834,2.024661719773025,2.0,2.0,20,white_noise,surrogate_sens:00043,False,False,assessed,ok,1,,True,2.0,0.0,0.0,0.0,0.0,256,6.994814481000503
0.8,0.5,157.65,269.45,20260823,,1.3840994474245125,4054123511,9,False,surrogate_sens,False,9,232,0.09027207196018684,0.23536487916086601,,3,4,True,False,one_sample,248,2470.0,0,20,20.0,0.8095238095238095,5.0,ok,0.585080719985155,44,0.0479836770689296,0.9202153693967051,True,,True,0.0,0.0,0.0,,True,3.0,1.0,0.012096774193548387,0.585080719985155,3.0,3.0,20,white_noise,surrogate_sens:00044,False,False,assessed,ok,1,,True,3.0,0.0,0.0,0.0,0.0,256,9.591431462999026
0.3,0.5,398.35,315.35,20260823,,1.4825459684627353,1338353977,11,False,surrogate_sens,False,7,226,0.02495867220047743,0.012776273359063506,,5,4,True,False,one_sample,246,2450.0,0,20,20.0,0.3333333333333333,5.0,ok,1.2631996194704296,45,0.04827054779592116,1.0552432522313127,True,,True,0.0,0.0,0.0,,True,2.0,1.0,0.008130081300813009,1.2631996194704296,2.0,2.0,20,white_noise,surrogate_sens:00045,False,False,assessed,ok,1,,True,2.0,0.0,0.0,0.0,0.0,256,11.49336337099885
0.3,0.5,353.35,235.02500000000003,20260823,,1.2515894316104077,1184220628,8,False,surrogate_sens,False,8,235,0.10359693499008757,0.24972245717060437,,3,4,True,False,one_sample,249,2480.0,0,20,20.0,0.3333333333333333,5.0,ok,1.5034570790341453,46,-0.021122530256084036,1.0146628686088182,True,,True,0.0,0.0,0.0,,True,2.0,1.0,0.008032128514056224,1.5034570790341453,2.0,2.0,20,white_noise,surrogate_sens:00046,False,False,assessed,ok,1,,True,2.0,0.0,0.0,0.0,0.0,256,6.558410490000824
0.05,0.5,379.9,205.875,20260823,,0.867923049514226,3386831124,6,False,surrogate_sens,False,8,235,0.09942238328061019,0.2428549092248895,,3,4,True,False,one_sample,251,2500.0,0,20,20.0,0.09523809523809523,5.0,ok,1.8452944748026714,47,0.10541949460329283,0.9716142689354814,True,,True,0.0,0.0,0.0,,True,1.0,1.0,0.00398406374501992,1.8452944748026714,1.0,1.0,20,white_noise,surrogate_sens:00047,False,False,assessed,ok,1,,True,1.0,0.0,0.0,0.0,0.0,256,4.70651068799998
0.5,0.5,255.10000000000002,245.625,20260823,,0.9661384483254123,3882508920,7,False,surrogate_sens,False,9,208,0.1074269129679362,0.4359808161104567,,6,4,True,False,one_sample,250,2490.0,0,20,20.0,0.5238095238095238,5.0,ok,1.0385750636132316,48,-0.017062505254754393,1.0041431053618353,True,,True,0.0,0.0,0.0,,True,2.0,1.0,0.008,1.0385750636132316,2.0,2.0,20,white_noise,surrogate_sens:00048,False,False,assessed,ok,1,,True,2.0,0.0,0.0,0.0,0.0,256,5.278338201000224
,,,,20260823,,,1918787548,13,True,surrogate_sens,False,11,216,0.04809949592570709,0.07888611086549724,,4,4,True,False,one_sample,0,,0,20,,,,,,49,0.06584791904475845,0.9361475951647099,False,,True,,,,,True,,,,,,,20,white_noise,surrogate_sens:00049,True,False,not_assessed_detector_failure,embedding_not_saturated,1,,False,,,,,,256,0.8187855960004526
0.85,0.5,278.05,447.275,20260823,,1.0527164138906318,3449695920,10,False,surrogate_sens,False,11,196,0.05630580529469657,0.5375176271745192,,6,17,True,False,one_sample,247,2460.0,0,20,20.0,0.8571428571428571,90.57070319243105,ok,0.621653345257392,0,0.5311308321918263,1.5960461500562142,True,,True,0.0,0.0,0.0,,True,5.0,1.0,0.020242914979757085,0.621653345257392,5.0,5.0,20,ar1,surrogate_sens:00050,False,False,assessed,ok,1,,True,5.0,0.0,0.0,0.0,0.0,256,9.63736518800033
0.05,0.5,762.65,340.95000000000005,20260823,,0.8686396105245027,328817794,8,False,surrogate_sens,False,11,186,0.09634527249592968,0.6341669007299565,,7,13,True,False,one_sample,249,2480.0,0,20,20.0,0.09523809523809523,5.0,ok,2.236838246077137,1,0.7876581767241337,1.4397908130900092,True,,True,0.0,0.0,0.0,,True,3.0,1.0,0.012048192771084338,2.236838246077137,3.0,3.0,20,ar1,surrogate_sens:00051,False,False,assessed,ok,1,,True,3.0,0.0,0.0,0.0,0.0,256,9.86888959099997
0.15,0.5,634.8,389.1,20260823,,1.061045058872805,957466035,10,False,surrogate_sens,True,13,184,0.05734817977586767,0.3996500622896607,,6,11,True,False,one_sample,247,2460.0,0,20,20.0,0.19047619047619047,5.0,ok,1.631457208943716,2,0.18134504666726245,1.5827553863190509,True,,True,0.0,0.0,0.0,,True,2.0,0.97,0.008097165991902834,1.631457208943716,2.0,2.0,20,ar1,surrogate_sens:00052,False,False,assessed,ok,1,,True,2.0,0.0,0.0,0.0,0.0,256,7.615948074000698
0.2,0.5,410.2,245.125,20260823,,0.8467512071122075,267006191,7,False,surrogate_sens,False,10,220,0.03393176831331238,0.0970696870401192,,4,13,True,False,one_sample,250,2490.0,0,20,20.0,0.23809523809523808,93.83493625296376,ok,1.6734319224885261,3,0.3376993839226277,1.6696289022120427,True,,True,0.0,0.0,0.0,,True,5.0,1.0,0.02,1.6734319224885261,5.0,5.0,20,ar1,surrogate_sens:00053,False,False,assessed,ok,1,,True,5.0,0.0,0.0,0.0,0.0,256,5.122425861000011
0.4,0.5,319.6,309.3,20260823,,0.9329343019960851,3019163817,8,False,surrogate_sens,False,9,224,0.043934052390649445,0.08988517126347995,,4,10,True,False,one_sample,249,2480.0,0,20,20.0,0.42857142857142855,5.0,ok,1.033301002263175,4,-0.5991726978032549,1.5918604197832795,True,,True,0.0,0.0,0.0,,True,3.0,0.97,0.012048192771084338,1.033301002263175,3.0,3.0,20,ar1,surrogate_sens:00054,False,False,assessed,ok,1,,True,3.0,0.0,0.0,0.0,0.0,256,6.993490405999182
0.95,0.5,270.75,470.35,20260823,,1.081397782901564,900358149,11,False,surrogate_sens,True,13,172,0.0758777132523355,0.6525320262443308,,7,13,True,False,one_sample,246,2450.0,0,20,20.0,0.9523809523809523,5.0,ok,0.5756351653024343,5,0.09119269586679707,1.7756193404633813,True,,True,0.0,0.0,0.0,,True,5.0,1.0,0.02032520325203252,0.5756351653024343,5.0,5.0,20,ar1,surrogate_sens:00055,False,False,assessed,ok,1,,True,5.0,0.0,0.0,0.0,0.0,256,10.799386882999897
0.05,0.5,376.2,220.95,20260823,,0.7010616390141204,1594156400,6,False,surrogate_sens,False,8,214,0.07591808143538926,0.3989783879592066,,6,15,True,False,one_sample,251,2500.0,0,20,20.0,0.09523809523809523,77.33518665761775,ok,1.7026476578411405,6,0.12679187454896174,1.6173478912834012,True,,True,0.0,0.0,0.0,,True,5.0,0.98,0.0199203187250996,1.7026476578411405,5.0,4.0,20,ar1,surrogate_sens:00056,False,False,assessed,ok,1,,True,5.0,0.0,0.0,0.0,0.0,256,7.175741285998811
0.6,0.5,367.55,391.85,20260823,,0.8546027997442602,2999556384,10,False,surrogate_sens,False,11,196,0.07283501687654274,0.4039709412427396,,6,11,True,False,one_sample,247,2460.0,0,20,20.0,0.6190476190476191,5.0,ok,0.9379864744162306,7,0.18180730888077784,1.397657007500105,True,,True,0.0,0.0,0.0,,True,2.0,0.935,0.008097165991902834,0.9379864744162306,2.0,2.0,20,ar1,surrogate_sens:00057,False,False,assessed,ok,1,,True,2.0,0.0,0.0,0.0,0.0,256,7.456016897000154
,,,,20260823,,,1487837963,13,True,surrogate_sens,False,10,193,0.08218450710298351,0.6783121375925569,,7,15,True,False,one_sample,0,,0,20,,,,,,8,0.02363133844930767,1.6666221994904051,False,,True,,,,,True,,,,,,,20,ar1,surrogate_sens:00058,True,False,not_assessed_detector_failure,embedding_not_saturated,1,,False,,,,,,256,0.7728439940001408
0.1,0.5,455.05,327.6,20260823,,0.8221362027695143,2344754203,8,False,surrogate_sens,False,9,200,0.08722727953951823,0.4607458330403299,,7,10,True,False,one_sample,249,2480.0,0,20,20.0,0.14285714285714285,5.0,ok,1.389041514041514,9,0.23570574976289682,1.5371670425413655,True,,True,0.0,0.0,0.0,,True,4.0,1.0,0.01606425702811245,1.389041514041514,4.0,4.0,20,ar1,surrogate_sens:00059,False,False,assessed,ok,1,,True,4.0,0.0,0.0,0.0,0.0,256,5.520144455000263
0.55,0.5,363.3,378.875,20260823,,0.9486621594524277,57965051,10,False,surrogate_sens,False,7,220,0.09370440990945195,0.5165224938045692,,6,18,True,False,one_sample,247,2460.0,0,20,20.0,0.5714285714285714,25.794712762418364,ok,0.958891454965358,10,-0.77583691966413,1.663096729244638,True,,True,0.0,0.0,0.0,,True,5.0,1.0,0.020242914979757085,0.958891454965358,5.0,5.0,20,ar1,surrogate_sens:00060,False,False,assessed,ok,1,,True,5.0,0.0,0.0,0.0,0.0,256,9.415601473001516
,,,,20260823,,,4101375760,13,True,surrogate_sens,False,10,184,0.09866950916241554,0.6698999574170116,,8,8,True,False,one_sample,0,,0,20,,,,,,11,0.42086510598172455,1.4122292988859204,False,,True,,,,,True,,,,,,,20,ar1,surrogate_sens:00061,True,False,not_assessed_detector_failure,embedding_not_saturated,1,,False,,,,,,256,0.7617971359995863
0.25,0.5,437.15,390.75,20260823,,0.8380675009206004,3733861811,9,False,surrogate_sens,False,9,216,0.024044443415903935,0.05660133254608668,,5,14,True,False,one_sample,248,2470.0,0,20,20.0,0.2857142857142857,34.375458544162626,ok,1.1187460012795905,12,0.005555430014591745,2.056820757437366,True,,True,0.0,0.0,0.0,,True,4.0,0.995,0.016129032258064516,1.1187460012795905,4.0,4.0,20,ar1,surrogate_sens:00062,False,False,assessed,ok,1,,True,4.0,0.0,0.0,0.0,0.0,256,10.165325206999114
0.35,0.5,483.9,433.175,20260823,,0.9030135777654928,3910555912,10,False,surrogate_sens,False,10,193,0.07497505791780894,0.48445694954413354,,7,13,True,False,one_sample,247,2460.0,0,20,20.0,0.38095238095238093,5.524712154050191,ok,1.1171004790211807,13,-0.21440945318585763,1.6886470556054358,True,,True,0.0,0.0,0.0,,True,4.0,1.0,0.016194331983805668,1.1171004790211807,4.0,4.0,20,ar1,surrogate_sens:00063,False,False,assessed,ok,1,,True,4.0,0.0,0.0,0.0,0.0,256,8.306778232999932
0.6,0.5,242.2,281.15,20260823,,0.6435595296482604,1609175748,7,False,surrogate_sens,False,6,211,0.15655587983598512,0.7122216397106613,,9,14,True,False,one_sample,250,2490.0,0,20,20.0,0.6190476190476191,5.0,ok,0.8614618531033257,14,-0.05210750872857012,1.7856205830281868,True,,True,0.0,0.0,0.0,,True,4.0,0.98,0.016,0.8614618531033257,4.0,4.0,20,ar1,surrogate_sens:00064,False,False,assessed,ok,1,,True,4.0,0.0,0.0,0.0,0.0,256,5.140322967999964
0.15,0.5,452.35,345.925,20260823,,0.8621278012126983,892420764,9,False,surrogate_sens,False,9,192,0.1055891346559086,0.7448952910556483,,8,13,True,False,one_sample,248,2470.0,0,20,20.0,0.19047619047619047,24.95887124514561,ok,1.307653393076534,15,0.2487193257332023,1.6548846570690765,True,,True,0.0,0.0,0.0,,True,4.0,1.0,0.016129032258064516,1.307653393076534,4.0,4.0,20,ar1,surrogate_sens:00065,False,False,assessed,ok,1,,True,4.0,0.0,0.0,0.0,0.0,256,7.211706641001001
0.1,0.5,664.9,341.075,20260823,,0.8140035849581666,590556299,9,False,surrogate_sens,False,6,226,0.11368785138534597,0.5399617792746478,,6,14,True,False,one_sample,248,2470.0,0,20,20.0,0.14285714285714285,5.0,ok,1.949424613354834,16,0.8198269682581156,1.8143025960541812,True,,True,0.0,0.0,0.0,,True,4.0,0.995,0.016129032258064516,1.949424613354834,4.0,4.0,20,ar1,surrogate_sens:00066,False,False,assessed,ok,1,,True,4.0,0.0,0.0,0.0,0.0,256,7.511565108001378
0.6,0.5,320.25,324.95,20260823,,0.9699353641898506,703048608,9,False,surrogate_sens,False,10,220,0.03979210344467295,0.25551403898786695,,4,19,True,False,one_sample,248,2470.0,0,20,20.0,0.6190476190476191,5.0,ok,0.985536236344053,17,0.04345559629723364,1.821057830738956,True,,True,0.0,0.0,0.0,,True,5.0,1.0,0.020161290322580645,0.985536236344053,5.0,5.0,20,ar1,surrogate_sens:00067,False,False,assessed,ok,1,,True,5.0,0.0,0.0,0.0,0.0,256,9.231902722000086
0.25,0.5,445.55,309.4,20260823,,0.8657052191702366,3756785086,9,False,surrogate_sens,False,8,221,0.019138852043567304,0.018250061127701667,,5,9,True,False,one_sample,248,2470.0,0,20,20.0,0.2857142857142857,5.0,ok,1.4400452488687785,18,-0.010704665429115474,1.4843487995274136,True,,True,0.0,0.0,0.0,,True,2.0,1.0,0.008064516129032258,1.4400452488687785,2.0,2.0,20,ar1,surrogate_sens:00068,False,False,assessed,ok,1,,True,2.0,0.0,0.0,0.0,0.0,256,8.78772055799891
0.75,0.5,235.8,346.825,20260823,,0.7557992895902157,3447613388,8,False,surrogate_sens,False,9,200,0.09691652539350519,0.5673179071731913,,7,17,True,False,one_sample,249,2480.0,0,20,20.0,0.7619047619047619,7.153455901648603,ok,0.6798817847617675,19,-0.133551843363519,1.7777564232584184,True,,True,0.0,0.0,0.0,,True,3.0,1.0,0.012048192771084338,0.6798817847617675,3.0,3.0,20,ar1,surrogate_sens:00069,False,False,assessed,ok,1,,True,3.0,0.0,0.0,0.0,0.0,256,5.648955247999766
0.3,0.5,398.2,349.65,20260823,,1.0235623015823752,1604532220,9,False,surrogate_sens,False,9,208,0.06897552067747668,0.43897128296356325,,6,14,True,False,one_sample,248,2470.0,0,20,20.0,0.3333333333333333,151.3044098410061,ok,1.1388531388531389,20,0.059820755021601814,1.6327095273768735,True,,True,0.0,0.0,0.0,,True,4.0,1.0,0.016129032258064516,1.1388531388531389,4.0,4.0,20,ar1,surrogate_sens:00070,False,False,assessed,ok,1,,True,4.0,0.0,0.0,0.0,0.0,256,6.2442748110006505
0.25,0.5,481.05,389.05,20260823,,0.9265650072892262,906868566,10,False,surrogate_sens,False,7,190,0.1479596525583434,0.7953586387363916,,11,14,True,False,one_sample,247,2460.0,0,20,20.0,0.2857142857142857,5.0,ok,1.2364734609947308,21,0.42232869531298256,1.7442963071584219,True,,True,0.0,0.0,0.0,,True,3.0,1.0,0.012145748987854251,1.2364734609947308,3.0,3.0,20,ar1,surrogate_sens:00071,False,False,assessed,ok,1,,True,3.0,0.0,0.0,0.0,0.0,256,11.11152772999958
0.05,0.5,473.65,312.075,20260823,,0.858067549783031,2326446593,8,False,surrogate_sens,True,13,172,0.06890784155965496,0.685497006465611,,7,14,True,False,one_sample,249,2480.0,0,20,20.0,0.09523809523809523,19.755862232125143,ok,1.5177441320195466,22,0.3402901427534506,1.7570234943289014,True,,True,0.0,0.0,0.0,,True,4.0,1.0,0.01606425702811245,1.5177441320195466,4.0,4.0,20,ar1,surrogate_sens:00072,False,False,assessed,ok,1,,True,4.0,0.0,0.0,0.0,0.0,256,9.772222358000363
0.85,0.5,241.7,336.925,20260823,,1.1344285854448153,397801268,9,False,surrogate_sens,True,13,148,0.08846076483011686,0.7518850140802478,,9,11,True,False,one_sample,248,2470.0,0,20,20.0,0.8571428571428571,64.23596047250014,ok,0.7173703346442086,23,0.5214117993682638,1.646434295506582,True,,True,0.0,0.0,0.0,,True,6.0,1.0,0.024193548387096774,0.7173703346442086,6.0,6.0,20,ar1,surrogate_sens:00073,False,False,assessed,ok,1,,True,6.0,0.0,0.0,0.0,0.0,256,5.958588827999847
0.3,0.5,248.15,228.15,20260823,,0.4835647518997543,4030666970,5,False,surrogate_sens,False,9,208,0.07351220707122669,0.488612404234151,,6,14,True,False,one_sample,252,2510.0,0,20,20.0,0.3333333333333333,167.50182497931286,ok,1.0876616261231646,24,0.2633393334149465,1.7456505239424513,True,,True,0.0,0.0,0.0,,True,3.0,0.98,0.011904761904761904,1.0876616261231646,3.0,1.0,20,ar1,surrogate_sens:00074,False,False,assessed,ok,1,,True,3.0,0.0,0.0,0.0,0.0,256,4.533907049000845
0.2,0.5,381.75,329.2,20260823,,1.2381380500529253,3891635605,11,False,surrogate_sens,False,10,202,0.07013989122136191,0.41682973827982084,,6,12,True,False,one_sample,246,2450.0,0,20,20.0,0.23809523809523808,5.0,ok,1.159629404617254,25,-0.21538560927897366,1.6633611682933758,True,,True,0.0,0.0,0.0,,True,4.0,1.0,0.016260162601626018,1.159629404617254,4.0,4.0,20,ar1,surrogate_sens:00075,False,False,assessed,ok,1,,True,4.0,0.0,0.0,0.0,0.0,256,10.757485488000384
0.0,0.5,600.15,240.125,20260823,,0.6975845448047183,3868390770,7,False,surrogate_sens,True,13,148,0.06607607678899516,0.7499747858558097,,9,15,True,False,one_sample,250,2490.0,0,20,20.0,0.047619047619047616,135.51832970001232,ok,2.499323269130661,26,0.3772973868751998,1.6563681217426287,True,,True,1.0,0.825,0.004,,True,4.0,1.0,0.016,2.499323269130661,4.0,4.0,20,ar1,surrogate_sens:00076,False,False,assessed,ok,1,,True,4.0,0.0,0.0,0.0,0.0,256,6.554274150999845
0.1,0.5,452.4,260.475,20260823,,0.7372487384321673,2053983700,7,False,surrogate_sens,False,8,221,0.03181417428175038,0.04169745665778657,,5,11,True,False,one_sample,250,2490.0,0,20,20.0,0.14285714285714285,6.188728306395685,ok,1.7368269507630287,27,0.12555675800503635,1.5078776930502396,True,,True,0.0,0.0,0.0,,True,5.0,1.0,0.02,1.7368269507630287,5.0,5.0,20,ar1,surrogate_sens:00077,False,False,assessed,ok,1,,True,5.0,0.0,0.0,0.0,0.0,256,7.751396122999722
0.05,0.5,642.0,383.525,20260823,,0.7330266940058593,3495262068,9,False,surrogate_sens,False,8,207,0.08800962397512715,0.5765648614734991,,7,19,True,False,one_sample,248,2470.0,0,20,20.0,0.09523809523809523,38.170646365001225,ok,1.6739456358777134,28,-0.2226526768418864,1.8432617144533254,True,,True,0.0,0.0,0.0,,True,3.0,0.99,0.012096774193548387,1.6739456358777134,3.0,3.0,20,ar1,surrogate_sens:00078,False,False,assessed,ok,1,,True,3.0,0.0,0.0,0.0,0.0,256,6.88588492099916
0.35,0.5,472.6,409.025,20260823,,1.11417570002846,1212659152,11,False,surrogate_sens,False,9,184,0.10643219610009827,0.7745019234215164,,9,16,True,False,one_sample,246,2450.0,0,20,20.0,0.38095238095238093,5.0,ok,1.1554305971517635,29,-0.3851258144793012,1.5851799516321032,True,,True,0.0,0.0,0.0,,True,3.0,1.0,0.012195121951219513,1.1554305971517635,3.0,3.0,20,ar1,surrogate_sens:00079,False,False,assessed,ok,1,,True,3.0,0.0,0.0,0.0,0.0,256,8.016298882999763
0.0,0.5,1106.1,491.625,20260823,,0.9170177443806161,218236948,11,False,surrogate_sens,False,8,214,0.08122730945540117,0.3734435484165005,,6,15,True,False,one_sample,246,2450.0,0,20,20.0,0.047619047619047616,5.0,ok,2.2498855835240272,30,-0.5682372531520722,1.6473508057787176,True,,True,1.0,0.95,0.0040650406504065045,,True,3.0,1.0,0.012195121951219513,2.2498855835240272,3.0,3.0,20,ar1,surrogate_sens:00080,False,False,assessed,ok,1,,True,3.0,0.0,0.0,0.0,0.0,256,10.400520430999677
0.1,0.5,577.1,386.65,20260823,,0.9609363023437515,1653298077,10,False,surrogate_sens,False,8,207,0.11902771201969081,0.700494033789399,,7,12,True,False,one_sample,247,2460.0,0,20,20.0,0.14285714285714285,5.0,ok,1.492564334669598,31,0.009840109482640857,1.5077928267350589,True,,True,0.0,0.0,0.0,,True,4.0,1.0,0.016194331983805668,1.492564334669598,4.0,4.0,20,ar1,surrogate_sens:00081,False,False,assessed,ok,1,,True,4.0,0.0,0.0,0.0,0.0,256,10.42895691800004
0.05,0.5,508.35,259.3,20260823,,0.6683304732049296,3792587743,7,False,surrogate_sens,False,6,216,0.1442564551928793,0.641345111953753,,8,13,True,False,one_sample,250,2490.0,0,20,20.0,0.09523809523809523,5.0,ok,1.960470497493251,32,-0.10119611889077634,1.694454954987891,True,,True,0.0,0.0,0.0,,True,4.0,0.975,0.016,1.960470497493251,4.0,4.0,20,ar1,surrogate_sens:00082,False,False,assessed,ok,1,,True,4.0,0.0,0.0,0.0,0.0,256,6.642426750000595
0.0,0.5,676.7,353.95,20260823,,1.1443283970747058,3544501888,10,False,surrogate_sens,False,8,221,0.026349519737380332,0.040611386393801574,,5,11,True,False,one_sample,247,2460.0,0,20,20.0,0.047619047619047616,10.923738228438879,ok,1.91185195649103,33,0.15518112986658605,1.6446148400157323,True,,True,1.0,0.98,0.004048582995951417,,True,4.0,1.0,0.016194331983805668,1.91185195649103,4.0,4.0,20,ar1,surrogate_sens:00083,False,False,assessed,ok,1,,True,4.0,0.0,0.0,0.0,0.0,256,6.9889367559990205
0.9,0.5,266.85,340.45000000000005,20260823,,0.8767803761724047,2832613098,8,False,surrogate_sens,False,10,193,0.09673152331842315,0.5882333780349913,,7,12,True,False,one_sample,249,2480.0,0,20,20.0,0.9047619047619048,5.0,ok,0.7838155382581876,34,0.008831931948741866,1.51732988273877,True,,True,0.0,0.0,0.0,,True,3.0,1.0,0.012048192771084338,0.7838155382581876,3.0,3.0,20,ar1,surrogate_sens:00084,False,False,assessed,ok,1,,True,3.0,0.0,0.0,0.0,0.0,256,5.820182608998948
,,,,20260823,,,2907792430,13,True,surrogate_sens,False,9,200,0.09254634272850819,0.6104530505499913,,7,14,True,False,one_sample,0,,0,20,,,,,,35,0.02013232538097981,1.8506755748265329,False,,True,,,,,True,,,,,,,20,ar1,surrogate_sens:00085,True,False,not_assessed_detector_failure,embedding_not_saturated,1,,False,,,,,,256,0.8642063829993276
0.25,0.5,343.4,254.725,20260823,,0.6757606340807908,2916924334,7,False,surrogate_sens,False,9,184,0.10677684615360324,0.607749710274265,,9,9,True,False,one_sample,250,2490.0,0,20,20.0,0.2857142857142857,5.954109903599328,ok,1.3481205221317105,36,-0.07346175795979261,1.5774918549154946,True,,True,0.0,0.0,0.0,,True,4.0,0.995,0.016,1.3481205221317105,4.0,4.0,20,ar1,surrogate_sens:00086,False,False,assessed,ok,1,,True,4.0,0.0,0.0,0.0,0.0,256,9.22945180699935
0.55,0.5,408.35,415.625,20260823,,0.8993479098932604,2731279643,9,False,surrogate_sens,True,13,172,0.08148743288284316,0.6068642717260837,,7,11,True,False,one_sample,248,2470.0,0,20,20.0,0.5714285714285714,7.835124019056619,ok,0.9824962406015039,37,-0.365435290798388,1.5829561153685077,True,,True,0.0,0.0,0.0,,True,5.0,1.0,0.020161290322580645,0.9824962406015039,5.0,5.0,20,ar1,surrogate_sens:00087,False,False,assessed,ok,1,,True,5.0,0.0,0.0,0.0,0.0,256,10.061733651000395
0.1,0.5,473.25,288.25,20260823,,0.6069572520480575,4277871563,7,False,surrogate_sens,False,8,214,0.06697169962316782,0.3083464222242347,,6,15,True,False,one_sample,250,2490.0,0,20,20.0,0.14285714285714285,5.0,ok,1.6418039895923677,38,-0.010515979388919572,1.7839401270862312,True,,True,0.0,0.0,0.0,,True,4.0,0.98,0.016,1.6418039895923677,4.0,4.0,20,ar1,surrogate_sens:00088,False,False,assessed,ok,1,,True,4.0,0.0,0.0,0.0,0.0,256,5.272768864000682
0.55,0.5,378.15,388.85,20260823,,0.9733795738347625,1344233584,9,False,surrogate_sens,False,7,226,0.03481941694908685,0.0512394891823571,,5,14,True,False,one_sample,248,2470.0,0,20,20.0,0.5714285714285714,12.194918793365101,ok,0.9724829625819724,39,0.6496364738193465,1.5678770362379533,True,,True,0.0,0.0,0.0,,True,3.0,1.0,0.012096774193548387,0.9724829625819724,3.0,3.0,20,ar1,surrogate_sens:00089,False,False,assessed,ok,1,,True,3.0,0.0,0.0,0.0,0.0,256,6.159035922999465
0.1,0.5,479.75,357.25,20260823,,0.8237233392344956,2869279313,9,False,surrogate_sens,False,10,193,0.07510062799636727,0.5710290379632494,,7,12,True,False,one_sample,248,2470.0,0,20,20.0,0.14285714285714285,5.0,ok,1.3428971308607418,40,-0.03392002649570125,1.6224970278464625,True,,True,0.0,0.0,0.0,,True,5.0,1.0,0.020161290322580645,1.3428971308607418,5.0,5.0,20,ar1,surrogate_sens:00090,False,False,assessed,ok,1,,True,5.0,0.0,0.0,0.0,0.0,256,7.350471204999849
0.75,0.5,189.0,254.52499999999998,20260823,,0.6417850567991357,1704659510,6,False,surrogate_sens,False,9,184,0.0891448069231493,0.6026807410287912,,9,16,True,False,one_sample,251,2500.0,0,20,20.0,0.7619047619047619,148.52197962992264,ok,0.7425596699734801,41,-0.28663670369218847,1.537004710746318,True,,True,0.0,0.0,0.0,,True,2.0,0.935,0.00796812749003984,0.7425596699734801,2.0,2.0,20,ar1,surrogate_sens:00091,False,False,assessed,ok,1,,True,2.0,0.0,0.0,0.0,0.0,256,6.772700032001012
0.1,0.5,511.7,347.75,20260823,,0.8440598204509894,1697017250,9,False,surrogate_sens,True,13,172,0.07653783456269397,0.7491792081836937,,7,13,True,False,one_sample,248,2470.0,0,20,20.0,0.14285714285714285,5.0,ok,1.4714593817397554,42,0.1187840753695397,1.59611957529303,True,,True,0.0,0.0,0.0,,True,3.0,1.0,0.012096774193548387,1.4714593817397554,3.0,3.0,20,ar1,surrogate_sens:00092,False,False,assessed,ok,1,,True,3.0,0.0,0.0,0.0,0.0,256,9.066164010000648
0.75,0.5,333.1,393.8,20260823,,1.1391680834018874,2549843691,11,False,surrogate_sens,False,10,202,0.047937670344101645,0.4025366463736183,,6,20,True,False,one_sample,246,2450.0,0,20,20.0,0.7619047619047619,5.0,ok,0.845860843067547,43,0.21346827780544458,1.7879676667532725,True,,True,0.0,0.0,0.0,,True,4.0,1.0,0.016260162601626018,0.845860843067547,4.0,3.0,20,ar1,surrogate_sens:00093,False,False,assessed,ok,1,,True,4.0,0.0,0.0,0.0,0.0,256,9.229094326999984
,,,,20260823,,,1748507989,13,True,surrogate_sens,False,9,184,0.09327881702811174,0.7959774979242792,,9,14,True,False,one_sample,0,,0,20,,,,,,44,-0.42604026981756177,2.0057861252623863,False,,True,,,,,True,,,,,,,20,ar1,surrogate_sens:00094,True,False,not_assessed_detector_failure,embedding_not_saturated,1,,False,,,,,,256,0.8523704239996732
0.4,0.5,433.55,362.5,20260823,,1.2836692544387307,3495992519,10,False,surrogate_sens,False,7,232,0.058002095696003377,0.14697118518203933,,4,11,True,False,one_sample,247,2460.0,0,20,20.0,0.42857142857142855,83.12272765612417,ok,1.196,45,-0.038107989633645103,1.5063955498308461,True,,True,0.0,0.0,0.0,,True,4.0,1.0,0.016194331983805668,1.196,4.0,4.0,20,ar1,surrogate_sens:00095,False,False,assessed,ok,1,,True,4.0,0.0,0.0,0.0,0.0,256,7.670237665000968
0.8,0.5,259.7,375.4,20260823,,0.9912886198144906,963844549,10,False,surrogate_sens,False,9,176,0.09962526781654507,0.6446381580375583,,10,13,True,False,one_sample,247,2460.0,0,20,20.0,0.8095238095238095,103.14871805512817,ok,0.6917954182205648,46,0.4920190470272541,1.6830260736298153,True,,True,0.0,0.0,0.0,,True,4.0,1.0,0.016194331983805668,0.6917954182205648,4.0,4.0,20,ar1,surrogate_sens:00096,False,False,assessed,ok,1,,True,4.0,0.0,0.0,0.0,0.0,256,7.953450226999848
1.0,0.5,176.0,303.9,20260823,,0.802710318332859,2400351358,7,False,surrogate_sens,False,9,184,0.10383295932574713,0.6870445069830335,,9,12,True,False,one_sample,250,2490.0,0,20,20.0,1.0,297.36487104213495,ok,0.5791378743007569,47,-0.0813870244678764,1.5605150126659015,True,,True,0.0,0.0,0.0,,True,1.0,0.8,0.004,0.5791378743007569,1.0,1.0,20,ar1,surrogate_sens:00097,False,False,assessed,ok,1,,True,1.0,0.0,0.0,0.0,0.0,256,8.343410004999896
,,,,20260823,,,2023883774,13,True,surrogate_sens,False,8,214,0.08074238556205413,0.38968805500434167,,6,13,True,False,one_sample,0,,0,20,,,,,,48,-0.30885830825864424,1.7885677602935701,False,,True,,,,,True,,,,,,,20,ar1,surrogate_sens:00098,True,False,not_assessed_detector_failure,embedding_not_saturated,1,,False,,,,,,256,1.5396922420004557
0.9,0.5,141.55,226.05,20260823,,0.9443963919502789,1967145954,7,False,surrogate_sens,True,13,172,0.06993668223978405,0.5658298936267483,,7,9,True,False,one_sample,250,2490.0,0,20,20.0,0.9047619047619048,276.47882528863175,ok,0.626188896261889,49,0.16070433598039868,1.2868143797875888,True,,True,0.0,0.0,0.0,,True,2.0,0.975,0.008,0.626188896261889,2.0,2.0,20,ar1,surrogate_sens:00099,False,False,assessed,ok,1,,True,2.0,0.0,0.0,0.0,0.0,256,6.991015169000093
0.0,0.5,662.1,68.35,20260823,,0.30365343868910166,1949141757,4,False,surrogate_sens,False,10,166,0.10809988761529628,0.551713576044488,,10,4,True,False,one_sample,253,2501.0,0,20,20.0,0.047619047619047616,88.61287120227792,ok,9.686905632772495,0,0.5045120837424588,0.35191512060372365,True,,True,2.0,0.1,0.007905138339920948,,True,2.0,0.1,0.007905138339920948,9.686905632772495,2.0,2.0,20,logistic,surrogate_sens:00100,False,False,assessed,ok,1,,True,2.0,0.0,0.0,0.0,0.0,256,4.030075808999754
0.0,0.5,536.05,67.375,20260823,,0.28964932455008896,1652537900,4,False,surrogate_sens,False,10,193,0.11660588832496258,0.5359361649055694,,7,4,True,False,one_sample,253,2494.0,0,20,20.0,0.047619047619047616,83.67248262229653,ok,7.95621521335807,1,0.4970143639040308,0.35534225087337623,True,,True,2.0,0.09,0.007905138339920948,,True,2.0,0.09,0.007905138339920948,7.95621521335807,2.0,2.0,20,logistic,surrogate_sens:00101,False,False,assessed,ok,1,,True,2.0,0.0,0.0,0.0,0.0,256,4.092477797999891
0.0,0.5,831.25,73.69999999999999,20260823,,0.28034263899611733,292278060,4,False,surrogate_sens,True,13,148,0.08633712154399134,0.5000923941128738,,9,4,True,False,one_sample,253,2500.0,0,20,20.0,0.047619047619047616,76.2294770179101,ok,11.278833107191318,2,0.46574693414237245,0.3638037286337183,True,,True,2.0,0.105,0.007905138339920948,,True,2.0,0.105,0.007905138339920948,11.278833107191318,2.0,2.0,20,logistic,surrogate_sens:00102,False,False,assessed,ok,1,,True,2.0,0.0,0.0,0.0,0.0,256,3.8396383639992564
0.0,0.5,552.95,68.05,20260823,,0.27297822620090767,1341124623,4,False,surrogate_sens,True,13,172,0.08966219212142508,0.4947158182300747,,7,4,True,False,one_sample,253,2490.0,0,20,20.0,0.047619047619047616,124.65819187599166,ok,8.125642909625277,3,0.4584166412783344,0.36536853478661335,True,,True,2.0,0.085,0.007905138339920948,,True,2.0,0.085,0.007905138339920948,8.125642909625277,2.0,2.0,20,logistic,surrogate_sens:00103,False,False,assessed,ok,1,,True,2.0,0.0,0.0,0.0,0.0,256,4.916190521000317
0.0,0.5,626.35,69.5,20260823,,0.3106923348501237,3611326506,4,False,surrogate_sens,False,8,200,0.1467553234098611,0.5927310923481651,,8,4,True,False,one_sample,253,2504.0,0,20,20.0,0.047619047619047616,125.49070129158102,ok,9.012230215827339,4,0.4931282413270283,0.35521505827648336,True,,True,1.0,0.065,0.003952569169960474,,True,2.0,0.095,0.007905138339920948,9.012230215827339,2.0,2.0,20,logistic,surrogate_sens:00104,False,False,assessed,ok,1,,True,2.0,0.0,0.0,0.0,0.0,256,6.8094634329991095
0.0,0.5,484.95,66.07499999999999,20260823,,0.32069185987414206,2937350216,4,False,surrogate_sens,False,8,172,0.14198936954295932,0.5926625652449269,,12,4,True,False,one_sample,253,2506.0,0,20,20.0,0.047619047619047616,122.15908271293348,ok,7.339387060158911,5,0.5220463263472181,0.34487478185791914,True,,True,2.0,0.09,0.007905138339920948,,True,2.0,0.09,0.007905138339920948,7.339387060158911,2.0,2.0,20,logistic,surrogate_sens:00105,False,False,assessed,ok,1,,True,2.0,0.0,0.0,0.0,0.0,256,6.738439648999702
0.0,0.5,417.15,64.025,20260823,,0.3128118660620098,2625739459,4,False,surrogate_sens,False,9,192,0.11830519451771764,0.5402221112391219,,8,4,True,False,one_sample,253,2506.0,0,20,20.0,0.047619047619047616,146.14705877006043,ok,6.515423662631783,6,0.5277029648775322,0.34198680690114075,True,,True,2.0,0.085,0.007905138339920948,,True,2.0,0.085,0.007905138339920948,6.515423662631783,2.0,2.0,20,logistic,surrogate_sens:00106,False,False,assessed,ok,1,,True,2.0,0.0,0.0,0.0,0.0,256,5.220030299999053
0.0,0.5,857.45,79.275,20260823,,0.3115519147349413,3175003209,4,False,surrogate_sens,False,10,121,0.0988279797258185,0.5056316449455285,,15,5,True,False,one_sample,253,2514.0,0,20,20.0,0.047619047619047616,46.47204891562913,ok,10.816146326080101,7,0.5101759034752217,0.3499812320418511,True,,True,2.0,0.135,0.007905138339920948,,True,2.0,0.135,0.007905138339920948,10.816146326080101,2.0,2.0,20,logistic,surrogate_sens:00107,False,False,assessed,ok,1,,True,2.0,0.0,0.0,0.0,0.0,256,4.097948045000521
0.0,0.5,917.3,81.875,20260823,,0.3192201066045725,855530592,4,False,surrogate_sens,True,13,172,0.0983135454444903,0.5413038548044824,,7,4,True,False,one_sample,253,2517.0,0,20,20.0,0.047619047619047616,5.0,ok,11.203664122137404,8,0.5052972843494565,0.3520818457014146,True,,True,2.0,0.165,0.007905138339920948,,True,2.0,0.165,0.007905138339920948,11.203664122137404,2.0,2.0,20,logistic,surrogate_sens:00108,False,False,assessed,ok,1,,True,2.0,0.0,0.0,0.0,0.0,256,3.994058579999546
0.0,0.5,374.15,60.475,20260823,,0.31316185351296805,1137966784,4,False,surrogate_sens,False,8,186,0.15133218435890342,0.6268218459023158,,10,4,True,False,one_sample,253,2498.0,0,20,20.0,0.047619047619047616,131.11720785767605,ok,6.186854071930549,9,0.5128953576299096,0.3481558831400561,True,,True,2.0,0.105,0.007905138339920948,,True,2.0,0.105,0.007905138339920948,6.186854071930549,2.0,2.0,20,logistic,surrogate_sens:00109,False,False,assessed,ok,1,,True,2.0,0.0,0.0,0.0,0.0,256,3.89793422799994
0.0,0.5,679.25,66.65,20260823,,0.34052343143163083,155083518,4,False,surrogate_sens,False,7,220,0.17015106717618225,0.5919271330068185,,6,4,True,False,one_sample,253,2507.0,0,20,20.0,0.047619047619047616,81.51706343489899,ok,10.191297824456113,10,0.5101262331766295,0.34847902882144616,True,,True,2.0,0.125,0.007905138339920948,,True,2.0,0.125,0.007905138339920948,10.191297824456113,2.0,2.0,20,logistic,surrogate_sens:00110,False,False,assessed,ok,1,,True,2.0,0.0,0.0,0.0,0.0,256,4.167992028000299
0.0,0.5,1071.75,83.2,20260823,,0.34193642085674675,1643540681,4,False,surrogate_sens,False,10,166,0.10511161361073963,0.4040410818986123,,10,4,True,False,one_sample,253,2502.0,0,20,20.0,0.047619047619047616,51.081036382134116,ok,12.881610576923077,11,0.4885366808137147,0.35740624226202594,True,,True,2.0,0.12,0.007905138339920948,,True,2.0,0.12,0.007905138339920948,12.881610576923077,2.0,2.0,20,logistic,surrogate_sens:00111,False,False,assessed,ok,1,,True,2.0,0.0,0.0,0.0,0.0,256,4.9773290360008104
0.0,0.5,832.2,74.32499999999999,20260823,,0.3370437232303379,1760545983,4,False,surrogate_sens,False,8,214,0.13908931681061515,0.5510846108398602,,6,4,True,False,one_sample,253,2510.0,0,20,20.0,0.047619047619047616,53.372277870888055,ok,11.196770938446017,12,0.5090666934611214,0.34906328815746257,True,,True,2.0,0.15,0.007905138339920948,,True,2.0,0.15,0.007905138339920948,11.196770938446017,2.0,2.0,20,logistic,surrogate_sens:00112,False,False,assessed,ok,1,,True,2.0,0.0,0.0,0.0,0.0,256,7.4026316050003516
0.0,0.5,1146.05,88.875,20260823,,0.2759249210566666,1200119167,4,False,surrogate_sens,False,7,208,0.16851988793110342,0.5829910752766508,,8,4,True,False,one_sample,253,2508.0,0,20,20.0,0.047619047619047616,55.30521812517084,ok,12.895077355836849,13,0.47753034735954225,0.3610260424795139,True,,True,1.0,0.08,0.003952569169960474,,True,2.0,0.095,0.007905138339920948,12.895077355836849,2.0,2.0,20,logistic,surrogate_sens:00113,False,False,assessed,ok,1,,True,2.0,0.0,0.0,0.0,0.0,256,6.7407775500014395
0.0,0.5,533.25,54.650000000000006,20260823,,0.30683235090341887,1080202061,4,False,surrogate_sens,False,10,202,0.11327198830442778,0.5228193923207286,,6,4,True,False,one_sample,253,2498.0,0,20,20.0,0.047619047619047616,206.50546628209594,ok,9.75754803293687,14,0.4858763175684304,0.35734700160361405,True,,True,2.0,0.08,0.007905138339920948,,True,2.0,0.08,0.007905138339920948,9.75754803293687,2.0,2.0,20,logistic,surrogate_sens:00114,False,False,assessed,ok,1,,True,2.0,0.0,0.0,0.0,0.0,256,4.327556673999425
0.0,0.5,905.55,89.25,20260823,,0.3110792366296389,3156448767,4,False,surrogate_sens,False,8,214,0.140047435803994,0.5154738424268723,,6,4,True,False,one_sample,253,2506.0,0,20,20.0,0.047619047619047616,78.20247722694613,ok,10.146218487394957,15,0.46731483272093116,0.3634627847325097,True,,True,1.0,0.07,0.003952569169960474,,True,2.0,0.095,0.007905138339920948,10.146218487394957,2.0,2.0,20,logistic,surrogate_sens:00115,False,False,assessed,ok,1,,True,2.0,0.0,0.0,0.0,0.0,256,4.019214624999222
0.0,0.5,659.55,172.04999999999995,20260823,,0.24658950270577296,1458145094,4,False,surrogate_sens,False,8,207,0.15149524602757863,0.5910591307354633,,7,5,True,False,one_sample,253,2308.0,0,20,20.0,0.047619047619047616,5.0,ok,3.8334786399302536,16,0.40482369802348894,0.372596880798331,True,,True,1.0,0.155,0.003952569169960474,,True,2.0,0.19,0.007905138339920948,3.8334786399302536,2.0,2.0,20,logistic,surrogate_sens:00116,False,False,assessed,ok,1,,True,2.0,0.0,0.0,0.0,0.0,256,4.092817955999635
0.0,0.5,408.45,53.0,20260823,,0.28398422169097387,842987019,4,False,surrogate_sens,False,8,200,0.1516194143862865,0.6090440858658794,,8,4,True,False,one_sample,253,2493.0,0,20,20.0,0.047619047619047616,150.86591069388786,ok,7.706603773584906,17,0.48002424016175105,0.3587273801560719,True,,True,2.0,0.08,0.007905138339920948,,True,2.0,0.08,0.007905138339920948,7.706603773584906,2.0,2.0,20,logistic,surrogate_sens:00117,False,False,assessed,ok,1,,True,2.0,0.0,0.0,0.0,0.0,256,4.013005582000915
0.0,0.5,509.85,84.075,20260823,,0.3065496349165935,3573163102,4,False,surrogate_sens,False,11,186,0.10683676708003627,0.5561973029200187,,7,4,True,False,one_sample,253,2502.0,0,20,20.0,0.047619047619047616,118.00605295897971,ok,6.064228367528992,18,0.5223098082156662,0.3437921009227581,True,,True,2.0,0.075,0.007905138339920948,,True,2.0,0.075,0.007905138339920948,6.064228367528992,2.0,2.0,20,logistic,surrogate_sens:00118,False,False,assessed,ok,1,,True,2.0,0.0,0.0,0.0,0.0,256,5.846909052001138
0.0,0.5,350.4,55.699999999999996,20260823,,0.34121663259209656,368305781,4,False,surrogate_sens,False,9,176,0.12461059327930353,0.5740430615104963,,10,4,True,False,one_sample,253,2503.0,0,20,20.0,0.047619047619047616,159.06753698094198,ok,6.290843806104129,19,0.519767685276729,0.34549456342360463,True,,True,2.0,0.1,0.007905138339920948,,True,2.0,0.1,0.007905138339920948,6.290843806104129,2.0,2.0,20,logistic,surrogate_sens:00119,False,False,assessed,ok,1,,True,2.0,0.0,0.0,0.0,0.0,256,6.657257648999803
0.0,0.5,924.8,69.0,20260823,,0.2957293709947785,745135004,4,False,surrogate_sens,False,10,175,0.11528054864253111,0.5902790763382735,,9,5,True,False,one_sample,253,2515.0,0,20,20.0,0.047619047619047616,9.950291776158277,ok,13.402898550724638,20,0.526586402965344,0.3425358154027492,True,,True,2.0,0.17,0.007905138339920948,,True,2.0,0.17,0.007905138339920948,13.402898550724638,2.0,2.0,20,logistic,surrogate_sens:00120,False,False,assessed,ok,1,,True,2.0,0.0,0.0,0.0,0.0,256,6.291749018999326
0.0,0.5,892.65,76.4,20260823,,0.3039129130406595,2237865140,4,False,surrogate_sens,False,6,226,0.1968508298807798,0.595303822144285,,6,4,True,False,one_sample,253,2517.0,0,20,20.0,0.047619047619047616,5.0,ok,11.683900523560208,21,0.5070597103813786,0.35107835882543836,True,,True,2.0,0.17,0.007905138339920948,,True,2.0,0.17,0.007905138339920948,11.683900523560208,2.0,2.0,20,logistic,surrogate_sens:00121,False,False,assessed,ok,1,,True,2.0,0.0,0.0,0.0,0.0,256,5.292004876999272
0.0,0.5,613.65,61.074999999999996,20260823,,0.31882698094101325,407955920,4,False,surrogate_sens,False,8,207,0.16030106144782064,0.6250972604302297,,7,4,True,False,one_sample,253,2498.0,0,20,20.0,0.047619047619047616,95.49413387156707,ok,10.04748260335653,22,0.5003550250033446,0.35396774853180957,True,,True,2.0,0.105,0.007905138339920948,,True,2.0,0.105,0.007905138339920948,10.04748260335653,2.0,2.0,20,logistic,surrogate_sens:00122,False,False,assessed,ok,1,,True,2.0,0.0,0.0,0.0,0.0,256,4.113948292000714
0.0,0.5,876.25,65.45,20260823,,0.30234426888547106,4003317703,4,False,surrogate_sens,False,10,166,0.11211607571417327,0.599994614306522,,10,4,True,False,one_sample,253,2505.0,0,20,20.0,0.047619047619047616,83.03642669128536,ok,13.388082505729564,23,0.5154442593814046,0.3464172573764943,True,,True,2.0,0.125,0.007905138339920948,,True,2.0,0.125,0.007905138339920948,13.388082505729564,2.0,2.0,20,logistic,surrogate_sens:00123,False,False,assessed,ok,1,,True,2.0,0.0,0.0,0.0,0.0,256,3.940247509999608
0.0,0.5,669.25,67.25,20260823,,0.27663571428332595,2713073067,4,False,surrogate_sens,False,10,166,0.11951487379222578,0.5157716278420001,,10,4,True,False,one_sample,253,2481.0,0,20,20.0,0.047619047619047616,124.19585347395102,ok,9.951672862453531,24,0.4629618974538492,0.36357649147172394,True,,True,1.0,0.05,0.003952569169960474,,True,2.0,0.065,0.007905138339920948,9.951672862453531,2.0,2.0,20,logistic,surrogate_sens:00124,False,False,assessed,ok,1,,True,2.0,0.0,0.0,0.0,0.0,256,3.989009803999579
0.0,0.5,1232.5,65.55,20260823,,0.28258928438251807,165118891,4,False,surrogate_sens,False,7,202,0.16778982597824352,0.6163426002690546,,9,4,True,False,one_sample,253,2516.0,0,20,20.0,0.047619047619047616,27.41203434444048,ok,18.802440884820747,25,0.5100345598037747,0.3498429543804035,True,,True,1.0,0.09,0.003952569169960474,,True,2.0,0.13,0.007905138339920948,18.802440884820747,2.0,2.0,20,logistic,surrogate_sens:00125,False,False,assessed,ok,1,,True,2.0,0.0,0.0,0.0,0.0,256,3.9628647600002296
0.0,0.5,712.6,66.8,20260823,,0.3411788206697106,2921005077,4,False,surrogate_sens,False,11,166,0.09033549181562107,0.3582254923967919,,9,4,True,False,one_sample,253,2491.0,0,20,20.0,0.047619047619047616,88.41679617640267,ok,10.667664670658683,26,0.48665228691701146,0.3592459633154786,True,,True,2.0,0.135,0.007905138339920948,,True,2.0,0.135,0.007905138339920948,10.667664670658683,2.0,2.0,20,logistic,surrogate_sens:00126,False,False,assessed,ok,1,,True,2.0,0.0,0.0,0.0,0.0,256,6.852230606000376
0.0,0.5,701.45,52.9,20260823,,0.3143967292529787,1518783019,4,False,surrogate_sens,False,10,202,0.13448315381041384,0.603201890102607,,6,4,True,False,one_sample,253,2505.0,0,20,20.0,0.047619047619047616,88.36166677172515,ok,13.259924385633271,27,0.5109158856439429,0.3488688307883876,True,,True,2.0,0.1,0.007905138339920948,,True,2.0,0.1,0.007905138339920948,13.259924385633271,2.0,2.0,20,logistic,surrogate_sens:00127,False,False,assessed,ok,1,,True,2.0,0.0,0.0,0.0,0.0,256,7.0569568400005664
0.0,0.5,997.65,68.85,20260823,,0.325509306766705,2556668425,4,False,surrogate_sens,False,8,186,0.16957101883396966,0.6652909397133706,,10,4,True,False,one_sample,253,2503.0,0,20,20.0,0.047619047619047616,61.169430561450035,ok,14.490196078431373,28,0.4746876005863097,0.36159018451221925,True,,True,2.0,0.13,0.007905138339920948,,True,2.0,0.13,0.007905138339920948,14.490196078431373,2.0,2.0,20,logistic,surrogate_sens:00128,False,False,assessed,ok,1,,True,2.0,0.0,0.0,0.0,0.0,256,4.94626053400134
0.0,0.5,383.2,57.2,20260823,,0.28151100796413175,4188589604,4,False,surrogate_sens,False,10,166,0.11243856966969513,0.5600784672855381,,10,4,True,False,one_sample,253,2502.0,0,20,20.0,0.047619047619047616,134.7678428407628,ok,6.699300699300699,29,0.48948539713483324,0.35584688462567443,True,,True,2.0,0.085,0.007905138339920948,,True,2.0,0.085,0.007905138339920948,6.699300699300699,2.0,2.0,20,logistic,surrogate_sens:00129,False,False,assessed,ok,1,,True,2.0,0.0,0.0,0.0,0.0,256,4.5579295469997305
0.0,0.5,516.55,88.85,20260823,,0.2390281876934247,493659376,4,False,surrogate_sens,False,10,157,0.11394341748863863,0.6507893500563638,,11,3,True,False,one_sample,253,2517.0,0,20,20.0,0.047619047619047616,9.356526376735458,ok,5.813731007315701,0,0.26445474078243325,0.7185357572222877,True,,True,1.0,0.095,0.003952569169960474,,True,2.0,0.095,0.007905138339920948,5.813731007315701,2.0,2.0,20,henon,surrogate_sens:00130,False,False,assessed,ok,1,,True,2.0,0.0,0.0,0.0,0.0,256,4.035743955000726
0.0,0.5,1004.45,86.07499999999999,20260823,,0.26050325061876867,216778323,4,False,surrogate_sens,False,8,193,0.13176082343710394,0.6819843530905143,,9,3,True,False,one_sample,253,2518.0,0,20,20.0,0.047619047619047616,7.887498315069472,ok,11.66947429567238,1,0.2527486479696773,0.7223541927573707,True,,True,1.0,0.135,0.003952569169960474,,True,1.0,0.135,0.003952569169960474,11.66947429567238,1.0,1.0,20,henon,surrogate_sens:00131,False,False,assessed,ok,1,,True,1.0,0.0,0.0,0.0,0.0,256,3.9807505360004143
0.0,0.45,516.95,109.94999999999999,20260823,,0.36552730758062596,378400350,5,False,surrogate_sens,False,9,160,0.12051152307789269,0.6031889050829331,,12,3,True,False,one_sample,252,2509.0,0,20,20.0,0.047619047619047616,8.465265310181262,ok,4.70168258299227,2,0.24984904705355496,0.7265451466103804,True,,True,1.0,0.09,0.003968253968253968,,True,1.0,0.09,0.003968253968253968,4.70168258299227,1.0,1.0,20,henon,surrogate_sens:00132,False,False,assessed,ok,1,,True,1.0,0.0,0.0,0.0,0.0,256,5.275057912998818
0.0,0.5,525.8,89.05000000000001,20260823,,0.22695378395372284,1663362928,4,False,surrogate_sens,False,9,168,0.13745801894149667,0.6748538521097447,,11,3,True,False,one_sample,253,2518.0,0,20,20.0,0.047619047619047616,25.49662869124317,ok,5.9045480067377865,3,0.2665077431498841,0.7160010131097019,True,,True,1.0,0.12,0.003952569169960474,,True,1.0,0.12,0.003952569169960474,5.9045480067377865,1.0,1.0,20,henon,surrogate_sens:00133,False,False,assessed,ok,1,,True,1.0,0.0,0.0,0.0,0.0,256,4.883239454000432
0.0,0.5,514.75,91.525,20260823,,0.2314915372365285,1537020589,4,False,surrogate_sens,False,8,193,0.14764127439370037,0.6736310832466557,,9,3,True,False,one_sample,253,2517.0,0,20,20.0,0.047619047619047616,11.055577141464642,ok,5.624146408085222,4,0.27326953666795517,0.7119034544832478,True,,True,1.0,0.1,0.003952569169960474,,True,1.0,0.1,0.003952569169960474,5.624146408085222,1.0,1.0,20,henon,surrogate_sens:00134,False,False,assessed,ok,1,,True,1.0,0.0,0.0,0.0,0.0,256,7.066398125998603
0.0,0.5,618.55,96.55000000000001,20260823,,0.20797046019308818,1462996361,4,False,surrogate_sens,True,13,88,0.08006411878557,0.6273102890277984,,14,3,True,False,one_sample,253,2519.0,0,20,20.0,0.047619047619047616,14.602344741009986,ok,6.406525116519937,5,0.2691515922049937,0.712861049268508,True,,True,1.0,0.06,0.003952569169960474,,True,1.0,0.06,0.003952569169960474,6.406525116519937,1.0,1.0,20,henon,surrogate_sens:00135,False,False,assessed,ok,1,,True,1.0,0.0,0.0,0.0,0.0,256,6.334666066999489
0.0,0.5,474.85,82.35000000000002,20260823,,0.24457808133532472,1666659224,4,False,surrogate_sens,False,9,176,0.12225820256476189,0.6408867364790931,,10,3,True,False,one_sample,253,2518.0,0,20,20.0,0.047619047619047616,22.812458062207256,ok,5.766241651487552,6,0.2602605484673193,0.7214353954212712,True,,True,1.0,0.115,0.003952569169960474,,True,1.0,0.115,0.003952569169960474,5.766241651487552,1.0,1.0,20,henon,surrogate_sens:00136,False,False,assessed,ok,1,,True,1.0,0.0,0.0,0.0,0.0,256,4.051291746998686
0.0,0.5,584.05,75.47500000000001,20260823,,0.21831958621581476,1523205322,4,False,surrogate_sens,False,10,166,0.12136507499133069,0.6991610160780419,,10,3,True,False,one_sample,253,2519.0,0,20,20.0,0.047619047619047616,15.881579334653903,ok,7.738323948327259,7,0.2846654480937584,0.7006114265734719,True,,True,1.0,0.105,0.003952569169960474,,True,1.0,0.105,0.003952569169960474,7.738323948327259,1.0,1.0,20,henon,surrogate_sens:00137,False,False,assessed,ok,1,,True,1.0,0.0,0.0,0.0,0.0,256,3.9178212160004477
0.0,0.45,509.05,95.1,20260823,,0.25749578817479524,273461635,4,False,surrogate_sens,False,11,146,0.1108015418799495,0.673837086103545,,11,4,True,False,one_sample,253,2519.0,0,20,20.0,0.047619047619047616,20.315045625319513,ok,5.352786540483701,8,0.2056592609701639,0.7509055557482693,True,,True,1.0,0.075,0.003952569169960474,,True,1.0,0.075,0.003952569169960474,5.352786540483701,1.0,1.0,20,henon,surrogate_sens:00138,False,False,assessed,ok,1,,True,1.0,0.0,0.0,0.0,0.0,256,4.158039882000594
0.0,0.5,547.35,93.275,20260823,,0.24730240268005424,1502100350,4,False,surrogate_sens,False,9,168,0.14014640568442613,0.7188267192741653,,11,3,True,False,one_sample,253,2520.0,0,20,20.0,0.047619047619047616,15.18213603251125,ok,5.868131868131868,9,0.2652435749098716,0.7149448840965194,True,,True,1.0,0.125,0.003952569169960474,,True,1.0,0.125,0.003952569169960474,5.868131868131868,1.0,1.0,20,henon,surrogate_sens:00139,False,False,assessed,ok,1,,True,1.0,0.0,0.0,0.0,0.0,256,3.8724242839998624
0.0,0.5,620.95,93.10000000000001,20260823,,0.24958012456130418,2679122804,4,False,surrogate_sens,False,11,156,0.10802324856090649,0.629457934319404,,10,3,True,False,one_sample,253,2516.0,0,20,20.0,0.047619047619047616,16.24771215715685,ok,6.669709989258862,10,0.2232420775372898,0.7402290236537015,True,,True,1.0,0.145,0.003952569169960474,,True,1.0,0.145,0.003952569169960474,6.669709989258862,1.0,1.0,20,henon,surrogate_sens:00140,False,False,assessed,ok,1,,True,1.0,0.0,0.0,0.0,0.0,256,5.617137232000459
0.0,0.5,338.15,124.2,20260823,,0.680422960562694,3697673766,7,False,surrogate_sens,False,6,201,0.18100949634833546,0.7001216628529612,,11,3,True,False,one_sample,250,2490.0,0,20,20.0,0.047619047619047616,5.0,ok,2.722624798711755,11,0.2645419397638122,0.7191565611614339,True,,True,0.0,0.0,0.0,,True,1.0,0.325,0.004,2.722624798711755,1.0,1.0,20,henon,surrogate_sens:00141,False,False,assessed,ok,1,,True,1.0,0.0,0.0,0.0,0.0,256,8.081449166000311
0.0,0.5,539.05,76.29999999999998,20260823,,0.27153045448126145,732492722,4,False,surrogate_sens,False,8,200,0.13057598965940279,0.6488915173293556,,8,3,True,False,one_sample,253,2516.0,0,20,20.0,0.047619047619047616,24.938345562773513,ok,7.064875491480997,12,0.25290757530085917,0.7223997984614621,True,,True,1.0,0.13,0.003952569169960474,,True,1.0,0.13,0.003952569169960474,7.064875491480997,1.0,1.0,20,henon,surrogate_sens:00142,False,False,assessed,ok,1,,True,1.0,0.0,0.0,0.0,0.0,256,6.14153454299958
0.0,0.5,515.9,87.29999999999998,20260823,,0.26123685670538516,2650272499,4,False,surrogate_sens,False,10,166,0.11240761392193184,0.6057298954429369,,10,3,True,False,one_sample,253,2517.0,0,20,20.0,0.047619047619047616,21.200142048930246,ok,5.909507445589921,13,0.2377845406748651,0.7354252259286074,True,,True,1.0,0.105,0.003952569169960474,,True,1.0,0.105,0.003952569169960474,5.909507445589921,1.0,1.0,20,henon,surrogate_sens:00143,False,False,assessed,ok,1,,True,1.0,0.0,0.0,0.0,0.0,256,5.035492803999659
0.0,0.5,515.2,81.875,20260823,,0.22961523722159694,2582023415,4,False,surrogate_sens,True,13,64,0.07272121562874179,0.5692034335629231,,16,3,True,False,one_sample,253,2517.0,0,20,20.0,0.047619047619047616,21.71671858054804,ok,6.2925190839694665,14,0.20927247329744525,0.7559577402533573,True,,True,1.0,0.075,0.003952569169960474,,True,1.0,0.075,0.003952569169960474,6.2925190839694665,1.0,1.0,20,henon,surrogate_sens:00144,False,False,assessed,ok,1,,True,1.0,0.0,0.0,0.0,0.0,256,3.965297554999779
0.0,0.45,523.75,93.75,20260823,,0.24634230007798313,2534286796,4,False,surrogate_sens,False,10,148,0.11639471296873061,0.6116993578487082,,12,3,True,False,one_sample,253,2518.0,0,20,20.0,0.047619047619047616,14.363956208822195,ok,5.586666666666667,15,0.25214131546791774,0.724231669894058,True,,True,1.0,0.14,0.003952569169960474,,True,1.0,0.14,0.003952569169960474,5.586666666666667,1.0,1.0,20,henon,surrogate_sens:00145,False,False,assessed,ok,1,,True,1.0,0.0,0.0,0.0,0.0,256,3.950973287999659
0.0,0.5,363.35,90.075,20260823,,0.32874351186356204,2578131799,5,False,surrogate_sens,True,13,52,0.07487205273813426,0.6694396987597055,,17,3,True,False,one_sample,252,2510.0,0,20,20.0,0.047619047619047616,11.768373119005352,ok,4.033860671662503,16,0.25179176294730243,0.7266582703008558,True,,True,1.0,0.04,0.003968253968253968,,True,3.0,0.05,0.011904761904761904,4.033860671662503,3.0,3.0,20,henon,surrogate_sens:00146,False,False,assessed,ok,1,,True,3.0,0.0,0.0,0.0,0.0,256,4.193320459000461
0.0,0.5,573.45,78.15,20260823,,0.2630185047106997,1990281096,4,False,surrogate_sens,False,7,172,0.17307493148508707,0.723619033776564,,14,3,True,False,one_sample,253,2512.0,0,20,20.0,0.047619047619047616,26.487362966207563,ok,7.337811900191938,17,0.24404080916078857,0.7298244750280033,True,,True,1.0,0.085,0.003952569169960474,,True,1.0,0.085,0.003952569169960474,7.337811900191938,1.0,1.0,20,henon,surrogate_sens:00147,False,False,assessed,ok,1,,True,1.0,0.0,0.0,0.0,0.0,256,4.472512218999327
0.0,0.5,458.1,85.425,20260823,,0.2540289921439965,2053305126,4,False,surrogate_sens,False,11,156,0.10618043892785992,0.6302932408363995,,10,3,True,False,one_sample,253,2519.0,0,20,20.0,0.047619047619047616,16.739832350545328,ok,5.3625987708516245,18,0.25732295715735876,0.7222871292038034,True,,True,1.0,0.09,0.003952569169960474,,True,1.0,0.09,0.003952569169960474,5.3625987708516245,1.0,1.0,20,henon,surrogate_sens:00148,False,False,assessed,ok,1,,True,1.0,0.0,0.0,0.0,0.0,256,6.895488272999501
0.0,0.5,535.0,82.725,20260823,,0.23266586802043854,1511984254,4,False,surrogate_sens,True,13,112,0.08947287099143823,0.5662001721010428,,12,3,True,False,one_sample,253,2518.0,0,20,20.0,0.047619047619047616,13.776449757385981,ok,6.4672106376548815,19,0.26247988417391827,0.7158439269731581,True,,True,1.0,0.125,0.003952569169960474,,True,1.0,0.125,0.003952569169960474,6.4672106376548815,1.0,1.0,20,henon,surrogate_sens:00149,False,False,assessed,ok,1,,True,1.0,0.0,0.0,0.0,0.0,256,6.860532909999165
0.0,0.5,533.8,113.5,20260823,,0.5420191480606309,3364347009,6,False,surrogate_sens,False,11,156,0.10621506675761656,0.6405401949008547,,10,3,True,False,one_sample,251,2500.0,0,20,20.0,0.047619047619047616,8.753789436248685,ok,4.703083700440528,20,0.2513452482334824,0.7257350857631296,True,,True,1.0,0.145,0.00398406374501992,,True,1.0,0.145,0.00398406374501992,4.703083700440528,1.0,1.0,20,henon,surrogate_sens:00150,False,False,assessed,ok,1,,True,1.0,0.0,0.0,0.0,0.0,256,5.598639077999906
0.0,0.5,470.35,104.45000000000002,20260823,,0.3569155076945567,4081926746,5,False,surrogate_sens,True,13,148,0.09933668282521327,0.6388877942016127,,9,3,True,False,one_sample,252,2510.0,0,20,20.0,0.047619047619047616,11.882621938571903,ok,4.503111536620392,21,0.2505427710702309,0.7233613526586662,True,,True,1.0,0.105,0.003968253968253968,,True,1.0,0.105,0.003968253968253968,4.503111536620392,1.0,1.0,20,henon,surrogate_sens:00151,False,False,assessed,ok,1,,True,1.0,0.0,0.0,0.0,0.0,256,4.488723974000095
0.0,0.5,720.85,85.95000000000002,20260823,,0.23121236731395253,3999581070,4,False,surrogate_sens,False,8,172,0.15118745085764687,0.7446718898267579,,12,3,True,False,one_sample,253,2520.0,0,20,20.0,0.047619047619047616,5.0,ok,8.386852821407794,22,0.27584554399592387,0.7120205454226262,True,,True,1.0,0.15,0.003952569169960474,,True,2.0,0.15,0.007905138339920948,8.386852821407794,2.0,2.0,20,henon,surrogate_sens:00152,False,False,assessed,ok,1,,True,2.0,0.0,0.0,0.0,0.0,256,4.141850349000379
0.0,0.5,577.05,88.65,20260823,,0.25801573960569224,1569788839,4,False,surrogate_sens,False,11,126,0.09417246060921039,0.5761856635148674,,13,3,True,False,one_sample,253,2517.0,0,20,20.0,0.047619047619047616,18.700242533943268,ok,6.509306260575295,23,0.24332985290751336,0.7299718053340404,True,,True,1.0,0.115,0.003952569169960474,,True,1.0,0.115,0.003952569169960474,6.509306260575295,1.0,1.0,20,henon,surrogate_sens:00153,False,False,assessed,ok,1,,True,1.0,0.0,0.0,0.0,0.0,256,3.89463922700088
0.0,0.5,541.6,82.60000000000001,20260823,,0.2451773804580576,3026696393,4,False,surrogate_sens,False,11,146,0.10212449345386236,0.6407359420610585,,11,3,True,False,one_sample,253,2519.0,0,20,20.0,0.047619047619047616,20.605078133550222,ok,6.556900726392252,24,0.23477066260108115,0.7346319983276965,True,,True,1.0,0.095,0.003952569169960474,,True,1.0,0.095,0.003952569169960474,6.556900726392252,1.0,1.0,20,henon,surrogate_sens:00154,False,False,assessed,ok,1,,True,1.0,0.0,0.0,0.0,0.0,256,5.2008851030004735
0.0,0.45,422.65,82.69999999999999,20260823,,0.2459396554776594,2378322099,4,False,surrogate_sens,False,7,178,0.1752942489580469,0.7636758455534756,,13,3,True,False,one_sample,253,2518.0,0,20,20.0,0.047619047619047616,31.45117989008385,ok,5.110640870616687,25,0.25996943620098656,0.7206111982120664,True,,True,1.0,0.105,0.003952569169960474,,True,1.0,0.105,0.003952569169960474,5.110640870616687,1.0,1.0,20,henon,surrogate_sens:00155,False,False,assessed,ok,1,,True,1.0,0.0,0.0,0.0,0.0,256,5.3118696349993115
0.0,0.5,1258.75,74.9,20260823,,0.27684265560825755,2208778284,4,False,surrogate_sens,False,7,178,0.14055698262357147,0.6008506968932275,,13,3,True,False,one_sample,253,2520.0,0,20,20.0,0.047619047619047616,5.0,ok,16.805740987983977,26,0.27670648324119573,0.7072847797541597,True,,True,1.0,0.215,0.003952569169960474,,True,1.0,0.215,0.003952569169960474,16.805740987983977,1.0,1.0,20,henon,surrogate_sens:00156,False,False,assessed,ok,1,,True,1.0,0.0,0.0,0.0,0.0,256,6.611060926999926
0.0,0.5,447.55,108.67499999999998,20260823,,0.2363865856590753,2446859969,4,False,surrogate_sens,False,11,96,0.1022538566405816,0.6734221797586816,,16,3,True,False,one_sample,253,2519.0,0,20,20.0,0.047619047619047616,29.9824448820576,ok,4.118242466068554,27,0.2429454882963043,0.7301732189713616,True,,True,1.0,0.09,0.003952569169960474,,True,1.0,0.09,0.003952569169960474,4.118242466068554,1.0,1.0,20,henon,surrogate_sens:00157,False,False,assessed,ok,1,,True,1.0,0.0,0.0,0.0,0.0,256,6.219430035000187
0.0,0.5,531.6,99.60000000000002,20260823,,0.2415718730800544,955981557,4,False,surrogate_sens,False,8,179,0.13578875527516607,0.6337754729390646,,11,3,True,False,one_sample,253,2517.0,0,20,20.0,0.047619047619047616,16.52200773091297,ok,5.33734939759036,28,0.257270621411468,0.7206180519285789,True,,True,1.0,0.11,0.003952569169960474,,True,1.0,0.11,0.003952569169960474,5.33734939759036,1.0,1.0,20,henon,surrogate_sens:00158,False,False,assessed,ok,1,,True,1.0,0.0,0.0,0.0,0.0,256,4.033838671000922
0.0,0.5,570.45,100.60000000000002,20260823,,0.23430953767892887,874063825,4,False,surrogate_sens,False,9,176,0.12144484413360489,0.6235067804312646,,10,3,True,False,one_sample,253,2518.0,0,20,20.0,0.047619047619047616,19.119961869860035,ok,5.670477137176937,29,0.2610878335909278,0.7194381866739806,True,,True,1.0,0.115,0.003952569169960474,,True,1.0,0.115,0.003952569169960474,5.670477137176937,1.0,1.0,20,henon,surrogate_sens:00159,False,False,assessed,ok,1,,True,1.0,0.0,0.0,0.0,0.0,256,3.9392554300011398
0.65,0.5,240.12,300.44,20260823,,1.4596203951365463,3525481314,9,False,surrogate_sens,False,8,235,0.097744395555435,0.22365208159030914,,3,4,True,False,one_sample,248,2470.0,0,100,100.0,0.6534653465346535,5.0,ok,0.7992277992277993,0,0.04240132271432731,0.9500136492507664,True,,True,0.0,0.0,0.0,,True,2.0,1.0,0.008064516129032258,0.7992277992277993,2.0,2.0,100,white_noise,surrogate_sens:00160,False,False,assessed,ok,1,,True,2.0,0.0,0.0,0.0,0.0,256,27.53828673300086
0.76,0.5,210.45000000000005,310.28,20260823,,1.3673806528529848,448579287,9,False,surrogate_sens,False,10,220,0.04839144208351271,0.08100907650941847,,4,4,True,False,one_sample,248,2470.0,0,100,100.0,0.7623762376237624,5.0,ok,0.6782583472992139,1,-0.013439247826775483,1.062744994669898,True,,True,0.0,0.0,0.0,,True,1.0,1.0,0.004032258064516129,0.6782583472992139,1.0,1.0,100,white_noise,surrogate_sens:00161,False,False,assessed,ok,1,,True,1.0,0.0,0.0,0.0,0.0,256,30.548790909999298
0.9,0.5,138.84,267.03499999999997,20260823,,1.1586056407954113,2708556317,8,False,surrogate_sens,False,9,224,0.059900079559573625,0.08369634813143667,,4,4,True,False,one_sample,249,2480.0,0,100,100.0,0.900990099009901,5.0,ok,0.5199318441402813,2,-0.12572416578275175,1.0638951678035085,True,,True,0.0,0.0,0.0,,True,2.0,1.0,0.008032128514056224,0.5199318441402813,2.0,2.0,100,white_noise,surrogate_sens:00162,False,False,assessed,ok,1,,True,2.0,0.0,0.0,0.0,0.0,256,26.981195053998817
0.02,0.5,663.5,283.615,20260823,,1.274375135304471,3863378471,9,False,surrogate_sens,False,8,221,0.027972831920045776,0.01878210967223637,,5,4,True,False,one_sample,248,2470.0,0,100,100.0,0.0297029702970297,5.0,ok,2.3394390282601414,3,0.0013375503175751119,0.8309968640030182,True,,True,1.0,1.0,0.004032258064516129,,True,2.0,1.0,0.008064516129032258,2.3394390282601414,2.0,2.0,100,white_noise,surrogate_sens:00163,False,False,assessed,ok,1,,True,2.0,0.0,0.0,0.0,0.0,256,26.78887450000002
,,,,20260823,,,1199871569,13,True,surrogate_sens,False,7,202,0.12494917363463683,0.39587136010236157,,9,4,True,False,one_sample,0,,0,100,,,,,,4,-0.09891547418189556,1.0657706402532392,False,,True,,,,,True,,,,,,,100,white_noise,surrogate_sens:00164,True,False,not_assessed_detector_failure,embedding_not_saturated,1,,False,,,,,,256,0.6166579990003811
0.31,0.5,319.44000000000005,273.94000000000005,20260823,,0.8825403851622821,2441100079,7,False,surrogate_sens,True,13,208,0.041924240714303056,0.0705277721828288,,4,4,True,False,one_sample,250,2490.0,0,100,100.0,0.31683168316831684,5.0,ok,1.166094765277068,5,-0.11943963698437123,0.9297283722371191,True,,True,0.0,0.0,0.0,,True,1.0,1.0,0.004,1.166094765277068,1.0,1.0,100,white_noise,surrogate_sens:00165,False,False,assessed,ok,1,,True,1.0,0.0,0.0,0.0,0.0,256,23.194343406999906
0.99,0.5,127.94000000000005,320.96,20260823,,1.4375306456526866,3503171991,10,False,surrogate_sens,True,13,220,0.07787073852024372,0.221358736174604,,3,4,True,False,one_sample,247,2460.0,0,100,100.0,0.9900990099009901,5.0,ok,0.39861665004985064,6,-0.02201952765349155,1.0232705044678327,True,,True,0.0,0.0,0.0,,True,2.0,1.0,0.008097165991902834,0.39861665004985064,2.0,2.0,100,white_noise,surrogate_sens:00166,False,False,assessed,ok,1,,True,2.0,0.0,0.0,0.0,0.0,256,32.13125258400032
0.55,0.5,298.42999999999995,317.625,20260823,,1.5103929577044475,3880835121,11,False,surrogate_sens,False,11,196,0.09841657719223558,0.43452714114559565,,6,4,True,False,one_sample,246,2450.0,0,100,100.0,0.5544554455445545,5.0,ok,0.9395670995670994,7,-0.06737707883293743,0.9794903042599591,True,,True,0.0,0.0,0.0,,True,1.0,1.0,0.0040650406504065045,0.9395670995670994,1.0,1.0,100,white_noise,surrogate_sens:00167,False,False,assessed,ok,1,,True,1.0,0.0,0.0,0.0,0.0,256,34.51212596000005
0.02,0.5,636.5,311.87,20260823,,1.2648677476067753,4059865634,9,False,surrogate_sens,True,13,160,0.07732049946399243,0.41287884100589134,,8,4,True,False,one_sample,248,2470.0,0,100,100.0,0.0297029702970297,5.0,ok,2.0409144835989355,8,-0.0033818114275893964,1.032838768968139,True,,True,1.0,1.0,0.004032258064516129,,True,2.0,1.0,0.008064516129032258,2.0409144835989355,2.0,2.0,100,white_noise,surrogate_sens:00168,False,False,assessed,ok,1,,True,2.0,0.0,0.0,0.0,0.0,256,30.341936681001243
0.96,0.5,139.77999999999997,324.345,20260823,,1.5613567024385777,1387367435,10,False,surrogate_sens,True,13,220,0.06951933049246674,0.19802191663600965,,3,4,True,False,one_sample,247,2460.0,0,100,100.0,0.9603960396039604,5.0,ok,0.4309608595785351,9,0.049260071357297,0.9702214647330504,True,,True,0.0,0.0,0.0,,True,2.0,1.0,0.008097165991902834,0.4309608595785351,2.0,2.0,100,white_noise,surrogate_sens:00169,False,False,assessed,ok,1,,True,2.0,0.0,0.0,0.0,0.0,256,32.21521745299833
0.88,0.5,138.61,225.64,20260823,,1.048830525927259,2794683157,7,False,surrogate_sens,False,10,193,0.08516951713247575,0.3769448621180215,,7,4,True,False,one_sample,250,2490.0,0,100,100.0,0.8811881188118812,5.0,ok,0.6142971104414112,10,-0.05609580297697533,0.9115408713602312,True,,True,0.0,0.0,0.0,,True,2.0,1.0,0.008,0.6142971104414112,2.0,2.0,100,white_noise,surrogate_sens:00170,False,False,assessed,ok,1,,True,2.0,0.0,0.0,0.0,0.0,256,22.95093574600105
0.65,0.5,196.69000000000005,235.3,20260823,,1.071541074134374,3966354353,8,False,surrogate_sens,False,10,211,0.019258326451791343,0.013339474322354938,,5,4,True,False,one_sample,249,2480.0,0,100,100.0,0.6534653465346535,5.0,ok,0.835911602209945,11,0.08029779189606041,0.9731665745169045,True,,True,0.0,0.0,0.0,,True,1.0,1.0,0.004016064257028112,0.835911602209945,1.0,1.0,100,white_noise,surrogate_sens:00171,False,False,assessed,ok,1,,True,1.0,0.0,0.0,0.0,0.0,256,26.540445181000905
0.13,0.5,513.33,294.61,20260823,,1.3148959787375896,194681585,11,False,surrogate_sens,False,10,229,0.08818562638321523,0.22185071129996425,,3,4,True,False,one_sample,246,2450.0,0,100,100.0,0.13861386138613863,5.0,ok,1.7424052136723127,12,0.061526507167892125,1.0483843572650442,True,,True,0.0,0.0,0.0,,True,1.0,1.0,0.0040650406504065045,1.7424052136723127,1.0,1.0,100,white_noise,surrogate_sens:00172,False,False,assessed,ok,1,,True,1.0,0.0,0.0,0.0,0.0,256,35.052280750000136
0.05,0.5,557.1600000000001,261.88,20260823,,1.0701863661458637,771772561,8,False,surrogate_sens,True,13,184,0.07702305681452946,0.39093428794203877,,6,4,True,False,one_sample,249,2480.0,0,100,100.0,0.0594059405940594,5.0,ok,2.127539330991294,13,-0.04385439724710702,1.004139773587261,True,,True,0.0,0.0,0.0,,True,2.0,1.0,0.008032128514056224,2.127539330991294,2.0,2.0,100,white_noise,surrogate_sens:00173,False,False,assessed,ok,1,,True,2.0,0.0,0.0,0.0,0.0,256,26.430069754000215
,,,,20260823,,,2770550060,13,True,surrogate_sens,False,9,216,0.0196929578525639,0.00990902126643911,,5,4,True,False,one_sample,0,,0,100,,,,,,14,-0.14537666107560204,1.064440754837932,False,,True,,,,,True,,,,,,,100,white_noise,surrogate_sens:00174,True,False,not_assessed_detector_failure,embedding_not_saturated,1,,False,,,,,,256,0.6810458760010079
0.15,0.5,527.71,359.07,20260823,,1.4534593479181792,2353907072,10,False,surrogate_sens,True,13,172,0.08619773720306263,0.47696119653836977,,7,4,True,False,one_sample,247,2460.0,0,100,100.0,0.15841584158415842,5.0,ok,1.4696577269056175,15,-0.073449927554751,1.0620098157909041,True,,True,0.0,0.0,0.0,,True,1.0,1.0,0.004048582995951417,1.4696577269056175,1.0,1.0,100,white_noise,surrogate_sens:00175,False,False,assessed,ok,1,,True,1.0,0.0,0.0,0.0,0.0,256,32.49818430800042
0.93,0.5,129.20000000000005,315.37,20260823,,1.3670486176034906,3143255291,10,False,surrogate_sens,False,9,200,0.11543133871702571,0.433584395163791,,7,4,True,False,one_sample,247,2460.0,0,100,100.0,0.9306930693069307,5.0,ok,0.40967752164124693,16,-0.018720293913958033,0.9879109079176702,True,,True,0.0,0.0,0.0,,True,1.0,1.0,0.004048582995951417,0.40967752164124693,1.0,1.0,100,white_noise,surrogate_sens:00176,False,False,assessed,ok,1,,True,1.0,0.0,0.0,0.0,0.0,256,32.725802637000015
0.66,0.5,239.64,286.885,20260823,,1.4607627247483892,371273942,9,False,surrogate_sens,False,9,232,0.09702783016056023,0.23509079063435023,,3,4,True,False,one_sample,248,2470.0,0,100,100.0,0.6633663366336634,5.0,ok,0.8353172874148178,17,0.03271970157060881,0.9482821476412375,True,,True,0.0,0.0,0.0,,True,2.0,1.0,0.008064516129032258,0.8353172874148178,2.0,2.0,100,white_noise,surrogate_sens:00177,False,False,assessed,ok,1,,True,2.0,0.0,0.0,0.0,0.0,256,29.437565041000198
0.97,0.5,119.01999999999998,265.39,20260823,,1.3890990550919844,4106010254,10,False,surrogate_sens,False,8,228,0.06868941572756215,0.09853415108823327,,4,3,True,False,one_sample,247,2460.0,0,100,100.0,0.9702970297029703,5.0,ok,0.44847205998718864,18,-0.003783604196108268,0.9989158805971559,True,,True,0.0,0.0,0.0,,True,1.0,1.0,0.004048582995951417,0.44847205998718864,1.0,1.0,100,white_noise,surrogate_sens:00178,False,False,assessed,ok,1,,True,1.0,0.0,0.0,0.0,0.0,256,31.845042589000514
0.19,0.5,391.72,257.92,20260823,,1.4387289585524266,985429714,9,False,surrogate_sens,False,8,228,0.06562792621420674,0.10453929245037774,,4,4,True,False,one_sample,248,2470.0,0,100,100.0,0.19801980198019803,5.0,ok,1.5187655086848635,19,0.09214336427725256,0.9292296351211575,True,,True,0.0,0.0,0.0,,True,1.0,1.0,0.004032258064516129,1.5187655086848635,1.0,1.0,100,white_noise,surrogate_sens:00179,False,False,assessed,ok,1,,True,1.0,0.0,0.0,0.0,0.0,256,28.428295350000553
0.84,0.5,173.58000000000004,257.07000000000005,20260823,,1.1764710004851675,1112045265,8,False,surrogate_sens,False,10,220,0.05132619783624673,0.07154947563796232,,4,4,True,False,one_sample,249,2480.0,0,100,100.0,0.8415841584158416,5.0,ok,0.675224646983312,20,-0.03192376781852471,0.9501484053309711,True,,True,0.0,0.0,0.0,,True,1.0,1.0,0.004016064257028112,0.675224646983312,1.0,1.0,100,white_noise,surrogate_sens:00180,False,False,assessed,ok,1,,True,1.0,0.0,0.0,0.0,0.0,256,25.94363789899944
0.07,0.5,510.72,302.075,20260823,,1.1222002278099585,670497574,8,False,surrogate_sens,False,6,241,0.12268494352563862,0.272714246945871,,3,4,True,False,one_sample,249,2480.0,0,100,100.0,0.07920792079207921,5.0,ok,1.6907059505089796,21,0.07509314819543939,1.0531897129983319,True,,True,0.0,0.0,0.0,,True,2.0,1.0,0.008032128514056224,1.6907059505089796,2.0,2.0,100,white_noise,surrogate_sens:00181,False,False,assessed,ok,1,,True,2.0,0.0,0.0,0.0,0.0,256,28.09529158800069
0.79,0.5,198.19,270.92499999999995,20260823,,1.4888677051001504,1699222924,9,False,surrogate_sens,False,11,216,0.04727109395933899,0.07718521196697081,,4,4,True,False,one_sample,248,2470.0,0,100,100.0,0.7920792079207921,5.0,ok,0.7315308664759621,22,-0.0840672798525332,0.9882795334429678,True,,True,0.0,0.0,0.0,,True,1.0,1.0,0.004032258064516129,0.7315308664759621,1.0,1.0,100,white_noise,surrogate_sens:00182,False,False,assessed,ok,1,,True,1.0,0.0,0.0,0.0,0.0,256,32.06052909999926
,,,,20260823,,,1769767991,13,True,surrogate_sens,False,8,228,0.0586222195893005,0.07827611390908185,,4,4,True,False,one_sample,0,,0,100,,,,,,23,0.02049424217728172,1.0123069635442448,False,,True,,,,,True,,,,,,,100,white_noise,surrogate_sens:00183,True,False,not_assessed_detector_failure,embedding_not_saturated,1,,False,,,,,,256,0.74056649799968
0.18,0.5,406.53,277.41499999999996,20260823,,1.090529841044038,3011541328,8,False,surrogate_sens,False,11,206,0.0034756423734395208,0.0004134141282349235,,5,4,True,False,one_sample,249,2480.0,0,100,100.0,0.18811881188118812,5.0,ok,1.4654218409242472,24,-0.05936313714267766,0.9902116743747182,True,,True,0.0,0.0,0.0,,True,2.0,1.0,0.008032128514056224,1.4654218409242472,2.0,2.0,100,white_noise,surrogate_sens:00184,False,False,assessed,ok,1,,True,2.0,0.0,0.0,0.0,0.0,256,26.86583925800005
0.31,0.5,391.57000000000005,314.455,20260823,,1.3591425947272513,2988018410,10,False,surrogate_sens,True,13,172,0.0755161712646448,0.3785283805126929,,7,4,True,False,one_sample,247,2460.0,0,100,100.0,0.31683168316831684,5.0,ok,1.245233817239351,25,-0.06355827912552978,1.0343008327867087,True,,True,0.0,0.0,0.0,,True,2.0,1.0,0.008097165991902834,1.245233817239351,2.0,2.0,100,white_noise,surrogate_sens:00185,False,False,assessed,ok,1,,True,2.0,0.0,0.0,0.0,0.0,256,33.180402408999726
0.29,0.5,326.61,265.72,20260823,,1.4685677598104263,1795940492,10,False,surrogate_sens,False,8,214,0.12179910012362476,0.41874574643909646,,6,4,True,False,one_sample,247,2460.0,0,100,100.0,0.297029702970297,5.0,ok,1.229150986000301,26,-0.059324076530442624,0.9951172308581382,True,,True,0.0,0.0,0.0,,True,1.0,1.0,0.004048582995951417,1.229150986000301,1.0,1.0,100,white_noise,surrogate_sens:00186,False,False,assessed,ok,1,,True,1.0,0.0,0.0,0.0,0.0,256,33.19501589399988
0.49,0.5,303.11,295.93000000000006,20260823,,1.157826262545377,3972747218,9,False,surrogate_sens,False,6,231,0.04668860176919725,0.036472486874720045,,5,4,True,False,one_sample,248,2470.0,0,100,100.0,0.49504950495049505,5.0,ok,1.0242624945088363,27,-0.010082565891103543,1.0367550207433922,True,,True,0.0,0.0,0.0,,True,1.0,1.0,0.004032258064516129,1.0242624945088363,1.0,1.0,100,white_noise,surrogate_sens:00187,False,False,assessed,ok,1,,True,1.0,0.0,0.0,0.0,0.0,256,27.61996240999906
0.87,0.5,174.96000000000004,327.90999999999997,20260823,,1.2971974461662685,222680484,9,False,surrogate_sens,False,8,228,0.06458293197156488,0.09558995345088184,,4,4,True,False,one_sample,248,2470.0,0,100,100.0,0.8712871287128713,5.0,ok,0.5335610380897199,28,-0.055281116097804894,1.0553093870625603,True,,True,0.0,0.0,0.0,,True,3.0,1.0,0.012096774193548387,0.5335610380897199,3.0,3.0,100,white_noise,surrogate_sens:00188,False,False,assessed,ok,1,,True,3.0,0.0,0.0,0.0,0.0,256,30.677560901000106
,,,,20260823,,,3595221444,13,True,surrogate_sens,True,13,172,0.08147654143291908,0.4482300503759984,,7,4,True,False,one_sample,0,,0,100,,,,,,29,0.0815940162228808,1.0238416975686746,False,,True,,,,,True,,,,,,,100,white_noise,surrogate_sens:00189,True,False,not_assessed_detector_failure,embedding_not_saturated,1,,False,,,,,,256,1.0723865370000567
0.97,0.5,88.54999999999995,370.1,20260823,,1.2057142180336418,2316799955,10,False,surrogate_sens,False,9,224,0.05841661966773291,0.08294657098550895,,4,4,True,False,one_sample,247,2460.0,0,100,100.0,0.9702970297029703,5.0,ok,0.23925965955147244,30,0.01598439594594875,1.0713642926880969,True,,True,0.0,0.0,0.0,,True,1.0,1.0,0.004048582995951417,0.23925965955147244,1.0,1.0,100,white_noise,surrogate_sens:00190,False,False,assessed,ok,1,,True,1.0,0.0,0.0,0.0,0.0,256,31.12468769299994
0.91,0.5,136.18,267.51,20260823,,1.2628340782936618,438396130,8,False,surrogate_sens,False,8,214,0.12928743628693531,0.46555682385109776,,6,4,True,False,one_sample,249,2480.0,0,100,100.0,0.9108910891089109,5.0,ok,0.5090650816791896,31,-0.049841828616670275,0.9950450413334742,True,,True,0.0,0.0,0.0,,True,3.0,1.0,0.012048192771084338,0.5090650816791896,3.0,3.0,100,white_noise,surrogate_sens:00191,False,False,assessed,ok,1,,True,3.0,0.0,0.0,0.0,0.0,256,25.755290748000334
0.34,0.5,300.15,265.91,20260823,,1.0833620865486133,4001575028,7,False,surrogate_sens,False,8,228,0.06125495507639283,0.08855000324621953,,4,4,True,False,one_sample,250,2490.0,0,100,100.0,0.3465346534653465,5.0,ok,1.1287653717423187,32,-0.0014776201965004225,1.0301341763751537,True,,True,0.0,0.0,0.0,,True,2.0,1.0,0.008,1.1287653717423187,2.0,2.0,100,white_noise,surrogate_sens:00192,False,False,assessed,ok,1,,True,2.0,0.0,0.0,0.0,0.0,256,25.048452674000146
0.62,0.49,214.69,244.85000000000002,20260823,,1.0360320804933467,2011218321,7,False,surrogate_sens,False,8,214,0.10884822106972175,0.37870216443122584,,6,5,True,False,one_sample,250,2490.0,0,100,100.0,0.6237623762376238,5.0,ok,0.8768225444149479,33,0.12829078881785877,1.0669877261320089,True,,True,0.0,0.0,0.0,,True,3.0,1.0,0.012,0.8768225444149479,3.0,3.0,100,white_noise,surrogate_sens:00193,False,False,assessed,ok,1,,True,3.0,0.0,0.0,0.0,0.0,256,25.937880888999644
0.24,0.5,412.49,298.18,20260823,,1.1461981759829645,2749220014,9,False,surrogate_sens,False,9,208,0.11090707806085974,0.43850622699757336,,6,4,True,False,one_sample,248,2470.0,0,100,100.0,0.24752475247524752,5.0,ok,1.3833590448722248,34,-0.011304648161225745,0.9730031568677693,True,,True,0.0,0.0,0.0,,True,2.0,1.0,0.008064516129032258,1.3833590448722248,2.0,2.0,100,white_noise,surrogate_sens:00194,False,False,assessed,ok,1,,True,2.0,0.0,0.0,0.0,0.0,256,28.309634359000484
0.51,0.5,332.77,334.095,20260823,,1.360868353833048,365556872,10,False,surrogate_sens,False,9,208,0.10555705331573627,0.4305352030182663,,6,4,True,False,one_sample,247,2460.0,0,100,100.0,0.5148514851485149,5.0,ok,0.9960340621679461,35,-0.007868681453420116,0.9133578808975112,True,,True,0.0,0.0,0.0,,True,1.0,1.0,0.004048582995951417,0.9960340621679461,1.0,1.0,100,white_noise,surrogate_sens:00195,False,False,assessed,ok,1,,True,1.0,0.0,0.0,0.0,0.0,256,32.57275326099989
0.98,0.5,90.45999999999998,284.865,20260823,,1.1369326151597603,2588375961,8,False,surrogate_sens,False,8,228,0.06213918633270776,0.08976052198762574,,4,4,True,False,one_sample,249,2480.0,0,100,100.0,0.9801980198019802,5.0,ok,0.3175539290541133,36,-0.027876896866622328,0.9836785563071462,True,,True,0.0,0.0,0.0,,True,2.0,1.0,0.008032128514056224,0.3175539290541133,2.0,2.0,100,white_noise,surrogate_sens:00196,False,False,assessed,ok,1,,True,2.0,0.0,0.0,0.0,0.0,256,28.102140752000196
0.36,0.5,343.27,296.795,20260823,,1.2897652779085504,404641273,9,False,surrogate_sens,False,7,238,0.10047956226749892,0.24500184681877968,,3,3,True,False,one_sample,248,2470.0,0,100,100.0,0.36633663366336633,5.0,ok,1.1565895651880926,37,-0.08913025200839016,1.0345346597491296,True,,True,0.0,0.0,0.0,,True,1.0,1.0,0.004032258064516129,1.1565895651880926,1.0,1.0,100,white_noise,surrogate_sens:00197,False,False,assessed,ok,1,,True,1.0,0.0,0.0,0.0,0.0,256,27.97862631499993
0.54,0.5,239.26999999999998,243.17999999999998,20260823,,0.7477401666297541,826299201,6,False,surrogate_sens,True,13,220,0.0746648883509181,0.20540813818255965,,3,5,True,False,one_sample,251,2500.0,0,100,100.0,0.5445544554455446,5.0,ok,0.983921375113085,38,-0.14243066736029478,0.9486708500627347,True,,True,0.0,0.0,0.0,,True,3.0,1.0,0.01195219123505976,0.983921375113085,3.0,3.0,100,white_noise,surrogate_sens:00198,False,False,assessed,ok,1,,True,3.0,0.0,0.0,0.0,0.0,256,21.083510595000917
0.54,0.5,260.21,273.09499999999997,20260823,,1.488236581208867,169387759,9,False,surrogate_sens,False,8,228,0.06413467064220862,0.08959610760430459,,4,4,True,False,one_sample,248,2470.0,0,100,100.0,0.5445544554455446,5.0,ok,0.9528186162324466,39,0.037679392792632604,0.9986802630032456,True,,True,0.0,0.0,0.0,,True,3.0,1.0,0.012096774193548387,0.9528186162324466,3.0,3.0,100,white_noise,surrogate_sens:00199,False,False,assessed,ok,1,,True,3.0,0.0,0.0,0.0,0.0,256,30.558557461999953
0.49,0.5,276.63,264.29,20260823,,1.2362497995075326,2071736284,8,False,surrogate_sens,False,8,228,0.06356500824658709,0.08892015648778806,,4,4,True,False,one_sample,249,2480.0,0,100,100.0,0.49504950495049505,5.0,ok,1.0466911347383554,40,0.005866034558927461,0.9431935596786482,True,,True,0.0,0.0,0.0,,True,2.0,1.0,0.008032128514056224,1.0466911347383554,2.0,2.0,100,white_noise,surrogate_sens:00200,False,False,assessed,ok,1,,True,2.0,0.0,0.0,0.0,0.0,256,26.14823963699928
0.9,0.5,166.78999999999996,312.74,20260823,,1.403794165055498,1645124031,10,False,surrogate_sens,False,9,232,0.09254870838880114,0.23266523861821176,,3,4,True,False,one_sample,247,2460.0,0,100,100.0,0.900990099009901,5.0,ok,0.5333184114599986,41,-0.014920930754255803,0.9995365067064552,True,,True,0.0,0.0,0.0,,True,2.0,1.0,0.008097165991902834,0.5333184114599986,2.0,2.0,100,white_noise,surrogate_sens:00201,False,False,assessed,ok,1,,True,2.0,0.0,0.0,0.0,0.0,256,32.87072688900116
,,,,20260823,,,164639666,13,True,surrogate_sens,False,7,232,0.07288618129165524,0.10047502620694648,,4,4,True,False,one_sample,0,,0,100,,,,,,42,-0.03434534362972164,0.9505062916674389,False,,True,,,,,True,,,,,,,100,white_noise,surrogate_sens:00202,True,False,not_assessed_detector_failure,embedding_not_saturated,1,,False,,,,,,256,0.971352909999041
0.27,0.5,395.07000000000005,293.135,20260823,,1.4619603972276631,429372196,10,False,surrogate_sens,False,10,220,0.053759679635090686,0.08417598718297326,,4,4,True,False,one_sample,247,2460.0,0,100,100.0,0.27722772277227725,5.0,ok,1.3477408020195476,43,0.010783104726900913,0.9845570747850042,True,,True,0.0,0.0,0.0,,True,2.0,1.0,0.008097165991902834,1.3477408020195476,2.0,2.0,100,white_noise,surrogate_sens:00203,False,False,assessed,ok,1,,True,2.0,0.0,0.0,0.0,0.0,256,31.31874138799867
0.91,0.5,160.62,296.45000000000005,20260823,,1.3840994474245125,4054123511,9,False,surrogate_sens,False,9,232,0.09027207196018684,0.23536487916086601,,3,4,True,False,one_sample,248,2470.0,0,100,100.0,0.9108910891089109,5.0,ok,0.5418114353179287,44,0.0479836770689296,0.9202153693967051,True,,True,0.0,0.0,0.0,,True,3.0,1.0,0.012096774193548387,0.5418114353179287,3.0,3.0,100,white_noise,surrogate_sens:00204,False,False,assessed,ok,1,,True,3.0,0.0,0.0,0.0,0.0,256,27.766428229999292
0.36,0.5,406.68,342.03499999999997,20260823,,1.4825459684627353,1338353977,11,False,surrogate_sens,False,7,226,0.02495867220047743,0.012776273359063506,,5,4,True,False,one_sample,246,2450.0,0,100,100.0,0.36633663366336633,5.0,ok,1.1890011256157997,45,0.04827054779592116,1.0552432522313127,True,,True,0.0,0.0,0.0,,True,2.0,1.0,0.008130081300813009,1.1890011256157997,2.0,2.0,100,white_noise,surrogate_sens:00205,False,False,assessed,ok,1,,True,2.0,0.0,0.0,0.0,0.0,256,34.73144977899938
0.27,0.5,353.09000000000003,274.53,20260823,,1.2515894316104077,1184220628,8,False,surrogate_sens,False,8,235,0.10359693499008757,0.24972245717060437,,3,4,True,False,one_sample,249,2480.0,0,100,100.0,0.27722772277227725,5.0,ok,1.2861618038101486,46,-0.021122530256084036,1.0146628686088182,True,,True,0.0,0.0,0.0,,True,2.0,1.0,0.008032128514056224,1.2861618038101486,2.0,2.0,100,white_noise,surrogate_sens:00206,False,False,assessed,ok,1,,True,2.0,0.0,0.0,0.0,0.0,256,28.108533588001592
0.13,0.5,320.25,197.18,20260823,,0.867923049514226,3386831124,6,False,surrogate_sens,False,8,235,0.09942238328061019,0.2428549092248895,,3,4,True,False,one_sample,251,2500.0,0,100,100.0,0.13861386138613863,5.0,ok,1.6241505223653514,47,0.10541949460329283,0.9716142689354814,True,,True,0.0,0.0,0.0,,True,1.0,1.0,0.00398406374501992,1.6241505223653514,1.0,1.0,100,white_noise,surrogate_sens:00207,False,False,assessed,ok,1,,True,1.0,0.0,0.0,0.0,0.0,256,22.26012060299945
0.72,0.5,179.97000000000003,251.47,20260823,,0.9661384483254123,3882508920,7,False,surrogate_sens,False,9,208,0.1074269129679362,0.4359808161104567,,6,4,True,False,one_sample,250,2490.0,0,100,100.0,0.7227722772277227,5.0,ok,0.7156718495247943,48,-0.017062505254754393,1.0041431053618353,True,,True,0.0,0.0,0.0,,True,2.0,1.0,0.008,0.7156718495247943,2.0,2.0,100,white_noise,surrogate_sens:00208,False,False,assessed,ok,1,,True,2.0,0.0,0.0,0.0,0.0,256,23.47366813000008
,,,,20260823,,,1918787548,13,True,surrogate_sens,False,11,216,0.04809949592570709,0.07888611086549724,,4,4,True,False,one_sample,0,,0,100,,,,,,49,0.06584791904475845,0.9361475951647099,False,,True,,,,,True,,,,,,,100,white_noise,surrogate_sens:00209,True,False,not_assessed_detector_failure,embedding_not_saturated,1,,False,,,,,,256,1.3088446170004318
0.86,0.5,273.89,409.75,20260823,,1.0527164138906318,3449695920,10,False,surrogate_sens,False,11,196,0.05630580529469657,0.5375176271745192,,6,17,True,False,one_sample,247,2460.0,0,100,100.0,0.8613861386138614,90.57070319243105,ok,0.6684319707138499,0,0.5311308321918263,1.5960461500562142,True,,True,0.0,0.0,0.0,,True,5.0,1.0,0.020242914979757085,0.6684319707138499,5.0,5.0,100,ar1,surrogate_sens:00210,False,False,assessed,ok,1,,True,5.0,0.0,0.0,0.0,0.0,256,30.455178541998976
0.01,0.5,752.25,336.71500000000003,20260823,,0.8686396105245027,328817794,8,False,surrogate_sens,False,11,186,0.09634527249592968,0.6341669007299565,,7,13,True,False,one_sample,249,2480.0,0,100,100.0,0.019801980198019802,5.0,ok,2.2340852055892966,1,0.7876581767241337,1.4397908130900092,True,,True,1.0,0.915,0.004016064257028112,,True,3.0,1.0,0.012048192771084338,2.2340852055892966,3.0,3.0,100,ar1,surrogate_sens:00211,False,False,assessed,ok,1,,True,3.0,0.0,0.0,0.0,0.0,256,28.391174299998966
0.08,0.5,653.45,381.455,20260823,,1.061045058872805,957466035,10,False,surrogate_sens,True,13,184,0.05734817977586767,0.3996500622896607,,6,11,True,False,one_sample,247,2460.0,0,100,100.0,0.0891089108910891,5.0,ok,1.7130460998020738,2,0.18134504666726245,1.5827553863190509,True,,True,0.0,0.0,0.0,,True,2.0,0.97,0.008097165991902834,1.7130460998020738,2.0,2.0,100,ar1,surrogate_sens:00212,False,False,assessed,ok,1,,True,2.0,0.0,0.0,0.0,0.0,256,32.519603984999776
0.08,0.5,436.43,273.105,20260823,,0.8467512071122075,267006191,7,False,surrogate_sens,False,10,220,0.03393176831331238,0.0970696870401192,,4,13,True,False,one_sample,250,2490.0,0,100,100.0,0.0891089108910891,93.83493625296376,ok,1.5980300616978818,3,0.3376993839226277,1.6696289022120427,True,,True,0.0,0.0,0.0,,True,5.0,1.0,0.02,1.5980300616978818,5.0,5.0,100,ar1,surrogate_sens:00213,False,False,assessed,ok,1,,True,5.0,0.0,0.0,0.0,0.0,256,23.347335054000723
0.56,0.5,272.8,291.225,20260823,,0.9329343019960851,3019163817,8,False,surrogate_sens,False,9,224,0.043934052390649445,0.08988517126347995,,4,10,True,False,one_sample,249,2480.0,0,100,100.0,0.5643564356435643,5.0,ok,0.9367327667610953,4,-0.5991726978032549,1.5918604197832795,True,,True,0.0,0.0,0.0,,True,3.0,0.97,0.012048192771084338,0.9367327667610953,3.0,3.0,100,ar1,surrogate_sens:00214,False,False,assessed,ok,1,,True,3.0,0.0,0.0,0.0,0.0,256,27.046681837000506
0.92,0.5,287.78,451.23,20260823,,1.081397782901564,900358149,11,False,surrogate_sens,True,13,172,0.0758777132523355,0.6525320262443308,,7,13,True,False,one_sample,246,2450.0,0,100,100.0,0.9207920792079208,5.0,ok,0.6377678789087604,5,0.09119269586679707,1.7756193404633813,True,,True,0.0,0.0,0.0,,True,5.0,1.0,0.02032520325203252,0.6377678789087604,5.0,5.0,100,ar1,surrogate_sens:00215,False,False,assessed,ok,1,,True,5.0,0.0,0.0,0.0,0.0,256,35.37016480300008
0.14,0.49,375.8,260.67,20260823,,0.7010616390141204,1594156400,6,False,surrogate_sens,False,8,214,0.07591808143538926,0.3989783879592066,,6,15,True,False,one_sample,251,2500.0,0,100,100.0,0.1485148514851485,77.33518665761775,ok,1.4416695438677254,6,0.12679187454896174,1.6173478912834012,True,,True,0.0,0.0,0.0,,True,5.0,0.98,0.0199203187250996,1.4416695438677254,5.0,4.0,100,ar1,surrogate_sens:00216,False,False,assessed,ok,1,,True,5.0,0.0,0.0,0.0,0.0,256,22.31923840300078
0.5,0.5,373.86,377.23,20260823,,0.8546027997442602,2999556384,10,False,surrogate_sens,False,11,196,0.07283501687654274,0.4039709412427396,,6,11,True,False,one_sample,247,2460.0,0,100,100.0,0.504950495049505,5.0,ok,0.9910664581289929,7,0.18180730888077784,1.397657007500105,True,,True,0.0,0.0,0.0,,True,2.0,0.935,0.008097165991902834,0.9910664581289929,2.0,2.0,100,ar1,surrogate_sens:00217,False,False,assessed,ok,1,,True,2.0,0.0,0.0,0.0,0.0,256,32.881556283000464
,,,,20260823,,,1487837963,13,True,surrogate_sens,False,10,193,0.08218450710298351,0.6783121375925569,,7,15,True,False,one_sample,0,,0,100,,,,,,8,0.02363133844930767,1.6666221994904051,False,,True,,,,,True,,,,,,,100,ar1,surrogate_sens:00218,True,False,not_assessed_detector_failure,embedding_not_saturated,1,,False,,,,,,256,0.6327178829997138
0.22,0.5,454.14,317.005,20260823,,0.8221362027695143,2344754203,8,False,surrogate_sens,False,9,200,0.08722727953951823,0.4607458330403299,,7,10,True,False,one_sample,249,2480.0,0,100,100.0,0.22772277227722773,5.0,ok,1.4325957003832748,9,0.23570574976289682,1.5371670425413655,True,,True,0.0,0.0,0.0,,True,4.0,1.0,0.01606425702811245,1.4325957003832748,4.0,4.0,100,ar1,surrogate_sens:00219,False,False,assessed,ok,1,,True,4.0,0.0,0.0,0.0,0.0,256,25.098283204000836
0.47,0.5,411.38,379.795,20260823,,0.9486621594524277,57965051,10,False,surrogate_sens,False,7,220,0.09370440990945195,0.5165224938045692,,6,18,True,False,one_sample,247,2460.0,0,100,100.0,0.4752475247524752,25.794712762418364,ok,1.0831632854566278,10,-0.77583691966413,1.663096729244638,True,,True,0.0,0.0,0.0,,True,5.0,1.0,0.020242914979757085,1.0831632854566278,5.0,5.0,100,ar1,surrogate_sens:00220,False,False,assessed,ok,1,,True,5.0,0.0,0.0,0.0,0.0,256,33.04370808599924
,,,,20260823,,,4101375760,13,True,surrogate_sens,False,10,184,0.09866950916241554,0.6698999574170116,,8,8,True,False,one_sample,0,,0,100,,,,,,11,0.42086510598172455,1.4122292988859204,False,,True,,,,,True,,,,,,,100,ar1,surrogate_sens:00221,True,False,not_assessed_detector_failure,embedding_not_saturated,1,,False,,,,,,256,0.871340940000664
0.19,0.5,498.76,351.92999999999995,20260823,,0.8380675009206004,3733861811,9,False,surrogate_sens,False,9,216,0.024044443415903935,0.05660133254608668,,5,14,True,False,one_sample,248,2470.0,0,100,100.0,0.19801980198019803,34.375458544162626,ok,1.4172136504418493,12,0.005555430014591745,2.056820757437366,True,,True,0.0,0.0,0.0,,True,4.0,0.995,0.016129032258064516,1.4172136504418493,4.0,4.0,100,ar1,surrogate_sens:00222,False,False,assessed,ok,1,,True,4.0,0.0,0.0,0.0,0.0,256,30.174702065998645
0.35,0.5,463.04,396.78499999999997,20260823,,0.9030135777654928,3910555912,10,False,surrogate_sens,False,10,193,0.07497505791780894,0.48445694954413354,,7,13,True,False,one_sample,247,2460.0,0,100,100.0,0.3564356435643564,5.524712154050191,ok,1.1669795985231297,13,-0.21440945318585763,1.6886470556054358,True,,True,0.0,0.0,0.0,,True,4.0,1.0,0.016194331983805668,1.1669795985231297,4.0,4.0,100,ar1,surrogate_sens:00223,False,False,assessed,ok,1,,True,4.0,0.0,0.0,0.0,0.0,256,33.248037643001226
0.64,0.5,268.4,305.505,20260823,,0.6435595296482604,1609175748,7,False,surrogate_sens,False,6,211,0.15655587983598512,0.7122216397106613,,9,14,True,False,one_sample,250,2490.0,0,100,100.0,0.6435643564356436,5.0,ok,0.878545359323088,14,-0.05210750872857012,1.7856205830281868,True,,True,0.0,0.0,0.0,,True,4.0,0.98,0.016,0.878545359323088,4.0,4.0,100,ar1,surrogate_sens:00224,False,False,assessed,ok,1,,True,4.0,0.0,0.0,0.0,0.0,256,24.06324188200051
0.36,0.5,453.84000000000003,405.935,20260823,,0.8621278012126983,892420764,9,False,surrogate_sens,False,9,192,0.1055891346559086,0.7448952910556483,,8,13,True,False,one_sample,248,2470.0,0,100,100.0,0.36633663366336633,24.95887124514561,ok,1.1180115043048764,15,0.2487193257332023,1.6548846570690765,True,,True,0.0,0.0,0.0,,True,4.0,1.0,0.016129032258064516,1.1180115043048764,4.0,4.0,100,ar1,surrogate_sens:00225,False,False,assessed,ok,1,,True,4.0,0.0,0.0,0.0,0.0,256,30.203781214000628
0.1,0.5,600.77,356.32,20260823,,0.8140035849581666,590556299,9,False,surrogate_sens,False,6,226,0.11368785138534597,0.5399617792746478,,6,14,True,False,one_sample,248,2470.0,0,100,100.0,0.10891089108910891,5.0,ok,1.6860406376290975,16,0.8198269682581156,1.8143025960541812,True,,True,0.0,0.0,0.0,,True,4.0,0.995,0.016129032258064516,1.6860406376290975,4.0,4.0,100,ar1,surrogate_sens:00226,False,False,assessed,ok,1,,True,4.0,0.0,0.0,0.0,0.0,256,26.89380516700112
0.64,0.5,318.77,371.145,20260823,,0.9699353641898506,703048608,9,False,surrogate_sens,False,10,220,0.03979210344467295,0.25551403898786695,,4,19,True,False,one_sample,248,2470.0,0,100,100.0,0.6435643564356436,5.0,ok,0.8588826469439168,17,0.04345559629723364,1.821057830738956,True,,True,0.0,0.0,0.0,,True,5.0,1.0,0.020161290322580645,0.8588826469439168,5.0,5.0,100,ar1,surrogate_sens:00227,False,False,assessed,ok,1,,True,5.0,0.0,0.0,0.0,0.0,256,31.003603716000725
0.2,0.5,469.53,374.045,20260823,,0.8657052191702366,3756785086,9,False,surrogate_sens,False,8,221,0.019138852043567304,0.018250061127701667,,5,9,True,False,one_sample,248,2470.0,0,100,100.0,0.2079207920792079,5.0,ok,1.255276771511449,18,-0.010704665429115474,1.4843487995274136,True,,True,0.0,0.0,0.0,,True,2.0,1.0,0.008064516129032258,1.255276771511449,2.0,2.0,100,ar1,surrogate_sens:00228,False,False,assessed,ok,1,,True,2.0,0.0,0.0,0.0,0.0,256,30.44478765399981
0.59,0.5,319.09,340.105,20260823,,0.7557992895902157,3447613388,8,False,surrogate_sens,False,9,200,0.09691652539350519,0.5673179071731913,,7,17,True,False,one_sample,249,2480.0,0,100,100.0,0.594059405940594,7.153455901648603,ok,0.9382102585966098,19,-0.133551843363519,1.7777564232584184,True,,True,0.0,0.0,0.0,,True,3.0,1.0,0.012048192771084338,0.9382102585966098,3.0,3.0,100,ar1,surrogate_sens:00229,False,False,assessed,ok,1,,True,3.0,0.0,0.0,0.0,0.0,256,25.2679064999993
0.41,0.5,391.9,366.16499999999996,20260823,,1.0235623015823752,1604532220,9,False,surrogate_sens,False,9,208,0.06897552067747668,0.43897128296356325,,6,14,True,False,one_sample,248,2470.0,0,100,100.0,0.4158415841584158,151.3044098410061,ok,1.0702825229063402,20,0.059820755021601814,1.6327095273768735,True,,True,0.0,0.0,0.0,,True,4.0,1.0,0.016129032258064516,1.0702825229063402,4.0,4.0,100,ar1,surrogate_sens:00230,False,False,assessed,ok,1,,True,4.0,0.0,0.0,0.0,0.0,256,30.143096472000252
0.28,0.5,496.74,384.34,20260823,,0.9265650072892262,906868566,10,False,surrogate_sens,False,7,190,0.1479596525583434,0.7953586387363916,,11,14,True,False,one_sample,247,2460.0,0,100,100.0,0.2871287128712871,5.0,ok,1.2924493937659365,21,0.42232869531298256,1.7442963071584219,True,,True,0.0,0.0,0.0,,True,3.0,1.0,0.012145748987854251,1.2924493937659365,3.0,3.0,100,ar1,surrogate_sens:00231,False,False,assessed,ok,1,,True,3.0,0.0,0.0,0.0,0.0,256,33.400103267000304
0.2,0.5,465.8,330.44,20260823,,0.858067549783031,2326446593,8,False,surrogate_sens,True,13,172,0.06890784155965496,0.685497006465611,,7,14,True,False,one_sample,249,2480.0,0,100,100.0,0.2079207920792079,19.755862232125143,ok,1.4096356373320422,22,0.3402901427534506,1.7570234943289014,True,,True,0.0,0.0,0.0,,True,4.0,1.0,0.01606425702811245,1.4096356373320422,4.0,4.0,100,ar1,surrogate_sens:00232,False,False,assessed,ok,1,,True,4.0,0.0,0.0,0.0,0.0,256,26.289430352000636
0.77,0.49,266.46000000000004,326.52,20260823,,1.1344285854448153,397801268,9,False,surrogate_sens,True,13,148,0.08846076483011686,0.7518850140802478,,9,11,True,False,one_sample,248,2470.0,0,100,100.0,0.7722772277227723,64.23596047250014,ok,0.8160602719588388,23,0.5214117993682638,1.646434295506582,True,,True,0.0,0.0,0.0,,True,6.0,1.0,0.024193548387096774,0.8160602719588388,6.0,6.0,100,ar1,surrogate_sens:00233,False,False,assessed,ok,1,,True,6.0,0.0,0.0,0.0,0.0,256,30.666461729999355
0.28,0.5,254.72,221.73000000000002,20260823,,0.4835647518997543,4030666970,5,False,surrogate_sens,False,9,208,0.07351220707122669,0.488612404234151,,6,14,True,False,one_sample,252,2510.0,0,100,100.0,0.2871287128712871,167.50182497931286,ok,1.148784557795517,24,0.2633393334149465,1.7456505239424513,True,,True,0.0,0.0,0.0,,True,3.0,0.98,0.011904761904761904,1.148784557795517,3.0,1.0,100,ar1,surrogate_sens:00234,False,False,assessed,ok,1,,True,3.0,0.0,0.0,0.0,0.0,256,20.061837993000154
0.41,0.5,426.79,388.37,20260823,,1.2381380500529253,3891635605,11,False,surrogate_sens,False,10,202,0.07013989122136191,0.41682973827982084,,6,12,True,False,one_sample,246,2450.0,0,100,100.0,0.4158415841584158,5.0,ok,1.0989262816386436,25,-0.21538560927897366,1.6633611682933758,True,,True,0.0,0.0,0.0,,True,4.0,1.0,0.016260162601626018,1.0989262816386436,4.0,4.0,100,ar1,surrogate_sens:00235,False,False,assessed,ok,1,,True,4.0,0.0,0.0,0.0,0.0,256,35.183245300000635
0.02,0.5,612.3399999999999,318.565,20260823,,0.6975845448047183,3868390770,7,False,surrogate_sens,True,13,148,0.06607607678899516,0.7499747858558097,,9,15,True,False,one_sample,250,2490.0,0,100,100.0,0.0297029702970297,135.51832970001232,ok,1.9221822861896314,26,0.3772973868751998,1.6563681217426287,True,,True,1.0,0.825,0.004,,True,4.0,1.0,0.016,1.9221822861896314,4.0,4.0,100,ar1,surrogate_sens:00236,False,False,assessed,ok,1,,True,4.0,0.0,0.0,0.0,0.0,256,23.582421015000364
0.11,0.5,451.62,292.31,20260823,,0.7372487384321673,2053983700,7,False,surrogate_sens,False,8,221,0.03181417428175038,0.04169745665778657,,5,11,True,False,one_sample,250,2490.0,0,100,100.0,0.1188118811881188,6.188728306395685,ok,1.5450035920769047,27,0.12555675800503635,1.5078776930502396,True,,True,0.0,0.0,0.0,,True,5.0,1.0,0.02,1.5450035920769047,5.0,5.0,100,ar1,surrogate_sens:00237,False,False,assessed,ok,1,,True,5.0,0.0,0.0,0.0,0.0,256,26.996612950999406
0.06,0.5,609.26,372.97,20260823,,0.7330266940058593,3495262068,9,False,surrogate_sens,False,8,207,0.08800962397512715,0.5765648614734991,,7,19,True,False,one_sample,248,2470.0,0,100,100.0,0.06930693069306931,38.170646365001225,ok,1.6335362093465962,28,-0.2226526768418864,1.8432617144533254,True,,True,0.0,0.0,0.0,,True,3.0,0.99,0.012096774193548387,1.6335362093465962,3.0,3.0,100,ar1,surrogate_sens:00238,False,False,assessed,ok,1,,True,3.0,0.0,0.0,0.0,0.0,256,30.41683833800016
0.36,0.5,445.26,395.71,20260823,,1.11417570002846,1212659152,11,False,surrogate_sens,False,9,184,0.10643219610009827,0.7745019234215164,,9,16,True,False,one_sample,246,2450.0,0,100,100.0,0.36633663366336633,5.0,ok,1.125217962649415,29,-0.3851258144793012,1.5851799516321032,True,,True,0.0,0.0,0.0,,True,3.0,1.0,0.012195121951219513,1.125217962649415,3.0,3.0,100,ar1,surrogate_sens:00239,False,False,assessed,ok,1,,True,3.0,0.0,0.0,0.0,0.0,256,35.70037132700054
0.04,0.5,982.7,483.735,20260823,,0.9170177443806161,218236948,11,False,surrogate_sens,False,8,214,0.08122730945540117,0.3734435484165005,,6,15,True,False,one_sample,246,2450.0,0,100,100.0,0.04950495049504951,5.0,ok,2.0314841803880226,30,-0.5682372531520722,1.6473508057787176,True,,True,1.0,0.95,0.0040650406504065045,,True,3.0,1.0,0.012195121951219513,2.0314841803880226,3.0,3.0,100,ar1,surrogate_sens:00240,False,False,assessed,ok,1,,True,3.0,0.0,0.0,0.0,0.0,256,35.54310998700021
0.21,0.5,534.09,387.725,20260823,,0.9609363023437515,1653298077,10,False,surrogate_sens,False,8,207,0.11902771201969081,0.700494033789399,,7,12,True,False,one_sample,247,2460.0,0,100,100.0,0.21782178217821782,5.0,ok,1.3774969372622348,31,0.009840109482640857,1.5077928267350589,True,,True,0.0,0.0,0.0,,True,4.0,1.0,0.016194331983805668,1.3774969372622348,4.0,4.0,100,ar1,surrogate_sens:00241,False,False,assessed,ok,1,,True,4.0,0.0,0.0,0.0,0.0,256,30.780627039001047
0.03,0.5,552.54,303.475,20260823,,0.6683304732049296,3792587743,7,False,surrogate_sens,False,6,216,0.1442564551928793,0.641345111953753,,8,13,True,False,one_sample,250,2490.0,0,100,100.0,0.039603960396039604,5.0,ok,1.8207101079166321,32,-0.10119611889077634,1.694454954987891,True,,True,1.0,0.845,0.004,,True,4.0,0.975,0.016,1.8207101079166321,4.0,4.0,100,ar1,surrogate_sens:00242,False,False,assessed,ok,1,,True,4.0,0.0,0.0,0.0,0.0,256,23.13126172400007
0.06,0.5,659.5,387.65999999999997,20260823,,1.1443283970747058,3544501888,10,False,surrogate_sens,False,8,221,0.026349519737380332,0.040611386393801574,,5,11,True,False,one_sample,247,2460.0,0,100,100.0,0.06930693069306931,10.923738228438879,ok,1.7012330392612085,33,0.15518112986658605,1.6446148400157323,True,,True,0.0,0.0,0.0,,True,4.0,1.0,0.016194331983805668,1.7012330392612085,4.0,4.0,100,ar1,surrogate_sens:00243,False,False,assessed,ok,1,,True,4.0,0.0,0.0,0.0,0.0,256,32.724868470999354
0.97,0.5,193.95,353.41,20260823,,0.8767803761724047,2832613098,8,False,surrogate_sens,False,10,193,0.09673152331842315,0.5882333780349913,,7,12,True,False,one_sample,249,2480.0,0,100,100.0,0.9702970297029703,5.0,ok,0.5487960159588013,34,0.008831931948741866,1.51732988273877,True,,True,0.0,0.0,0.0,,True,3.0,1.0,0.012048192771084338,0.5487960159588013,3.0,3.0,100,ar1,surrogate_sens:00244,False,False,assessed,ok,1,,True,3.0,0.0,0.0,0.0,0.0,256,27.45382892700036
,,,,20260823,,,2907792430,13,True,surrogate_sens,False,9,200,0.09254634272850819,0.6104530505499913,,7,14,True,False,one_sample,0,,0,100,,,,,,35,0.02013232538097981,1.8506755748265329,False,,True,,,,,True,,,,,,,100,ar1,surrogate_sens:00245,True,False,not_assessed_detector_failure,embedding_not_saturated,1,,False,,,,,,256,0.6395846069990512
0.3,0.5,387.14,280.43,20260823,,0.6757606340807908,2916924334,7,False,surrogate_sens,False,9,184,0.10677684615360324,0.607749710274265,,9,9,True,False,one_sample,250,2490.0,0,100,100.0,0.3069306930693069,5.954109903599328,ok,1.380522768605356,36,-0.07346175795979261,1.5774918549154946,True,,True,0.0,0.0,0.0,,True,4.0,0.995,0.016,1.380522768605356,4.0,4.0,100,ar1,surrogate_sens:00246,False,False,assessed,ok,1,,True,4.0,0.0,0.0,0.0,0.0,256,23.827142919000835
0.45,0.5,405.65999999999997,386.51,20260823,,0.8993479098932604,2731279643,9,False,surrogate_sens,True,13,172,0.08148743288284316,0.6068642717260837,,7,11,True,False,one_sample,248,2470.0,0,100,100.0,0.45544554455445546,7.835124019056619,ok,1.0495459367157383,37,-0.365435290798388,1.5829561153685077,True,,True,0.0,0.0,0.0,,True,5.0,1.0,0.020161290322580645,1.0495459367157383,5.0,5.0,100,ar1,surrogate_sens:00247,False,False,assessed,ok,1,,True,5.0,0.0,0.0,0.0,0.0,256,30.829080745001193
0.23,0.5,412.53,292.23,20260823,,0.6069572520480575,4277871563,7,False,surrogate_sens,False,8,214,0.06697169962316782,0.3083464222242347,,6,15,True,False,one_sample,250,2490.0,0,100,100.0,0.2376237623762376,5.0,ok,1.4116620470177599,38,-0.010515979388919572,1.7839401270862312,True,,True,0.0,0.0,0.0,,True,4.0,0.98,0.016,1.4116620470177599,4.0,4.0,100,ar1,surrogate_sens:00248,False,False,assessed,ok,1,,True,4.0,0.0,0.0,0.0,0.0,256,25.888694626999495
0.44,0.5,414.57,397.06,20260823,,0.9733795738347625,1344233584,9,False,surrogate_sens,False,7,226,0.03481941694908685,0.0512394891823571,,5,14,True,False,one_sample,248,2470.0,0,100,100.0,0.44554455445544555,12.194918793365101,ok,1.0440991285951746,39,0.6496364738193465,1.5678770362379533,True,,True,0.0,0.0,0.0,,True,3.0,1.0,0.012096774193548387,1.0440991285951746,3.0,3.0,100,ar1,surrogate_sens:00249,False,False,assessed,ok,1,,True,3.0,0.0,0.0,0.0,0.0,256,28.90003409000019
0.21,0.5,501.21000000000004,376.245,20260823,,0.8237233392344956,2869279313,9,False,surrogate_sens,False,10,193,0.07510062799636727,0.5710290379632494,,7,12,True,False,one_sample,248,2470.0,0,100,100.0,0.21782178217821782,5.0,ok,1.3321373041502214,40,-0.03392002649570125,1.6224970278464625,True,,True,0.0,0.0,0.0,,True,5.0,1.0,0.020161290322580645,1.3321373041502214,5.0,5.0,100,ar1,surrogate_sens:00250,False,False,assessed,ok,1,,True,5.0,0.0,0.0,0.0,0.0,256,27.922591787000783
0.72,0.5,191.76,258.07,20260823,,0.6417850567991357,1704659510,6,False,surrogate_sens,False,9,184,0.0891448069231493,0.6026807410287912,,9,16,True,False,one_sample,251,2500.0,0,100,100.0,0.7227722772277227,148.52197962992264,ok,0.7430542100980354,41,-0.28663670369218847,1.537004710746318,True,,True,0.0,0.0,0.0,,True,2.0,0.935,0.00796812749003984,0.7430542100980354,2.0,2.0,100,ar1,surrogate_sens:00251,False,False,assessed,ok,1,,True,2.0,0.0,0.0,0.0,0.0,256,23.643173929000113
0.2,0.5,467.71,342.17499999999995,20260823,,0.8440598204509894,1697017250,9,False,surrogate_sens,True,13,172,0.07653783456269397,0.7491792081836937,,7,13,True,False,one_sample,248,2470.0,0,100,100.0,0.2079207920792079,5.0,ok,1.3668736757507125,42,0.1187840753695397,1.59611957529303,True,,True,0.0,0.0,0.0,,True,3.0,1.0,0.012096774193548387,1.3668736757507125,3.0,3.0,100,ar1,surrogate_sens:00252,False,False,assessed,ok,1,,True,3.0,0.0,0.0,0.0,0.0,256,29.86369515700062
0.64,0.5,351.79,402.685,20260823,,1.1391680834018874,2549843691,11,False,surrogate_sens,False,10,202,0.047937670344101645,0.4025366463736183,,6,20,True,False,one_sample,246,2450.0,0,100,100.0,0.6435643564356436,5.0,ok,0.8736108869215392,43,0.21346827780544458,1.7879676667532725,True,,True,0.0,0.0,0.0,,True,4.0,1.0,0.016260162601626018,0.8736108869215392,4.0,3.0,100,ar1,surrogate_sens:00253,False,False,assessed,ok,1,,True,4.0,0.0,0.0,0.0,0.0,256,35.23770599300042
,,,,20260823,,,1748507989,13,True,surrogate_sens,False,9,184,0.09327881702811174,0.7959774979242792,,9,14,True,False,one_sample,0,,0,100,,,,,,44,-0.42604026981756177,2.0057861252623863,False,,True,,,,,True,,,,,,,100,ar1,surrogate_sens:00254,True,False,not_assessed_detector_failure,embedding_not_saturated,1,,False,,,,,,256,0.6539842610000051
0.49,0.5,409.78,406.74,20260823,,1.2836692544387307,3495992519,10,False,surrogate_sens,False,7,232,0.058002095696003377,0.14697118518203933,,4,11,True,False,one_sample,247,2460.0,0,100,100.0,0.49504950495049505,83.12272765612417,ok,1.0074740620543836,45,-0.038107989633645103,1.5063955498308461,True,,True,0.0,0.0,0.0,,True,4.0,1.0,0.016194331983805668,1.0074740620543836,4.0,4.0,100,ar1,surrogate_sens:00255,False,False,assessed,ok,1,,True,4.0,0.0,0.0,0.0,0.0,256,32.804012949000025
0.89,0.5,237.59,390.735,20260823,,0.9912886198144906,963844549,10,False,surrogate_sens,False,9,176,0.09962526781654507,0.6446381580375583,,10,13,True,False,one_sample,247,2460.0,0,100,100.0,0.8910891089108911,103.14871805512817,ok,0.6080591705375766,46,0.4920190470272541,1.6830260736298153,True,,True,0.0,0.0,0.0,,True,4.0,1.0,0.016194331983805668,0.6080591705375766,4.0,4.0,100,ar1,surrogate_sens:00256,False,False,assessed,ok,1,,True,4.0,0.0,0.0,0.0,0.0,256,31.530161077998855
0.96,0.5,177.8,288.07,20260823,,0.802710318332859,2400351358,7,False,surrogate_sens,False,9,184,0.10383295932574713,0.6870445069830335,,9,12,True,False,one_sample,250,2490.0,0,100,100.0,0.9603960396039604,297.36487104213495,ok,0.6172110945256362,47,-0.0813870244678764,1.5605150126659015,True,,True,0.0,0.0,0.0,,True,1.0,0.8,0.004,0.6172110945256362,1.0,1.0,100,ar1,surrogate_sens:00257,False,False,assessed,ok,1,,True,1.0,0.0,0.0,0.0,0.0,256,23.637756454998453
,,,,20260823,,,2023883774,13,True,surrogate_sens,False,8,214,0.08074238556205413,0.38968805500434167,,6,13,True,False,one_sample,0,,0,100,,,,,,48,-0.30885830825864424,1.7885677602935701,False,,True,,,,,True,,,,,,,100,ar1,surrogate_sens:00258,True,False,not_assessed_detector_failure,embedding_not_saturated,1,,False,,,,,,256,1.3625859129988385
0.92,0.5,143.6,252.385,20260823,,0.9443963919502789,1967145954,7,False,surrogate_sens,True,13,172,0.06993668223978405,0.5658298936267483,,7,9,True,False,one_sample,250,2490.0,0,100,100.0,0.9207920792079208,276.47882528863175,ok,0.5689720070527171,49,0.16070433598039868,1.2868143797875888,True,,True,0.0,0.0,0.0,,True,2.0,0.975,0.008,0.5689720070527171,2.0,2.0,100,ar1,surrogate_sens:00259,False,False,assessed,ok,1,,True,2.0,0.0,0.0,0.0,0.0,256,24.320262999999613
0.0,0.5,661.13,71.315,20260823,,0.30365343868910166,1949141757,4,False,surrogate_sens,False,10,166,0.10809988761529628,0.551713576044488,,10,4,True,False,one_sample,253,2501.0,0,100,100.0,0.009900990099009901,88.61287120227792,ok,9.270560190703218,0,0.5045120837424588,0.35191512060372365,True,,True,2.0,0.1,0.007905138339920948,,True,2.0,0.1,0.007905138339920948,9.270560190703218,2.0,2.0,100,logistic,surrogate_sens:00260,False,False,assessed,ok,1,,True,2.0,0.0,0.0,0.0,0.0,256,18.77046993300064
0.0,0.5,536.86,66.94999999999999,20260823,,0.28964932455008896,1652537900,4,False,surrogate_sens,False,10,193,0.11660588832496258,0.5359361649055694,,7,4,True,False,one_sample,253,2494.0,0,100,100.0,0.009900990099009901,83.67248262229653,ok,8.018820014936521,1,0.4970143639040308,0.35534225087337623,True,,True,2.0,0.09,0.007905138339920948,,True,2.0,0.09,0.007905138339920948,8.018820014936521,2.0,2.0,100,logistic,surrogate_sens:00261,False,False,assessed,ok,1,,True,2.0,0.0,0.0,0.0,0.0,256,18.540088982999805
0.0,0.5,823.41,76.065,20260823,,0.28034263899611733,292278060,4,False,surrogate_sens,True,13,148,0.08633712154399134,0.5000923941128738,,9,4,True,False,one_sample,253,2500.0,0,100,100.0,0.009900990099009901,76.2294770179101,ok,10.825083809899429,2,0.46574693414237245,0.3638037286337183,True,,True,1.0,0.06,0.003952569169960474,,True,2.0,0.105,0.007905138339920948,10.825083809899429,2.0,2.0,100,logistic,surrogate_sens:00262,False,False,assessed,ok,1,,True,2.0,0.0,0.0,0.0,0.0,256,19.378903040000296
0.0,0.5,561.12,77.875,20260823,,0.27297822620090767,1341124623,4,False,surrogate_sens,True,13,172,0.08966219212142508,0.4947158182300747,,7,4,True,False,one_sample,253,2490.0,0,100,100.0,0.009900990099009901,124.65819187599166,ok,7.205393258426966,3,0.4584166412783344,0.36536853478661335,True,,True,2.0,0.085,0.007905138339920948,,True,2.0,0.085,0.007905138339920948,7.205393258426966,2.0,2.0,100,logistic,surrogate_sens:00263,False,False,assessed,ok,1,,True,2.0,0.0,0.0,0.0,0.0,256,18.56797672599896
0.0,0.5,624.32,78.01,20260823,,0.3106923348501237,3611326506,4,False,surrogate_sens,False,8,200,0.1467553234098611,0.5927310923481651,,8,4,True,False,one_sample,253,2504.0,0,100,100.0,0.009900990099009901,125.49070129158102,ok,8.003076528650173,4,0.4931282413270283,0.35521505827648336,True,,True,1.0,0.065,0.003952569169960474,,True,2.0,0.095,0.007905138339920948,8.003076528650173,2.0,2.0,100,logistic,surrogate_sens:00264,False,False,assessed,ok,1,,True,2.0,0.0,0.0,0.0,0.0,256,18.462413240999012
0.0,0.5,483.76,77.16499999999999,20260823,,0.32069185987414206,2937350216,4,False,surrogate_sens,False,8,172,0.14198936954295932,0.5926625652449269,,12,4,True,False,one_sample,253,2506.0,0,100,100.0,0.009900990099009901,122.15908271293348,ok,6.269163480852718,5,0.5220463263472181,0.34487478185791914,True,,True,2.0,0.09,0.007905138339920948,,True,2.0,0.09,0.007905138339920948,6.269163480852718,2.0,2.0,100,logistic,surrogate_sens:00265,False,False,assessed,ok,1,,True,2.0,0.0,0.0,0.0,0.0,256,19.305581896998774
0.0,0.5,414.35,64.63499999999999,20260823,,0.3128118660620098,2625739459,4,False,surrogate_sens,False,9,192,0.11830519451771764,0.5402221112391219,,8,4,True,False,one_sample,253,2506.0,0,100,100.0,0.009900990099009901,146.14705877006043,ok,6.41061344472809,6,0.5277029648775322,0.34198680690114075,True,,True,2.0,0.085,0.007905138339920948,,True,2.0,0.085,0.007905138339920948,6.41061344472809,2.0,2.0,100,logistic,surrogate_sens:00266,False,False,assessed,ok,1,,True,2.0,0.0,0.0,0.0,0.0,256,22.251173224000013
0.0,0.5,853.29,80.025,20260823,,0.3115519147349413,3175003209,4,False,surrogate_sens,False,10,121,0.0988279797258185,0.5056316449455285,,15,5,True,False,one_sample,253,2514.0,0,100,100.0,0.009900990099009901,46.47204891562913,ok,10.662792877225865,7,0.5101759034752217,0.3499812320418511,True,,True,2.0,0.135,0.007905138339920948,,True,2.0,0.135,0.007905138339920948,10.662792877225865,2.0,2.0,100,logistic,surrogate_sens:00267,False,False,assessed,ok,1,,True,2.0,0.0,0.0,0.0,0.0,256,23.399175346999982
0.0,0.5,922.15,83.405,20260823,,0.3192201066045725,855530592,4,False,surrogate_sens,True,13,172,0.0983135454444903,0.5413038548044824,,7,4,True,False,one_sample,253,2517.0,0,100,100.0,0.009900990099009901,5.0,ok,11.05629158923326,8,0.5052972843494565,0.3520818457014146,True,,True,2.0,0.165,0.007905138339920948,,True,2.0,0.165,0.007905138339920948,11.05629158923326,2.0,2.0,100,logistic,surrogate_sens:00268,False,False,assessed,ok,1,,True,2.0,0.0,0.0,0.0,0.0,256,21.381689207999443
0.0,0.5,373.3,66.17,20260823,,0.31316185351296805,1137966784,4,False,surrogate_sens,False,8,186,0.15133218435890342,0.6268218459023158,,10,4,True,False,one_sample,253,2498.0,0,100,100.0,0.009900990099009901,131.11720785767605,ok,5.64152939398519,9,0.5128953576299096,0.3481558831400561,True,,True,2.0,0.105,0.007905138339920948,,True,2.0,0.105,0.007905138339920948,5.64152939398519,2.0,2.0,100,logistic,surrogate_sens:00269,False,False,assessed,ok,1,,True,2.0,0.0,0.0,0.0,0.0,256,22.35266293299901
0.0,0.5,678.37,77.63499999999999,20260823,,0.34052343143163083,155083518,4,False,surrogate_sens,False,7,220,0.17015106717618225,0.5919271330068185,,6,4,True,False,one_sample,253,2507.0,0,100,100.0,0.009900990099009901,81.51706343489899,ok,8.737940361950152,10,0.5101262331766295,0.34847902882144616,True,,True,2.0,0.125,0.007905138339920948,,True,2.0,0.125,0.007905138339920948,8.737940361950152,2.0,2.0,100,logistic,surrogate_sens:00270,False,False,assessed,ok,1,,True,2.0,0.0,0.0,0.0,0.0,256,20.903569722999237
0.0,0.5,1061.59,86.9,20260823,,0.34193642085674675,1643540681,4,False,surrogate_sens,False,10,166,0.10511161361073963,0.4040410818986123,,10,4,True,False,one_sample,253,2502.0,0,100,100.0,0.009900990099009901,51.081036382134116,ok,12.216225546605292,11,0.4885366808137147,0.35740624226202594,True,,True,2.0,0.12,0.007905138339920948,,True,2.0,0.12,0.007905138339920948,12.216225546605292,2.0,2.0,100,logistic,surrogate_sens:00271,False,False,assessed,ok,1,,True,2.0,0.0,0.0,0.0,0.0,256,19.727198925000266
0.0,0.5,825.66,85.315,20260823,,0.3370437232303379,1760545983,4,False,surrogate_sens,False,8,214,0.13908931681061515,0.5510846108398602,,6,4,True,False,one_sample,253,2510.0,0,100,100.0,0.009900990099009901,53.372277870888055,ok,9.677782336048761,12,0.5090666934611214,0.34906328815746257,True,,True,2.0,0.15,0.007905138339920948,,True,2.0,0.15,0.007905138339920948,9.677782336048761,2.0,2.0,100,logistic,surrogate_sens:00272,False,False,assessed,ok,1,,True,2.0,0.0,0.0,0.0,0.0,256,20.189259441000104
0.0,0.5,1160.08,104.08500000000001,20260823,,0.2759249210566666,1200119167,4,False,surrogate_sens,False,7,208,0.16851988793110342,0.5829910752766508,,8,4,True,False,one_sample,253,2508.0,0,100,100.0,0.009900990099009901,55.30521812517084,ok,11.145506076764182,13,0.47753034735954225,0.3610260424795139,True,,True,1.0,0.08,0.003952569169960474,,True,2.0,0.095,0.007905138339920948,11.145506076764182,2.0,2.0,100,logistic,surrogate_sens:00273,False,False,assessed,ok,1,,True,2.0,0.0,0.0,0.0,0.0,256,19.287975078999807
0.0,0.5,531.09,69.14500000000001,20260823,,0.30683235090341887,1080202061,4,False,surrogate_sens,False,10,202,0.11327198830442778,0.5228193923207286,,6,4,True,False,one_sample,253,2498.0,0,100,100.0,0.009900990099009901,206.50546628209594,ok,7.680815677200086,14,0.4858763175684304,0.35734700160361405,True,,True,2.0,0.08,0.007905138339920948,,True,2.0,0.08,0.007905138339920948,7.680815677200086,2.0,2.0,100,logistic,surrogate_sens:00274,False,False,assessed,ok,1,,True,2.0,0.0,0.0,0.0,0.0,256,21.198611386000266
0.0,0.5,894.13,77.815,20260823,,0.3110792366296389,3156448767,4,False,surrogate_sens,False,8,214,0.140047435803994,0.5154738424268723,,6,4,True,False,one_sample,253,2506.0,0,100,100.0,0.009900990099009901,78.20247722694613,ok,11.490458137891153,15,0.46731483272093116,0.3634627847325097,True,,True,1.0,0.07,0.003952569169960474,,True,2.0,0.095,0.007905138339920948,11.490458137891153,2.0,2.0,100,logistic,surrogate_sens:00275,False,False,assessed,ok,1,,True,2.0,0.0,0.0,0.0,0.0,256,19.939000712000052
0.02,0.49,663.95,174.95000000000005,20260823,,0.24658950270577296,1458145094,4,False,surrogate_sens,False,8,207,0.15149524602757863,0.5910591307354633,,7,5,True,False,one_sample,253,2308.0,0,100,100.0,0.0297029702970297,5.0,ok,3.7950843098028,16,0.40482369802348894,0.372596880798331,True,,True,1.0,0.155,0.003952569169960474,,True,2.0,0.19,0.007905138339920948,3.7950843098028,2.0,2.0,100,logistic,surrogate_sens:00276,False,False,assessed,ok,1,,True,2.0,0.0,0.0,0.0,0.0,256,21.77446788299858
0.0,0.5,408.42,65.485,20260823,,0.28398422169097387,842987019,4,False,surrogate_sens,False,8,200,0.1516194143862865,0.6090440858658794,,8,4,True,False,one_sample,253,2493.0,0,100,100.0,0.009900990099009901,150.86591069388786,ok,6.236848133160266,17,0.48002424016175105,0.3587273801560719,True,,True,2.0,0.08,0.007905138339920948,,True,2.0,0.08,0.007905138339920948,6.236848133160266,2.0,2.0,100,logistic,surrogate_sens:00277,False,False,assessed,ok,1,,True,2.0,0.0,0.0,0.0,0.0,256,20.101664058000097
0.0,0.5,510.28,71.965,20260823,,0.3065496349165935,3573163102,4,False,surrogate_sens,False,11,186,0.10683676708003627,0.5561973029200187,,7,4,True,False,one_sample,253,2502.0,0,100,100.0,0.009900990099009901,118.00605295897971,ok,7.09066907524491,18,0.5223098082156662,0.3437921009227581,True,,True,2.0,0.075,0.007905138339920948,,True,2.0,0.075,0.007905138339920948,7.09066907524491,2.0,2.0,100,logistic,surrogate_sens:00278,False,False,assessed,ok,1,,True,2.0,0.0,0.0,0.0,0.0,256,19.474148020999564
0.0,0.5,349.72,63.015,20260823,,0.34121663259209656,368305781,4,False,surrogate_sens,False,9,176,0.12461059327930353,0.5740430615104963,,10,4,True,False,one_sample,253,2503.0,0,100,100.0,0.009900990099009901,159.06753698094198,ok,5.549789732603349,19,0.519767685276729,0.34549456342360463,True,,True,2.0,0.1,0.007905138339920948,,True,2.0,0.1,0.007905138339920948,5.549789732603349,2.0,2.0,100,logistic,surrogate_sens:00279,False,False,assessed,ok,1,,True,2.0,0.0,0.0,0.0,0.0,256,19.98006505200101
0.0,0.5,922.93,84.10000000000001,20260823,,0.2957293709947785,745135004,4,False,surrogate_sens,False,10,175,0.11528054864253111,0.5902790763382735,,9,5,True,False,one_sample,253,2515.0,0,100,100.0,0.009900990099009901,9.950291776158277,ok,10.974197384066585,20,0.526586402965344,0.3425358154027492,True,,True,2.0,0.17,0.007905138339920948,,True,2.0,0.17,0.007905138339920948,10.974197384066585,2.0,2.0,100,logistic,surrogate_sens:00280,False,False,assessed,ok,1,,True,2.0,0.0,0.0,0.0,0.0,256,19.940204196000195
0.0,0.5,900.59,93.33500000000001,20260823,,0.3039129130406595,2237865140,4,False,surrogate_sens,False,6,226,0.1968508298807798,0.595303822144285,,6,4,True,False,one_sample,253,2517.0,0,100,100.0,0.009900990099009901,5.0,ok,9.649006267745218,21,0.5070597103813786,0.35107835882543836,True,,True,2.0,0.17,0.007905138339920948,,True,2.0,0.17,0.007905138339920948,9.649006267745218,2.0,2.0,100,logistic,surrogate_sens:00281,False,False,assessed,ok,1,,True,2.0,0.0,0.0,0.0,0.0,256,20.377546507999796
0.0,0.5,613.87,64.56,20260823,,0.31882698094101325,407955920,4,False,surrogate_sens,False,8,207,0.16030106144782064,0.6250972604302297,,7,4,True,False,one_sample,253,2498.0,0,100,100.0,0.009900990099009901,95.49413387156707,ok,9.508519206939281,22,0.5003550250033446,0.35396774853180957,True,,True,2.0,0.105,0.007905138339920948,,True,2.0,0.105,0.007905138339920948,9.508519206939281,2.0,2.0,100,logistic,surrogate_sens:00282,False,False,assessed,ok,1,,True,2.0,0.0,0.0,0.0,0.0,256,18.162965223000356
0.0,0.5,873.89,82.56,20260823,,0.30234426888547106,4003317703,4,False,surrogate_sens,False,10,166,0.11211607571417327,0.599994614306522,,10,4,True,False,one_sample,253,2505.0,0,100,100.0,0.009900990099009901,83.03642669128536,ok,10.584907945736434,23,0.5154442593814046,0.3464172573764943,True,,True,2.0,0.125,0.007905138339920948,,True,2.0,0.125,0.007905138339920948,10.584907945736434,2.0,2.0,100,logistic,surrogate_sens:00283,False,False,assessed,ok,1,,True,2.0,0.0,0.0,0.0,0.0,256,18.8826976979999
0.0,0.5,670.15,73.27000000000001,20260823,,0.27663571428332595,2713073067,4,False,surrogate_sens,False,10,166,0.11951487379222578,0.5157716278420001,,10,4,True,False,one_sample,253,2481.0,0,100,100.0,0.009900990099009901,124.19585347395102,ok,9.146308175242254,24,0.4629618974538492,0.36357649147172394,True,,True,1.0,0.05,0.003952569169960474,,True,2.0,0.065,0.007905138339920948,9.146308175242254,2.0,2.0,100,logistic,surrogate_sens:00284,False,False,assessed,ok,1,,True,2.0,0.0,0.0,0.0,0.0,256,18.531160805998297
0.0,0.5,1232.78,61.155,20260823,,0.28258928438251807,165118891,4,False,surrogate_sens,False,7,202,0.16778982597824352,0.6163426002690546,,9,4,True,False,one_sample,253,2516.0,0,100,100.0,0.009900990099009901,27.41203434444048,ok,20.15828632164173,25,0.5100345598037747,0.3498429543804035,True,,True,2.0,0.13,0.007905138339920948,,True,2.0,0.13,0.007905138339920948,20.15828632164173,2.0,2.0,100,logistic,surrogate_sens:00285,False,False,assessed,ok,1,,True,2.0,0.0,0.0,0.0,0.0,256,19.5261473139999
0.0,0.5,706.7,73.09,20260823,,0.3411788206697106,2921005077,4,False,surrogate_sens,False,11,166,0.09033549181562107,0.3582254923967919,,9,4,True,False,one_sample,253,2491.0,0,100,100.0,0.009900990099009901,88.41679617640267,ok,9.668901354494459,26,0.48665228691701146,0.3592459633154786,True,,True,2.0,0.135,0.007905138339920948,,True,2.0,0.135,0.007905138339920948,9.668901354494459,2.0,2.0,100,logistic,surrogate_sens:00286,False,False,assessed,ok,1,,True,2.0,0.0,0.0,0.0,0.0,256,18.401356959000623
0.0,0.5,696.77,66.03,20260823,,0.3143967292529787,1518783019,4,False,surrogate_sens,False,10,202,0.13448315381041384,0.603201890102607,,6,4,True,False,one_sample,253,2505.0,0,100,100.0,0.009900990099009901,88.36166677172515,ok,10.552324700893532,27,0.5109158856439429,0.3488688307883876,True,,True,2.0,0.1,0.007905138339920948,,True,2.0,0.1,0.007905138339920948,10.552324700893532,2.0,2.0,100,logistic,surrogate_sens:00287,False,False,assessed,ok,1,,True,2.0,0.0,0.0,0.0,0.0,256,18.36369883899897
0.0,0.5,996.27,85.36999999999999,20260823,,0.325509306766705,2556668425,4,False,surrogate_sens,False,8,186,0.16957101883396966,0.6652909397133706,,10,4,True,False,one_sample,253,2503.0,0,100,100.0,0.009900990099009901,61.169430561450035,ok,11.670024598805202,28,0.4746876005863097,0.36159018451221925,True,,True,1.0,0.09,0.003952569169960474,,True,2.0,0.13,0.007905138339920948,11.670024598805202,2.0,2.0,100,logistic,surrogate_sens:00288,False,False,assessed,ok,1,,True,2.0,0.0,0.0,0.0,0.0,256,18.486751111999183
0.0,0.5,375.59,66.075,20260823,,0.28151100796413175,4188589604,4,False,surrogate_sens,False,10,166,0.11243856966969513,0.5600784672855381,,10,4,True,False,one_sample,253,2502.0,0,100,100.0,0.009900990099009901,134.7678428407628,ok,5.684298146046159,29,0.48948539713483324,0.35584688462567443,True,,True,2.0,0.085,0.007905138339920948,,True,2.0,0.085,0.007905138339920948,5.684298146046159,2.0,2.0,100,logistic,surrogate_sens:00289,False,False,assessed,ok,1,,True,2.0,0.0,0.0,0.0,0.0,256,18.42560870000125
0.0,0.5,515.1600000000001,84.80000000000001,20260823,,0.2390281876934247,493659376,4,False,surrogate_sens,False,10,157,0.11394341748863863,0.6507893500563638,,11,3,True,False,one_sample,253,2517.0,0,100,100.0,0.009900990099009901,9.356526376735458,ok,6.075,0,0.26445474078243325,0.7185357572222877,True,,True,1.0,0.095,0.003952569169960474,,True,2.0,0.095,0.007905138339920948,6.075,2.0,2.0,100,henon,surrogate_sens:00290,False,False,assessed,ok,1,,True,2.0,0.0,0.0,0.0,0.0,256,18.49009856199882
0.0,0.5,1005.96,93.15499999999999,20260823,,0.26050325061876867,216778323,4,False,surrogate_sens,False,8,193,0.13176082343710394,0.6819843530905143,,9,3,True,False,one_sample,253,2518.0,0,100,100.0,0.009900990099009901,7.887498315069472,ok,10.798776233159789,1,0.2527486479696773,0.7223541927573707,True,,True,1.0,0.135,0.003952569169960474,,True,1.0,0.135,0.003952569169960474,10.798776233159789,1.0,1.0,100,henon,surrogate_sens:00291,False,False,assessed,ok,1,,True,1.0,0.0,0.0,0.0,0.0,256,18.61268802900122
0.0,0.5,516.22,106.62,20260823,,0.36552730758062596,378400350,5,False,surrogate_sens,False,9,160,0.12051152307789269,0.6031889050829331,,12,3,True,False,one_sample,252,2509.0,0,100,100.0,0.009900990099009901,8.465265310181262,ok,4.841680735321703,2,0.24984904705355496,0.7265451466103804,True,,True,1.0,0.09,0.003968253968253968,,True,1.0,0.09,0.003968253968253968,4.841680735321703,1.0,1.0,100,henon,surrogate_sens:00292,False,False,assessed,ok,1,,True,1.0,0.0,0.0,0.0,0.0,256,20.00059300400062
0.0,0.5,528.3299999999999,84.17999999999999,20260823,,0.22695378395372284,1663362928,4,False,surrogate_sens,False,9,168,0.13745801894149667,0.6748538521097447,,11,3,True,False,one_sample,253,2518.0,0,100,100.0,0.009900990099009901,25.49662869124317,ok,6.276193870277975,3,0.2665077431498841,0.7160010131097019,True,,True,1.0,0.12,0.003952569169960474,,True,1.0,0.12,0.003952569169960474,6.276193870277975,1.0,1.0,100,henon,surrogate_sens:00293,False,False,assessed,ok,1,,True,1.0,0.0,0.0,0.0,0.0,256,18.514017041999978
0.0,0.5,496.48,89.80499999999999,20260823,,0.2314915372365285,1537020589,4,False,surrogate_sens,False,8,193,0.14764127439370037,0.6736310832466557,,9,3,True,False,one_sample,253,2517.0,0,100,100.0,0.009900990099009901,11.055577141464642,ok,5.528422693613942,4,0.27326953666795517,0.7119034544832478,True,,True,1.0,0.1,0.003952569169960474,,True,1.0,0.1,0.003952569169960474,5.528422693613942,1.0,1.0,100,henon,surrogate_sens:00294,False,False,assessed,ok,1,,True,1.0,0.0,0.0,0.0,0.0,256,19.07426728700011
0.0,0.5,640.6800000000001,81.39,20260823,,0.20797046019308818,1462996361,4,False,surrogate_sens,True,13,88,0.08006411878557,0.6273102890277984,,14,3,True,False,one_sample,253,2519.0,0,100,100.0,0.009900990099009901,14.602344741009986,ok,7.87172871360118,5,0.2691515922049937,0.712861049268508,True,,True,1.0,0.06,0.003952569169960474,,True,1.0,0.06,0.003952569169960474,7.87172871360118,1.0,1.0,100,henon,surrogate_sens:00295,False,False,assessed,ok,1,,True,1.0,0.0,0.0,0.0,0.0,256,18.249962494999636
0.0,0.5,495.43,82.455,20260823,,0.24457808133532472,1666659224,4,False,surrogate_sens,False,9,176,0.12225820256476189,0.6408867364790931,,10,3,True,False,one_sample,253,2518.0,0,100,100.0,0.009900990099009901,22.812458062207256,ok,6.008489479109818,6,0.2602605484673193,0.7214353954212712,True,,True,1.0,0.115,0.003952569169960474,,True,1.0,0.115,0.003952569169960474,6.008489479109818,1.0,1.0,100,henon,surrogate_sens:00296,False,False,assessed,ok,1,,True,1.0,0.0,0.0,0.0,0.0,256,19.639995896999608
0.0,0.5,584.71,86.57,20260823,,0.21831958621581476,1523205322,4,False,surrogate_sens,False,10,166,0.12136507499133069,0.6991610160780419,,10,3,True,False,one_sample,253,2519.0,0,100,100.0,0.009900990099009901,15.881579334653903,ok,6.75418736282777,7,0.2846654480937584,0.7006114265734719,True,,True,1.0,0.105,0.003952569169960474,,True,1.0,0.105,0.003952569169960474,6.75418736282777,1.0,1.0,100,henon,surrogate_sens:00297,False,False,assessed,ok,1,,True,1.0,0.0,0.0,0.0,0.0,256,18.69642039399878
0.0,0.5,528.02,95.60000000000002,20260823,,0.25749578817479524,273461635,4,False,surrogate_sens,False,11,146,0.1108015418799495,0.673837086103545,,11,4,True,False,one_sample,253,2519.0,0,100,100.0,0.009900990099009901,20.315045625319513,ok,5.523221757322174,8,0.2056592609701639,0.7509055557482693,True,,True,1.0,0.075,0.003952569169960474,,True,1.0,0.075,0.003952569169960474,5.523221757322174,1.0,1.0,100,henon,surrogate_sens:00298,False,False,assessed,ok,1,,True,1.0,0.0,0.0,0.0,0.0,256,18.391447218000394
0.0,0.5,577.26,97.0,20260823,,0.24730240268005424,1502100350,4,False,surrogate_sens,False,9,168,0.14014640568442613,0.7188267192741653,,11,3,True,False,one_sample,253,2520.0,0,100,100.0,0.009900990099009901,15.18213603251125,ok,5.951134020618556,9,0.2652435749098716,0.7149448840965194,True,,True,1.0,0.125,0.003952569169960474,,True,1.0,0.125,0.003952569169960474,5.951134020618556,1.0,1.0,100,henon,surrogate_sens:00299,False,False,assessed,ok,1,,True,1.0,0.0,0.0,0.0,0.0,256,18.266152000998773
0.0,0.5,618.3,96.795,20260823,,0.24958012456130418,2679122804,4,False,surrogate_sens,False,11,156,0.10802324856090649,0.629457934319404,,10,3,True,False,one_sample,253,2516.0,0,100,100.0,0.009900990099009901,16.24771215715685,ok,6.387726638772663,10,0.2232420775372898,0.7402290236537015,True,,True,1.0,0.145,0.003952569169960474,,True,1.0,0.145,0.003952569169960474,6.387726638772663,1.0,1.0,100,henon,surrogate_sens:00300,False,False,assessed,ok,1,,True,1.0,0.0,0.0,0.0,0.0,256,19.213647140999456
0.04,0.5,312.49,149.07999999999998,20260823,,0.680422960562694,3697673766,7,False,surrogate_sens,False,6,201,0.18100949634833546,0.7001216628529612,,11,3,True,False,one_sample,250,2490.0,0,100,100.0,0.04950495049504951,5.0,ok,2.0961228870405155,11,0.2645419397638122,0.7191565611614339,True,,True,0.0,0.0,0.0,,True,1.0,0.325,0.004,2.0961228870405155,1.0,1.0,100,henon,surrogate_sens:00301,False,False,assessed,ok,1,,True,1.0,0.0,0.0,0.0,0.0,256,24.019040885999857
0.0,0.5,548.8199999999999,89.57,20260823,,0.27153045448126145,732492722,4,False,surrogate_sens,False,8,200,0.13057598965940279,0.6488915173293556,,8,3,True,False,one_sample,253,2516.0,0,100,100.0,0.009900990099009901,24.938345562773513,ok,6.1272747571731605,12,0.25290757530085917,0.7223997984614621,True,,True,1.0,0.13,0.003952569169960474,,True,1.0,0.13,0.003952569169960474,6.1272747571731605,1.0,1.0,100,henon,surrogate_sens:00302,False,False,assessed,ok,1,,True,1.0,0.0,0.0,0.0,0.0,256,18.7309925440004
0.0,0.5,518.3299999999999,84.87,20260823,,0.26123685670538516,2650272499,4,False,surrogate_sens,False,10,166,0.11240761392193184,0.6057298954429369,,10,3,True,False,one_sample,253,2517.0,0,100,100.0,0.009900990099009901,21.200142048930246,ok,6.107340638623777,13,0.2377845406748651,0.7354252259286074,True,,True,1.0,0.105,0.003952569169960474,,True,1.0,0.105,0.003952569169960474,6.107340638623777,1.0,1.0,100,henon,surrogate_sens:00303,False,False,assessed,ok,1,,True,1.0,0.0,0.0,0.0,0.0,256,19.138709842000026
0.0,0.5,506.33,89.36999999999999,20260823,,0.22961523722159694,2582023415,4,False,surrogate_sens,True,13,64,0.07272121562874179,0.5692034335629231,,16,3,True,False,one_sample,253,2517.0,0,100,100.0,0.009900990099009901,21.71671858054804,ok,5.665547722949536,14,0.20927247329744525,0.7559577402533573,True,,True,1.0,0.075,0.003952569169960474,,True,1.0,0.075,0.003952569169960474,5.665547722949536,1.0,1.0,100,henon,surrogate_sens:00304,False,False,assessed,ok,1,,True,1.0,0.0,0.0,0.0,0.0,256,18.31191626100008
0.0,0.5,529.95,98.44999999999999,20260823,,0.24634230007798313,2534286796,4,False,surrogate_sens,False,10,148,0.11639471296873061,0.6116993578487082,,12,3,True,False,one_sample,253,2518.0,0,100,100.0,0.009900990099009901,14.363956208822195,ok,5.382935500253937,15,0.25214131546791774,0.724231669894058,True,,True,1.0,0.14,0.003952569169960474,,True,1.0,0.14,0.003952569169960474,5.382935500253937,1.0,1.0,100,henon,surrogate_sens:00305,False,False,assessed,ok,1,,True,1.0,0.0,0.0,0.0,0.0,256,20.07548165499975
0.0,0.5,353.63,103.97,20260823,,0.32874351186356204,2578131799,5,False,surrogate_sens,True,13,52,0.07487205273813426,0.6694396987597055,,17,3,True,False,one_sample,252,2510.0,0,100,100.0,0.009900990099009901,11.768373119005352,ok,3.4012695969991342,16,0.25179176294730243,0.7266582703008558,True,,True,1.0,0.04,0.003968253968253968,,True,3.0,0.05,0.011904761904761904,3.4012695969991342,3.0,3.0,100,henon,surrogate_sens:00306,False,False,assessed,ok,1,,True,3.0,0.0,0.0,0.0,0.0,256,19.566279155998927
0.0,0.5,593.31,84.81,20260823,,0.2630185047106997,1990281096,4,False,surrogate_sens,False,7,172,0.17307493148508707,0.723619033776564,,14,3,True,False,one_sample,253,2512.0,0,100,100.0,0.009900990099009901,26.487362966207563,ok,6.9957552175451,17,0.24404080916078857,0.7298244750280033,True,,True,1.0,0.085,0.003952569169960474,,True,1.0,0.085,0.003952569169960474,6.9957552175451,1.0,1.0,100,henon,surrogate_sens:00307,False,False,assessed,ok,1,,True,1.0,0.0,0.0,0.0,0.0,256,18.222550840000622
0.0,0.5,464.19,93.595,20260823,,0.2540289921439965,2053305126,4,False,surrogate_sens,False,11,156,0.10618043892785992,0.6302932408363995,,10,3,True,False,one_sample,253,2519.0,0,100,100.0,0.009900990099009901,16.739832350545328,ok,4.959559805545168,18,0.25732295715735876,0.7222871292038034,True,,True,1.0,0.09,0.003952569169960474,,True,1.0,0.09,0.003952569169960474,4.959559805545168,1.0,1.0,100,henon,surrogate_sens:00308,False,False,assessed,ok,1,,True,1.0,0.0,0.0,0.0,0.0,256,18.369282468000165
0.0,0.5,530.8199999999999,90.57,20260823,,0.23266586802043854,1511984254,4,False,surrogate_sens,True,13,112,0.08947287099143823,0.5662001721010428,,12,3,True,False,one_sample,253,2518.0,0,100,100.0,0.009900990099009901,13.776449757385981,ok,5.860881086452467,19,0.26247988417391827,0.7158439269731581,True,,True,1.0,0.125,0.003952569169960474,,True,1.0,0.125,0.003952569169960474,5.860881086452467,1.0,1.0,100,henon,surrogate_sens:00309,False,False,assessed,ok,1,,True,1.0,0.0,0.0,0.0,0.0,256,18.618335544999354
0.0,0.5,529.85,130.2,20260823,,0.5420191480606309,3364347009,6,False,surrogate_sens,False,11,156,0.10621506675761656,0.6405401949008547,,10,3,True,False,one_sample,251,2500.0,0,100,100.0,0.009900990099009901,8.753789436248685,ok,4.069508448540707,20,0.2513452482334824,0.7257350857631296,True,,True,1.0,0.145,0.00398406374501992,,True,1.0,0.145,0.00398406374501992,4.069508448540707,1.0,1.0,100,henon,surrogate_sens:00310,False,False,assessed,ok,1,,True,1.0,0.0,0.0,0.0,0.0,256,21.317700518000493
0.0,0.5,462.98,111.34,20260823,,0.3569155076945567,4081926746,5,False,surrogate_sens,True,13,148,0.09933668282521327,0.6388877942016127,,9,3,True,False,one_sample,252,2510.0,0,100,100.0,0.009900990099009901,11.882621938571903,ok,4.1582539967666605,21,0.2505427710702309,0.7233613526586662,True,,True,1.0,0.105,0.003968253968253968,,True,1.0,0.105,0.003968253968253968,4.1582539967666605,1.0,1.0,100,henon,surrogate_sens:00311,False,False,assessed,ok,1,,True,1.0,0.0,0.0,0.0,0.0,256,19.65435983700081
0.0,0.5,739.11,105.10500000000002,20260823,,0.23121236731395253,3999581070,4,False,surrogate_sens,False,8,172,0.15118745085764687,0.7446718898267579,,12,3,True,False,one_sample,253,2520.0,0,100,100.0,0.009900990099009901,5.0,ok,7.03211074639646,22,0.27584554399592387,0.7120205454226262,True,,True,1.0,0.15,0.003952569169960474,,True,2.0,0.15,0.007905138339920948,7.03211074639646,2.0,2.0,100,henon,surrogate_sens:00312,False,False,assessed,ok,1,,True,2.0,0.0,0.0,0.0,0.0,256,18.245211251
0.0,0.5,590.22,92.805,20260823,,0.25801573960569224,1569788839,4,False,surrogate_sens,False,11,126,0.09417246060921039,0.5761856635148674,,13,3,True,False,one_sample,253,2517.0,0,100,100.0,0.009900990099009901,18.700242533943268,ok,6.3597866494262165,23,0.24332985290751336,0.7299718053340404,True,,True,1.0,0.115,0.003952569169960474,,True,1.0,0.115,0.003952569169960474,6.3597866494262165,1.0,1.0,100,henon,surrogate_sens:00313,False,False,assessed,ok,1,,True,1.0,0.0,0.0,0.0,0.0,256,18.404380280000623
0.0,0.5,552.86,93.815,20260823,,0.2451773804580576,3026696393,4,False,surrogate_sens,False,11,146,0.10212449345386236,0.6407359420610585,,11,3,True,False,one_sample,253,2519.0,0,100,100.0,0.009900990099009901,20.605078133550222,ok,5.893087459361509,24,0.23477066260108115,0.7346319983276965,True,,True,1.0,0.095,0.003952569169960474,,True,1.0,0.095,0.003952569169960474,5.893087459361509,1.0,1.0,100,henon,surrogate_sens:00314,False,False,assessed,ok,1,,True,1.0,0.0,0.0,0.0,0.0,256,17.937038211999607
0.0,0.5,423.09,87.48499999999999,20260823,,0.2459396554776594,2378322099,4,False,surrogate_sens,False,7,178,0.1752942489580469,0.7636758455534756,,13,3,True,False,one_sample,253,2518.0,0,100,100.0,0.009900990099009901,31.45117989008385,ok,4.836143338858091,25,0.25996943620098656,0.7206111982120664,True,,True,1.0,0.105,0.003952569169960474,,True,1.0,0.105,0.003952569169960474,4.836143338858091,1.0,1.0,100,henon,surrogate_sens:00315,False,False,assessed,ok,1,,True,1.0,0.0,0.0,0.0,0.0,256,18.270957071999874
0.0,0.5,1287.96,90.32999999999998,20260823,,0.27684265560825755,2208778284,4,False,surrogate_sens,False,7,178,0.14055698262357147,0.6008506968932275,,13,3,True,False,one_sample,253,2520.0,0,100,100.0,0.009900990099009901,5.0,ok,14.258385918299572,26,0.27670648324119573,0.7072847797541597,True,,True,1.0,0.215,0.003952569169960474,,True,1.0,0.215,0.003952569169960474,14.258385918299572,1.0,1.0,100,henon,surrogate_sens:00316,False,False,assessed,ok,1,,True,1.0,0.0,0.0,0.0,0.0,256,18.571644540001216
0.0,0.5,453.71,96.04,20260823,,0.2363865856590753,2446859969,4,False,surrogate_sens,False,11,96,0.1022538566405816,0.6734221797586816,,16,3,True,False,one_sample,253,2519.0,0,100,100.0,0.009900990099009901,29.9824448820576,ok,4.724177426072469,27,0.2429454882963043,0.7301732189713616,True,,True,1.0,0.09,0.003952569169960474,,True,1.0,0.09,0.003952569169960474,4.724177426072469,1.0,1.0,100,henon,surrogate_sens:00317,False,False,assessed,ok,1,,True,1.0,0.0,0.0,0.0,0.0,256,18.01455749500019
0.0,0.5,520.88,89.99,20260823,,0.2415718730800544,955981557,4,False,surrogate_sens,False,8,179,0.13578875527516607,0.6337754729390646,,11,3,True,False,one_sample,253,2517.0,0,100,100.0,0.009900990099009901,16.52200773091297,ok,5.7881986887431935,28,0.257270621411468,0.7206180519285789,True,,True,1.0,0.11,0.003952569169960474,,True,1.0,0.11,0.003952569169960474,5.7881986887431935,1.0,1.0,100,henon,surrogate_sens:00318,False,False,assessed,ok,1,,True,1.0,0.0,0.0,0.0,0.0,256,21.48561503700148
0.0,0.5,585.64,94.89999999999998,20260823,,0.23430953767892887,874063825,4,False,surrogate_sens,False,9,176,0.12144484413360489,0.6235067804312646,,10,3,True,False,one_sample,253,2518.0,0,100,100.0,0.009900990099009901,19.119961869860035,ok,6.171127502634353,29,0.2610878335909278,0.7194381866739806,True,,True,1.0,0.115,0.003952569169960474,,True,1.0,0.115,0.003952569169960474,6.171127502634353,1.0,1.0,100,henon,surrogate_sens:00319,False,False,assessed,ok,1,,True,1.0,0.0,0.0,0.0,0.0,256,21.817776335001327
